subscription_id,account_id,plan_tier,seats,mrr,currency,discount_pct,billing_cycle,payment_method,start_date,end_date
SUB-000001,ACC-104673,Starter,2,65,USD,0,Annual,ACH,2023-05-22,2024-01-31
SUB-000002,ACC-104673,Pro,4,262.28,USD,0,Monthly,Credit Card,01/31/2024,04/11/2025
SUB-000003,ACC-104673,Enterprise,1,"$ 1,864",USD,0,Annual,Invoice,04/11/2025,
SUB-000004,ACC-101612,Pro,5,310.95,USD,0,Annual,credit card,26/04/2025,
SUB-000005,ACC-101718,Starter,1,46.33,USD,0,Monthly,Credit Card,07/29/2023,2023-10-06
SUB-000006,ACC-101718,Pro,4,$ 303,USD,0,Monthly,ACH,06/10/2023,
SUB-000007,ACC-100561,Starter,7,96,USD,0,Monthly,Invoice,2023-11-25,2025/12/02
SUB-000008,ACC-100561,Pro,7,377,USD,0,Monthly,Credit Card,2025/12/02,
SUB-000009,ACC-105359,Starter,1,50.22,USD,0,Monthly,Invoice,2024-09-01,2026-06-01
SUB-000010,ACC-104534,Starter,1,$49.81,USD,0,Annual,ACH,2023-05-15,2025-02-02
SUB-000011,ACC-104534,Pro,1,200,USD,0,Monthly,Invoice,02/02/2025,
SUB-000012,ACC-100263,Enterprise,6,"2,748.86",USD,20,Annual,ACH,2025/06/24,2026-02-05
SUB-000013,ACC-100263,Business,2,$757.29,USD,0,Monthly,ACH,2026-02-05,
SUB-000014,ACC-101044,Starter,1,$46.24,USD,0,Annual,Credit Card,2024-07-06,2026-02-03
SUB-000015,ACC-101044,Enterprise,3,2151,USD,15,Annual,Credit Card,02/03/2026,03/06/2026
SUB-000016,ACC-101219,Pro,1,203,EUR,0,Annual,Credit Card,21-Apr-2025,
SUB-000017,ACC-104606,Starter,1,$48.98,USD,0,Monthly,Invoice,05/19/2022,
SUB-000018,ACC-101535,Business,2,711,USD,0,Annual,credit card,20/11/2022,20-May-2026
SUB-000019,ACC-101876,Starter,1,45.22,GBP,0,Monthly,Credit Card,2025-07-26,18/01/2026
SUB-000020,ACC-101876,Enterprise,1,1673,GBP,20,Monthly,Invoice,2026-01-18,
SUB-000021,ACC-101737,Business,1,594.29,USD,0,Monthly,ACH,2022-03-23,
SUB-000022,ACC-102895,Business,2,693.35,USD,0,Annual,Invoice,2023-02-17,
SUB-000023,ACC-103049,Business,1,591.64,USD,0,Monthly,Credit Card,14/05/2024,
SUB-000024,ACC-103907,Business,5,863.51,USD,0,Annual,Credit Card,16/02/2024,
SUB-000025,ACC-102845,Business,2,$693.34,USD,0,Monthly,credit card,2022-03-11,2025-12-11
SUB-000026,ACC-104322,Pro,4,$ 272,USD,0,Monthly,Credit Card,2025-07-30,2025-10-22
SUB-000027,ACC-104322,Enterprise,2,"$ 1,806",USD,25,Monthly,Credit Card,2025-10-22,30/11/2025
SUB-000028,ACC-100308,Business,4,978.21,USD,0,Annual,Invoice,2022-03-26,26-May-2025
SUB-000029,ACC-100308,Starter,1,51,USD,0,Monthly,Credit Card,2025-05-26,
SUB-000030,ACC-102781,Enterprise,11,"$ 5,359",USD,0,Monthly,Invoice,01/26/2024,
SUB-000031,ACC-104593,Starter,9,$109.11,USD,10,Monthly,Credit Card,2024-02-17,2024-03-17
SUB-000032,ACC-104267,Pro,4,316,USD,0,Monthly,Credit Card,2022/04/18,12/18/2024
SUB-000033,ACC-105646,Pro,3,271,USD,0,Monthly,Invoice,01/29/2022,
SUB-000034,ACC-101451,Pro,1,216.20,EUR,0,Monthly,Credit Card,2022-11-09,
SUB-000035,ACC-104867,Starter,1,47,EUR,0,Monthly,Credit Card,01/20/2023,2024-06-20
SUB-000036,ACC-104366,Pro,3,281.14,USD,0,Monthly,Credit Card,2024-03-16,
SUB-000037,ACC-101383,Enterprise,3,"$ 2,569",USD,0,Monthly,Invoice,2022-05-07,
SUB-000038,ACC-103941,Starter,1,$ 51,USD,0,Annual,,2022-03-02,2024-06-11
SUB-000039,ACC-103941,Enterprise,3,"2,360.61",USD,10,Monthly,Credit Card,2024-06-11,
SUB-000040,ACC-104356,Pro,2,245,USD,0,Annual,credit card,2024-11-04,04-Nov-2025
SUB-000041,ACC-104447,Starter,2,€ 45,EUR,20,Monthly,Invoice,03/12/2022,2023-12-12
SUB-000042,ACC-101747,Business,4,781.92,USD,0,Annual,Credit Card,02/14/2024,
SUB-000043,ACC-104650,Pro,3,$257.92,USD,0,Monthly,Credit Card,2022-02-05,
SUB-000044,ACC-102441,Business,4,738.79,USD,25,Monthly,ACH,01/23/2024,12-Oct-2025
SUB-000045,ACC-102441,Starter,3,54.96,USD,10,Monthly,Invoice,10/12/2025,
SUB-000046,ACC-103624,Starter,1,52.93,EUR,0,Monthly,Invoice,2022/06/12,2025-01-09
SUB-000047,ACC-103624,Business,1,632.72,EUR,0,Monthly,credit card,2025-01-09,
SUB-000048,ACC-103711,Enterprise,1,1974,USD,0,Monthly,Invoice,2023-06-21,10/04/2023
SUB-000049,ACC-103711,Business,7,$816.30,USD,25,Monthly,Credit Card,04/10/2023,
SUB-000050,ACC-105278,Pro,2,$239.68,USD,0,Monthly,Credit Card,2022/04/02,
SUB-000051,ACC-103982,Starter,2,61.42,USD,0,Monthly,ACH,26-Aug-2023,
SUB-000052,ACC-101088,Starter,3,$58.20,USD,0,Annual,Credit Card,15-Mar-2023,2025-04-15
SUB-000053,ACC-102934,Pro,2,225,USD,0,Monthly,Credit Card,2023-12-04,
SUB-000054,ACC-105974,Enterprise,2,"2,415.15",USD,0,Monthly,Credit Card,2024-12-01,01-Oct-2025
SUB-000055,ACC-100534,Starter,3,63.86,USD,0,Monthly,Credit Card,07/03/2025,
SUB-000056,ACC-105441,Starter,1,$ 55,USD,0,Annual,credit card,2024-04-24,2024-05-26
SUB-000057,ACC-105441,Enterprise,4,"2,691.99",USD,0,Monthly,Credit Card,2024-05-26,2024-06-24
SUB-000058,ACC-101832,Enterprise,5,"3,550.89",USD,0,Monthly,Credit Card,2022-02-26,
SUB-000059,ACC-102603,Pro,6,368,EUR,0,Monthly,Credit Card,17-Nov-2024,
SUB-000060,ACC-104518,Pro,2,$218.04,USD,0,Monthly,,02/17/2024,
SUB-000061,ACC-105995,Starter,2,64.10,USD,0,Monthly,Credit Card,10-Aug-2022,
SUB-000062,ACC-100879,Pro,9,$ 405,USD,0,Monthly,Credit Card,2024-02-05,2024/03/26
SUB-000063,ACC-100879,Business,3,$880.88,USD,0,Annual,Credit Card,26-Mar-2024,
SUB-000064,ACC-105890,Business,1,662.73,USD,0,Monthly,Invoice,23/10/2022,06/23/2025
SUB-000065,ACC-103289,Pro,4,263.10,USD,0,Monthly,Credit Card,2022-01-16,02/16/2024
SUB-000066,ACC-102002,Pro,2,$ 208,USD,0,Monthly,ACH,06/13/2023,23/07/2023
SUB-000067,ACC-102002,Starter,4,75.82,USD,5,Monthly,credit card,07/23/2023,13/09/2023
SUB-000068,ACC-100808,Business,3,€ 725,EUR,0,Monthly,Credit Card,05/06/2022,
SUB-000069,ACC-101379,Starter,4,73,USD,0,Annual,Invoice,2023-09-07,
SUB-000070,ACC-105818,Pro,1,215.88,USD,0,Annual,Credit Card,2024-09-02,2025-01-02
SUB-000071,ACC-105751,Starter,2,£55.47,GBP,0,Monthly,credit card,2023-11-11,06/11/2025
SUB-000072,ACC-105751,Pro,3,245,GBP,0,Annual,Credit Card,2025-11-06,11/11/2025
SUB-000073,ACC-100553,Pro,2,$158.16,USD,25,Monthly,Credit Card,05/16/2025,
SUB-000074,ACC-104793,Pro,2,179.56,USD,15,Monthly,Credit Card,2025-04-07,
SUB-000075,ACC-103246,Business,1,565.28,USD,0,Monthly,Credit Card,07/09/2022,
SUB-000076,ACC-104399,Pro,2,228,USD,0,Monthly,Credit Card,08/05/2022,2025-08-05
SUB-000077,ACC-103157,Starter,2,$ 59,USD,0,Annual,Credit Card,2023-09-09,2025-04-09
SUB-000078,ACC-103539,Pro,4,288.71,USD,0,Monthly,ACH,06/07/2024,08/23/2024
SUB-000079,ACC-103539,Starter,2,62.10,USD,0,Monthly,credit card,08/23/2024,
SUB-000080,ACC-102517,Business,2,737.78,USD,0,Monthly,Invoice,06/02/2025,2025-12-23
SUB-000081,ACC-102517,Starter,3,63.13,USD,5,Monthly,ACH,2025-12-23,
SUB-000082,ACC-104504,Business,1,$ 688,USD,0,Annual,credit card,2023/04/22,22-Mar-2025
SUB-000083,ACC-105610,Business,2,$685.15,USD,0,Monthly,,05/24/2023,
SUB-000084,ACC-102364,Pro,2,219.20,USD,0,Monthly,Credit Card,2023-01-08,2025-12-17
SUB-000085,ACC-102364,Business,2,$556.66,USD,20,Monthly,Credit Card,17/12/2025,04/08/2026
SUB-000086,ACC-100535,Pro,3,$241.58,USD,0,Monthly,ACH,2025-04-26,2026-01-30
SUB-000087,ACC-100535,Business,6,824.62,USD,25,Monthly,Invoice,2026-01-30,
SUB-000088,ACC-103857,Enterprise,3,"2,883.45",USD,0,Monthly,Credit Card,2025/02/21,
SUB-000089,ACC-101421,Enterprise,4,"£2,667.14",GBP,0,Annual,credit card,2024-11-12,2025-01-25
SUB-000090,ACC-101421,Starter,1,40.16,GBP,10,Annual,,25/01/2025,2025-04-19
SUB-000091,ACC-101421,Business,1,£558.95,GBP,0,Monthly,Credit Card,19-Apr-2025,
SUB-000092,ACC-101543,Pro,3,$ 256,USD,0,Monthly,Credit Card,2025-08-13,2026-03-23
SUB-000093,ACC-101543,Enterprise,4,"$3,046.67",USD,0,Annual,Credit Card,23/03/2026,2026-05-26
SUB-000094,ACC-101543,Pro,2,215.61,USD,0,Annual,,2026-05-26,
SUB-000095,ACC-104722,Pro,2,215,USD,0,Monthly,Credit Card,2023-03-23,
SUB-000096,ACC-103381,Business,2,$ 749,USD,0,Monthly,ACH,2022-01-16,
SUB-000097,ACC-104773,Business,4,940,USD,0,Monthly,Credit Card,12/06/2023,
SUB-000098,ACC-101512,Business,6,"$1,054.70",USD,0,Monthly,ACH,2025-06-25,13/05/2026
SUB-000099,ACC-101512,Enterprise,6,"$3,854.68",USD,0,Monthly,credit card,05/13/2026,2026-06-01
SUB-000100,ACC-101512,Pro,1,189,USD,0,Monthly,Credit Card,2026-06-01,
SUB-000101,ACC-105339,Starter,2,64.76,USD,0,Monthly,Credit Card,2024-08-11,15/12/2025
SUB-000102,ACC-105339,Enterprise,3,"$ 2,823",USD,0,Monthly,ACH,2025-12-15,
SUB-000103,ACC-100576,Pro,2,$235.43,USD,0,Monthly,Credit Card,2023/03/04,2023-07-09
SUB-000104,ACC-100576,Business,2,752.94,USD,0,Annual,ACH,2023-07-09,11/04/2023
SUB-000105,ACC-103567,Starter,6,82.04,USD,0,Annual,Credit Card,2024-01-24,
SUB-000106,ACC-103745,Pro,4,230.38,EUR,20,Monthly,Invoice,2023-07-08,2023-09-14
SUB-000107,ACC-103745,Enterprise,3,"2,522.57",EUR,0,Monthly,ACH,2023-09-14,08-Mar-2025
SUB-000108,ACC-102787,Pro,3,235,EUR,0,Annual,ACH,2024-07-14,06/14/2025
SUB-000109,ACC-102579,Business,3,869,USD,0,Monthly,ACH,2023/11/28,2026-03-01
SUB-000110,ACC-102579,Pro,3,255,USD,0,Monthly,ACH,03/01/2026,04/26/2026
SUB-000111,ACC-102579,Starter,2,51.09,USD,0,Monthly,Credit Card,2026/04/26,
SUB-000112,ACC-101397,Starter,1,46.96,USD,0,Monthly,Credit Card,08/16/2025,
SUB-000113,ACC-102450,Pro,1,207,USD,0,Monthly,Credit Card,26-Dec-2024,2025-09-03
SUB-000114,ACC-102450,Enterprise,3,"2,420.17",USD,0,Monthly,Credit Card,2025-09-03,
SUB-000115,ACC-102515,Business,1,$ 472,USD,25,Monthly,Invoice,01/21/2025,2026-01-11
SUB-000116,ACC-102515,Pro,4,$ 296,USD,0,Monthly,Credit Card,2026-01-11,
SUB-000117,ACC-105626,Pro,3,$287.76,USD,0,Monthly,Credit Card,09/17/2023,12/17/2025
SUB-000118,ACC-104696,Pro,1,192,USD,0,Monthly,,2025-07-28,
SUB-000119,ACC-104808,Pro,5,345.49,GBP,0,Monthly,Invoice,2022-05-07,10/03/2023
SUB-000120,ACC-104808,Starter,1,46,GBP,15,Monthly,Invoice,2023-10-03,
SUB-000121,ACC-105337,Pro,4,€243.22,EUR,25,Monthly,Credit Card,09/25/2023,2024-08-05
SUB-000122,ACC-105337,Enterprise,5,"3,602.79",EUR,0,Monthly,Credit Card,2024-08-05,13/11/2024
SUB-000123,ACC-105337,Starter,4,€65.28,EUR,0,Monthly,ACH,11/13/2024,06/25/2025
SUB-000124,ACC-100080,Starter,1,$45.52,USD,0,Monthly,,2022-06-08,2022-12-08
SUB-000125,ACC-103208,Pro,6,363,USD,0,Annual,Credit Card,2023-01-04,2024-01-27
SUB-000126,ACC-103208,Starter,1,$45.42,USD,0,Monthly,credit card,01/27/2024,2025-02-10
SUB-000127,ACC-103208,Enterprise,9,4927,USD,0,Monthly,Credit Card,02/10/2025,
SUB-000128,ACC-100586,Starter,4,€69.20,EUR,0,Monthly,Invoice,10/31/2022,2023-05-31
SUB-000129,ACC-101181,Starter,4,69.02,USD,0,Monthly,Invoice,2024-05-21,2024-12-02
SUB-000130,ACC-101181,Business,1,$503.11,USD,20,Monthly,ACH,12/02/2024,
SUB-000131,ACC-102521,Business,2,$561.05,USD,20,Monthly,Credit Card,12/29/2024,02-Feb-2025
SUB-000132,ACC-102521,Enterprise,5,2735,USD,10,Annual,Credit Card,02/02/2025,2026-02-05
SUB-000133,ACC-102521,Pro,5,344,USD,5,Monthly,,05/02/2026,
SUB-000134,ACC-100079,Pro,1,182.59,USD,0,Monthly,,2024-08-30,06/11/2024
SUB-000135,ACC-100079,Starter,2,$ 60,USD,0,Monthly,credit card,2024-11-06,15-Jan-2025
SUB-000136,ACC-100079,Pro,3,240.44,USD,0,Annual,Credit Card,2025-01-15,30-Apr-2025
SUB-000137,ACC-100476,Starter,4,72.74,USD,0,Monthly,Credit Card,07/01/2024,17-Jul-2025
SUB-000138,ACC-100476,Business,6,"1,101.35",USD,0,Annual,Credit Card,17/07/2025,05/04/2026
SUB-000139,ACC-100476,Enterprise,4,3165,USD,0,Monthly,Credit Card,2026-05-04,
SUB-000140,ACC-103770,Starter,3,70,USD,0,Monthly,ACH,2022-08-03,
SUB-000141,ACC-101760,Starter,1,$53.06,USD,0,Monthly,ACH,2022-05-23,2026/01/13
SUB-000142,ACC-101760,Business,2,$788.49,USD,0,Monthly,Invoice,2026-01-13,26/05/2026
SUB-000143,ACC-101760,Pro,2,209.53,USD,0,Monthly,Credit Card,2026-05-26,
SUB-000144,ACC-100023,Starter,1,55.72,USD,0,Monthly,ACH,2022-06-06,2022-08-02
SUB-000145,ACC-100023,Pro,1,224,USD,0,Monthly,Credit Card,08/02/2022,2022-08-06
SUB-000146,ACC-104678,Starter,2,63.28,EUR,0,Monthly,Credit Card,27-Feb-2022,2022-04-27
SUB-000147,ACC-102980,Enterprise,6,"3,687.14",USD,0,Monthly,,10/07/2023,
SUB-000148,ACC-101951,Starter,14,164.47,USD,0,Monthly,Credit Card,2022/05/07,2023-08-17
SUB-000149,ACC-101951,Pro,2,$ 225,USD,0,Monthly,ACH,2023-08-17,2026-05-13
SUB-000150,ACC-101951,Enterprise,3,"2,655.76",USD,0,Annual,ACH,13/05/2026,
SUB-000151,ACC-101973,Business,3,892.36,USD,0,Annual,ACH,2025-03-26,05-Apr-2026
SUB-000152,ACC-101973,Starter,3,$ 67,USD,0,Annual,ACH,2026-04-05,
SUB-000153,ACC-101942,Starter,5,64.96,USD,10,Monthly,Credit Card,03-Jan-2023,2023-07-19
SUB-000154,ACC-101942,Pro,3,273.89,USD,0,Monthly,Credit Card,2023/07/19,2024-03-03
SUB-000155,ACC-101509,Pro,1,168.59,USD,15,Monthly,Credit Card,2025-03-05,
SUB-000156,ACC-100228,Starter,4,$79.26,USD,0,Monthly,Invoice,2025-07-12,2026-05-11
SUB-000157,ACC-100228,Business,7,$920.30,USD,25,Annual,Credit Card,2026-05-11,01/06/2026
SUB-000158,ACC-100228,Enterprise,1,2255,USD,0,Monthly,Credit Card,2026-06-01,
SUB-000159,ACC-104647,Starter,5,78,USD,0,Monthly,,2024-09-04,2025-08-30
SUB-000160,ACC-104647,Enterprise,1,"$ 2,062",USD,0,Monthly,Invoice,2025-08-30,2026-03-04
SUB-000161,ACC-104813,Pro,1,189.47,USD,0,Monthly,Credit Card,17/05/2022,17-Oct-2022
SUB-000162,ACC-101728,Pro,1,$216.86,USD,0,Monthly,credit card,2022-08-01,2023-06-01
SUB-000163,ACC-101049,Pro,7,$343.72,USD,0,Monthly,,01-Apr-2022,
SUB-000164,ACC-101261,Enterprise,8,"€3,692.70",EUR,20,Monthly,Credit Card,04/03/2022,
SUB-000165,ACC-104325,Pro,1,223.29,USD,0,Monthly,ACH,2023-09-23,12/23/2024
SUB-000166,ACC-105296,Starter,1,$54.62,USD,0,Annual,Credit Card,2022/02/19,19-Apr-2022
SUB-000167,ACC-105617,Pro,1,176,USD,20,Monthly,credit card,2023-12-09,
SUB-000168,ACC-102770,Pro,3,$ 267,USD,0,Monthly,credit card,07/03/2022,2022-12-27
SUB-000169,ACC-102770,Starter,2,51,USD,5,Monthly,Credit Card,2022-12-27,2023-06-03
SUB-000170,ACC-101916,Enterprise,2,"2,561.16",USD,0,Monthly,Credit Card,06/01/2025,
SUB-000171,ACC-101617,Starter,3,$59.20,USD,10,Annual,Credit Card,2024/07/15,18/08/2024
SUB-000172,ACC-101617,Enterprise,5,"$3,599.21",USD,0,Monthly,ACH,18/08/2024,2025-03-15
SUB-000173,ACC-103044,Pro,8,$391.13,USD,0,Monthly,credit card,2024-04-01,01/12/2025
SUB-000174,ACC-100346,Pro,3,$267.20,USD,0,Monthly,ACH,03/20/2024,19/02/2026
SUB-000175,ACC-100346,Business,1,527,USD,10,Monthly,ACH,2026-02-19,2026-04-20
SUB-000176,ACC-105071,Pro,3,$ 260,USD,0,Annual,Credit Card,2025/01/14,14/05/2026
SUB-000177,ACC-100233,Starter,1,$ 51,USD,0,Monthly,Credit Card,2025-02-23,06/05/2025
SUB-000178,ACC-100233,Business,2,725.88,USD,0,Monthly,Credit Card,05/06/2025,
SUB-000179,ACC-103481,Starter,8,104.57,USD,-10,Monthly,Invoice,2024-02-17,02/17/2025
SUB-000180,ACC-104058,Business,1,452.87,USD,20,Monthly,Invoice,04/05/2025,2025-07-22
SUB-000181,ACC-104058,Enterprise,1,1996,USD,10,Annual,credit card,2025-07-22,
SUB-000182,ACC-100599,Pro,2,227.25,USD,0,Monthly,Credit Card,2024-10-05,03/17/2026
SUB-000183,ACC-100599,Enterprise,5,"$3,581.02",USD,0,Monthly,,17/03/2026,
SUB-000184,ACC-103680,Starter,1,55,EUR,0,Monthly,Credit Card,2024-07-05,2025-12-05
SUB-000185,ACC-103669,Starter,2,$ 60,USD,0,Monthly,Credit Card,2022-04-26,05/26/2023
SUB-000186,ACC-100037,Starter,2,52.92,USD,0,Monthly,Credit Card,2023-10-25,2026/05/25
SUB-000187,ACC-100465,Enterprise,1,"1,620.74",USD,10,Annual,Invoice,2024-06-13,09/13/2024
SUB-000188,ACC-105704,Enterprise,3,"2,536.89",EUR,0,Monthly,ACH,2023-10-02,2025-08-20
SUB-000189,ACC-105704,Starter,4,€ 79,EUR,0,Monthly,Invoice,2025-08-20,
SUB-000190,ACC-100932,Business,1,577.21,EUR,0,Monthly,Invoice,31/01/2022,2025-01-31
SUB-000191,ACC-105290,Pro,1,$ 209,USD,0,Monthly,Credit Card,2023/11/24,22/12/2025
SUB-000192,ACC-105290,Starter,3,68,USD,0,Annual,ACH,2025-12-22,
SUB-000193,ACC-102228,Pro,3,$ 290,USD,0,Monthly,Credit Card,02/05/2023,02/05/2024
SUB-000194,ACC-105054,Business,4,853.28,EUR,0,Monthly,Credit Card,2022-02-26,26/07/2023
SUB-000195,ACC-104741,Pro,2,$249.80,USD,0,Monthly,credit card,2025-04-09,
SUB-000196,ACC-100506,Starter,2,$ 53,USD,0,Monthly,ACH,11/05/2023,2024-01-12
SUB-000197,ACC-100506,Enterprise,1,"2,004.12",USD,10,Monthly,credit card,2024-01-12,
SUB-000198,ACC-100401,Pro,2,206.89,USD,15,Annual,Credit Card,2022-12-11,
SUB-000199,ACC-103780,Pro,1,199,EUR,0,Monthly,Credit Card,12/20/2022,
SUB-000200,ACC-104806,Pro,2,$249.54,USD,0,Monthly,credit card,2023/07/14,2023-11-28
SUB-000201,ACC-104806,Enterprise,5,"2,993.61",USD,0,Annual,Credit Card,2023-11-28,14-Mar-2024
SUB-000202,ACC-101369,Starter,4,71.32,USD,10,Monthly,Invoice,2024-10-04,04/04/2025
SUB-000203,ACC-100167,Enterprise,5,"$ 3,172",USD,0,Annual,Credit Card,2025-08-10,2025-12-21
SUB-000204,ACC-100167,Starter,7,89.01,USD,0,Monthly,Credit Card,21-Dec-2025,
SUB-000205,ACC-102093,Pro,2,223.31,USD,0,Monthly,Credit Card,2022-01-29,26/04/2023
SUB-000206,ACC-102093,Starter,4,$68.75,USD,0,Annual,Invoice,2023-04-26,2023-07-29
SUB-000207,ACC-105430,Pro,3,$285.56,USD,0,Monthly,Credit Card,07/27/2024,27/09/2025
SUB-000208,ACC-101769,Starter,3,$ 67,USD,0,Monthly,,2023-02-13,2023-03-13
SUB-000209,ACC-101769,Pro,3,196.31,USD,25,Monthly,ACH,2023-03-13,2023-03-13
SUB-000210,ACC-105185,Pro,2,$249.55,USD,0,Annual,Credit Card,04/06/2023,15/09/2023
SUB-000211,ACC-105185,Starter,3,$63.45,USD,0,Monthly,ACH,15-Sep-2023,2023-10-06
SUB-000212,ACC-101840,Pro,1,$ 197,USD,0,Annual,Credit Card,2023-01-20,
SUB-000213,ACC-105930,Starter,1,48.61,USD,0,Annual,credit card,02/09/2023,2026-05-07
SUB-000214,ACC-105930,Enterprise,5,"3,371.46",USD,0,Monthly,Credit Card,05/07/2026,
SUB-000215,ACC-105034,Pro,9,€ 445,EUR,0,Annual,Credit Card,07-Jan-2025,
SUB-000216,ACC-103194,Business,3,802.17,GBP,0,Annual,ACH,2023-08-06,
SUB-000217,ACC-102337,Starter,1,49,USD,0,Monthly,Credit Card,2022-11-12,04/12/2023
SUB-000218,ACC-103660,Starter,1,53.09,USD,0,Monthly,ACH,2022-12-12,11/04/2024
SUB-000219,ACC-103660,Business,2,$620.28,USD,0,Annual,Credit Card,11/04/2024,
SUB-000220,ACC-104909,Starter,10,127,EUR,0,Annual,Credit Card,09/05/2022,2025-10-09
SUB-000221,ACC-100084,Pro,1,224.66,USD,0,Annual,ACH,16/11/2024,2025-09-16
SUB-000222,ACC-103803,Business,3,729.27,USD,0,Monthly,Credit Card,2024-07-03,2025-11-04
SUB-000223,ACC-103803,Enterprise,2,"$2,412.96",USD,0,Monthly,credit card,2025-11-04,2026-02-27
SUB-000224,ACC-103803,Pro,3,$244.38,USD,0,Monthly,Credit Card,2026-02-27,
SUB-000225,ACC-104305,Starter,1,$ 47,USD,0,Monthly,ACH,2022/04/06,06/11/2022
SUB-000226,ACC-102029,Starter,4,66,USD,0,Monthly,Invoice,03/20/2022,14-Jan-2025
SUB-000227,ACC-102029,Pro,1,151,USD,20,Monthly,Invoice,2025-01-14,2025-08-20
SUB-000228,ACC-105314,Business,7,"$1,291.88",USD,0,Annual,credit card,2023-01-09,2026-02-09
SUB-000229,ACC-103112,Starter,2,$55.41,USD,0,Annual,Invoice,12/17/2024,2026-02-07
SUB-000230,ACC-103112,Pro,3,241,USD,0,Monthly,Credit Card,2026-02-07,
SUB-000231,ACC-104672,Starter,1,44,USD,0,Annual,Credit Card,01/31/2022,
SUB-000232,ACC-102086,Pro,5,274.24,USD,15,Monthly,Invoice,2022-05-21,21-Feb-2025
SUB-000233,ACC-104048,Starter,2,57.33,EUR,0,Annual,Credit Card,2022-09-27,2025-01-27
SUB-000234,ACC-102318,Enterprise,3,2955,USD,0,Annual,ACH,10/13/2024,
SUB-000235,ACC-104668,Starter,1,$52.06,USD,0,Monthly,credit card,02/06/2024,
SUB-000236,ACC-101926,Business,2,673.79,USD,0,Monthly,Credit Card,14/08/2023,21/05/2024
SUB-000237,ACC-101926,Enterprise,7,"3,796.66",USD,0,Annual,Credit Card,2024-05-21,14-Jun-2024
SUB-000238,ACC-101022,Starter,4,$68.02,USD,0,Annual,Credit Card,2023-09-10,
SUB-000239,ACC-101632,Business,4,$887.20,USD,0,Monthly,credit card,2023-05-20,22/09/2023
SUB-000240,ACC-101632,Pro,1,216.91,USD,0,Monthly,Credit Card,09/22/2023,2023-11-20
SUB-000241,ACC-100408,Starter,3,59.13,USD,0,Annual,Invoice,2024-02-06,2024-08-06
SUB-000242,ACC-104630,Starter,1,42,EUR,20,Annual,Invoice,2022-11-14,12/14/2023
SUB-000243,ACC-103247,Pro,1,182.73,USD,15,Annual,ACH,2022-04-25,06/25/2024
SUB-000244,ACC-101244,Pro,4,€316.72,EUR,0,Annual,Credit Card,2024-11-05,06/05/2025
SUB-000245,ACC-104966,Enterprise,2,"2,312.55",USD,0,Monthly,Credit Card,2022-05-15,
SUB-000246,ACC-105485,Pro,1,$ 201,USD,0,Monthly,Credit Card,2025-05-04,
SUB-000247,ACC-102522,Business,4,902,USD,0,Monthly,Invoice,2024-04-24,15/03/2026
SUB-000248,ACC-102522,Pro,1,200,USD,0,Monthly,Credit Card,2026-03-15,05/05/2026
SUB-000249,ACC-102522,Business,5,974.37,USD,0,Annual,Credit Card,2026-05-05,
SUB-000250,ACC-102985,Starter,3,$58.82,USD,0,Monthly,ACH,2022-06-27,10/25/2022
SUB-000251,ACC-102985,Pro,1,$158.67,USD,20,Monthly,,10/25/2022,2022-12-27
SUB-000252,ACC-104880,Pro,6,$355.21,USD,0,Annual,Credit Card,2022-10-06,2023-08-06
SUB-000253,ACC-102304,Business,5,$983.70,USD,0,Monthly,ACH,2022-09-17,
SUB-000254,ACC-103372,Pro,1,$179.83,USD,5,Monthly,Invoice,2025-02-16,
SUB-000255,ACC-102323,Starter,2,54.40,USD,0,Monthly,ACH,2025-07-17,2025-12-17
SUB-000256,ACC-102323,Enterprise,4,"2,781.99",USD,0,Annual,Invoice,12/17/2025,
SUB-000257,ACC-104814,Pro,3,245.42,USD,15,Monthly,Credit Card,10/13/2023,2024-10-06
SUB-000258,ACC-104814,Enterprise,2,"$2,518.07",USD,0,Monthly,Credit Card,10/06/2024,
SUB-000259,ACC-101873,Starter,4,$75.62,USD,0,Annual,ACH,2024-04-27,
SUB-000260,ACC-105835,Starter,2,57,USD,0,Monthly,Credit Card,2024-02-24,24-Jun-2025
SUB-000261,ACC-100093,Starter,3,5.00,USD,150,Annual,ACH,2024/01/17,2025-08-11
SUB-000262,ACC-100093,Enterprise,4,"$2,637.17",USD,0,Annual,Credit Card,08/11/2025,
SUB-000263,ACC-103779,Pro,4,308,USD,0,Monthly,Credit Card,08/28/2025,2026/05/28
SUB-000264,ACC-105669,Pro,2,216.07,GBP,15,Monthly,ACH,2024-01-21,
SUB-000265,ACC-100250,Pro,2,251.02,EUR,0,Monthly,Credit Card,01/03/2025,
SUB-000266,ACC-101756,Pro,5,$295.87,USD,0,Monthly,Credit Card,2022-07-13,2022-09-13
SUB-000267,ACC-101533,Starter,2,$ 52,USD,0,Monthly,Invoice,2024-10-13,
SUB-000268,ACC-103722,Business,2,771.75,USD,0,Annual,Credit Card,2024-06-20,2024-11-30
SUB-000269,ACC-103722,Starter,4,$ 56,USD,15,Monthly,Invoice,30-Nov-2024,
SUB-000270,ACC-102480,Pro,4,$ 292,USD,0,Monthly,Credit Card,2022-07-03,22-Apr-2025
SUB-000271,ACC-102480,Enterprise,3,2661,USD,10,Monthly,Credit Card,22/04/2025,
SUB-000272,ACC-101186,Starter,4,61,GBP,5,Monthly,ACH,2023-03-31,2024-01-31
SUB-000273,ACC-103765,Starter,2,59.87,USD,0,Monthly,Invoice,2022-09-18,2025-06-30
SUB-000274,ACC-103765,Pro,1,178,USD,20,Monthly,credit card,2025-06-30,02/08/2026
SUB-000275,ACC-103765,Starter,1,47.86,USD,0,Annual,Invoice,2026-02-08,
SUB-000276,ACC-102910,Enterprise,9,"$ 4,782",USD,0,Monthly,Invoice,24/06/2025,2025-07-24
SUB-000277,ACC-102910,Business,2,$ 739,USD,0,Monthly,Invoice,24-Jul-2025,2025-07-24
SUB-000278,ACC-102627,Pro,3,272.41,USD,0,Annual,ACH,2023-01-21,2025-05-19
SUB-000279,ACC-102627,Business,6,$982.57,USD,0,Annual,ACH,2025-05-19,2025-07-02
SUB-000280,ACC-102627,Enterprise,3,"2,771.58",USD,0,Monthly,Credit Card,07/02/2025,
SUB-000281,ACC-105000,Starter,1,$ 46,USD,0,Annual,Credit Card,05/12/2022,2025-05-07
SUB-000282,ACC-105000,Pro,3,$251.97,USD,0,Annual,Invoice,2025-05-07,07/05/2025
SUB-000283,ACC-100807,Pro,1,184,USD,0,Monthly,ACH,2022-12-20,2025-11-20
SUB-000284,ACC-103852,Pro,4,292.78,USD,0,Monthly,Credit Card,05/16/2022,16-Dec-2025
SUB-000285,ACC-103938,Business,4,$ 844,USD,0,Monthly,Credit Card,2024-02-04,2024-04-04
SUB-000286,ACC-105801,Pro,3,£256.50,GBP,0,Monthly,ACH,25/10/2023,
SUB-000287,ACC-102991,Pro,6,$316.60,USD,0,Annual,Invoice,2024-01-07,07/07/2024
SUB-000288,ACC-101183,Starter,3,$68.92,USD,0,Annual,Credit Card,2023-03-13,06/13/2025
SUB-000289,ACC-100185,Starter,8,$114.35,USD,0,Monthly,Credit Card,2025-04-06,01/14/2026
SUB-000290,ACC-100185,Pro,1,$191.43,USD,0,Monthly,Credit Card,14-Jan-2026,
SUB-000291,ACC-103101,Business,4,858.39,EUR,0,Annual,Credit Card,21/07/2025,
SUB-000292,ACC-103386,Business,1,646,EUR,0,Monthly,ACH,2023-08-08,2023-11-06
SUB-000293,ACC-103386,Enterprise,1,"2,094.96",EUR,0,Monthly,Credit Card,06-Nov-2023,2023-12-10
SUB-000294,ACC-103386,Business,2,670.75,EUR,0,Monthly,Credit Card,10/12/2023,2024-01-08
SUB-000295,ACC-102788,Pro,1,208.38,EUR,0,Annual,Credit Card,2024-05-27,07/21/2024
SUB-000296,ACC-102788,Starter,2,€52.64,EUR,0,Monthly,credit card,2024-07-21,2025-09-27
SUB-000297,ACC-100254,Business,3,804.04,USD,0,Monthly,credit card,06/16/2025,
SUB-000298,ACC-105448,Pro,2,$ 245,USD,0,Monthly,Invoice,10-Jun-2022,10-Oct-2022
SUB-000299,ACC-102623,Enterprise,1,"2,028.88",USD,0,Monthly,ACH,2023-09-18,
SUB-000300,ACC-103721,Pro,1,186,EUR,0,Monthly,Invoice,2023-01-12,2025-07-07
SUB-000301,ACC-103721,Enterprise,1,2055,EUR,0,Annual,Credit Card,07/07/2025,02/07/2026
SUB-000302,ACC-103721,Pro,8,€ 334,EUR,25,Annual,Credit Card,2026-02-07,
SUB-000303,ACC-105917,Starter,8,95.24,USD,0,Annual,ACH,06/19/2022,10/19/2022
SUB-000304,ACC-103759,Business,2,$648.69,USD,0,Monthly,Credit Card,10-Dec-2022,2024-09-29
SUB-000305,ACC-103759,Pro,2,245.13,USD,0,Monthly,,09/29/2024,
SUB-000306,ACC-101057,Starter,7,$93.30,USD,0,Monthly,credit card,10/20/2024,2025-03-22
SUB-000307,ACC-101057,Business,4,816.79,USD,0,Monthly,Invoice,2025-03-22,
SUB-000308,ACC-103388,Starter,2,$47.79,USD,25,Monthly,ACH,2025-03-18,
SUB-000309,ACC-102881,Starter,2,54.27,USD,0,Monthly,Credit Card,28-Jan-2024,24/03/2024
SUB-000310,ACC-102881,Pro,2,$205.52,USD,10,Monthly,Credit Card,2024-03-24,01/28/2025
SUB-000311,ACC-100157,Pro,2,$246.54,USD,5,Monthly,Credit Card,2023-04-26,
SUB-000312,ACC-102440,Pro,6,333.67,USD,15,Monthly,credit card,08/15/2024,09/29/2024
SUB-000313,ACC-102440,Business,4,$851.49,USD,0,Annual,Credit Card,29-Sep-2024,10/15/2024
SUB-000314,ACC-105316,Business,1,$ 630,USD,0,Annual,Credit Card,21-Oct-2023,21-Mar-2024
SUB-000315,ACC-101670,Business,2,655.29,USD,0,Annual,Credit Card,2023-10-29,2024-03-26
SUB-000316,ACC-101670,Enterprise,2,"$2,275.01",USD,10,Monthly,Invoice,2024-03-26,
SUB-000317,ACC-102236,Business,2,$ 777,USD,0,Annual,Credit Card,2022-03-04,2022-05-23
SUB-000318,ACC-102236,Pro,1,$196.25,USD,0,Annual,Credit Card,2022-05-23,2022-06-04
SUB-000319,ACC-102236,Business,2,522,USD,25,Monthly,Invoice,06/04/2022,04-Jun-2022
SUB-000320,ACC-102835,Starter,3,$ 69,USD,0,Annual,Credit Card,2024-05-25,2024-12-25
SUB-000321,ACC-100881,Starter,1,$50.91,USD,0,Annual,Credit Card,15-Mar-2025,
SUB-000322,ACC-100323,Starter,1,€54.28,EUR,0,Monthly,Credit Card,01/22/2024,04/22/2024
SUB-000323,ACC-100323,Business,2,€ 677,EUR,10,Monthly,Invoice,2024-04-22,
SUB-000324,ACC-105656,Starter,1,44.59,USD,0,Annual,Credit Card,17/03/2022,
SUB-000325,ACC-100626,Business,3,$782.01,USD,0,Monthly,Credit Card,2025-04-08,
SUB-000326,ACC-104947,Enterprise,8,"$4,473.64",USD,0,Monthly,Credit Card,2023-08-08,2023-11-08
SUB-000327,ACC-104947,Starter,2,41,USD,20,Annual,Credit Card,2023-11-08,2025/03/08
SUB-000328,ACC-101215,Starter,7,101,USD,0,Monthly,Credit Card,13-Apr-2025,
SUB-000329,ACC-103652,Starter,3,73,USD,0,Annual,Credit Card,2022-02-18,2022-03-18
SUB-000330,ACC-103652,Enterprise,1,"$1,570.25",USD,25,Monthly,Credit Card,2022-03-18,2022-03-18
SUB-000331,ACC-101033,Starter,2,62.20,USD,0,Annual,,25/06/2023,
SUB-000332,ACC-104161,Starter,3,$60.06,USD,0,Annual,credit card,07/03/2022,2024-06-03
SUB-000333,ACC-105384,Business,2,665.93,USD,0,Monthly,Credit Card,02/11/2024,
SUB-000334,ACC-100156,Business,3,748.50,EUR,0,Monthly,Credit Card,2023-06-20,
SUB-000335,ACC-105776,Starter,1,52.27,EUR,0,Monthly,Credit Card,2022-03-25,
SUB-000336,ACC-100472,Pro,13,$593.50,USD,0,Annual,Credit Card,2023-02-08,2023-05-12
SUB-000337,ACC-100472,Starter,5,$ 83,USD,0,Monthly,Invoice,2023/05/12,2023-07-02
SUB-000338,ACC-100472,Enterprise,3,2446,USD,0,Monthly,ACH,07/02/2023,07/08/2023
SUB-000339,ACC-100742,Pro,5,365,USD,0,Monthly,Credit Card,14-Mar-2024,2025-09-14
SUB-000340,ACC-102792,Starter,5,88,USD,0,Annual,Credit Card,2025-07-13,
SUB-000341,ACC-100031,Starter,4,$69.05,USD,0,Annual,credit card,31-May-2025,
SUB-000342,ACC-102828,Pro,3,255.50,USD,0,Annual,Credit Card,28-Jan-2025,
SUB-000343,ACC-105498,Starter,3,59.49,USD,0,Monthly,Credit Card,2025-01-25,2025-08-13
SUB-000344,ACC-105498,Pro,1,200.77,USD,0,Monthly,Credit Card,2025-08-13,
SUB-000345,ACC-101869,Pro,8,$337.87,USD,15,Monthly,credit card,16/12/2023,2024-04-18
SUB-000346,ACC-101869,Enterprise,1,2070,USD,0,Annual,Invoice,18/04/2024,28-Jan-2025
SUB-000347,ACC-101869,Business,2,673,USD,0,Monthly,ACH,2025-01-28,02/16/2025
SUB-000348,ACC-101242,Pro,3,$266.16,USD,0,Annual,Credit Card,2024-02-08,2024-04-08
SUB-000349,ACC-102850,Starter,5,71,USD,0,Monthly,ACH,08/17/2022,2023-11-17
SUB-000350,ACC-102486,Starter,1,$ 50,USD,0,Monthly,ACH,02/08/2023,
SUB-000351,ACC-103790,Pro,1,184.80,USD,15,Monthly,ACH,30-Dec-2024,2025-01-30
SUB-000352,ACC-102899,Pro,3,250.30,USD,0,Monthly,Credit Card,13/04/2024,
SUB-000353,ACC-105331,Pro,3,$251.68,USD,0,Monthly,Credit Card,2023-04-26,05/13/2026
SUB-000354,ACC-105331,Enterprise,1,"1,959.65",USD,0,Monthly,Credit Card,2026-05-13,06/01/2026
SUB-000355,ACC-105331,Pro,5,$320.80,USD,10,Monthly,Credit Card,01/06/2026,
SUB-000356,ACC-102498,Starter,6,89,EUR,0,Monthly,Credit Card,2024-02-07,2025-12-27
SUB-000357,ACC-102498,Enterprise,3,"€ 1,999",EUR,15,Monthly,Invoice,2025-12-27,
SUB-000358,ACC-104073,Pro,3,291.47,USD,0,Annual,credit card,03/07/2024,
SUB-000359,ACC-100177,Business,1,$ 563,USD,5,Monthly,Credit Card,2022/10/18,
SUB-000360,ACC-100221,Pro,1,192.98,USD,0,Annual,Credit Card,2022-08-08,2023-06-08
SUB-000361,ACC-101323,Pro,2,$173.66,USD,25,Annual,credit card,2022-04-15,04/15/2026
SUB-000362,ACC-102656,Pro,5,$ 237,USD,20,Monthly,Credit Card,2023-02-01,
SUB-000363,ACC-101038,Business,3,$ 794,USD,0,Monthly,credit card,10/02/2024,2025-08-11
SUB-000364,ACC-101038,Pro,6,369.95,USD,0,Monthly,Invoice,2025-08-11,2026-01-31
SUB-000365,ACC-101038,Starter,2,$ 56,USD,0,Monthly,Credit Card,31/01/2026,
SUB-000366,ACC-104072,Starter,2,53,USD,0,Monthly,Invoice,2025-03-26,03/09/2026
SUB-000367,ACC-104072,Business,2,$640.98,USD,0,Monthly,Credit Card,09/03/2026,2026-04-20
SUB-000368,ACC-104072,Starter,3,$ 67,USD,0,Monthly,Credit Card,04/20/2026,
SUB-000369,ACC-101042,Starter,2,53.65,USD,0,Annual,Credit Card,2025/01/28,
SUB-000370,ACC-100544,Pro,4,$317.04,USD,0,Monthly,credit card,2024-03-02,2025-10-02
SUB-000371,ACC-101172,Starter,7,$86.20,USD,0,Monthly,credit card,2024-11-23,
SUB-000372,ACC-105479,Enterprise,3,"2,510.68",USD,0,Monthly,credit card,2024/05/10,12/15/2024
SUB-000373,ACC-105479,Business,3,735,USD,0,Monthly,Credit Card,2024-12-15,2025-10-10
SUB-000374,ACC-101223,Starter,1,$45.09,USD,10,Monthly,credit card,08/02/2025,2026-01-06
SUB-000375,ACC-101223,Business,4,$862.98,USD,0,Monthly,Credit Card,06/01/2026,
SUB-000376,ACC-100469,Pro,9,$471.46,USD,0,Monthly,Invoice,2022-01-18,
SUB-000377,ACC-104617,Pro,2,210.33,USD,10,Monthly,Credit Card,2023-04-21,27-Dec-2023
SUB-000378,ACC-104617,Business,1,591,USD,0,Monthly,ACH,2023/12/27,2024-09-21
SUB-000379,ACC-102245,Starter,2,51,USD,0,Monthly,ACH,09/09/2023,2025-05-26
SUB-000380,ACC-102245,Enterprise,2,"$2,283.32",USD,0,Monthly,Invoice,05/26/2025,
SUB-000381,ACC-104467,Pro,3,214,USD,10,Monthly,Invoice,2025-06-09,2026-04-09
SUB-000382,ACC-104738,Starter,4,$ 76,USD,0,Monthly,Invoice,2023-03-25,2025-04-11
SUB-000383,ACC-104738,Pro,2,253,USD,0,Monthly,credit card,11/04/2025,
SUB-000384,ACC-103787,Starter,2,64,USD,0,Annual,Credit Card,2023-07-12,2023-10-12
SUB-000385,ACC-102133,Pro,4,268.12,USD,0,Monthly,credit card,11-Aug-2024,2026-01-22
SUB-000386,ACC-102133,Enterprise,2,"2,089.72",USD,0,Monthly,ACH,22/01/2026,2026-02-11
SUB-000387,ACC-101789,Pro,1,213,USD,0,Annual,Credit Card,2022-08-08,
SUB-000388,ACC-103807,Business,1,499.24,USD,15,Monthly,Credit Card,07/04/2023,2023-05-07
SUB-000389,ACC-103807,Pro,3,275.07,USD,0,Monthly,Credit Card,07/05/2023,2023-05-07
SUB-000390,ACC-102358,Starter,1,55,USD,0,Monthly,Credit Card,12/06/2024,2024-10-12
SUB-000391,ACC-101562,Starter,4,80,EUR,0,Monthly,credit card,08/13/2022,2024-02-09
SUB-000392,ACC-101562,Business,3,727.22,EUR,0,Annual,Invoice,2024-02-09,2026-01-13
SUB-000393,ACC-102138,Pro,1,213,USD,0,Annual,Credit Card,2025-07-03,03/02/2026
SUB-000394,ACC-104381,Starter,8,115.47,USD,0,Monthly,ACH,2022-05-07,
SUB-000395,ACC-104237,Starter,2,54.22,USD,15,Annual,Credit Card,2025-07-24,24-Apr-2026
SUB-000396,ACC-105250,Starter,4,$77.45,USD,0,Annual,Credit Card,07/30/2023,
SUB-000397,ACC-105740,Starter,6,$79.38,USD,0,Monthly,Invoice,2022-09-10,2024-07-13
SUB-000398,ACC-105740,Enterprise,5,"2,606.20",USD,20,Monthly,Credit Card,2024-07-13,2024-11-02
SUB-000399,ACC-105740,Starter,2,$61.82,USD,0,Monthly,Invoice,2024-11-02,2024-11-10
SUB-000400,ACC-103358,Business,3,€ 744,EUR,0,Monthly,Credit Card,2023-06-16,2025-05-22
SUB-000401,ACC-103358,Pro,2,€213.12,EUR,0,Annual,Credit Card,2025-05-22,
SUB-000402,ACC-100865,Starter,1,$58.47,USD,-10,Annual,Credit Card,2022-06-08,2024-09-12
SUB-000403,ACC-100865,Pro,1,$ 213,USD,0,Monthly,Credit Card,2024-09-12,2024-11-08
SUB-000404,ACC-102462,Starter,1,46.91,EUR,0,Monthly,Credit Card,2023-11-25,
SUB-000405,ACC-102471,Starter,3,57.57,USD,0,Monthly,credit card,2023-12-28,
SUB-000406,ACC-105871,Pro,2,$ 227,USD,0,Monthly,Credit Card,2025-02-02,2025-09-27
SUB-000407,ACC-105871,Starter,3,66.85,USD,5,Monthly,ACH,2025/09/27,
SUB-000408,ACC-103720,Starter,2,58.45,GBP,0,Annual,Invoice,2022-10-22,2023-10-19
SUB-000409,ACC-103720,Enterprise,2,"2,522.43",GBP,0,Annual,credit card,19/10/2023,
SUB-000410,ACC-101883,Pro,1,210,USD,0,Monthly,credit card,07/16/2023,23-Sep-2023
SUB-000411,ACC-101883,Enterprise,7,3590,USD,0,Monthly,Credit Card,2023-09-23,2024-08-16
SUB-000412,ACC-102997,Starter,1,38,EUR,25,Annual,ACH,2022/11/19,
SUB-000413,ACC-104105,Pro,1,200.85,EUR,0,Monthly,Invoice,11-Nov-2024,2025-09-11
SUB-000414,ACC-104871,Pro,3,$257.72,USD,0,Annual,ACH,08/24/2024,12/27/2024
SUB-000415,ACC-104871,Enterprise,2,"2,441.41",USD,0,Monthly,Credit Card,2024-12-27,23-Jul-2025
SUB-000416,ACC-104871,Business,1,406,USD,25,Annual,ACH,2025-07-23,
SUB-000417,ACC-103245,Pro,1,194.11,USD,0,Monthly,ACH,2025-04-26,
SUB-000418,ACC-105405,Pro,1,169.57,USD,25,Monthly,Credit Card,08/12/2025,2025-09-22
SUB-000419,ACC-105405,Enterprise,3,"$2,668.14",USD,0,Monthly,credit card,09/22/2025,2025-10-12
SUB-000420,ACC-102611,Enterprise,4,"3,214.45",USD,0,Monthly,Credit Card,02/07/2022,2023-09-12
SUB-000421,ACC-102611,Business,2,624.34,USD,0,Monthly,Credit Card,12-Sep-2023,2023-11-07
SUB-000422,ACC-101744,Starter,3,65,USD,10,Annual,Credit Card,06/06/2025,21-Nov-2025
SUB-000423,ACC-101744,Enterprise,3,"$2,839.44",USD,0,Monthly,Credit Card,11/21/2025,12/22/2025
SUB-000424,ACC-101744,Starter,3,55.73,USD,15,Monthly,Credit Card,2025-12-22,
SUB-000425,ACC-101483,Business,3,894,EUR,0,Monthly,Credit Card,21/06/2022,
SUB-000426,ACC-100296,Pro,13,$617.92,USD,0,Monthly,Credit Card,24/06/2024,09/24/2024
SUB-000427,ACC-103285,Business,1,$637.56,USD,0,Annual,ACH,2023-08-14,2025-02-19
SUB-000428,ACC-103285,Pro,4,$ 270,USD,0,Monthly,credit card,02/19/2025,
SUB-000429,ACC-102240,Business,2,$635.17,USD,0,Monthly,,2023-01-31,
SUB-000430,ACC-104313,Pro,2,194.28,EUR,15,Monthly,Credit Card,2025-04-24,2025/12/13
SUB-000431,ACC-104313,Starter,2,61.69,EUR,0,Monthly,Invoice,12/13/2025,2026-05-12
SUB-000432,ACC-104313,Business,5,899.39,EUR,0,Monthly,credit card,05/12/2026,
SUB-000433,ACC-104834,Business,1,550.29,USD,15,Annual,Credit Card,29-Jun-2024,2025-01-29
SUB-000434,ACC-105963,Pro,2,209.65,USD,15,Monthly,credit card,01/16/2023,16/09/2023
SUB-000435,ACC-103914,Starter,2,55.15,USD,0,Monthly,Credit Card,2022-02-20,20-Nov-2023
SUB-000436,ACC-101600,Business,2,$621.61,USD,0,Monthly,Credit Card,2023/04/15,
SUB-000437,ACC-103126,Pro,4,277,USD,0,Monthly,ACH,2024-02-11,2025-02-11
SUB-000438,ACC-101354,Starter,7,98.86,USD,0,Annual,Credit Card,05-Oct-2023,
SUB-000439,ACC-101615,Pro,1,185.24,USD,0,Monthly,ACH,2025-08-20,
SUB-000440,ACC-105632,Pro,3,242.41,USD,5,Monthly,Credit Card,06/28/2023,2026-04-28
SUB-000441,ACC-105608,Business,2,$742.19,USD,0,Monthly,Credit Card,2023-11-02,
SUB-000442,ACC-103477,Starter,5,75,USD,0,Monthly,Credit Card,16-Oct-2023,10/09/2024
SUB-000443,ACC-103477,Enterprise,5,3603,USD,0,Monthly,Credit Card,2024-10-09,11/16/2024
SUB-000444,ACC-101657,Pro,1,$217.09,USD,0,Annual,Credit Card,2022-04-27,27/04/2025
SUB-000445,ACC-100491,Business,2,702.89,USD,0,Annual,ACH,2022/03/08,2023-02-09
SUB-000446,ACC-100491,Starter,1,$43.05,USD,10,Monthly,Credit Card,09/02/2023,
SUB-000447,ACC-101554,Pro,3,295.76,USD,0,Monthly,Credit Card,2022-12-30,25/01/2024
SUB-000448,ACC-101554,Business,3,$710.65,USD,0,Monthly,Credit Card,2024-01-25,30/05/2025
SUB-000449,ACC-102488,Business,2,764,USD,0,Monthly,Credit Card,03/02/2024,
SUB-000450,ACC-105788,Business,1,$ 579,USD,0,Monthly,Credit Card,2022-05-21,21/12/2025
SUB-000451,ACC-105861,Starter,2,60,EUR,0,Monthly,ACH,2022-05-04,08/27/2025
SUB-000452,ACC-105861,Enterprise,6,"€3,247.33",EUR,0,Monthly,Invoice,2025-08-27,
SUB-000453,ACC-104462,Pro,11,$556.72,USD,0,Annual,Credit Card,2022-03-18,2026-05-07
SUB-000454,ACC-104462,Business,2,620.13,USD,0,Monthly,Credit Card,05/07/2026,2026-06-01
SUB-000455,ACC-104462,Enterprise,2,"2,264.13",USD,0,Monthly,Invoice,2026-06-01,
SUB-000456,ACC-100050,Starter,3,$ 71,USD,0,Monthly,Credit Card,29/08/2022,10/29/2022
SUB-000457,ACC-101163,Enterprise,7,"$ 4,244",USD,0,Monthly,credit card,01-Sep-2023,2023-11-02
SUB-000458,ACC-101163,Starter,7,$97.12,USD,0,Monthly,Credit Card,11/02/2023,2025-08-01
SUB-000459,ACC-100319,Starter,2,$54.79,USD,15,Annual,Invoice,2022-05-03,
SUB-000460,ACC-101101,Enterprise,2,"$ 1,765",USD,15,Monthly,Credit Card,01/10/2022,2023-07-20
SUB-000461,ACC-101101,Business,1,547.19,USD,20,Annual,Credit Card,2023-07-20,2024-03-01
SUB-000462,ACC-103370,Starter,7,100,USD,0,Annual,ACH,2022-05-28,03/28/2024
SUB-000463,ACC-100747,Starter,3,$ 70,USD,0,Monthly,credit card,22/07/2025,22/04/2026
SUB-000464,ACC-103693,Starter,1,45.29,USD,0,Monthly,ACH,2022-04-04,04-Dec-2022
SUB-000465,ACC-100810,Starter,4,$ 78,USD,0,Annual,ACH,2022-11-21,17-Feb-2024
SUB-000466,ACC-100810,Enterprise,1,2268,USD,0,Monthly,Credit Card,2024-02-17,2024-07-27
SUB-000467,ACC-100810,Pro,1,$220.72,USD,0,Annual,ACH,07/27/2024,2025-10-21
SUB-000468,ACC-104050,Starter,4,$ 64,USD,0,Monthly,Credit Card,2023-07-29,
SUB-000469,ACC-103467,Business,1,594.62,EUR,5,Annual,Credit Card,2022-02-24,2023-09-10
SUB-000470,ACC-103467,Starter,3,60,EUR,0,Monthly,Credit Card,2023-09-10,2023/09/24
SUB-000471,ACC-103149,Business,3,805.54,USD,5,Monthly,Credit Card,2024/03/14,2024-10-14
SUB-000472,ACC-102981,Starter,2,$ 54,USD,0,Monthly,Credit Card,12-Jul-2024,
SUB-000473,ACC-104934,Business,3,876,EUR,0,Monthly,Invoice,08/05/2022,2026-02-19
SUB-000474,ACC-104934,Starter,1,49.71,EUR,0,Monthly,ACH,2026-02-19,
SUB-000475,ACC-105400,Pro,2,238,USD,0,Annual,,2025-01-18,
SUB-000476,ACC-103947,Business,4,833.96,USD,0,Annual,Credit Card,07/10/2022,
SUB-000477,ACC-103917,Starter,1,44.26,USD,0,Monthly,credit card,12/20/2022,12/17/2023
SUB-000478,ACC-103917,Pro,4,$331.76,USD,0,Annual,ACH,17/12/2023,
SUB-000479,ACC-101485,Starter,2,$59.42,USD,0,Annual,Credit Card,2022-02-18,
SUB-000480,ACC-102585,Starter,1,45,USD,0,Monthly,credit card,2023-04-24,
SUB-000481,ACC-102789,Starter,1,38.09,EUR,15,Monthly,credit card,05/08/2025,2026-05-07
SUB-000482,ACC-102789,Enterprise,5,"€3,267.38",EUR,0,Monthly,credit card,2026-05-07,
SUB-000483,ACC-102885,Business,1,565.35,USD,0,Monthly,Invoice,14-Jan-2022,14-Apr-2022
SUB-000484,ACC-104335,Starter,1,$ 56,USD,0,Monthly,ACH,2022-12-29,29-Nov-2024
SUB-000485,ACC-104698,Pro,1,202.99,USD,0,Monthly,ACH,2022-06-01,2024/11/01
SUB-000486,ACC-103664,Starter,1,$49.03,USD,0,Monthly,Invoice,06/21/2023,07/21/2023
SUB-000487,ACC-103664,Enterprise,2,"2,066.62",USD,20,Annual,credit card,2023/07/21,2023-07-21
SUB-000488,ACC-101108,Pro,3,$ 224,USD,5,Monthly,Credit Card,2023-10-31,05/31/2025
SUB-000489,ACC-102767,Business,3,709.58,EUR,10,Monthly,,16-Aug-2025,
SUB-000490,ACC-104502,Pro,1,182,USD,0,Monthly,Invoice,2023-09-17,2023-11-07
SUB-000491,ACC-104502,Starter,1,51.83,USD,0,Monthly,Credit Card,2023-11-07,2023-12-17
SUB-000492,ACC-103407,Pro,2,207.96,USD,0,Annual,Credit Card,2022-08-06,06/11/2023
SUB-000493,ACC-101669,Pro,4,£260.90,GBP,0,Monthly,Credit Card,2023-12-13,04/13/2025
SUB-000494,ACC-100239,Starter,5,75.00,EUR,0,Monthly,Invoice,04/09/2022,2023-07-09
SUB-000495,ACC-102858,Pro,1,188,USD,5,Monthly,,23/01/2024,
SUB-000496,ACC-100199,Business,3,775.48,USD,0,Annual,Credit Card,2023-12-10,
SUB-000497,ACC-101738,Starter,1,54.69,USD,0,Annual,Credit Card,07/02/2025,
SUB-000498,ACC-104154,Business,2,554.82,USD,15,Annual,Credit Card,08/22/2025,12/31/2025
SUB-000499,ACC-104154,Pro,2,229.55,USD,0,Monthly,Credit Card,2025-12-31,
SUB-000500,ACC-104347,Business,1,584.27,USD,0,Annual,Credit Card,2022-12-23,2025-11-12
SUB-000501,ACC-104347,Starter,3,$ 71,USD,0,Monthly,ACH,2025-11-12,2025-11-23
SUB-000502,ACC-104347,Enterprise,5,"3,439.84",USD,0,Annual,Invoice,2025-11-23,2025-11-23
SUB-000503,ACC-101740,Business,6,1010,USD,0,Monthly,Credit Card,2024-08-16,05/20/2026
SUB-000504,ACC-101740,Enterprise,3,"$2,928.31",USD,0,Monthly,Credit Card,2026-05-20,
SUB-000505,ACC-102252,Business,3,£ 869,GBP,0,Monthly,Credit Card,2024-08-17,
SUB-000506,ACC-102795,Pro,2,$ 222,USD,0,Monthly,Credit Card,2024-08-28,23-May-2025
SUB-000507,ACC-102795,Business,4,816.91,USD,0,Monthly,Credit Card,2025-05-23,
SUB-000508,ACC-102986,Business,3,$810.57,USD,0,Annual,Credit Card,2022-09-29,2025-07-29
SUB-000509,ACC-103830,Business,1,557,USD,0,Monthly,ACH,15-Jul-2024,
SUB-000510,ACC-104153,Pro,4,$293.31,USD,0,Monthly,Credit Card,2025-07-14,
SUB-000511,ACC-100101,Pro,2,$ 249,USD,0,Monthly,Credit Card,2025-06-28,
SUB-000512,ACC-103379,Pro,2,212,USD,0,Monthly,ACH,2022-12-29,2023-03-16
SUB-000513,ACC-103379,Starter,1,39,USD,20,Monthly,Credit Card,2023-03-16,2023-03-29
SUB-000514,ACC-104872,Starter,3,$53.50,USD,15,Monthly,Credit Card,2025-02-12,04/30/2026
SUB-000515,ACC-104872,Enterprise,1,2279,USD,0,Monthly,Credit Card,2026-04-30,05/30/2026
SUB-000516,ACC-104872,Business,2,698.58,USD,0,Monthly,Credit Card,2026-05-30,
SUB-000517,ACC-100259,Pro,1,219.42,USD,0,Monthly,Credit Card,08/28/2022,01/28/2023
SUB-000518,ACC-102115,Pro,2,€245.46,EUR,0,Monthly,Credit Card,03/02/2022,02/09/2023
SUB-000519,ACC-105889,Starter,2,60.00,GBP,0,Monthly,Credit Card,2024-10-24,24-Jun-2025
SUB-000520,ACC-100501,Pro,2,221.17,USD,0,Monthly,Invoice,2022-06-17,
SUB-000521,ACC-100893,Pro,3,229,USD,20,Monthly,Credit Card,02/06/2025,
SUB-000522,ACC-104906,Pro,3,267.36,USD,0,Monthly,Credit Card,2022-04-15,2024-11-15
SUB-000523,ACC-105874,Pro,3,284,USD,0,Monthly,Credit Card,2023-12-29,
SUB-000524,ACC-102807,Starter,2,€45.79,EUR,20,Monthly,Credit Card,2022-07-09,2023-02-01
SUB-000525,ACC-102807,Pro,1,202.20,EUR,0,Annual,Credit Card,02/01/2023,04/09/2024
SUB-000526,ACC-103308,Pro,1,$ 167,USD,25,Monthly,ACH,02/04/2025,
SUB-000527,ACC-101161,Starter,9,94.26,GBP,15,Annual,Invoice,2025-08-21,
SUB-000528,ACC-105231,Starter,7,107,EUR,0,Monthly,Credit Card,2024-02-13,13-Dec-2024
SUB-000529,ACC-101433,Pro,4,$270.17,USD,0,Annual,Credit Card,2025-06-17,
SUB-000530,ACC-103964,Starter,4,73,USD,0,Monthly,ACH,2024-08-11,2025-12-02
SUB-000531,ACC-103964,Business,7,876,USD,25,Monthly,Credit Card,2025-12-02,03/29/2026
SUB-000532,ACC-103964,Enterprise,6,"$ 3,273",USD,0,Annual,Credit Card,2026/03/29,
SUB-000533,ACC-104527,Enterprise,1,"1,934.18",USD,10,Annual,ACH,2022-07-09,17-Oct-2022
SUB-000534,ACC-104527,Business,3,838,USD,0,Monthly,ACH,2022-10-17,12/09/2025
SUB-000535,ACC-104317,Starter,2,51,GBP,0,Monthly,Credit Card,2022-02-21,2025-12-21
SUB-000536,ACC-105521,Starter,1,55.20,USD,0,Monthly,Credit Card,2023-09-06,2025-07-06
SUB-000537,ACC-102948,Starter,4,64.12,USD,0,Monthly,credit card,2022-03-28,04/28/2022
SUB-000538,ACC-105686,Business,2,725.16,USD,0,Monthly,ACH,22-Apr-2025,
SUB-000539,ACC-105014,Business,4,5,EUR,150,Annual,Credit Card,2024-10-21,2025-08-31
SUB-000540,ACC-105014,Pro,4,274.87,EUR,15,Monthly,Credit Card,2025-08-31,
SUB-000541,ACC-101128,Starter,1,$ 46,USD,0,Annual,,2023-03-30,06/30/2023
SUB-000542,ACC-101119,Starter,1,38.46,USD,25,Monthly,Credit Card,2024-11-10,2024-12-10
SUB-000543,ACC-105876,Business,5,"1,033.82",EUR,0,Annual,Invoice,31/07/2025,
SUB-000544,ACC-100710,Pro,1,195.18,USD,0,Monthly,Credit Card,2024-01-20,20/05/2024
SUB-000545,ACC-100969,Starter,3,$ 58,USD,0,Monthly,Credit Card,2023-02-11,11/12/2024
SUB-000546,ACC-105512,Pro,2,190.79,GBP,10,Monthly,Credit Card,2022-07-18,18/11/2022
SUB-000547,ACC-100672,Pro,3,235.71,USD,0,Monthly,Credit Card,2024-03-21,13-Jan-2025
SUB-000548,ACC-100672,Business,2,755.40,USD,0,Monthly,Credit Card,2025-01-13,
SUB-000549,ACC-102803,Business,6,1129,USD,0,Monthly,Credit Card,04/01/2022,2022-06-19
SUB-000550,ACC-102803,Starter,2,49.54,USD,20,Monthly,Credit Card,2022-06-19,2022/07/01
SUB-000551,ACC-105338,Starter,2,64.24,EUR,0,Monthly,Credit Card,2025-02-14,22-May-2025
SUB-000552,ACC-105338,Pro,1,196.19,EUR,0,Monthly,Credit Card,2025-05-22,14-Sep-2025
SUB-000553,ACC-105853,Business,1,638,USD,0,Monthly,ACH,2023-06-13,08/11/2023
SUB-000554,ACC-105853,Starter,12,143.35,USD,0,Monthly,Credit Card,2023-08-11,2023-08-13
SUB-000555,ACC-105853,Pro,2,$ 247,USD,0,Annual,Credit Card,2023-08-13,13-Aug-2023
SUB-000556,ACC-104515,Business,2,$654.84,USD,10,Monthly,Credit Card,01/09/2022,21-Oct-2022
SUB-000557,ACC-104515,Enterprise,2,"2,591.81",USD,0,Monthly,Invoice,2022-10-21,05/31/2023
SUB-000558,ACC-104515,Pro,1,179.77,USD,0,Monthly,Credit Card,2023-05-31,
SUB-000559,ACC-104985,Pro,2,223.53,USD,0,Annual,Invoice,20-Nov-2023,
SUB-000560,ACC-103410,Pro,1,164,USD,25,Monthly,credit card,08/17/2024,
SUB-000561,ACC-103011,Pro,2,219,USD,15,Monthly,Credit Card,02/04/2025,
SUB-000562,ACC-105380,Business,1,548.35,USD,0,Monthly,Credit Card,2023-07-16,2024-03-04
SUB-000563,ACC-105380,Starter,3,71.46,USD,0,Monthly,Credit Card,04/03/2024,2024/05/16
SUB-000564,ACC-105804,Starter,2,54,USD,0,Monthly,ACH,08/19/2024,
SUB-000565,ACC-103710,Starter,6,$80.38,USD,0,Monthly,ACH,2025-01-03,07/30/2025
SUB-000566,ACC-103710,Pro,10,$441.46,USD,0,Monthly,Credit Card,2025-07-30,
SUB-000567,ACC-101726,Starter,3,$ 62,USD,5,Monthly,Credit Card,22/06/2023,
SUB-000568,ACC-103979,Business,2,734.18,USD,5,Annual,credit card,2024-05-01,2025-06-01
SUB-000569,ACC-100088,Business,2,$ 769,USD,0,Annual,Credit Card,03/12/2024,26-Apr-2025
SUB-000570,ACC-100088,Starter,1,$47.57,USD,0,Monthly,Credit Card,2025-04-26,03-Jan-2026
SUB-000571,ACC-105926,Enterprise,10,"€ 4,538",EUR,0,Annual,ACH,2022-04-30,2025-11-14
SUB-000572,ACC-105926,Starter,2,52.91,EUR,0,Annual,Credit Card,14/11/2025,
SUB-000573,ACC-100324,Business,3,$813.93,USD,0,Annual,Credit Card,2022-03-30,05/12/2026
SUB-000574,ACC-100324,Pro,2,255,USD,0,Monthly,Invoice,12-May-2026,
SUB-000575,ACC-102851,Pro,4,$ 261,USD,0,Annual,ACH,2023-10-25,2023-12-22
SUB-000576,ACC-102851,Starter,1,$49.92,USD,0,Monthly,Credit Card,22/12/2023,10/25/2024
SUB-000577,ACC-104406,Pro,1,$ 227,USD,0,Monthly,ACH,2023/07/09,
SUB-000578,ACC-100325,Pro,2,$258.21,USD,0,Monthly,Credit Card,23/03/2025,
SUB-000579,ACC-101129,Enterprise,1,"$2,014.91",USD,0,Monthly,,30-Aug-2024,
SUB-000580,ACC-103534,Starter,5,89.77,USD,0,Monthly,Credit Card,08/09/2023,02-Mar-2025
SUB-000581,ACC-103534,Business,3,810.31,USD,0,Annual,Credit Card,03/02/2025,
SUB-000582,ACC-100132,Pro,3,€290.55,EUR,0,Annual,Credit Card,2023-08-29,10/05/2023
SUB-000583,ACC-100132,Enterprise,2,"2,208.66",EUR,0,Monthly,ACH,2023/10/05,2023/11/29
SUB-000584,ACC-100132,Pro,1,€207.56,EUR,0,Monthly,Credit Card,2023-11-29,11/29/2023
SUB-000585,ACC-100712,Starter,4,71,USD,0,Monthly,Credit Card,2024-03-12,07-May-2024
SUB-000586,ACC-100712,Business,5,896.02,USD,0,Monthly,Credit Card,07-May-2024,2024/06/12
SUB-000587,ACC-103317,Pro,2,$218.72,USD,0,Annual,ACH,2022-04-11,
SUB-000588,ACC-103601,Enterprise,3,"$2,385.68",USD,0,Annual,Credit Card,03/01/2024,
SUB-000589,ACC-104730,Pro,3,240,USD,0,Monthly,Credit Card,2024-07-19,
SUB-000590,ACC-104145,Pro,2,240.26,USD,0,Monthly,Credit Card,2023-08-29,25/01/2024
SUB-000591,ACC-104145,Starter,4,74.34,USD,0,Monthly,credit card,2024-01-25,2025-03-29
SUB-000592,ACC-105488,Business,3,781.83,USD,0,Monthly,Invoice,09/07/2024,2024-10-24
SUB-000593,ACC-105488,Starter,3,71.61,USD,0,Monthly,Credit Card,24/10/2024,
SUB-000594,ACC-102633,Starter,1,56,EUR,0,Annual,Credit Card,2022-03-18,03/05/2023
SUB-000595,ACC-102633,Enterprise,2,"2,360.45",EUR,0,Annual,Credit Card,2023-05-03,2024-07-18
SUB-000596,ACC-102348,Business,1,$ 449,USD,25,Monthly,,09/08/2023,
SUB-000597,ACC-103898,Business,2,$641.46,USD,0,Monthly,Invoice,07/23/2024,2024-12-23
SUB-000598,ACC-105540,Pro,1,197.09,USD,0,Annual,ACH,2025-08-14,2026-04-16
SUB-000599,ACC-105540,Enterprise,3,"1,787.38",USD,25,Annual,ACH,16-Apr-2026,
SUB-000600,ACC-105179,Starter,1,$47.71,USD,0,Monthly,Invoice,2023-04-10,04-Apr-2025
SUB-000601,ACC-105179,Business,2,$728.05,USD,5,Monthly,credit card,2025-04-04,2025/06/06
SUB-000602,ACC-105179,Starter,5,$75.40,USD,0,Monthly,ACH,06-Jun-2025,
SUB-000603,ACC-101569,Pro,2,248.66,USD,0,Annual,ACH,11/27/2023,
SUB-000604,ACC-104083,Pro,4,313.67,EUR,0,Monthly,ACH,04/10/2025,2026-05-10
SUB-000605,ACC-102941,Pro,3,€ 289,EUR,0,Monthly,Credit Card,2025-05-13,13/06/2025
SUB-000606,ACC-102941,Business,2,€627.73,EUR,0,Monthly,Invoice,06/13/2025,2025-06-13
SUB-000607,ACC-103661,Pro,3,$275.85,USD,0,Monthly,ACH,2024-04-11,2026-01-11
SUB-000608,ACC-105550,Business,1,666,USD,0,Monthly,Credit Card,10/22/2023,16-Dec-2025
SUB-000609,ACC-105550,Pro,3,295,USD,0,Annual,Credit Card,2025-12-16,2026-02-01
SUB-000610,ACC-105550,Enterprise,1,"2,166.77",USD,0,Monthly,Credit Card,2026-02-01,
SUB-000611,ACC-104853,Pro,1,215.38,USD,0,Monthly,ACH,22/10/2023,11/22/2024
SUB-000612,ACC-104853,Enterprise,5,"$3,064.75",USD,0,Annual,Credit Card,11/22/2024,22-Nov-2024
SUB-000613,ACC-104172,Business,1,568.84,USD,0,Monthly,Credit Card,2025-02-21,
SUB-000614,ACC-101297,Business,2,591.93,USD,20,Monthly,Credit Card,2022-01-05,2024-12-31
SUB-000615,ACC-101297,Pro,2,174.51,USD,25,Monthly,Credit Card,2024-12-31,
SUB-000616,ACC-102944,Starter,1,€53.90,EUR,0,Monthly,credit card,04/14/2024,
SUB-000617,ACC-100371,Starter,1,46,EUR,5,Monthly,Credit Card,05/04/2025,
SUB-000618,ACC-105911,Pro,4,$270.05,USD,0,Annual,credit card,2023-08-29,
SUB-000619,ACC-103641,Enterprise,3,"$2,404.39",USD,0,Monthly,Credit Card,2023-12-27,16-Mar-2024
SUB-000620,ACC-103641,Starter,4,$81.21,USD,0,Monthly,Credit Card,2024-03-16,
SUB-000621,ACC-103525,Starter,4,$67.64,USD,0,Monthly,ACH,2023-01-23,2024-01-23
SUB-000622,ACC-102534,Enterprise,10,"4,952.56",USD,0,Monthly,Credit Card,12/15/2022,
SUB-000623,ACC-103647,Pro,3,$264.54,USD,0,Monthly,credit card,08/04/2022,2023-07-29
SUB-000624,ACC-103647,Business,5,"1,011.49",USD,0,Monthly,ACH,2023-07-29,08-Jul-2025
SUB-000625,ACC-105595,Business,3,814.74,USD,0,Annual,Credit Card,2022-02-26,25/04/2022
SUB-000626,ACC-105595,Pro,1,228.27,USD,0,Annual,credit card,2022-04-25,
SUB-000627,ACC-100168,Enterprise,3,"€2,584.11",EUR,10,Monthly,,2025-02-17,
SUB-000628,ACC-102405,Starter,1,53.90,USD,0,Monthly,ACH,2024-04-02,04/27/2025
SUB-000629,ACC-102405,Pro,2,235,USD,0,Annual,Invoice,2025-04-27,
SUB-000630,ACC-105955,Business,4,839.12,USD,0,Monthly,Credit Card,06/18/2022,2025-02-25
SUB-000631,ACC-105955,Enterprise,5,"$ 2,621",USD,25,Monthly,Credit Card,2025-02-25,
SUB-000632,ACC-101158,Business,2,791.48,USD,0,Monthly,credit card,2022-04-16,02/19/2025
SUB-000633,ACC-101158,Pro,3,239,USD,0,Monthly,,02/19/2025,22-Nov-2025
SUB-000634,ACC-101158,Starter,2,$ 61,USD,0,Annual,credit card,22-Nov-2025,
SUB-000635,ACC-104575,Business,3,$752.06,USD,0,Monthly,ACH,14-Apr-2025,
SUB-000636,ACC-103409,Enterprise,2,"€2,171.34",EUR,0,Monthly,Invoice,06/18/2022,2025-11-13
SUB-000637,ACC-103409,Pro,2,€ 205,EUR,15,Monthly,,2025-11-13,
SUB-000638,ACC-100198,Starter,1,48,USD,0,Monthly,ACH,11/04/2023,
SUB-000639,ACC-105935,Starter,2,$63.98,USD,0,Monthly,Credit Card,03/15/2025,16/05/2025
SUB-000640,ACC-105935,Business,1,598.55,USD,0,Annual,Credit Card,16-May-2025,
SUB-000641,ACC-102892,Enterprise,4,2533,USD,20,Monthly,Credit Card,19/08/2025,
SUB-000642,ACC-102273,Starter,4,65,USD,0,Annual,ACH,07/16/2022,2023-06-07
SUB-000643,ACC-102273,Business,2,$769.95,USD,0,Monthly,Credit Card,06/07/2023,08/12/2025
SUB-000644,ACC-102273,Enterprise,6,3342,USD,0,Monthly,Credit Card,12/08/2025,
SUB-000645,ACC-105366,Starter,4,74.86,USD,0,Monthly,Credit Card,2022-03-30,26/05/2024
SUB-000646,ACC-105366,Enterprise,2,"$ 2,125",USD,0,Monthly,ACH,2024-05-26,
SUB-000647,ACC-105933,Pro,9,340.04,USD,20,Annual,Credit Card,2023/08/06,2024-10-16
SUB-000648,ACC-105933,Starter,5,$ 88,USD,0,Annual,Invoice,2024/10/16,2025-09-06
SUB-000649,ACC-102798,Business,5,1031,USD,0,Monthly,credit card,16/01/2025,16/06/2025
SUB-000650,ACC-103557,Enterprise,1,"1,977.80",USD,0,Annual,ACH,2023-03-13,16-Nov-2024
SUB-000651,ACC-103557,Starter,5,88.68,USD,0,Annual,,11/16/2024,
SUB-000652,ACC-104405,Business,1,597.56,USD,0,Monthly,,2022-11-20,20/12/2022
SUB-000653,ACC-104405,Pro,3,$289.10,USD,0,Monthly,Credit Card,2022-12-20,01/20/2023
SUB-000654,ACC-100230,Pro,1,214.45,USD,0,Monthly,,2025-03-16,2025-11-16
SUB-000655,ACC-105163,Starter,3,59.76,USD,0,Monthly,Invoice,28-Apr-2023,
SUB-000656,ACC-102402,Starter,1,52.25,USD,0,Monthly,ACH,2023-12-10,2025/09/11
SUB-000657,ACC-102402,Business,2,763,USD,0,Monthly,Credit Card,2025-09-11,
SUB-000658,ACC-100964,Business,2,$621.14,USD,0,Monthly,ACH,,2023-08-27
SUB-000659,ACC-100964,Starter,6,$89.84,USD,0,Annual,Credit Card,2023-08-27,
SUB-000660,ACC-102022,Business,4,772.21,USD,15,Monthly,Credit Card,01/18/2025,
SUB-000661,ACC-100625,Pro,3,$244.38,USD,0,Monthly,Invoice,2025-02-02,
SUB-000662,ACC-101807,Starter,3,£60.32,GBP,0,Monthly,Credit Card,23/02/2024,
SUB-000663,ACC-105011,Enterprise,4,"2,723.94",USD,0,Monthly,ACH,2023-05-21,
SUB-000664,ACC-101874,Starter,3,46.81,USD,25,Annual,Credit Card,2022-05-25,2025-07-30
SUB-000665,ACC-101874,Enterprise,1,"2,106.86",USD,0,Monthly,Credit Card,2025-07-30,20-Dec-2025
SUB-000666,ACC-101874,Pro,2,$240.09,USD,0,Monthly,Invoice,2025-12-20,2026-05-25
SUB-000667,ACC-105363,Starter,11,128.12,EUR,0,Annual,Credit Card,,2024/06/17
SUB-000668,ACC-104664,Pro,2,257,USD,0,Monthly,Credit Card,2024/06/22,
SUB-000669,ACC-100017,Pro,2,$251.04,USD,0,Annual,Credit Card,06-Mar-2023,2023-05-02
SUB-000670,ACC-100017,Starter,1,$45.38,USD,0,Annual,credit card,2023-05-02,2024/06/06
SUB-000671,ACC-103206,Business,4,843,USD,0,Monthly,Credit Card,2024-08-14,12/05/2026
SUB-000672,ACC-103206,Pro,1,$228.18,USD,0,Monthly,Credit Card,12-May-2026,
SUB-000673,ACC-101561,Pro,3,$ 279,USD,0,Monthly,ACH,2023-03-25,25-Apr-2023
SUB-000674,ACC-101561,Starter,6,$81.84,USD,0,Monthly,Credit Card,2023-04-25,25-Apr-2023
SUB-000675,ACC-101788,Pro,2,$ 219,USD,0,Annual,ACH,2022-11-17,2023-05-31
SUB-000676,ACC-101788,Business,3,$721.16,USD,0,Monthly,,31/05/2023,2024-06-17
SUB-000677,ACC-101086,Starter,6,83,GBP,0,Annual,Credit Card,2025-03-01,
SUB-000678,ACC-101027,Starter,3,64.97,USD,0,Monthly,Credit Card,,02-Jul-2022
SUB-000679,ACC-101777,Pro,1,210.92,GBP,0,Annual,Credit Card,2022-02-15,02/15/2023
SUB-000680,ACC-100439,Business,3,843.13,USD,0,Monthly,Credit Card,06-Jun-2022,
SUB-000681,ACC-102922,Pro,1,192,EUR,0,Monthly,Credit Card,2025-07-27,
SUB-000682,ACC-101328,Starter,1,49,EUR,0,Annual,Credit Card,11/01/2024,2025-01-13
SUB-000683,ACC-101328,Business,2,638.72,EUR,0,Monthly,Credit Card,01/13/2025,2025-02-01
SUB-000684,ACC-101566,Pro,1,173,USD,5,Annual,Credit Card,2022-08-15,
SUB-000685,ACC-105001,Enterprise,1,"2,040.88",USD,0,Annual,Credit Card,2024-09-25,2024-10-26
SUB-000686,ACC-105001,Pro,4,292.29,USD,0,Monthly,Invoice,2024-10-26,
SUB-000687,ACC-101545,Pro,2,221.63,EUR,0,Monthly,Credit Card,2023-05-06,2023-10-13
SUB-000688,ACC-101545,Enterprise,2,"€ 1,870",EUR,20,Monthly,credit card,10/13/2023,2025-05-06
SUB-000689,ACC-105395,Starter,2,$ 61,USD,0,Annual,ACH,2024/05/15,2026-03-14
SUB-000690,ACC-105395,Business,3,$706.57,USD,20,Monthly,Credit Card,14/03/2026,15-May-2026
SUB-000691,ACC-105395,Pro,9,460.30,USD,0,Monthly,ACH,15-May-2026,
SUB-000692,ACC-101803,Pro,2,177.99,USD,20,Monthly,Credit Card,2024-09-05,10/14/2024
SUB-000693,ACC-101803,Enterprise,1,2017,USD,0,Monthly,credit card,2024-10-14,11/05/2024
SUB-000694,ACC-101803,Pro,4,$330.06,USD,0,Annual,credit card,2024-11-05,2024-11-05
SUB-000695,ACC-103755,Business,5,743.30,USD,15,Monthly,Invoice,2023-11-18,10/01/2024
SUB-000696,ACC-103755,Starter,1,40.26,USD,15,Monthly,credit card,2024-10-01,2024-10-18
SUB-000697,ACC-101221,Starter,1,52.56,USD,0,Monthly,Invoice,2024-02-28,2024-04-01
SUB-000698,ACC-101221,Pro,13,$556.99,USD,0,Monthly,Invoice,2024-04-01,04/28/2024
SUB-000699,ACC-101092,Starter,5,€87.35,EUR,0,Annual,ACH,2023-03-14,
SUB-000700,ACC-105057,Pro,2,207.24,USD,0,Monthly,,2024-10-07,
SUB-000701,ACC-103973,Starter,1,49.94,USD,0,Annual,Credit Card,2024-03-25,
SUB-000702,ACC-100681,Business,5,"$1,000.65",USD,0,Monthly,Credit Card,2025-07-20,2026-03-21
SUB-000703,ACC-100681,Pro,6,329.10,USD,0,Monthly,Credit Card,2026/03/21,29-Apr-2026
SUB-000704,ACC-100681,Business,1,568.94,USD,0,Monthly,Credit Card,2026-04-29,
SUB-000705,ACC-101954,Starter,1,51,USD,0,Annual,Credit Card,24-Jul-2025,2025-12-25
SUB-000706,ACC-101954,Business,1,673.83,USD,0,Monthly,Credit Card,12/25/2025,2026-04-10
SUB-000707,ACC-101954,Enterprise,3,2648,USD,0,Monthly,Credit Card,2026/04/10,
SUB-000708,ACC-101448,Starter,9,$ 102,USD,0,Annual,Credit Card,2024-06-23,15-Sep-2025
SUB-000709,ACC-101448,Business,6,850.13,USD,15,Annual,Credit Card,09/15/2025,
SUB-000710,ACC-105830,Pro,1,€180.50,EUR,0,Monthly,Credit Card,09/07/2024,2025-06-07
SUB-000711,ACC-105096,Pro,4,208.45,EUR,25,Monthly,Credit Card,2024-12-20,
SUB-000712,ACC-103782,Pro,4,$282.93,USD,5,Monthly,Invoice,2023-08-03,
SUB-000713,ACC-102865,Pro,4,277.90,USD,0,Monthly,Credit Card,2024-10-15,
SUB-000714,ACC-100676,Pro,1,174.58,USD,15,Annual,ACH,15/10/2024,01/03/2025
SUB-000715,ACC-100676,Business,2,$645.11,USD,15,Annual,Credit Card,2025-01-03,2025-07-15
SUB-000716,ACC-102063,Business,4,948.20,USD,0,Monthly,Credit Card,05/31/2022,
SUB-000717,ACC-100393,Pro,1,$180.03,USD,0,Monthly,ACH,2023-12-08,
SUB-000718,ACC-105516,Pro,2,239.59,USD,0,Annual,credit card,2023-05-05,07/18/2023
SUB-000719,ACC-105516,Business,1,574.93,USD,0,Annual,Credit Card,18/07/2023,05-Aug-2023
SUB-000720,ACC-100279,Starter,4,65.85,USD,15,Monthly,Invoice,2022-09-18,11/15/2022
SUB-000721,ACC-100279,Business,6,"$1,160.45",USD,0,Annual,Credit Card,2022-11-15,2022-12-18
SUB-000722,ACC-104088,Pro,1,179.39,USD,0,Monthly,Credit Card,2022-02-15,2024-10-13
SUB-000723,ACC-104088,Starter,2,$ 61,USD,0,Monthly,Credit Card,2024/10/13,
SUB-000724,ACC-100696,Enterprise,5,3363,USD,0,Monthly,Credit Card,2023-07-08,2025-02-08
SUB-000725,ACC-101536,Business,3,842.23,USD,0,Monthly,Credit Card,03/13/2022,
SUB-000726,ACC-102908,Pro,1,$170.81,USD,5,Monthly,Credit Card,2025-02-13,
SUB-000727,ACC-101220,Starter,5,$64.46,USD,25,Monthly,credit card,2023-04-11,
SUB-000728,ACC-105637,Starter,3,64.83,USD,0,Annual,Credit Card,2025-07-20,
SUB-000729,ACC-100014,Business,8,"1,374.08",USD,0,Annual,Credit Card,2024-08-22,
SUB-000730,ACC-100746,Starter,1,47.79,USD,0,Monthly,Credit Card,2023-01-16,
SUB-000731,ACC-100565,Starter,2,60.07,EUR,0,Monthly,ACH,2024-01-02,2024-06-02
SUB-000732,ACC-105307,Business,3,$775.75,USD,10,Annual,ACH,2024-05-22,
SUB-000733,ACC-104404,Business,4,$ 935,USD,0,Monthly,ACH,2023-09-28,2025-10-28
SUB-000734,ACC-104761,Pro,2,$250.70,USD,0,Monthly,Credit Card,18-Jun-2023,2023-08-24
SUB-000735,ACC-104761,Starter,2,54,USD,0,Monthly,Credit Card,24/08/2023,
SUB-000736,ACC-103333,Starter,2,$57.58,USD,0,Monthly,Credit Card,2024-06-02,2024-12-25
SUB-000737,ACC-103333,Business,2,770.12,USD,0,Annual,Credit Card,2024-12-25,2026-04-08
SUB-000738,ACC-103333,Pro,2,190.82,USD,25,Annual,Credit Card,2026-04-08,
SUB-000739,ACC-100410,Business,7,$ 828,USD,25,Monthly,ACH,11/30/2024,2025-12-16
SUB-000740,ACC-100410,Starter,1,$46.32,USD,0,Monthly,Credit Card,12/16/2025,
SUB-000741,ACC-103700,Business,4,€929.13,EUR,5,Monthly,Credit Card,26/11/2022,
SUB-000742,ACC-102902,Starter,1,55.35,EUR,0,Annual,Credit Card,07/01/2023,
SUB-000743,ACC-100622,Pro,1,199,GBP,0,Annual,ACH,2024-05-26,
SUB-000744,ACC-105839,Pro,1,213.86,USD,0,Monthly,credit card,2023-10-18,2024-08-18
SUB-000745,ACC-101344,Business,2,751.64,USD,0,Monthly,Invoice,2023-01-02,24/03/2024
SUB-000746,ACC-101344,Enterprise,5,"$3,388.45",USD,0,Annual,,2024-03-24,
SUB-000747,ACC-100065,Enterprise,3,"$ 2,256",USD,20,Annual,credit card,2022-01-02,2025-12-26
SUB-000748,ACC-100065,Pro,2,250,USD,0,Monthly,credit card,12/26/2025,2026-05-15
SUB-000749,ACC-100065,Starter,2,$58.16,USD,0,Monthly,,2026-05-15,
SUB-000750,ACC-104864,Pro,2,€179.06,EUR,20,Annual,Credit Card,2022-09-02,02-Nov-2022
SUB-000751,ACC-101225,Pro,1,$173.94,USD,15,Monthly,Credit Card,15-Jun-2025,2025-07-15
SUB-000752,ACC-101225,Enterprise,2,"$2,088.37",USD,0,Annual,,2025-07-15,04/09/2025
SUB-000753,ACC-101225,Business,13,"$1,659.46",USD,0,Monthly,ACH,2025-09-04,
SUB-000754,ACC-102418,Enterprise,3,"$2,427.00",USD,0,Monthly,credit card,2024-03-15,2025-10-14
SUB-000755,ACC-102418,Pro,1,191,USD,0,Monthly,Credit Card,2025-10-14,
SUB-000756,ACC-105103,Pro,4,$328.26,USD,0,Annual,ACH,2025-05-01,
SUB-000757,ACC-101650,Pro,2,238,USD,0,Monthly,,2023-09-10,
SUB-000758,ACC-101630,Enterprise,1,"$2,085.90",USD,0,Annual,Credit Card,02/19/2022,2026-02-18
SUB-000759,ACC-101630,Pro,2,216.89,USD,5,Monthly,ACH,02/18/2026,18/04/2026
SUB-000760,ACC-101630,Enterprise,1,1367,USD,25,Monthly,ACH,2026-04-18,
SUB-000761,ACC-100351,Pro,6,$396.66,USD,0,Monthly,Credit Card,2025-05-12,
SUB-000762,ACC-103753,Starter,3,58.93,USD,0,Monthly,Invoice,06/24/2025,2025-09-29
SUB-000763,ACC-103753,Enterprise,2,1846,USD,15,Monthly,ACH,2025-09-29,2025-11-27
SUB-000764,ACC-103753,Business,3,$ 891,USD,0,Monthly,ACH,11/27/2025,2025-12-24
SUB-000765,ACC-105280,Starter,2,63.58,EUR,0,Monthly,Credit Card,2024-04-16,16/07/2024
SUB-000766,ACC-105017,Business,1,€676.96,EUR,0,Monthly,ACH,2023-12-06,
SUB-000767,ACC-101580,Business,2,$725.96,USD,0,Monthly,Credit Card,06/11/2025,2025-10-11
SUB-000768,ACC-102118,Starter,1,$ 48,USD,0,Monthly,Credit Card,29/11/2023,03/29/2024
SUB-000769,ACC-100730,Pro,5,316.00,USD,0,Annual,Credit Card,2025-03-22,
SUB-000770,ACC-105701,Pro,1,$ 139,USD,25,Annual,Credit Card,2023-02-11,
SUB-000771,ACC-104174,Pro,2,188,USD,10,Annual,Credit Card,03/30/2023,2023-10-30
SUB-000772,ACC-103992,Pro,4,$307.94,USD,0,Monthly,Credit Card,2023-01-09,
SUB-000773,ACC-102505,Pro,5,336.76,GBP,0,Monthly,Credit Card,2024-08-31,
SUB-000774,ACC-105149,Business,1,563,USD,0,Annual,ACH,17-May-2022,2023-02-17
SUB-000775,ACC-102746,Starter,3,64,USD,0,Annual,ACH,02/13/2023,
SUB-000776,ACC-103861,Starter,3,59,USD,0,Monthly,Invoice,2023-04-19,01/19/2024
SUB-000777,ACC-103861,Business,3,823.29,USD,0,Monthly,Credit Card,01/19/2024,01/19/2024
SUB-000778,ACC-103002,Starter,4,64.65,USD,0,Monthly,Invoice,20/10/2024,
SUB-000779,ACC-103181,Starter,1,47.36,USD,0,Monthly,Credit Card,2022-12-11,15/01/2023
SUB-000780,ACC-103181,Enterprise,9,"$4,442.60",USD,0,Annual,Credit Card,2023-01-15,11/02/2023
SUB-000781,ACC-103634,Business,2,$ 718,USD,0,Monthly,Invoice,06/06/2025,27-Feb-2026
SUB-000782,ACC-103634,Pro,4,278,USD,0,Annual,Invoice,27-Feb-2026,
SUB-000783,ACC-102191,Pro,2,223.25,USD,0,Monthly,ACH,2022-11-21,
SUB-000784,ACC-104956,Starter,8,$ 114,USD,0,Annual,Invoice,03/10/2023,2025-07-03
SUB-000785,ACC-100420,Pro,1,191.12,EUR,0,Annual,ACH,2023-06-05,2024-02-25
SUB-000786,ACC-100420,Enterprise,5,"€3,549.05",EUR,0,Monthly,ACH,25-Feb-2024,
SUB-000787,ACC-101362,Enterprise,1,2033,USD,0,Monthly,Credit Card,2024-05-12,
SUB-000788,ACC-100373,Business,10,"1,583.59",GBP,0,Monthly,Credit Card,2024-09-11,01/11/2025
SUB-000789,ACC-103487,Starter,4,80.69,USD,0,Monthly,Invoice,2023-01-12,01/12/2026
SUB-000790,ACC-101084,Starter,3,65.29,USD,0,Monthly,Credit Card,2023-03-26,
SUB-000791,ACC-101176,Enterprise,3,2555,EUR,0,Monthly,Credit Card,2022-05-24,2022-06-29
SUB-000792,ACC-101176,Starter,1,33.37,EUR,25,Monthly,credit card,2022-06-29,09/07/2023
SUB-000793,ACC-101176,Pro,9,€469.53,EUR,0,Annual,Credit Card,07-Sep-2023,08/24/2025
SUB-000794,ACC-103414,Starter,1,54,USD,0,Annual,ACH,09/02/2025,2025-04-09
SUB-000795,ACC-104734,Business,4,843,USD,0,Monthly,Invoice,2023/06/29,
SUB-000796,ACC-100604,Starter,3,$59.83,USD,10,Monthly,Credit Card,2022-01-31,2022-08-31
SUB-000797,ACC-100604,Business,1,$ 581,USD,0,Monthly,Credit Card,08/31/2022,2022-08-31
SUB-000798,ACC-101090,Starter,8,$99.82,USD,0,Monthly,Credit Card,29-Jun-2024,
SUB-000799,ACC-100181,Starter,2,$62.65,USD,0,Monthly,Credit Card,11/28/2024,12/28/2024
SUB-000800,ACC-101971,Business,6,"1,089.34",USD,0,Monthly,ACH,2023-09-11,
SUB-000801,ACC-100538,Pro,2,210.04,USD,0,Monthly,ACH,29-Apr-2022,2022-06-15
SUB-000802,ACC-100538,Enterprise,5,"3,338.95",USD,0,Annual,Credit Card,15-Jun-2022,2022-09-04
SUB-000803,ACC-100538,Pro,3,$284.75,USD,0,Monthly,Credit Card,09/04/2022,
SUB-000804,ACC-101188,Starter,2,59.99,USD,0,Monthly,Credit Card,2024-04-28,
SUB-000805,ACC-104959,Starter,4,68.61,USD,0,Monthly,ACH,13-Mar-2024,2026-03-13
SUB-000806,ACC-105942,Business,1,$ 568,USD,0,Monthly,Credit Card,02/03/2024,
SUB-000807,ACC-105489,Enterprise,1,"£1,891.11",GBP,10,Annual,Credit Card,2023-10-06,2024-11-14
SUB-000808,ACC-105489,Pro,1,£186.92,GBP,0,Monthly,,14/11/2024,06/12/2024
SUB-000809,ACC-102439,Starter,1,45.65,USD,0,Annual,Credit Card,2025-08-11,2026-04-14
SUB-000810,ACC-102439,Enterprise,2,2165,USD,0,Annual,Credit Card,2026-04-14,
SUB-000811,ACC-104957,Pro,8,$375.37,USD,0,Monthly,credit card,01/02/2023,23-Feb-2023
SUB-000812,ACC-104957,Starter,2,47.82,USD,20,Monthly,Credit Card,2023-02-23,2023/03/30
SUB-000813,ACC-104957,Enterprise,2,"2,401.80",USD,0,Annual,Invoice,2023-03-30,2023-04-02
SUB-000814,ACC-105203,Starter,3,68.79,USD,0,Monthly,Credit Card,2022-06-10,2025-01-26
SUB-000815,ACC-105203,Business,2,634.74,USD,0,Annual,Credit Card,2025-01-26,2025-04-26
SUB-000816,ACC-105203,Starter,2,63,USD,0,Monthly,Credit Card,2025-04-26,2026-02-10
SUB-000817,ACC-100530,Starter,1,€ 48,EUR,0,Monthly,Invoice,2023-05-20,20/08/2025
SUB-000818,ACC-105870,Starter,2,$ 55,USD,0,Monthly,,08/03/2023,2025-09-03
SUB-000819,ACC-101477,Starter,2,63.70,USD,0,Monthly,Credit Card,12/15/2024,13-Mar-2025
SUB-000820,ACC-101477,Pro,1,228.79,USD,0,Annual,Credit Card,2025-03-13,
SUB-000821,ACC-105640,Pro,2,229.62,USD,0,Monthly,Credit Card,2023/12/18,2026-01-18
SUB-000822,ACC-105119,Business,3,853.88,USD,0,Monthly,ACH,2024-07-16,2025-03-09
SUB-000823,ACC-105119,Enterprise,3,"$2,491.54",USD,0,Annual,ACH,09/03/2025,16/03/2025
SUB-000824,ACC-105749,Starter,3,63.47,USD,0,Monthly,ACH,2025-05-20,
SUB-000825,ACC-104725,Business,2,767.66,EUR,0,Monthly,Credit Card,08-Mar-2022,2024/02/08
SUB-000826,ACC-102149,Starter,1,51.57,USD,0,Monthly,Invoice,2023-12-25,2025-04-07
SUB-000827,ACC-102149,Business,9,"1,386.61",USD,0,Monthly,Credit Card,07/04/2025,2025-08-25
SUB-000828,ACC-104392,Starter,2,$53.39,USD,0,Monthly,Credit Card,31-Jan-2023,27-Apr-2023
SUB-000829,ACC-104392,Enterprise,4,"$ 3,272",USD,0,Annual,Credit Card,04/27/2023,2023-06-11
SUB-000830,ACC-104392,Business,2,$705.27,USD,0,Monthly,Credit Card,2023-06-11,2023-10-31
SUB-000831,ACC-100787,Starter,3,70,USD,0,Monthly,Credit Card,2024-04-21,
SUB-000832,ACC-101867,Starter,6,81.55,USD,0,Monthly,Credit Card,04-Dec-2023,
SUB-000833,ACC-104098,Pro,1,188.41,USD,0,Monthly,Credit Card,2025-01-15,
SUB-000834,ACC-101192,Starter,3,64,USD,0,Annual,Credit Card,2023-07-22,
SUB-000835,ACC-101272,Starter,2,$55.01,USD,0,Monthly,Invoice,2024-06-04,2024-08-04
SUB-000836,ACC-101074,Starter,1,$49.12,USD,0,Monthly,Credit Card,2025-01-19,09/18/2025
SUB-000837,ACC-101074,Pro,5,319.82,USD,0,Annual,Invoice,2025-09-18,
SUB-000838,ACC-102091,Starter,5,77.84,USD,0,Monthly,Credit Card,09/10/2024,
SUB-000839,ACC-105075,Pro,2,214.01,USD,10,Monthly,Credit Card,10/30/2024,2026-02-28
SUB-000840,ACC-104211,Business,3,$821.00,USD,0,Annual,Credit Card,10/03/2025,
SUB-000841,ACC-100015,Starter,2,58.29,USD,0,Monthly,Credit Card,01/11/2024,
SUB-000842,ACC-105918,Business,4,844,USD,0,Monthly,Credit Card,2025-02-08,
SUB-000843,ACC-100706,Enterprise,2,"2,098.35",USD,20,Monthly,Invoice,30-Aug-2025,
SUB-000844,ACC-102778,Business,2,$ 650,USD,0,Monthly,Credit Card,07/30/2022,
SUB-000845,ACC-103926,Starter,1,$47.52,USD,0,Monthly,ACH,02/07/2025,
SUB-000846,ACC-100926,Starter,1,55,USD,0,Monthly,Invoice,2023-06-15,2025-03-15
SUB-000847,ACC-102842,Pro,6,$ 251,USD,20,Annual,Credit Card,26-Jun-2022,
SUB-000848,ACC-101839,Starter,3,65.23,USD,0,Monthly,Credit Card,,12-Feb-2025
SUB-000849,ACC-101732,Starter,1,55.49,USD,0,Monthly,Credit Card,2025-03-21,2025-04-20
SUB-000850,ACC-101732,Business,2,507,USD,25,Annual,Credit Card,04/20/2025,2025-04-21
SUB-000851,ACC-101370,Starter,2,$ 63,USD,0,Annual,Invoice,03/27/2023,2023-12-30
SUB-000852,ACC-101370,Enterprise,4,"3,123.75",USD,0,Monthly,Credit Card,30-Dec-2023,27/12/2024
SUB-000853,ACC-101891,Enterprise,3,"1,905.01",USD,20,Annual,Invoice,22/10/2023,2025-04-01
SUB-000854,ACC-101891,Business,2,$756.65,USD,0,Monthly,Credit Card,2025-04-01,
SUB-000855,ACC-101345,Pro,1,191,USD,0,Monthly,Invoice,11/12/2024,2025/08/11
SUB-000856,ACC-104436,Starter,1,$ 49,USD,0,Monthly,ACH,2022-09-13,2025-04-13
SUB-000857,ACC-103090,Starter,5,83,USD,0,Monthly,Invoice,05/01/2023,2026-01-01
SUB-000858,ACC-100805,Starter,2,58.03,USD,0,Monthly,,20/02/2022,2023/06/20
SUB-000859,ACC-100763,Pro,2,232,USD,0,Monthly,Credit Card,10/20/2024,01/02/2025
SUB-000860,ACC-100763,Business,2,784.26,USD,0,Monthly,Credit Card,2025-02-01,
SUB-000861,ACC-105055,Starter,1,€40.23,EUR,25,Monthly,Credit Card,29/11/2024,2025-06-29
SUB-000862,ACC-100683,Pro,5,$320.79,USD,0,Monthly,Credit Card,2025-04-14,
SUB-000863,ACC-102127,Enterprise,4,"3,027.23",USD,0,Monthly,ACH,2025-05-22,
SUB-000864,ACC-105242,Starter,1,$35.73,USD,25,Monthly,ACH,2024-09-12,
SUB-000865,ACC-104792,Starter,6,77.47,USD,0,Annual,ACH,17-Jan-2023,2023-09-17
SUB-000866,ACC-105707,Starter,2,56.53,EUR,0,Monthly,ACH,2023-02-15,03/26/2024
SUB-000867,ACC-105707,Enterprise,3,2491,EUR,10,Monthly,ACH,26/03/2024,
SUB-000868,ACC-103543,Starter,1,$52.87,USD,0,Annual,ACH,2023-10-20,2024-01-20
SUB-000869,ACC-105894,Pro,2,$217.62,USD,0,Monthly,Credit Card,2023-12-18,12/21/2024
SUB-000870,ACC-105894,Starter,2,62,USD,0,Annual,Credit Card,2024-12-21,
SUB-000871,ACC-102699,Starter,3,69.55,USD,0,Monthly,Credit Card,19-May-2025,
SUB-000872,ACC-104119,Enterprise,7,"$3,737.11",USD,0,Annual,Credit Card,09/08/2024,
SUB-000873,ACC-102080,Starter,2,60,USD,0,Monthly,credit card,08-Nov-2022,09/09/2025
SUB-000874,ACC-102080,Business,8,$ 971,USD,25,Annual,Invoice,09/09/2025,
SUB-000875,ACC-100008,Starter,1,56.34,USD,0,Monthly,Credit Card,2022-10-09,09/11/2023
SUB-000876,ACC-103347,Enterprise,1,"1,845.10",USD,0,Monthly,Invoice,29/06/2024,
SUB-000877,ACC-105089,Starter,2,$57.00,USD,0,Annual,ACH,2025-02-16,2026-03-16
SUB-000878,ACC-105743,Enterprise,2,"2,629.99",USD,0,Annual,Invoice,24-May-2022,2023-11-24
SUB-000879,ACC-101322,Pro,3,285.68,USD,0,Monthly,Invoice,2025-04-07,2026-04-28
SUB-000880,ACC-101322,Starter,1,$ 47,USD,0,Monthly,,2026-04-28,2026-05-28
SUB-000881,ACC-101322,Business,4,$925.55,USD,0,Annual,Credit Card,28/05/2026,
SUB-000882,ACC-102417,Starter,3,€72.03,EUR,0,Monthly,Credit Card,2023/12/05,
SUB-000883,ACC-104635,Starter,1,53.80,USD,0,Monthly,,2023-03-01,2023-10-07
SUB-000884,ACC-104635,Business,6,1026,USD,0,Monthly,Credit Card,2023-10-07,06/01/2024
SUB-000885,ACC-100549,Business,3,$857.41,USD,0,Annual,Credit Card,2023-06-10,10-Apr-2025
SUB-000886,ACC-105344,Starter,3,58.08,USD,10,Monthly,,05/04/2023,2023-05-24
SUB-000887,ACC-105344,Enterprise,4,"$ 3,020",USD,0,Monthly,credit card,2023-05-24,05/05/2024
SUB-000888,ACC-105374,Starter,2,55,EUR,5,Monthly,Credit Card,13-Jul-2025,2026-02-13
SUB-000889,ACC-105374,Business,4,866.68,EUR,0,Monthly,ACH,02/13/2026,
SUB-000890,ACC-104272,Pro,3,$249.32,USD,0,Annual,Credit Card,2024-03-21,2024-07-21
SUB-000891,ACC-100426,Pro,5,$ 312,USD,0,Annual,credit card,07/15/2022,2023-06-21
SUB-000892,ACC-100426,Business,5,1031,USD,0,Monthly,Credit Card,2023-06-21,15-Nov-2023
SUB-000893,ACC-100033,Enterprise,1,"$1,983.59",USD,0,Monthly,Credit Card,30/10/2024,
SUB-000894,ACC-104411,Starter,1,52,USD,0,Monthly,Invoice,2025-04-28,
SUB-000895,ACC-100044,Business,2,559,USD,20,Monthly,Credit Card,2023-04-07,2025-08-07
SUB-000896,ACC-100691,Starter,6,88.83,USD,5,Annual,Credit Card,02/20/2024,
SUB-000897,ACC-104885,Pro,3,€186.56,EUR,20,Monthly,Credit Card,12/10/2023,2024-01-10
SUB-000898,ACC-103437,Starter,3,64.29,USD,0,Monthly,Credit Card,2025-05-09,
SUB-000899,ACC-101420,Enterprise,1,"1,834.33",USD,0,Monthly,Credit Card,2022-05-02,12-Dec-2025
SUB-000900,ACC-101420,Business,1,$581.56,USD,0,Annual,ACH,2025/12/12,
SUB-000901,ACC-104292,Starter,1,45.51,USD,0,Monthly,ACH,07-Oct-2023,24/01/2024
SUB-000902,ACC-104292,Business,3,774.21,USD,0,Monthly,Credit Card,2024-01-24,2024-05-07
SUB-000903,ACC-104532,Pro,1,224.43,USD,0,Annual,Credit Card,31-Jul-2022,24/09/2024
SUB-000904,ACC-104532,Enterprise,1,"2,049.68",USD,0,Monthly,credit card,09/24/2024,
SUB-000905,ACC-101888,Business,1,543.52,USD,15,Monthly,Credit Card,01/02/2023,2024-04-02
SUB-000906,ACC-101407,Pro,1,169,USD,15,Annual,Invoice,2024-05-11,
SUB-000907,ACC-103226,Starter,4,70.29,USD,0,Monthly,ACH,10/23/2024,23/07/2025
SUB-000908,ACC-100063,Starter,1,45,EUR,0,Monthly,ACH,2023/06/08,17/02/2024
SUB-000909,ACC-100063,Pro,3,289,EUR,0,Monthly,ACH,2024-02-17,2025-12-08
SUB-000910,ACC-105657,Pro,2,$ 258,USD,0,Annual,Credit Card,2025-03-03,
SUB-000911,ACC-103378,Starter,2,56.08,EUR,0,Monthly,Credit Card,02/04/2022,11/02/2024
SUB-000912,ACC-103688,Business,3,817.60,USD,0,Annual,Invoice,2023-11-01,
SUB-000913,ACC-105095,Starter,4,$ 54,USD,20,Monthly,Credit Card,,2026-04-14
SUB-000914,ACC-100227,Business,2,742.82,USD,0,Annual,Credit Card,2022-01-29,2024-08-29
SUB-000915,ACC-100996,Business,1,$585.53,USD,0,Monthly,Credit Card,2024-06-18,
SUB-000916,ACC-102142,Starter,1,48,USD,0,Monthly,,2023-11-08,2024-01-22
SUB-000917,ACC-102142,Enterprise,1,"$1,871.96",USD,0,Monthly,Credit Card,2024-01-22,15/05/2024
SUB-000918,ACC-102142,Starter,1,$ 49,USD,0,Monthly,Credit Card,05/15/2024,2025-05-08
SUB-000919,ACC-105899,Starter,4,$ 57,USD,15,Monthly,,02/20/2024,08/21/2025
SUB-000920,ACC-105899,Business,4,$ 789,USD,0,Monthly,Credit Card,2025/08/21,2026-01-20
SUB-000921,ACC-105591,Enterprise,1,1997,USD,5,Annual,Credit Card,05/30/2024,2024/08/09
SUB-000922,ACC-105591,Starter,2,$48.93,USD,20,Monthly,Invoice,2024-08-09,17-Jan-2025
SUB-000923,ACC-105591,Enterprise,3,"$2,474.35",USD,0,Monthly,Credit Card,2025-01-17,30-May-2025
SUB-000924,ACC-101253,Enterprise,2,"$2,561.20",USD,0,Annual,Credit Card,07/07/2025,
SUB-000925,ACC-101620,Starter,2,54,USD,0,Annual,credit card,2024-03-20,
SUB-000926,ACC-103836,Pro,2,253,GBP,0,Monthly,Credit Card,,
SUB-000927,ACC-104861,Starter,1,$46.84,USD,0,Monthly,Invoice,11/25/2022,2023-01-05
SUB-000928,ACC-104861,Business,2,746.75,USD,0,Monthly,Credit Card,2023-01-05,25/03/2023
SUB-000929,ACC-102559,Business,3,876.56,USD,0,Monthly,Credit Card,05/28/2025,2025/11/08
SUB-000930,ACC-102559,Starter,8,104.87,USD,0,Annual,Credit Card,08/11/2025,
SUB-000931,ACC-105572,Business,5,$ 698,USD,25,Annual,Credit Card,2023-01-06,2024-11-06
SUB-000932,ACC-103800,Business,4,$963.29,USD,-10,Annual,Credit Card,2023-10-02,
SUB-000933,ACC-103580,Business,3,$812.60,USD,0,Monthly,Credit Card,2025-01-24,
SUB-000934,ACC-103082,Starter,2,$60.27,USD,0,Monthly,Invoice,2024-05-17,2025-12-15
SUB-000935,ACC-103082,Enterprise,2,"2,251.63",USD,0,Annual,ACH,2025-12-15,2026-04-17
SUB-000936,ACC-104384,Starter,10,113.26,USD,0,Annual,Credit Card,2023-08-21,10/21/2024
SUB-000937,ACC-103231,Business,4,825.56,USD,0,Monthly,Credit Card,2025-05-21,
SUB-000938,ACC-105269,Pro,8,411,EUR,0,Monthly,credit card,2023-04-09,31-Mar-2024
SUB-000939,ACC-105269,Starter,8,105.82,EUR,0,Monthly,Credit Card,03/31/2024,04/09/2025
SUB-000940,ACC-105269,Business,4,849,EUR,0,Annual,Invoice,04/09/2025,
SUB-000941,ACC-102877,Starter,3,62,USD,0,Annual,Credit Card,2023-10-07,2023-12-22
SUB-000942,ACC-102877,Pro,1,$ 157,USD,25,Monthly,Invoice,22/12/2023,2024-01-07
SUB-000943,ACC-103491,Pro,1,$223.40,USD,0,Annual,ACH,2022-12-04,04-Sep-2025
SUB-000944,ACC-103950,Starter,4,70,USD,0,Monthly,Invoice,09/24/2023,13-Feb-2025
SUB-000945,ACC-103950,Enterprise,7,"$3,504.10",USD,0,Annual,Invoice,13/02/2025,2025-04-24
SUB-000946,ACC-103750,Business,1,559.51,USD,0,Monthly,Credit Card,2025-01-16,
SUB-000947,ACC-105825,Pro,2,242.98,USD,0,Monthly,credit card,2022-05-02,2022-11-02
SUB-000948,ACC-102067,Business,1,$566.09,USD,0,Monthly,Credit Card,05/08/2023,2024-05-05
SUB-000949,ACC-104479,Starter,1,$44.65,USD,0,Monthly,ACH,06/24/2024,2025-03-28
SUB-000950,ACC-104479,Pro,5,266.57,USD,20,Monthly,Credit Card,2025-03-28,2025/09/27
SUB-000951,ACC-104479,Business,2,735.27,USD,0,Annual,Credit Card,2025-09-27,
SUB-000952,ACC-100994,Pro,6,$5.00,USD,150,Monthly,credit card,13/07/2024,2025-06-01
SUB-000953,ACC-100994,Enterprise,2,1930,USD,10,Monthly,Credit Card,2025-06-01,
SUB-000954,ACC-100473,Business,1,$ 641,USD,0,Monthly,ACH,2023/03/13,2024-08-02
SUB-000955,ACC-100473,Enterprise,2,2264,USD,0,Monthly,Credit Card,2024-08-02,
SUB-000956,ACC-103856,Pro,4,$314.17,USD,0,Monthly,Credit Card,01/05/2025,04/08/2025
SUB-000957,ACC-103856,Enterprise,1,"$2,148.21",USD,0,Monthly,Invoice,2025-08-04,
SUB-000958,ACC-105602,Enterprise,4,2776,USD,0,Monthly,ACH,2025-07-15,2025-08-15
SUB-000959,ACC-105602,Business,1,556.89,USD,0,Monthly,Credit Card,2025-08-15,
SUB-000960,ACC-100705,Starter,7,87.68,USD,0,Annual,Credit Card,08/13/2023,04-Feb-2025
SUB-000961,ACC-100705,Business,4,707.13,USD,25,Monthly,Credit Card,2025-02-04,13/06/2025
SUB-000962,ACC-100297,Pro,1,$225.91,USD,0,Monthly,Invoice,07/08/2022,
SUB-000963,ACC-100303,Business,1,£587.10,GBP,0,Monthly,Credit Card,11/25/2024,
SUB-000964,ACC-103336,Enterprise,2,"$2,426.34",USD,0,Monthly,ACH,08/19/2023,2023-11-19
SUB-000965,ACC-103929,Business,5,$ 826,USD,10,Monthly,ACH,17-Jun-2022,
SUB-000966,ACC-100800,Enterprise,1,"£1,896.35",GBP,0,Annual,ACH,2024-09-07,
SUB-000967,ACC-103611,Business,6,€961.38,EUR,0,Annual,Credit Card,2023-08-28,2024-06-22
SUB-000968,ACC-103611,Pro,4,206.14,EUR,25,Monthly,credit card,06/22/2024,2025-05-28
SUB-000969,ACC-104896,Pro,10,$ 519,USD,0,Monthly,Credit Card,05/18/2024,2025-01-18
SUB-000970,ACC-100655,Enterprise,6,"$ 3,614",USD,0,Annual,credit card,2025-01-02,
SUB-000971,ACC-101197,Starter,13,157.64,USD,0,Monthly,ACH,2022-02-21,2023-03-20
SUB-000972,ACC-101197,Enterprise,5,"3,673.47",USD,0,Monthly,Invoice,03/20/2023,2025-01-31
SUB-000973,ACC-101197,Pro,9,446.64,USD,0,Annual,Invoice,01/31/2025,21/10/2025
SUB-000974,ACC-103077,Starter,1,55.60,USD,0,Monthly,credit card,14-Jul-2022,2025-10-11
SUB-000975,ACC-103077,Pro,5,338.69,USD,0,Monthly,Credit Card,,2026-02-14
SUB-000976,ACC-102499,Starter,2,61.95,USD,0,Monthly,ACH,2023-06-30,2024-09-30
SUB-000977,ACC-100240,Pro,6,364.58,USD,5,Monthly,Credit Card,30/06/2025,
SUB-000978,ACC-101411,Starter,1,47,USD,15,Monthly,credit card,08/26/2025,2025-12-01
SUB-000979,ACC-101411,Pro,14,$569.57,USD,0,Annual,Invoice,2025-12-01,2026-02-08
SUB-000980,ACC-101411,Business,7,"$ 1,156",USD,0,Monthly,Invoice,02/08/2026,
SUB-000981,ACC-105952,Pro,2,241,USD,0,Monthly,Invoice,2025-08-22,2025/09/25
SUB-000982,ACC-105952,Enterprise,6,"$ 3,402",USD,0,Monthly,Credit Card,25-Sep-2025,13-Nov-2025
SUB-000983,ACC-105952,Starter,3,$68.40,USD,0,Monthly,Credit Card,2025-11-13,2025-11-22
SUB-000984,ACC-101831,Starter,6,86.40,USD,0,Monthly,Credit Card,2022-07-10,
SUB-000985,ACC-102799,Starter,1,53.41,USD,0,Monthly,ACH,12/18/2023,
SUB-000986,ACC-105717,Enterprise,4,"€2,927.88",EUR,0,Monthly,Credit Card,2022-02-11,2023-10-11
SUB-000987,ACC-101611,Starter,8,93.18,USD,0,Annual,ACH,2022-05-19,2022-11-19
SUB-000988,ACC-103838,Enterprise,1,"$2,140.81",USD,0,Annual,Credit Card,02/14/2022,
SUB-000989,ACC-104442,Business,1,$ 604,USD,0,Annual,Credit Card,2023-09-06,07/17/2025
SUB-000990,ACC-104442,Starter,3,62,USD,10,Monthly,credit card,2025-07-17,
SUB-000991,ACC-105087,Pro,1,$ 202,USD,0,Monthly,Credit Card,2024-09-11,2025-10-04
SUB-000992,ACC-105087,Enterprise,1,1472,USD,25,Monthly,ACH,2025-10-04,2025-10-11
SUB-000993,ACC-105772,Business,2,685.87,USD,0,Monthly,ACH,14/01/2025,2026-01-12
SUB-000994,ACC-105772,Starter,2,57.67,USD,0,Annual,Credit Card,2026-01-12,2026-05-16
SUB-000995,ACC-105772,Pro,3,$ 282,USD,0,Monthly,ACH,2026-05-16,
SUB-000996,ACC-102446,Business,1,624,USD,0,Monthly,Credit Card,2022-07-17,2023-08-13
SUB-000997,ACC-102446,Enterprise,5,"$ 3,246",USD,0,Monthly,Credit Card,2023-08-13,17/10/2023
SUB-000998,ACC-101514,Pro,2,242,USD,0,Monthly,Invoice,15/05/2025,15/05/2026
SUB-000999,ACC-105793,Starter,2,$52.04,USD,0,Monthly,Credit Card,16-Apr-2022,2023-07-01
SUB-001000,ACC-105793,Business,2,765.59,USD,0,Monthly,Credit Card,01-Jul-2023,2023-09-16
SUB-001001,ACC-103213,Business,1,573.38,USD,0,Annual,Credit Card,07/20/2025,
SUB-001002,ACC-101559,Pro,3,$ 235,USD,0,Monthly,Invoice,12/04/2022,01/04/2023
SUB-001003,ACC-100783,Starter,2,61.95,USD,0,Monthly,Credit Card,2025-01-29,
SUB-001004,ACC-100333,Starter,11,137.47,USD,0,Annual,credit card,10/12/2022,12/03/2024
SUB-001005,ACC-102570,Pro,4,281,USD,0,Annual,Invoice,06-Aug-2025,04/19/2026
SUB-001006,ACC-102570,Enterprise,1,"$2,059.88",USD,0,Monthly,ACH,19-Apr-2026,2026-06-01
SUB-001007,ACC-102570,Pro,1,$204.06,USD,5,Monthly,Invoice,01-Jun-2026,
SUB-001008,ACC-105502,Pro,3,252,USD,5,Monthly,Credit Card,03/29/2025,
SUB-001009,ACC-103984,Pro,2,225.99,USD,0,Annual,ACH,23-Jun-2022,2025/09/14
SUB-001010,ACC-103984,Enterprise,4,"2,776.13",USD,0,Annual,Credit Card,14/09/2025,2026-01-31
SUB-001011,ACC-103984,Starter,1,47,USD,0,Annual,Credit Card,31-Jan-2026,
SUB-001012,ACC-105777,Business,2,$730.12,USD,0,Monthly,Credit Card,17/02/2022,17/12/2025
SUB-001013,ACC-102915,Pro,6,$ 380,USD,0,Monthly,credit card,2023-09-03,
SUB-001014,ACC-104290,Starter,3,$ 72,USD,0,Annual,Credit Card,16/11/2022,
SUB-001015,ACC-102894,Starter,2,$51.36,USD,0,Monthly,Invoice,2024-01-11,2024-04-15
SUB-001016,ACC-102894,Enterprise,8,"4,282.26",USD,0,Monthly,Credit Card,2024-04-15,
SUB-001017,ACC-102008,Business,5,852.62,USD,10,Monthly,Credit Card,22/05/2023,2026-01-14
SUB-001018,ACC-102008,Starter,1,$51.13,USD,0,Monthly,Credit Card,01/14/2026,2026-05-22
SUB-001019,ACC-104326,Starter,4,$ 62,USD,20,Annual,Credit Card,10/06/2022,2023-11-06
SUB-001020,ACC-104112,Starter,2,$ 57,USD,0,Monthly,Invoice,03/24/2025,
SUB-001021,ACC-102687,Pro,4,299,USD,0,Annual,,2024-12-31,03/16/2026
SUB-001022,ACC-102687,Business,5,"$ 1,091",USD,0,Monthly,ACH,2026/03/16,
SUB-001023,ACC-100247,Enterprise,3,"$2,604.91",USD,0,Monthly,Credit Card,2023-01-16,2023-10-14
SUB-001024,ACC-100247,Starter,1,54,USD,0,Monthly,Invoice,14-Oct-2023,
SUB-001025,ACC-102968,Starter,1,45.83,GBP,0,Monthly,Credit Card,2025-05-19,09/19/2025
SUB-001026,ACC-103024,Pro,1,213,EUR,0,Annual,Credit Card,03/17/2025,
SUB-001027,ACC-104950,Starter,8,105.15,USD,0,Annual,Invoice,,2024-05-02
SUB-001028,ACC-101786,Starter,7,86.51,USD,0,Annual,Invoice,2022-07-07,
SUB-001029,ACC-104746,Pro,3,222.80,USD,20,Monthly,credit card,03/29/2024,2025-06-29
SUB-001030,ACC-105896,Starter,7,76,USD,10,Annual,Credit Card,2025-03-05,
SUB-001031,ACC-101643,Pro,3,$236.94,USD,0,Monthly,Invoice,2025-06-29,11/11/2025
SUB-001032,ACC-101643,Starter,1,55,USD,0,Monthly,ACH,11-Nov-2025,
SUB-001033,ACC-100755,Starter,2,$ 51,USD,0,Annual,Invoice,26/05/2024,2025-04-12
SUB-001034,ACC-100755,Enterprise,1,"2,192.39",USD,0,Monthly,Credit Card,2025-04-12,2026-05-26
SUB-001035,ACC-100755,Business,4,790.21,USD,0,Monthly,ACH,05/26/2026,
SUB-001036,ACC-101039,Starter,1,50.59,USD,0,Annual,Credit Card,2023-07-19,2023-12-19
SUB-001037,ACC-101039,Pro,5,$293.66,USD,0,Monthly,Credit Card,2023-12-19,
SUB-001038,ACC-102328,Pro,4,307,EUR,0,Monthly,Credit Card,,
SUB-001039,ACC-102287,Starter,4,81.66,USD,0,Monthly,Credit Card,2025-07-15,
SUB-001040,ACC-105559,Starter,2,61.67,USD,0,Monthly,Credit Card,2023-06-08,01/16/2024
SUB-001041,ACC-105559,Business,1,549.36,USD,0,Annual,Credit Card,16/01/2024,03/24/2025
SUB-001042,ACC-105559,Pro,1,149.86,USD,25,Annual,Credit Card,03/24/2025,2025-04-08
SUB-001043,ACC-105317,Pro,3,$295.47,USD,0,Monthly,credit card,25/10/2022,2022-11-25
SUB-001044,ACC-105005,Pro,2,206.18,USD,5,Monthly,Invoice,10/22/2022,2023-02-01
SUB-001045,ACC-105005,Business,11,"1,520.89",USD,0,Monthly,Credit Card,2023-02-01,2023-04-21
SUB-001046,ACC-105005,Pro,3,294.39,USD,0,Monthly,Credit Card,2023-04-21,22-Jul-2023
SUB-001047,ACC-102182,Pro,1,$ 221,USD,0,Monthly,ACH,25/04/2022,
SUB-001048,ACC-100598,Business,3,837.21,USD,0,Annual,ACH,10-Mar-2024,
SUB-001049,ACC-104582,Starter,3,52,USD,15,Annual,Invoice,31/10/2023,2025-09-23
SUB-001050,ACC-104582,Pro,10,395.17,USD,20,Annual,Credit Card,2025-09-23,
SUB-001051,ACC-100315,Starter,2,61.64,USD,0,Monthly,Credit Card,2025-08-18,23-Oct-2025
SUB-001052,ACC-100315,Enterprise,2,"$2,024.43",USD,10,Monthly,Invoice,2025-10-23,10/02/2026
SUB-001053,ACC-100315,Starter,3,64.64,USD,0,Annual,ACH,2026-02-10,
SUB-001054,ACC-105040,Starter,3,71.95,USD,0,Monthly,Credit Card,2025-08-12,
SUB-001055,ACC-104394,Starter,1,49,USD,0,Monthly,Invoice,13-Feb-2023,2026-01-13
SUB-001056,ACC-100149,Business,1,$ 604,USD,0,Monthly,Invoice,2022-02-15,2022-12-27
SUB-001057,ACC-100149,Pro,6,248,USD,25,Monthly,Credit Card,2022-12-27,
SUB-001058,ACC-103428,Enterprise,1,"$ 2,147",USD,0,Annual,Credit Card,2024-10-10,
SUB-001059,ACC-105022,Business,1,$ 639,USD,0,Monthly,Credit Card,03/09/2023,01/25/2024
SUB-001060,ACC-105022,Starter,2,59.46,USD,0,Monthly,Invoice,2024-01-25,2024-07-03
SUB-001061,ACC-100290,Pro,2,255,USD,0,Monthly,Credit Card,2023-02-10,2024/10/10
SUB-001062,ACC-100453,Pro,7,$398.78,USD,0,Monthly,Credit Card,07/15/2023,
SUB-001063,ACC-103483,Pro,3,236.59,USD,0,Monthly,Credit Card,2022-10-17,2023-01-04
SUB-001064,ACC-103483,Starter,1,$48.50,USD,0,Monthly,,04-Jan-2023,03/17/2023
SUB-001065,ACC-103483,Enterprise,2,"2,606.20",USD,0,Monthly,Invoice,17-Mar-2023,2025-12-17
SUB-001066,ACC-101315,Pro,2,257,EUR,0,Monthly,ACH,01/12/2025,
SUB-001067,ACC-105090,Enterprise,2,"$1,871.04",USD,20,Monthly,ACH,2022-08-14,2024-01-14
SUB-001068,ACC-103678,Starter,3,57.60,USD,0,Monthly,credit card,07/14/2022,2023-12-14
SUB-001069,ACC-102879,Pro,2,€ 201,EUR,15,Monthly,Credit Card,2023-12-14,2024/09/28
SUB-001070,ACC-102879,Enterprise,1,"2,294.95",EUR,0,Annual,Invoice,2024/09/28,
SUB-001071,ACC-104149,Starter,6,78.65,USD,0,Annual,Credit Card,23/12/2023,2024-10-23
SUB-001072,ACC-101357,Business,13,"1,629.76",EUR,0,Monthly,Invoice,,
SUB-001073,ACC-105238,Starter,3,58.99,USD,0,Monthly,Credit Card,01/31/2023,
SUB-001074,ACC-101032,Enterprise,2,"$ 2,181",USD,0,Monthly,Credit Card,2022-11-01,
SUB-001075,ACC-104677,Starter,2,54,GBP,0,Monthly,Credit Card,2023-01-01,01/12/2023
SUB-001076,ACC-103757,Starter,1,$53.92,USD,0,Monthly,ACH,2022-03-16,
SUB-001077,ACC-102276,Business,2,632,USD,0,Annual,Credit Card,2023-07-11,
SUB-001078,ACC-101268,Starter,1,48,USD,0,Monthly,ACH,2025-04-03,
SUB-001079,ACC-105295,Business,2,$ 721,USD,5,Monthly,Credit Card,2023-12-20,04/20/2026
SUB-001080,ACC-105919,Enterprise,1,"$1,853.90",USD,0,Monthly,Invoice,09/27/2023,
SUB-001081,ACC-105525,Business,1,$581.70,USD,0,Annual,credit card,2023-06-21,
SUB-001082,ACC-105137,Starter,3,57,EUR,5,Monthly,ACH,2023-12-09,
SUB-001083,ACC-100812,Pro,3,296.76,USD,0,Monthly,Credit Card,2022-06-21,
SUB-001084,ACC-101912,Starter,2,$55.80,USD,0,Monthly,Invoice,2025-02-07,
SUB-001085,ACC-102592,Starter,5,82.75,USD,0,Monthly,Credit Card,2025-02-19,2025-05-21
SUB-001086,ACC-102592,Pro,3,$273.84,USD,0,Monthly,ACH,2025-05-21,
SUB-001087,ACC-102018,Starter,1,44,GBP,0,Monthly,Invoice,31/03/2023,
SUB-001088,ACC-101321,Starter,1,50,USD,0,Monthly,Credit Card,01/13/2022,13/01/2023
SUB-001089,ACC-105154,Starter,2,£49.72,GBP,5,Monthly,Credit Card,12/15/2024,01/15/2025
SUB-001090,ACC-105139,Business,4,805,USD,0,Annual,Invoice,05/18/2024,2024-12-18
SUB-001091,ACC-104588,Enterprise,1,"2,242.22",USD,0,Annual,,01/24/2025,02/24/2025
SUB-001092,ACC-104588,Starter,4,$75.28,USD,0,Monthly,Credit Card,24-Feb-2025,
SUB-001093,ACC-101671,Business,3,886.91,EUR,0,Monthly,Credit Card,05/18/2023,09/06/2025
SUB-001094,ACC-101671,Enterprise,1,"2,295.97",EUR,0,Monthly,Invoice,09/06/2025,2026-02-13
SUB-001095,ACC-101671,Business,1,563.52,EUR,0,Monthly,Credit Card,02/13/2026,
SUB-001096,ACC-100349,Pro,3,271.11,EUR,0,Monthly,Credit Card,2022-04-24,12/07/2025
SUB-001097,ACC-100349,Enterprise,1,"€ 2,161",EUR,0,Monthly,credit card,07-Dec-2025,
SUB-001098,ACC-101212,Business,12,"$1,548.84",USD,0,Monthly,Credit Card,26/10/2024,10/01/2025
SUB-001099,ACC-101212,Pro,4,260.55,USD,20,Monthly,ACH,01-Oct-2025,
SUB-001100,ACC-102288,Pro,1,$192.65,USD,0,Annual,Credit Card,2023-06-21,
SUB-001101,ACC-105382,Starter,2,59,EUR,0,Monthly,ACH,2022-05-16,2024-03-16
SUB-001102,ACC-100381,Starter,2,$59.38,USD,0,Monthly,Invoice,24-Mar-2022,2022-04-24
SUB-001103,ACC-103139,Pro,3,226.03,USD,15,Monthly,Credit Card,2023-04-20,01/20/2024
SUB-001104,ACC-103837,Enterprise,1,"1,659.34",USD,25,Monthly,Credit Card,2023-07-20,
SUB-001105,ACC-105679,Starter,4,$75.38,USD,5,Monthly,Invoice,2025-02-08,
SUB-001106,ACC-100422,Pro,1,$198.93,USD,0,Monthly,Credit Card,2023-03-10,04/10/2023
SUB-001107,ACC-101073,Starter,5,$ 75,USD,0,Monthly,Credit Card,05/14/2022,14-Aug-2023
SUB-001108,ACC-100907,Enterprise,1,"1,935.21",GBP,0,Monthly,Credit Card,2024/04/26,2024-08-17
SUB-001109,ACC-100907,Starter,2,54.18,GBP,0,Monthly,Invoice,17/08/2024,
SUB-001110,ACC-101983,Enterprise,5,"3,558.37",USD,0,Monthly,Credit Card,2025-05-22,
SUB-001111,ACC-103685,Starter,1,$55.88,USD,0,Annual,Credit Card,16-Feb-2024,
SUB-001112,ACC-101966,Starter,2,$48.78,USD,10,Monthly,,2025-04-30,
SUB-001113,ACC-103307,Starter,2,€ 63,EUR,0,Monthly,Credit Card,2025-02-05,2025-12-17
SUB-001114,ACC-103307,Business,3,749.46,EUR,0,Monthly,Credit Card,2025-12-17,02/01/2026
SUB-001115,ACC-103307,Pro,1,138,EUR,25,Monthly,Credit Card,2026/02/01,2026-03-05
SUB-001116,ACC-100124,Business,5,"$1,047.31",USD,0,Monthly,Credit Card,2022-05-30,
SUB-001117,ACC-100102,Starter,4,67.99,USD,0,Monthly,Credit Card,2024-05-04,2024-11-07
SUB-001118,ACC-100102,Enterprise,2,"$2,459.54",USD,0,Monthly,Credit Card,11/07/2024,2025-01-18
SUB-001119,ACC-100102,Starter,3,61.62,USD,0,Monthly,Credit Card,01/18/2025,2025/05/04
SUB-001120,ACC-101498,Starter,1,47.65,USD,0,Monthly,Credit Card,2025-08-28,2025-10-07
SUB-001121,ACC-101498,Business,5,968,USD,0,Monthly,Credit Card,07-Oct-2025,28/01/2026
SUB-001122,ACC-101498,Pro,2,219.61,USD,0,Monthly,Credit Card,28/01/2026,
SUB-001123,ACC-102157,Starter,2,52.59,USD,0,Monthly,,2024-04-20,
SUB-001124,ACC-101694,Enterprise,6,$ 5,USD,150,Annual,Credit Card,02/08/2022,2025-07-02
SUB-001125,ACC-105929,Starter,8,92,USD,0,Monthly,ACH,12/14/2022,
SUB-001126,ACC-100486,Starter,1,56,USD,0,Monthly,Credit Card,13-Aug-2022,2023-04-13
SUB-001127,ACC-102351,Starter,4,69,USD,0,Monthly,Credit Card,2025-02-04,04/05/2025
SUB-001128,ACC-102312,Starter,4,80.19,USD,0,Annual,Credit Card,03/29/2022,2024-03-29
SUB-001129,ACC-101654,Starter,2,59.47,EUR,0,Annual,Credit Card,2023-04-16,2023-11-08
SUB-001130,ACC-101654,Business,2,€692.19,EUR,0,Annual,Invoice,2023-11-08,16-Dec-2023
SUB-001131,ACC-100135,Pro,2,$ 256,USD,0,Monthly,ACH,2023-04-06,2024-03-06
SUB-001132,ACC-104351,Business,4,808.10,USD,0,Monthly,Credit Card,,12/04/2023
SUB-001133,ACC-104351,Pro,3,186,USD,25,Annual,Credit Card,04-Dec-2023,
SUB-001134,ACC-104159,Pro,8,424.00,USD,0,Monthly,ACH,2025-08-24,
SUB-001135,ACC-105576,Pro,4,260.29,USD,0,Monthly,Credit Card,13/06/2024,
SUB-001136,ACC-102663,Pro,1,$ 189,USD,0,Annual,Credit Card,08/17/2022,02/17/2026
SUB-001137,ACC-104387,Enterprise,2,2208,USD,0,Monthly,credit card,2024-05-27,
SUB-001138,ACC-103620,Enterprise,1,"$2,270.09",USD,0,Monthly,Credit Card,2025-02-05,
SUB-001139,ACC-100811,Enterprise,4,"$ 3,122",USD,0,Monthly,Credit Card,02/22/2022,11/07/2024
SUB-001140,ACC-100811,Pro,8,$ 446,USD,0,Monthly,Invoice,2024-11-07,2026-02-11
SUB-001141,ACC-100811,Enterprise,2,"2,247.29",USD,0,Monthly,Credit Card,2026-02-11,
SUB-001142,ACC-104525,Business,3,772.71,USD,0,Monthly,Invoice,2022-08-02,
SUB-001143,ACC-104963,Starter,4,$64.03,USD,0,Monthly,Credit Card,22-Sep-2022,
SUB-001144,ACC-101149,Starter,4,75,GBP,0,Monthly,,2023-08-12,2025-12-12
SUB-001145,ACC-101170,Pro,5,$352.11,USD,0,Monthly,Credit Card,2025-04-26,
SUB-001146,ACC-105805,Pro,2,208.73,USD,0,Annual,Credit Card,2022-07-21,19-Oct-2022
SUB-001147,ACC-105805,Business,2,643.43,USD,0,Annual,Credit Card,2022-10-19,21-Dec-2024
SUB-001148,ACC-103575,Starter,1,€51.19,EUR,5,Monthly,Credit Card,2022/02/05,03/05/2025
SUB-001149,ACC-104348,Pro,2,$242.38,USD,0,Monthly,Invoice,08/13/2022,07/17/2023
SUB-001150,ACC-104348,Enterprise,5,"3,063.02",USD,0,Annual,Invoice,2023-07-17,2023-10-07
SUB-001151,ACC-104348,Starter,5,$71.13,USD,0,Annual,Credit Card,07/10/2023,2024-02-13
SUB-001152,ACC-104251,Starter,2,63.01,GBP,0,Monthly,Credit Card,2023-10-11,11-Aug-2025
SUB-001153,ACC-102622,Starter,2,53,EUR,0,Monthly,Credit Card,2025-01-18,
SUB-001154,ACC-103773,Pro,4,310,USD,0,Monthly,credit card,2022/04/21,21/05/2024
SUB-001155,ACC-100354,Pro,4,256.38,USD,20,Monthly,Invoice,05/29/2024,2025/05/25
SUB-001156,ACC-100354,Enterprise,3,"$2,344.70",USD,0,Annual,Credit Card,2025-05-25,
SUB-001157,ACC-102099,Starter,2,39.03,USD,25,Monthly,Credit Card,2022-11-17,2024-11-12
SUB-001158,ACC-102099,Enterprise,1,"1,940.08",USD,0,Annual,ACH,2024-11-12,17/04/2025
SUB-001159,ACC-104851,Pro,4,$326.28,USD,0,Monthly,Credit Card,2022-07-30,
SUB-001160,ACC-103560,Pro,1,218.19,USD,0,Annual,Credit Card,09/13/2023,
SUB-001161,ACC-102232,Pro,1,183.75,USD,0,Monthly,Credit Card,2022-09-02,
SUB-001162,ACC-100144,Pro,1,$ 204,USD,0,Monthly,Credit Card,2024-07-06,
SUB-001163,ACC-100380,Pro,3,290,USD,0,Monthly,Invoice,20-Apr-2024,
SUB-001164,ACC-102164,Starter,2,€54.16,EUR,0,Monthly,ACH,04/27/2023,
SUB-001165,ACC-103159,Pro,2,$247.80,USD,0,Annual,ACH,2022-08-07,
SUB-001166,ACC-103442,Starter,2,51,USD,0,Monthly,Credit Card,06/26/2023,02/26/2025
SUB-001167,ACC-100121,Starter,6,$73.53,USD,10,Annual,Credit Card,2024/02/20,2024-05-04
SUB-001168,ACC-100121,Enterprise,5,"$3,514.80",USD,0,Monthly,credit card,2024-05-04,2024-10-20
SUB-001169,ACC-104589,Starter,11,119.03,USD,0,Annual,Credit Card,2025-03-06,06/11/2025
SUB-001170,ACC-100611,Pro,8,330.88,EUR,10,Monthly,Invoice,2023-04-25,2023-12-25
SUB-001171,ACC-101599,Business,8,"$ 1,126",USD,0,Monthly,,2023-07-29,
SUB-001172,ACC-103733,Starter,2,$54.43,USD,0,Annual,Credit Card,2023/10/13,2023-12-03
SUB-001173,ACC-103733,Pro,2,$ 243,USD,0,Annual,Credit Card,2023-12-03,2023-12-13
SUB-001174,ACC-103733,Starter,2,60.70,USD,0,Annual,Credit Card,2023-12-13,13-Dec-2023
SUB-001175,ACC-100418,Pro,1,215,EUR,0,Monthly,Credit Card,01/06/2024,2024/04/10
SUB-001176,ACC-100418,Starter,1,52.76,EUR,0,Monthly,,2024-04-10,2024-11-20
SUB-001177,ACC-100418,Enterprise,2,"2,345.04",EUR,0,Monthly,ACH,20-Nov-2024,
SUB-001178,ACC-101564,Starter,3,$64.34,USD,5,Annual,Credit Card,04/02/2022,
SUB-001179,ACC-102317,Pro,2,228.57,USD,0,Annual,Credit Card,2023-01-02,09/02/2023
SUB-001180,ACC-103571,Starter,2,$51.26,USD,0,Monthly,Credit Card,2025-01-26,
SUB-001181,ACC-102834,Starter,2,55.27,USD,0,Monthly,Credit Card,2024-10-16,
SUB-001182,ACC-103475,Starter,6,78.07,USD,0,Monthly,credit card,2022-06-30,19-Jul-2023
SUB-001183,ACC-103475,Pro,2,260.00,USD,0,Monthly,Credit Card,19-Jul-2023,2023-08-30
SUB-001184,ACC-103475,Enterprise,7,"3,791.90",USD,0,Monthly,Credit Card,2023-08-30,09/30/2023
SUB-001185,ACC-104236,Starter,3,60,USD,0,Annual,credit card,2023-07-26,05/28/2024
SUB-001186,ACC-104236,Business,1,$ 681,USD,0,Monthly,credit card,2024/05/28,
SUB-001187,ACC-104815,Pro,1,194.26,USD,0,Monthly,Credit Card,2024-05-18,2024/07/21
SUB-001188,ACC-104815,Business,2,$791.75,USD,0,Annual,ACH,2024-07-21,18-Aug-2024
SUB-001189,ACC-101103,Starter,2,€48.58,EUR,20,Annual,Credit Card,11/07/2022,05/27/2023
SUB-001190,ACC-101103,Business,4,881.51,EUR,0,Monthly,Credit Card,2023-05-27,2023-10-07
SUB-001191,ACC-102549,Starter,1,53.31,USD,5,Monthly,Invoice,07/22/2025,
SUB-001192,ACC-101905,Starter,4,$78.35,USD,0,Monthly,Invoice,2022/11/10,
SUB-001193,ACC-100248,Starter,1,$ 48,USD,0,Annual,Credit Card,2025-07-25,01/17/2026
SUB-001194,ACC-100248,Business,1,416,USD,25,Monthly,Credit Card,01/17/2026,
SUB-001195,ACC-105681,Business,1,528,USD,5,Monthly,credit card,25/06/2023,2024/01/08
SUB-001196,ACC-105681,Enterprise,3,"$2,373.16",USD,0,Annual,Credit Card,2024-01-08,04/25/2024
SUB-001197,ACC-104766,Pro,3,$285.83,USD,0,Monthly,Credit Card,07/07/2022,
SUB-001198,ACC-104122,Enterprise,1,"1,839.52",EUR,0,Monthly,Credit Card,31/07/2022,
SUB-001199,ACC-105560,Starter,2,52.41,USD,0,Monthly,Credit Card,07/25/2022,17/01/2024
SUB-001200,ACC-105560,Enterprise,2,2211,USD,0,Monthly,Credit Card,17/01/2024,07/25/2025
SUB-001201,ACC-100447,Enterprise,4,2746,USD,0,Monthly,credit card,22/04/2024,2024-08-23
SUB-001202,ACC-100447,Starter,2,53,USD,0,Monthly,,2024-08-23,
SUB-001203,ACC-105731,Business,8,"1,158.76",USD,0,Monthly,Credit Card,19-Jan-2023,
SUB-001204,ACC-104751,Starter,2,59.08,USD,0,Monthly,Credit Card,08-Jul-2022,11/08/2023
SUB-001205,ACC-101480,Starter,3,54.48,USD,25,Annual,Credit Card,2023-07-13,2025-05-16
SUB-001206,ACC-101480,Pro,2,$204.51,USD,20,Monthly,Credit Card,16/05/2025,
SUB-001207,ACC-101310,Business,2,783.09,EUR,0,Monthly,Credit Card,2025-01-22,
SUB-001208,ACC-104256,Business,2,623.18,USD,0,Monthly,Credit Card,03/19/2025,05/07/2026
SUB-001209,ACC-104256,Enterprise,5,"2,943.21",USD,0,Annual,Credit Card,2026-05-07,2026-06-01
SUB-001210,ACC-104256,Pro,2,$217.21,USD,0,Annual,Credit Card,2026-06-01,
SUB-001211,ACC-105018,Enterprise,2,"$2,296.06",USD,5,Monthly,credit card,2022-07-28,23/01/2023
SUB-001212,ACC-105018,Pro,2,176,USD,25,Monthly,credit card,2023-01-23,04/27/2023
SUB-001213,ACC-105018,Starter,4,$79.96,USD,0,Monthly,Credit Card,2023-04-27,
SUB-001214,ACC-102775,Starter,2,$52.91,USD,0,Monthly,Credit Card,09-May-2025,
SUB-001215,ACC-103651,Starter,1,37.42,USD,25,Monthly,Credit Card,2023-03-16,2023-07-16
SUB-001216,ACC-102117,Business,2,772.22,USD,0,Monthly,ACH,04/14/2025,2025-06-14
SUB-001217,ACC-102815,Starter,7,97.66,USD,0,Monthly,Credit Card,2024-10-16,
SUB-001218,ACC-105070,Starter,3,66.92,USD,0,Monthly,Invoice,2022/10/04,03/21/2023
SUB-001219,ACC-105070,Business,2,$ 717,USD,0,Annual,ACH,2023-03-21,17-May-2023
SUB-001220,ACC-105070,Pro,3,267.97,USD,0,Monthly,Invoice,2023-05-17,2023-09-04
SUB-001221,ACC-105431,Business,2,652.77,USD,10,Monthly,Credit Card,2024-09-03,02/18/2025
SUB-001222,ACC-105431,Pro,2,$218.76,USD,0,Annual,credit card,2025-02-18,03/23/2026
SUB-001223,ACC-105431,Enterprise,3,"2,953.75",USD,0,Monthly,Credit Card,2026-03-23,04/03/2026
SUB-001224,ACC-102641,Starter,3,$ 60,USD,0,Monthly,credit card,28/02/2023,07/28/2025
SUB-001225,ACC-103458,Business,8,"$ 1,333",USD,0,Monthly,ACH,06/01/2024,
SUB-001226,ACC-105491,Business,5,667,USD,25,Monthly,credit card,11/17/2023,
SUB-001227,ACC-103129,Starter,3,$68.46,USD,0,Monthly,Credit Card,2025-05-31,16/07/2025
SUB-001228,ACC-103129,Enterprise,7,"3,781.72",USD,0,Annual,Credit Card,07/16/2025,
SUB-001229,ACC-100414,Enterprise,5,"2,447.23",USD,20,Monthly,Invoice,2022-02-24,
SUB-001230,ACC-100752,Enterprise,1,"2,196.10",USD,0,Monthly,Credit Card,09-Jun-2024,02-May-2025
SUB-001231,ACC-100752,Starter,5,69.85,USD,20,Monthly,Credit Card,2025-05-02,
SUB-001232,ACC-104570,Pro,2,$243.78,USD,0,Monthly,,2022-06-24,08/23/2022
SUB-001233,ACC-104570,Enterprise,2,2477,USD,0,Monthly,Credit Card,2022-08-23,24-Nov-2022
SUB-001234,ACC-100794,Pro,1,$215.86,USD,0,Monthly,Credit Card,2025-04-29,
SUB-001235,ACC-104832,Business,3,€642.45,EUR,10,Monthly,Credit Card,07-Dec-2024,
SUB-001236,ACC-101056,Starter,1,€55.00,EUR,0,Annual,ACH,2022-05-25,2024-01-25
SUB-001237,ACC-100654,Pro,1,$ 206,USD,0,Monthly,Credit Card,04/28/2023,
SUB-001238,ACC-104812,Pro,3,281,USD,0,Annual,Credit Card,2024-06-13,
SUB-001239,ACC-101075,Pro,6,243,USD,25,Monthly,Credit Card,2025-08-17,02-Nov-2025
SUB-001240,ACC-101075,Enterprise,3,"$2,403.49",USD,0,Monthly,Invoice,02/11/2025,
SUB-001241,ACC-102890,Business,2,639,USD,0,Monthly,ACH,2022-01-16,2022-06-21
SUB-001242,ACC-102890,Pro,6,$358.36,USD,0,Monthly,Invoice,2022-06-21,16/07/2022
SUB-001243,ACC-103471,Pro,1,207.38,USD,0,Monthly,,2022-04-30,2023-04-30
SUB-001244,ACC-104365,Starter,4,$77.71,USD,0,Monthly,Credit Card,03-Feb-2025,11/01/2025
SUB-001245,ACC-104365,Business,1,$ 599,USD,0,Annual,Credit Card,01/11/2025,
SUB-001246,ACC-103966,Starter,4,71.97,EUR,0,Monthly,Credit Card,25-Nov-2023,
SUB-001247,ACC-103209,Pro,1,$ 192,USD,0,Monthly,Credit Card,08/01/2023,2023-09-20
SUB-001248,ACC-103209,Business,3,$713.40,USD,0,Monthly,Credit Card,,11/28/2023
SUB-001249,ACC-103209,Enterprise,2,"$2,267.16",USD,0,Monthly,Credit Card,2023-11-28,2024-03-01
SUB-001250,ACC-103337,Starter,1,45.90,USD,0,Monthly,ACH,29-Apr-2025,
SUB-001251,ACC-100589,Enterprise,6,"3,308.69",USD,0,Monthly,Credit Card,2022-02-19,2022-10-18
SUB-001252,ACC-100589,Starter,3,70.83,USD,0,Monthly,Credit Card,2022/10/18,
SUB-001253,ACC-102144,Pro,1,198.52,USD,0,Monthly,,2022-04-21,21/11/2022
SUB-001254,ACC-104620,Pro,1,183.20,USD,0,Annual,Invoice,2023-08-06,06-Jan-2024
SUB-001255,ACC-105209,Enterprise,2,2289,USD,0,Monthly,Credit Card,10/18/2023,2024-01-04
SUB-001256,ACC-105209,Starter,1,50.38,USD,0,Monthly,Credit Card,2024-01-04,09/18/2024
SUB-001257,ACC-101699,Pro,6,341.86,USD,0,Annual,Credit Card,2024-03-23,2026-01-16
SUB-001258,ACC-101699,Enterprise,2,"$2,197.78",USD,10,Monthly,Invoice,2026-01-16,
SUB-001259,ACC-101501,Business,1,$665.33,USD,0,Monthly,Invoice,2022-04-20,2023-08-14
SUB-001260,ACC-101501,Starter,3,73,USD,0,Monthly,ACH,2023-08-14,2023-11-16
SUB-001261,ACC-101501,Pro,2,$ 221,USD,15,Monthly,,2023-11-16,
SUB-001262,ACC-101608,Starter,8,114,EUR,0,Monthly,Credit Card,25/12/2022,10-Feb-2023
SUB-001263,ACC-101608,Business,6,"1,114.86",EUR,0,Monthly,Credit Card,2023-02-10,04/03/2023
SUB-001264,ACC-101608,Enterprise,2,"€ 2,172",EUR,0,Monthly,credit card,2023-04-03,04/25/2023
SUB-001265,ACC-105706,Business,3,868.76,USD,0,Annual,Invoice,11-Jan-2025,2025-04-11
SUB-001266,ACC-103612,Starter,3,$65.10,USD,0,Monthly,Credit Card,2023-09-04,
SUB-001267,ACC-100701,Starter,4,88,USD,-10,Annual,Credit Card,,
SUB-001268,ACC-104222,Business,7,"1,211.41",USD,0,Monthly,Credit Card,27-Feb-2024,2025/12/27
SUB-001269,ACC-101992,Pro,2,204.77,USD,5,Annual,Credit Card,2025-08-29,2026-04-25
SUB-001270,ACC-101992,Business,3,$731.63,USD,15,Monthly,ACH,2026-04-25,29-May-2026
SUB-001271,ACC-101992,Pro,6,374,USD,0,Monthly,credit card,2026-05-29,
SUB-001272,ACC-104818,Pro,1,$ 202,USD,0,Annual,Credit Card,2022-06-05,25-Aug-2023
SUB-001273,ACC-104818,Starter,1,$ 54,USD,0,Monthly,Credit Card,08/25/2023,09/02/2025
SUB-001274,ACC-104818,Pro,2,254,USD,0,Monthly,,09/02/2025,05-Feb-2026
SUB-001275,ACC-104519,Pro,6,378,EUR,0,Annual,Invoice,2023-06-04,
SUB-001276,ACC-102954,Business,1,688,USD,0,Monthly,Invoice,03/13/2025,09/22/2025
SUB-001277,ACC-102954,Pro,2,$ 225,USD,0,Annual,Credit Card,2025-09-22,2025-12-13
SUB-001278,ACC-100208,Starter,5,86.59,USD,0,Annual,Credit Card,2025-07-27,
SUB-001279,ACC-102996,Business,1,554.51,USD,0,Monthly,Credit Card,30/06/2023,2025-07-30
SUB-001280,ACC-102034,Starter,1,53.52,USD,0,Monthly,Credit Card,2023-10-23,2025-10-15
SUB-001281,ACC-102034,Enterprise,1,"$1,930.21",USD,0,Monthly,ACH,2025-10-15,
SUB-001282,ACC-100425,Starter,3,62,USD,0,Annual,Invoice,02/14/2022,
SUB-001283,ACC-101741,Business,2,732.30,USD,0,Monthly,Credit Card,12/01/2024,
SUB-001284,ACC-102900,Starter,1,48.82,USD,0,Monthly,Invoice,2024-09-01,2025-06-02
SUB-001285,ACC-102900,Pro,1,$206.01,USD,0,Monthly,Credit Card,02/06/2025,2025-08-01
SUB-001286,ACC-105826,Pro,3,€199.44,EUR,15,Monthly,Credit Card,02/05/2023,2023-09-17
SUB-001287,ACC-105826,Business,2,712,EUR,0,Monthly,Invoice,2023-09-17,2024-03-08
SUB-001288,ACC-105826,Pro,2,244.85,EUR,0,Monthly,Credit Card,08/03/2024,2025-11-05
SUB-001289,ACC-101175,Business,1,681,USD,0,Monthly,Invoice,10/05/2023,
SUB-001290,ACC-101330,Pro,1,223.73,USD,0,Monthly,Invoice,2025-02-13,
SUB-001291,ACC-105414,Business,3,$724.37,USD,10,Annual,Credit Card,15/10/2023,05-Jan-2024
SUB-001292,ACC-105414,Starter,1,49.24,USD,10,Annual,Credit Card,01/05/2024,03/25/2024
SUB-001293,ACC-105414,Pro,5,363.85,USD,0,Monthly,credit card,25/03/2024,04/15/2024
SUB-001294,ACC-100110,Starter,2,70,EUR,-10,Monthly,Credit Card,08/26/2025,10/06/2025
SUB-001295,ACC-100110,Enterprise,4,2728,EUR,0,Annual,Invoice,10/06/2025,
SUB-001296,ACC-103161,Starter,3,68.99,USD,0,Monthly,,2023-03-22,07/08/2023
SUB-001297,ACC-103161,Enterprise,1,"2,110.17",USD,0,Monthly,Credit Card,2023-07-08,08/22/2023
SUB-001298,ACC-102447,Starter,2,56.10,USD,0,Monthly,Invoice,2023-06-21,2023-08-21
SUB-001299,ACC-102329,Starter,12,137.28,USD,0,Monthly,ACH,2023-03-03,
SUB-001300,ACC-104148,Business,9,"1,437.04",USD,0,Annual,Credit Card,08/07/2024,02/06/2025
SUB-001301,ACC-104148,Enterprise,2,"$1,865.29",USD,25,Monthly,Credit Card,06/02/2025,2025-08-07
SUB-001302,ACC-105445,Business,7,"1,043.34",EUR,0,Monthly,Credit Card,01-Mar-2022,
SUB-001303,ACC-101335,Starter,2,48,USD,25,Monthly,Invoice,2023-06-29,01/12/2023
SUB-001304,ACC-101335,Pro,4,$314.37,USD,0,Monthly,ACH,2023-12-01,2023-12-29
SUB-001305,ACC-102338,Starter,1,51.96,USD,0,Monthly,Credit Card,2024/04/15,
SUB-001306,ACC-103879,Starter,7,81.60,GBP,15,Monthly,ACH,2022-04-02,02-Oct-2025
SUB-001307,ACC-101496,Starter,10,129.76,USD,0,Monthly,Credit Card,2022/06/15,
SUB-001308,ACC-104217,Business,4,$ 936,USD,0,Monthly,Credit Card,2025-08-07,2026-03-16
SUB-001309,ACC-104217,Enterprise,3,"2,384.83",USD,0,Monthly,Credit Card,2026/03/16,2026/05/16
SUB-001310,ACC-104217,Pro,2,191,USD,15,Monthly,ACH,05/16/2026,
SUB-001311,ACC-101695,Pro,13,459.16,USD,25,Monthly,,2023/02/16,
SUB-001312,ACC-102574,Business,7,"$ 1,304",USD,0,Annual,Credit Card,,
SUB-001313,ACC-104679,Business,2,$ 724,USD,0,Annual,ACH,,
SUB-001314,ACC-104342,Business,4,928.47,EUR,0,Monthly,,2022-01-16,
SUB-001315,ACC-101870,Starter,1,38.57,USD,25,Annual,Credit Card,2022/09/17,17-Oct-2022
SUB-001316,ACC-104633,Starter,2,$41.09,USD,20,Annual,Credit Card,2023-11-10,2024-03-23
SUB-001317,ACC-104633,Enterprise,6,"3,334.80",USD,0,Annual,Invoice,2024-03-23,2024-06-03
SUB-001318,ACC-104633,Pro,4,$279.39,USD,0,Monthly,Invoice,2024-06-03,
SUB-001319,ACC-103954,Starter,2,$55.93,USD,0,Monthly,Credit Card,2025-01-11,
SUB-001320,ACC-102577,Starter,2,$ 62,USD,0,Annual,Credit Card,2022-12-01,01/12/2025
SUB-001321,ACC-100437,Business,3,$ 764,USD,0,Annual,credit card,2025-03-27,02/11/2025
SUB-001322,ACC-100437,Starter,6,86,USD,0,Monthly,Credit Card,2025-11-02,
SUB-001323,ACC-103563,Starter,4,69.00,USD,0,Monthly,ACH,01/13/2023,
SUB-001324,ACC-101934,Business,3,$ 828,USD,0,Monthly,ACH,2023-09-07,
SUB-001325,ACC-102618,Starter,1,54.94,USD,0,Annual,Credit Card,2022-08-20,2023-08-20
SUB-001326,ACC-102618,Enterprise,1,1747,USD,5,Monthly,Credit Card,2023-08-20,2023-11-20
SUB-001327,ACC-102874,Starter,3,67.41,USD,0,Monthly,Credit Card,03/05/2022,2023-07-03
SUB-001328,ACC-101488,Starter,1,50.38,USD,0,Monthly,Credit Card,2022-09-27,2024-07-08
SUB-001329,ACC-101488,Enterprise,1,"$ 1,405",USD,25,Monthly,Invoice,08-Jul-2024,2024-09-04
SUB-001330,ACC-101488,Pro,6,288.86,USD,15,Monthly,credit card,2024-09-04,2025-03-27
SUB-001331,ACC-100107,Starter,3,62.05,USD,0,Monthly,Invoice,2024-08-26,
SUB-001332,ACC-102963,Pro,6,332.48,USD,0,Monthly,Invoice,10/10/2023,10/12/2023
SUB-001333,ACC-100029,Starter,3,$64.55,USD,0,Monthly,Credit Card,2024-03-27,
SUB-001334,ACC-102464,Starter,2,60.43,USD,0,Monthly,Credit Card,06/03/2025,
SUB-001335,ACC-104540,Starter,2,$61.08,USD,0,Monthly,Credit Card,2023-09-23,2024/10/23
SUB-001336,ACC-101002,Starter,1,46,USD,0,Monthly,Invoice,2023/06/05,2024-02-05
SUB-001337,ACC-103340,Starter,2,$53.64,USD,15,Monthly,Credit Card,07/17/2023,2025-11-17
SUB-001338,ACC-101487,Pro,3,293.26,USD,0,Monthly,Credit Card,2022-01-01,01-Apr-2024
SUB-001339,ACC-100751,Pro,3,$270.84,USD,0,Monthly,Credit Card,2024-03-06,06/05/2026
SUB-001340,ACC-103053,Starter,1,$49.14,USD,0,Monthly,ACH,24/06/2023,
SUB-001341,ACC-100584,Business,4,$989.62,USD,0,Monthly,Credit Card,2024-07-28,28-Dec-2025
SUB-001342,ACC-100196,Pro,3,$234.12,USD,0,Monthly,Credit Card,2025-08-17,2026-01-17
SUB-001343,ACC-102225,Pro,3,294.01,USD,0,Monthly,Credit Card,14-Aug-2024,
SUB-001344,ACC-101835,Pro,3,$ 245,USD,15,Annual,ACH,07/31/2024,
SUB-001345,ACC-102181,Business,6,976.37,USD,0,Monthly,Credit Card,2023-07-28,03/07/2024
SUB-001346,ACC-102181,Pro,3,$ 274,USD,0,Monthly,ACH,03/07/2024,
SUB-001347,ACC-102135,Business,4,766,GBP,10,Annual,credit card,2023-07-07,2023-09-10
SUB-001348,ACC-102135,Pro,1,£197.78,GBP,10,Monthly,Invoice,2023-09-10,11/25/2023
SUB-001349,ACC-102135,Enterprise,3,"£2,801.36",GBP,0,Annual,Credit Card,2023/11/25,2024-01-07
SUB-001350,ACC-101235,Starter,3,$57.50,USD,0,Annual,Credit Card,2022-10-11,2025-06-11
SUB-001351,ACC-105721,Business,8,"$ 1,137",USD,0,Monthly,Credit Card,2025-03-14,2026-01-14
SUB-001352,ACC-105721,Starter,1,47,USD,15,Annual,Credit Card,14-Jan-2026,
SUB-001353,ACC-103960,Starter,3,59,USD,0,Annual,Credit Card,18-Feb-2022,18-Mar-2022
SUB-001354,ACC-101780,Enterprise,3,"$2,929.99",USD,0,Annual,Invoice,2024-10-03,2025-05-03
SUB-001355,ACC-104011,Business,4,840.01,EUR,0,Monthly,credit card,04/16/2022,2022-09-17
SUB-001356,ACC-104011,Pro,2,227.43,EUR,0,Monthly,Invoice,2022-09-17,
SUB-001357,ACC-102751,Starter,3,68.94,USD,0,Monthly,Credit Card,05/17/2025,02/09/2026
SUB-001358,ACC-102751,Pro,1,168.91,USD,20,Monthly,Credit Card,2026-02-09,
SUB-001359,ACC-103655,Starter,5,69,USD,15,Monthly,Credit Card,04/04/2022,01/04/2026
SUB-001360,ACC-102753,Business,9,"1,246.60",USD,0,Monthly,ACH,08/26/2022,08/06/2023
SUB-001361,ACC-102753,Enterprise,4,3132,USD,0,Monthly,Credit Card,2023-08-06,
SUB-001362,ACC-102542,Business,4,$ 868,USD,0,Monthly,Invoice,09/24/2022,24/04/2026
SUB-001363,ACC-101860,Pro,2,$225.33,USD,0,Monthly,credit card,04-Apr-2025,2025-05-04
SUB-001364,ACC-105958,Starter,8,111.42,USD,0,Annual,Credit Card,2022-11-15,
SUB-001365,ACC-101144,Pro,16,604.42,GBP,0,Monthly,Invoice,2022-10-04,04/04/2026
SUB-001366,ACC-100179,Enterprise,4,"2,950.34",USD,0,Monthly,Credit Card,2023-03-21,2026-04-25
SUB-001367,ACC-100179,Pro,3,276,USD,0,Monthly,ACH,2026-04-25,
SUB-001368,ACC-103435,Enterprise,1,"2,019.75",USD,0,Annual,Credit Card,2025-06-16,2026-02-06
SUB-001369,ACC-103435,Starter,2,61.04,USD,0,Annual,ACH,2026-02-06,27/04/2026
SUB-001370,ACC-103435,Pro,2,$ 181,USD,25,Annual,Credit Card,2026/04/27,
SUB-001371,ACC-101371,Pro,3,296.96,USD,0,Monthly,Invoice,2025-01-06,07/04/2025
SUB-001372,ACC-101371,Enterprise,3,"$ 2,617",USD,0,Monthly,Invoice,2025-04-07,09/17/2025
SUB-001373,ACC-101371,Pro,2,$224.18,USD,0,Monthly,Credit Card,2025-09-17,
SUB-001374,ACC-103014,Pro,2,213,USD,0,Annual,Credit Card,2024-06-12,2024-10-12
SUB-001375,ACC-102197,Business,1,$543.10,USD,10,Annual,Invoice,2023-07-14,
SUB-001376,ACC-105695,Starter,2,€56.07,EUR,10,Monthly,Credit Card,2022-09-16,
SUB-001377,ACC-103590,Pro,3,$262.49,USD,0,Monthly,Credit Card,05/06/2024,
SUB-001378,ACC-102244,Starter,5,$62.35,USD,20,Annual,ACH,2024-10-17,
SUB-001379,ACC-100960,Enterprise,3,"€2,605.42",EUR,0,Monthly,ACH,06-Apr-2022,
SUB-001380,ACC-102972,Starter,3,67.79,EUR,0,Monthly,Credit Card,2024-03-07,06/07/2024
SUB-001381,ACC-101097,Starter,4,69.70,USD,0,Monthly,Credit Card,20-Sep-2022,2023-08-08
SUB-001382,ACC-101097,Pro,2,236.34,USD,0,Monthly,ACH,08/08/2023,
SUB-001383,ACC-101193,Business,3,764.01,GBP,0,Monthly,credit card,2025-03-29,2025-07-13
SUB-001384,ACC-101193,Enterprise,3,"2,481.13",GBP,0,Monthly,credit card,07/13/2025,2025-12-30
SUB-001385,ACC-101193,Starter,3,65.35,GBP,0,Monthly,Credit Card,2025/12/30,
SUB-001386,ACC-100090,Starter,2,57.37,GBP,0,Monthly,Credit Card,2022-07-07,2025-12-07
SUB-001387,ACC-100977,Starter,4,64,USD,0,Monthly,Credit Card,11/23/2023,2024-01-23
SUB-001388,ACC-103937,Pro,3,258.09,USD,0,Monthly,credit card,17-Jan-2025,2025-06-21
SUB-001389,ACC-103937,Enterprise,2,"1,982.22",USD,10,Monthly,Credit Card,21/06/2025,
SUB-001390,ACC-103574,Pro,2,248.41,USD,0,Monthly,Credit Card,2025-05-29,
SUB-001391,ACC-102463,Starter,3,$66.20,USD,0,Monthly,Credit Card,2024-12-17,
SUB-001392,ACC-103217,Starter,2,58.82,USD,0,Monthly,Credit Card,2023-07-29,2024-02-29
SUB-001393,ACC-100624,Enterprise,3,"2,586.99",USD,10,Monthly,Credit Card,01/06/2022,27/01/2023
SUB-001394,ACC-100624,Pro,1,197.13,USD,0,Monthly,Credit Card,2023/01/27,
SUB-001395,ACC-100069,Starter,3,68,USD,0,Monthly,Credit Card,04/11/2022,2024-05-11
SUB-001396,ACC-100069,Enterprise,3,2805,USD,0,Annual,credit card,05/11/2024,05/11/2024
SUB-001397,ACC-101351,Pro,2,215.07,EUR,0,Monthly,Invoice,2024-07-13,2024-10-18
SUB-001398,ACC-101351,Business,8,"1,200.24",EUR,0,Monthly,Invoice,2024/10/18,2026-01-13
SUB-001399,ACC-100889,Business,2,$ 785,USD,0,Annual,Credit Card,02/19/2023,
SUB-001400,ACC-104066,Pro,1,217.39,USD,0,Annual,Credit Card,13-May-2023,2023-12-25
SUB-001401,ACC-104066,Starter,5,72.99,USD,0,Monthly,Credit Card,25-Dec-2023,2024-04-04
SUB-001402,ACC-104066,Business,1,660,USD,0,Monthly,Invoice,04/04/2024,2024-04-13
SUB-001403,ACC-104101,Pro,2,235.98,USD,0,Annual,Credit Card,2022-08-17,2026-03-17
SUB-001404,ACC-101609,Starter,2,£61.07,GBP,0,Monthly,ACH,2022-09-07,03/07/2026
SUB-001405,ACC-104874,Business,7,"1,241.11",USD,0,Monthly,Credit Card,2024-12-29,
SUB-001406,ACC-103934,Enterprise,4,"2,657.76",USD,0,Monthly,ACH,27-Feb-2022,2025-03-27
SUB-001407,ACC-100877,Pro,2,213.63,EUR,0,Annual,Credit Card,2024-02-09,
SUB-001408,ACC-101871,Starter,6,93.60,EUR,0,Annual,,2023-02-02,
SUB-001409,ACC-103532,Enterprise,12,"4,949.71",USD,0,Annual,credit card,14/12/2024,
SUB-001410,ACC-100764,Starter,3,63,USD,0,Monthly,Credit Card,2025/06/02,
SUB-001411,ACC-100293,Business,3,$674.25,USD,20,Annual,Credit Card,04/08/2022,09/04/2023
SUB-001412,ACC-102377,Business,5,€925.83,EUR,0,Monthly,Credit Card,08/09/2022,
SUB-001413,ACC-105109,Business,1,$ 600,USD,0,Monthly,credit card,2023-09-13,
SUB-001414,ACC-100445,Business,6,"$ 1,198",USD,0,Annual,Credit Card,2023-03-15,2025-09-25
SUB-001415,ACC-100445,Starter,4,67.40,USD,0,Monthly,Credit Card,2025-09-25,
SUB-001416,ACC-100468,Enterprise,1,"2,094.11",USD,0,Monthly,Credit Card,2024-12-10,2025-08-10
SUB-001417,ACC-102519,Pro,2,$216.65,USD,0,Monthly,Credit Card,2022-10-26,2026-02-26
SUB-001418,ACC-105790,Business,1,€555.62,EUR,10,Annual,Credit Card,02/08/2022,
SUB-001419,ACC-100432,Enterprise,3,"$ 2,499",USD,0,Monthly,ACH,04/26/2022,2022-08-10
SUB-001420,ACC-100432,Business,1,639.93,USD,0,Annual,Credit Card,2022-08-10,
SUB-001421,ACC-102662,Starter,2,59,GBP,0,Monthly,Credit Card,29-Jul-2025,2025-10-14
SUB-001422,ACC-102662,Business,6,"£1,151.42",GBP,0,Monthly,Credit Card,2025-10-14,2025-10-29
SUB-001423,ACC-103844,Starter,5,77.86,USD,0,Monthly,Credit Card,2022-10-11,
SUB-001424,ACC-103650,Starter,3,68,EUR,0,Monthly,Credit Card,05/13/2024,
SUB-001425,ACC-105190,Starter,1,44.31,USD,0,Annual,Invoice,2022-04-24,2022-05-24
SUB-001426,ACC-100577,Business,1,598.38,USD,0,Annual,Invoice,2022-02-08,2022-10-08
SUB-001427,ACC-102233,Pro,1,181,USD,0,Monthly,,01/29/2022,2025-11-29
SUB-001428,ACC-100245,Starter,11,110.85,USD,0,Annual,,2022-11-30,12/30/2022
SUB-001429,ACC-105621,Pro,5,311.03,USD,0,Annual,ACH,2024-02-03,
SUB-001430,ACC-100367,Pro,1,$215.19,USD,0,Monthly,Credit Card,11/02/2023,2024-07-11
SUB-001431,ACC-105849,Pro,6,€331.44,EUR,0,Monthly,Invoice,04-Feb-2023,2024-10-04
SUB-001432,ACC-101194,Starter,3,57.33,USD,20,Monthly,Credit Card,2025-01-11,30-Mar-2025
SUB-001433,ACC-101194,Pro,4,314,USD,0,Monthly,Credit Card,30-Mar-2025,2025/05/26
SUB-001434,ACC-101194,Starter,2,$ 64,USD,0,Monthly,ACH,05/26/2025,2025-09-11
SUB-001435,ACC-102275,Business,1,587.63,USD,0,Monthly,ACH,2024-01-07,2024-03-26
SUB-001436,ACC-102275,Pro,2,$ 262,USD,0,Monthly,Credit Card,2024-03-26,2024-04-07
SUB-001437,ACC-102925,Pro,1,179,EUR,0,Monthly,ACH,05/31/2023,2025-07-31
SUB-001438,ACC-105875,Starter,4,$66.81,USD,0,Monthly,Credit Card,17/04/2025,2025-06-17
SUB-001439,ACC-103263,Enterprise,2,"$ 2,087",USD,0,Monthly,credit card,2022-05-17,26-Jan-2023
SUB-001440,ACC-103263,Business,2,676.76,USD,0,Monthly,Credit Card,2023-01-26,2024-03-29
SUB-001441,ACC-103263,Enterprise,2,"$ 2,360",USD,0,Monthly,Credit Card,2024-03-29,
SUB-001442,ACC-105962,Pro,2,219.70,USD,0,Monthly,credit card,04/17/2025,
SUB-001443,ACC-105976,Business,1,$643.74,USD,0,Annual,Credit Card,2024-11-17,2026-01-23
SUB-001444,ACC-105976,Pro,1,214.67,USD,0,Monthly,Credit Card,2026-01-23,
SUB-001445,ACC-105406,Pro,2,$178.30,USD,15,Monthly,Credit Card,10/25/2024,03/26/2025
SUB-001446,ACC-105406,Business,4,$864.26,USD,0,Monthly,ACH,2025-03-26,2026-03-25
SUB-001447,ACC-105690,Business,3,837.31,EUR,0,Monthly,Credit Card,2022-08-20,06/02/2026
SUB-001448,ACC-105690,Pro,1,203,EUR,0,Monthly,Credit Card,02/06/2026,
SUB-001449,ACC-102407,Starter,2,$41.13,USD,25,Annual,ACH,08/13/2024,
SUB-001450,ACC-105322,Business,2,$ 745,USD,0,Monthly,Credit Card,2025-07-25,
SUB-001451,ACC-104087,Pro,7,346.43,EUR,10,Monthly,Credit Card,01/17/2022,2023/04/21
SUB-001452,ACC-104087,Starter,6,80.52,EUR,0,Monthly,ACH,2023-04-21,06/17/2024
SUB-001453,ACC-100555,Business,6,$ 896,USD,25,Annual,ACH,11/06/2022,10/06/2024
SUB-001454,ACC-102223,Business,1,593.82,EUR,0,Monthly,Invoice,28-Aug-2022,04/28/2023
SUB-001455,ACC-102213,Business,9,"$ 1,428",USD,0,Annual,Credit Card,2023-01-17,
SUB-001456,ACC-101893,Starter,1,$ 39,USD,25,Annual,Credit Card,,2024-07-07
SUB-001457,ACC-101893,Business,4,936.08,USD,0,Monthly,,07/07/2024,2025-01-20
SUB-001458,ACC-102600,Pro,2,$ 232,USD,0,Annual,Credit Card,2024-04-07,2025-06-07
SUB-001459,ACC-104032,Starter,4,69,USD,0,Monthly,Invoice,16/02/2023,2023-06-10
SUB-001460,ACC-104032,Pro,1,166,USD,25,Monthly,credit card,06/10/2023,05/16/2025
SUB-001461,ACC-105635,Pro,5,324,USD,10,Annual,credit card,26/07/2025,
SUB-001462,ACC-100548,Starter,3,$58.37,USD,0,Monthly,,2022-12-27,2023-09-13
SUB-001463,ACC-100548,Pro,1,142.29,USD,25,Annual,Credit Card,13-Sep-2023,27-Aug-2025
SUB-001464,ACC-103614,Pro,1,179,USD,20,Monthly,Credit Card,2025-01-02,06/09/2025
SUB-001465,ACC-103614,Starter,1,$44.26,USD,0,Annual,Credit Card,06/09/2025,
SUB-001466,ACC-105483,Pro,2,208,USD,0,Monthly,Credit Card,27/06/2024,2026-01-27
SUB-001467,ACC-101454,Business,4,822.96,USD,0,Annual,ACH,2023-07-05,
SUB-001468,ACC-105665,Starter,3,£71.02,GBP,0,Monthly,Invoice,2022-10-27,2023-10-27
SUB-001469,ACC-100151,Starter,4,79.50,USD,0,Monthly,,06/27/2022,
SUB-001470,ACC-103967,Business,4,947,USD,0,Monthly,Credit Card,24-Jan-2024,
SUB-001471,ACC-105696,Enterprise,5,"3,565.49",USD,0,Monthly,,02/01/2024,26/08/2024
SUB-001472,ACC-105696,Business,3,766,USD,0,Monthly,Credit Card,2024-08-26,01/10/2025
SUB-001473,ACC-102131,Enterprise,8,"$4,290.60",USD,0,Monthly,Credit Card,2022-02-08,
SUB-001474,ACC-101507,Starter,2,50.88,USD,0,Annual,Invoice,05-Jul-2024,2026-02-06
SUB-001475,ACC-101507,Enterprise,1,"1,911.16",USD,0,Annual,Credit Card,2026-02-06,
SUB-001476,ACC-103717,Pro,6,321.19,USD,0,Monthly,Credit Card,2022/07/17,21/05/2023
SUB-001477,ACC-103717,Business,1,602,USD,0,Monthly,Credit Card,2023-05-21,
SUB-001478,ACC-100915,Pro,2,197.75,EUR,20,Monthly,Credit Card,2023-11-04,
SUB-001479,ACC-104273,Enterprise,1,"1,903.00",USD,0,Monthly,Credit Card,07/27/2022,22-Aug-2024
SUB-001480,ACC-104273,Business,1,639.56,USD,0,Monthly,Credit Card,22-Aug-2024,
SUB-001481,ACC-102640,Business,5,869,EUR,0,Monthly,Invoice,2023-06-01,
SUB-001482,ACC-102864,Enterprise,1,"$1,786.29",USD,5,Monthly,ACH,23-Aug-2023,
SUB-001483,ACC-101586,Pro,1,151.54,USD,20,Annual,Credit Card,08-Sep-2022,2025-11-23
SUB-001484,ACC-101586,Enterprise,4,2423,USD,25,Monthly,Credit Card,11/23/2025,2026-02-11
SUB-001485,ACC-101586,Starter,2,60.45,USD,0,Monthly,,2026-02-11,
SUB-001486,ACC-103799,Pro,2,$263.17,USD,0,Monthly,credit card,2023-09-25,12/25/2023
SUB-001487,ACC-102166,Starter,8,€99.85,EUR,10,Monthly,Credit Card,2024-01-04,2024-04-21
SUB-001488,ACC-102166,Enterprise,1,"€2,055.83",EUR,0,Monthly,Credit Card,04/21/2024,
SUB-001489,ACC-101879,Starter,2,62.66,USD,0,Monthly,Credit Card,04/27/2025,
SUB-001490,ACC-102840,Starter,1,$47.61,USD,0,Annual,Credit Card,2022-07-08,2025-06-08
SUB-001491,ACC-101862,Business,3,740.27,USD,15,Monthly,Invoice,05/19/2024,06/26/2025
SUB-001492,ACC-101862,Starter,2,56.49,USD,0,Monthly,Credit Card,26-Jun-2025,
SUB-001493,ACC-105349,Starter,8,103,EUR,0,Monthly,Credit Card,11/28/2023,
SUB-001494,ACC-105647,Starter,2,$ 57,USD,-10,Monthly,Credit Card,2023-08-03,
SUB-001495,ACC-100748,Starter,6,82,USD,10,Monthly,Credit Card,2025-04-02,09/05/2025
SUB-001496,ACC-100748,Business,2,$648.10,USD,10,Monthly,Credit Card,09/05/2025,2026-05-02
SUB-001497,ACC-101319,Starter,2,60,USD,0,Monthly,Credit Card,2023-06-03,02-Apr-2025
SUB-001498,ACC-101319,Business,3,892.41,USD,0,Annual,Credit Card,2025-04-02,
SUB-001499,ACC-102477,Enterprise,5,"2,971.53",USD,0,Annual,Credit Card,2023-03-28,2024-08-13
SUB-001500,ACC-102477,Starter,3,61,USD,5,Monthly,Credit Card,2024-08-13,
SUB-001501,ACC-101047,Starter,3,$ 68,USD,0,Monthly,Credit Card,2024-09-09,2025-11-09
SUB-001502,ACC-105792,Starter,3,$63.35,USD,0,Annual,Credit Card,2023-11-16,
SUB-001503,ACC-105061,Starter,7,105.04,USD,0,Monthly,Invoice,08/19/2022,2024-08-31
SUB-001504,ACC-105061,Business,7,"$1,183.58",USD,0,Monthly,Credit Card,08/31/2024,28/05/2025
SUB-001505,ACC-105061,Enterprise,1,"1,984.73",USD,0,Monthly,Credit Card,2025-05-28,
SUB-001506,ACC-101046,Pro,5,$312.07,USD,0,Annual,,2023-02-03,2023-07-29
SUB-001507,ACC-101046,Business,1,$ 423,USD,25,Annual,ACH,2023-07-29,
SUB-001508,ACC-103318,Business,3,668.85,USD,10,Annual,Credit Card,2022-08-06,
SUB-001509,ACC-101894,Starter,4,$58.33,USD,15,Monthly,,08/18/2023,14-Jan-2026
SUB-001510,ACC-101894,Enterprise,1,"1,928.05",USD,0,Monthly,Credit Card,2026-01-14,
SUB-001511,ACC-103433,Pro,2,€252.95,EUR,0,Monthly,Credit Card,2025/02/19,
SUB-001512,ACC-105800,Pro,4,263,EUR,0,Monthly,Credit Card,11/03/2024,
SUB-001513,ACC-104396,Business,3,565.37,EUR,25,Monthly,Credit Card,07/04/2022,2023-06-15
SUB-001514,ACC-104396,Pro,19,506.99,EUR,25,Monthly,Credit Card,2023-06-15,04-Oct-2023
SUB-001515,ACC-103994,Pro,2,236.41,USD,0,Annual,Credit Card,09/23/2024,
SUB-001516,ACC-100471,Enterprise,3,"$2,614.97",USD,0,Monthly,Credit Card,2023-04-17,2025-04-17
SUB-001517,ACC-103066,Pro,5,$ 294,USD,0,Monthly,Invoice,2025-06-07,
SUB-001518,ACC-103050,Pro,5,$323.93,USD,0,Annual,Credit Card,08/31/2023,2023-12-17
SUB-001519,ACC-103050,Business,5,941,USD,0,Monthly,Credit Card,17-Dec-2023,02/24/2024
SUB-001520,ACC-103050,Pro,2,236.02,USD,0,Monthly,Credit Card,2024-02-24,2024-02-29
SUB-001521,ACC-104230,Starter,7,89.12,USD,0,Monthly,Credit Card,2024-07-07,2025-05-18
SUB-001522,ACC-104230,Enterprise,4,2722,USD,0,Monthly,Credit Card,18/05/2025,2025-06-07
SUB-001523,ACC-103834,Pro,7,$ 374,USD,0,Monthly,credit card,13-Aug-2024,
SUB-001524,ACC-105752,Starter,2,62.05,USD,0,Monthly,Credit Card,2024-04-29,
SUB-001525,ACC-103392,Starter,3,60.35,USD,0,Annual,credit card,2025-02-26,
SUB-001526,ACC-100896,Business,2,521.97,USD,25,Monthly,ACH,2022-02-14,2024-07-27
SUB-001527,ACC-100896,Starter,3,65,USD,10,Monthly,credit card,2024-07-27,10/14/2024
SUB-001528,ACC-102776,Starter,3,60.98,USD,0,Monthly,Credit Card,2025-08-26,
SUB-001529,ACC-100251,Starter,1,$55.92,USD,0,Monthly,ACH,2024-12-16,
SUB-001530,ACC-101918,Business,1,564.08,USD,0,Annual,Credit Card,2024-03-10,2026-01-24
SUB-001531,ACC-101918,Enterprise,2,1585,USD,25,Monthly,credit card,2026-01-24,
SUB-001532,ACC-102168,Starter,4,81,USD,0,Monthly,Credit Card,2025-07-09,2025-10-08
SUB-001533,ACC-102168,Business,5,"$1,056.09",USD,0,Annual,Credit Card,2025-10-08,
SUB-001534,ACC-102132,Starter,1,35,USD,25,Monthly,Credit Card,2023-03-17,
SUB-001535,ACC-101539,Pro,3,230.09,USD,5,Annual,ACH,2023-09-23,2025-11-23
SUB-001536,ACC-104054,Enterprise,9,"4,200.71",USD,10,Monthly,Invoice,09/24/2022,06/08/2025
SUB-001537,ACC-104054,Starter,3,68.93,USD,0,Monthly,Credit Card,2025-08-06,
SUB-001538,ACC-103275,Business,4,€916.57,EUR,0,Annual,Credit Card,2024-03-25,25-Dec-2024
SUB-001539,ACC-103275,Enterprise,2,"2,108.37",EUR,0,Annual,credit card,25-Dec-2024,
SUB-001540,ACC-100292,Pro,2,$220.20,USD,5,Monthly,Credit Card,08/13/2022,2024-06-27
SUB-001541,ACC-100292,Business,3,739.07,USD,0,Monthly,ACH,2024-06-27,03/06/2025
SUB-001542,ACC-100292,Enterprise,1,"$2,201.12",USD,0,Annual,credit card,06/03/2025,2025-08-13
SUB-001543,ACC-101199,Starter,4,73.88,USD,0,Annual,Invoice,22/07/2025,
SUB-001544,ACC-105771,Business,2,691.07,USD,0,Monthly,ACH,2024-12-03,2025-11-17
SUB-001545,ACC-105771,Pro,3,$236.81,USD,0,Monthly,Credit Card,17/11/2025,03/01/2026
SUB-001546,ACC-105416,Starter,1,46.79,USD,0,Monthly,Invoice,03/01/2023,
SUB-001547,ACC-105418,Pro,1,192.87,USD,0,Annual,credit card,2023/06/23,03/13/2025
SUB-001548,ACC-105418,Enterprise,4,3293,USD,0,Monthly,ACH,2025-03-13,
SUB-001549,ACC-102918,Pro,6,$376.61,USD,0,Monthly,Invoice,09-Dec-2023,
SUB-001550,ACC-103523,Pro,15,699.38,USD,0,Annual,Credit Card,2023-04-05,
SUB-001551,ACC-104165,Pro,1,196.45,USD,0,Monthly,ACH,15-Aug-2025,
SUB-001552,ACC-101623,Business,1,$678.08,USD,0,Monthly,Invoice,29-Oct-2022,
SUB-001553,ACC-101360,Business,2,666.34,USD,0,Monthly,Credit Card,2024-09-14,14-Apr-2026
SUB-001554,ACC-101174,Enterprise,5,"3,281.83",USD,0,Annual,Credit Card,2024-03-23,2026-05-23
SUB-001555,ACC-101782,Pro,3,$ 264,USD,0,Monthly,,11-Oct-2023,05/07/2025
SUB-001556,ACC-101782,Starter,4,$54.86,USD,15,Annual,Invoice,2025-05-07,
SUB-001557,ACC-103971,Starter,2,51,GBP,0,Annual,credit card,2023-07-01,2024-02-27
SUB-001558,ACC-103971,Business,4,£940.94,GBP,0,Annual,Credit Card,2024-02-27,2026-03-01
SUB-001559,ACC-100273,Pro,1,$221.44,USD,0,Monthly,Invoice,2023-12-13,2026-01-01
SUB-001560,ACC-100273,Enterprise,5,"3,032.50",USD,0,Annual,,2026-01-01,05/13/2026
SUB-001561,ACC-104152,Starter,3,70.16,USD,0,Monthly,Credit Card,25/12/2023,
SUB-001562,ACC-100613,Starter,4,78.77,USD,0,Monthly,credit card,2022-02-24,2025-02-24
SUB-001563,ACC-103653,Pro,2,233.24,USD,0,Monthly,Credit Card,07-Aug-2025,2025-09-07
SUB-001564,ACC-102942,Pro,1,182,EUR,0,Monthly,Invoice,08-Sep-2024,
SUB-001565,ACC-105545,Starter,1,$ 51,USD,0,Annual,Credit Card,2023-04-27,27-Oct-2023
SUB-001566,ACC-105545,Pro,1,197.68,USD,0,Annual,credit card,2023-10-27,10/27/2023
SUB-001567,ACC-103023,Pro,1,$208.12,USD,0,Monthly,Credit Card,2023-01-05,13/12/2025
SUB-001568,ACC-103023,Starter,5,80.04,USD,0,Annual,Credit Card,2025-12-13,
SUB-001569,ACC-105505,Pro,3,240.12,EUR,0,Monthly,Credit Card,2024-02-02,
SUB-001570,ACC-100505,Pro,1,182,USD,20,Monthly,Credit Card,19/11/2023,2024-06-19
SUB-001571,ACC-104610,Business,1,668.71,USD,0,Monthly,Credit Card,2022/11/28,
SUB-001572,ACC-100272,Starter,4,67,USD,5,Monthly,Credit Card,06/28/2025,
SUB-001573,ACC-102173,Pro,3,250,USD,0,Monthly,Credit Card,03/08/2023,03/03/2025
SUB-001574,ACC-102187,Starter,3,61.65,USD,10,Monthly,credit card,2024-07-10,2024-12-14
SUB-001575,ACC-102187,Business,8,1280,USD,0,Monthly,Credit Card,2024-12-14,2025-07-10
SUB-001576,ACC-102678,Starter,3,€ 59,EUR,0,Annual,Invoice,2025-07-16,
SUB-001577,ACC-103265,Business,4,987.64,USD,0,Monthly,Invoice,18/12/2024,
SUB-001578,ACC-105084,Enterprise,1,"$1,937.21",USD,0,Monthly,Credit Card,07/06/2023,2025-06-07
SUB-001579,ACC-105084,Pro,4,$ 287,USD,0,Monthly,Invoice,2025-06-07,
SUB-001580,ACC-100106,Pro,7,422.63,EUR,0,Monthly,credit card,2024-08-29,11/20/2025
SUB-001581,ACC-100106,Enterprise,1,"€1,838.55",EUR,5,Annual,Invoice,2025-11-20,
SUB-001582,ACC-101142,Business,2,713,USD,0,Monthly,ACH,2022-10-24,02/24/2026
SUB-001583,ACC-101374,Enterprise,4,"$ 2,934",USD,0,Monthly,Credit Card,01/05/2022,13/04/2023
SUB-001584,ACC-101374,Business,4,851.71,USD,0,Monthly,ACH,2023-04-13,
SUB-001585,ACC-100952,Starter,4,$ 65,USD,0,Monthly,ACH,02-May-2024,04/25/2025
SUB-001586,ACC-100952,Pro,5,333,USD,0,Monthly,Credit Card,2025-04-25,02/02/2026
SUB-001587,ACC-103008,Starter,4,68.71,USD,0,Annual,ACH,12/26/2023,04/26/2024
SUB-001588,ACC-101672,Enterprise,1,"$1,655.86",USD,15,Monthly,ACH,2023/06/18,2024-05-07
SUB-001589,ACC-101672,Business,6,1049,USD,0,Monthly,Credit Card,2024-05-07,
SUB-001590,ACC-103018,Starter,3,€61.97,EUR,10,Monthly,ACH,11/21/2023,2024-11-13
SUB-001591,ACC-103018,Pro,2,180.18,EUR,15,Monthly,Invoice,2024-11-13,21-Oct-2025
SUB-001592,ACC-104706,Starter,4,78,GBP,0,Monthly,Invoice,19/02/2022,
SUB-001593,ACC-102387,Starter,5,€73.45,EUR,0,Monthly,Credit Card,06/03/2023,07/06/2024
SUB-001594,ACC-101024,Pro,1,180,USD,0,Monthly,Invoice,08-Feb-2022,06/08/2025
SUB-001595,ACC-104372,Starter,3,57.74,EUR,0,Monthly,Credit Card,05/23/2023,01/04/2024
SUB-001596,ACC-104372,Enterprise,5,"2,442.06",EUR,20,Monthly,Invoice,04-Jan-2024,
SUB-001597,ACC-103908,Starter,2,$63.62,USD,0,Annual,ACH,2022-10-20,11/20/2025
SUB-001598,ACC-100416,Starter,14,133.97,USD,0,Monthly,Invoice,10-Dec-2023,10-Jan-2026
SUB-001599,ACC-100416,Enterprise,2,"$ 2,311",USD,0,Monthly,ACH,2026-01-10,07-May-2026
SUB-001600,ACC-100416,Business,1,627,USD,0,Annual,ACH,05/07/2026,
SUB-001601,ACC-104624,Business,3,819.59,USD,0,Annual,,06/25/2022,2023-03-01
SUB-001602,ACC-104624,Pro,2,$262.08,USD,0,Monthly,Credit Card,2023-03-01,25/06/2023
SUB-001603,ACC-104772,Starter,1,53.52,USD,0,Annual,Invoice,10/11/2023,11/05/2024
SUB-001604,ACC-104772,Enterprise,4,"$ 2,666",USD,0,Monthly,,2024/05/11,
SUB-001605,ACC-102868,Business,6,978.10,USD,0,Annual,Credit Card,2022-11-03,2026-03-29
SUB-001606,ACC-102868,Starter,1,45,USD,10,Monthly,credit card,2026-03-29,
SUB-001607,ACC-100564,Starter,1,46.96,USD,15,Annual,ACH,2023-06-22,
SUB-001608,ACC-100478,Business,2,764,USD,0,Monthly,Credit Card,02/04/2025,
SUB-001609,ACC-101765,Starter,4,£66.35,GBP,0,Monthly,Credit Card,21-May-2022,2022/10/27
SUB-001610,ACC-101765,Business,3,647,GBP,25,Monthly,Credit Card,2022-10-27,2022-11-21
SUB-001611,ACC-101765,Starter,2,60,GBP,0,Monthly,Credit Card,11/21/2022,2022-11-21
SUB-001612,ACC-100142,Pro,1,224.42,USD,0,Monthly,Credit Card,01/11/2022,2024-12-02
SUB-001613,ACC-100142,Enterprise,2,2525,USD,0,Monthly,Credit Card,2024/12/02,
SUB-001614,ACC-104060,Pro,1,180.41,EUR,0,Annual,Credit Card,03/29/2024,2024-05-20
SUB-001615,ACC-104060,Business,6,"1,136.74",EUR,0,Annual,,20/05/2024,09/29/2024
SUB-001616,ACC-104830,Business,2,559.93,EUR,25,Monthly,ACH,2025-02-21,
SUB-001617,ACC-102042,Starter,3,63.71,USD,0,Monthly,Invoice,03/19/2025,2025-10-19
SUB-001618,ACC-103808,Pro,4,€263.29,EUR,0,Annual,ACH,2022-02-25,2025/03/07
SUB-001619,ACC-103808,Business,3,€ 884,EUR,0,Monthly,Invoice,2025-03-07,2025-05-25
SUB-001620,ACC-100605,Starter,4,76,GBP,0,Monthly,ACH,,
SUB-001621,ACC-104714,Enterprise,1,"$ 1,937",USD,0,Monthly,Invoice,2025-06-12,12/07/2025
SUB-001622,ACC-104714,Business,4,904.76,USD,0,Monthly,,2025-12-07,
SUB-001623,ACC-104981,Business,1,667.81,USD,0,Monthly,Credit Card,2024-11-30,
SUB-001624,ACC-100497,Starter,7,$84.72,USD,0,Annual,Invoice,2023-06-27,12/27/2023
SUB-001625,ACC-105181,Starter,4,74,USD,0,Annual,ACH,03/30/2022,
SUB-001626,ACC-101302,Starter,10,114,USD,0,Monthly,credit card,2023-03-29,12/02/2023
SUB-001627,ACC-101302,Enterprise,3,2717,USD,0,Monthly,Credit Card,2023-12-02,
SUB-001628,ACC-105755,Pro,10,532.07,USD,0,Annual,ACH,2023-04-01,2023/05/09
SUB-001629,ACC-105755,Starter,1,46.74,USD,10,Monthly,Credit Card,05/09/2023,2024-09-01
SUB-001630,ACC-102436,Starter,3,€ 67,EUR,0,Monthly,Credit Card,2025-04-15,15/06/2025
SUB-001631,ACC-100721,Pro,2,$245.57,USD,0,Monthly,Credit Card,2024-01-02,06/20/2024
SUB-001632,ACC-100721,Enterprise,2,"$ 2,264",USD,0,Annual,Invoice,2024-06-20,
SUB-001633,ACC-101209,Starter,2,$ 59,USD,0,Monthly,Invoice,2022-10-03,
SUB-001634,ACC-101025,Business,8,1355,USD,0,Monthly,,02-Oct-2022,
SUB-001635,ACC-101438,Business,3,766,USD,0,Monthly,ACH,2024-04-03,
SUB-001636,ACC-102893,Starter,3,62,USD,0,Monthly,,2024-02-12,2024-08-29
SUB-001637,ACC-102893,Pro,2,$241.93,USD,0,Monthly,Credit Card,2024-08-29,2025-10-12
SUB-001638,ACC-104343,Business,3,747,USD,0,Annual,Credit Card,2024-12-31,2025-11-24
SUB-001639,ACC-104343,Enterprise,1,"$1,614.64",USD,25,Monthly,Credit Card,2025-11-24,2026-04-08
SUB-001640,ACC-104343,Starter,5,$63.21,USD,25,Monthly,credit card,2026-04-08,
SUB-001641,ACC-102586,Starter,5,78,USD,0,Monthly,Credit Card,2022-02-15,2022-09-15
SUB-001642,ACC-102215,Starter,3,$ 68,USD,0,Monthly,Invoice,26/07/2022,2024-09-05
SUB-001643,ACC-102215,Business,3,811,USD,0,Annual,ACH,05-Sep-2024,
SUB-001644,ACC-104901,Starter,2,53.03,USD,0,Annual,credit card,2024-11-24,2025-02-24
SUB-001645,ACC-101720,Business,4,939.57,USD,0,Monthly,ACH,2024-12-21,2025-02-21
SUB-001646,ACC-105443,Starter,7,94.05,USD,0,Monthly,Credit Card,10/21/2022,2022-12-13
SUB-001647,ACC-105443,Business,3,$889.29,USD,0,Monthly,credit card,2022-12-13,21/05/2023
SUB-001648,ACC-104187,Starter,3,68,USD,0,Monthly,ACH,2022-08-17,2024-06-17
SUB-001649,ACC-102163,Pro,3,£261.04,GBP,0,Annual,Credit Card,2022-08-14,
SUB-001650,ACC-105886,Enterprise,2,2505,USD,0,Monthly,Credit Card,21-Mar-2023,
SUB-001651,ACC-100336,Business,3,794.20,USD,0,Monthly,credit card,09/14/2024,15/02/2025
SUB-001652,ACC-100336,Starter,4,$66.46,USD,0,Monthly,Credit Card,2025-02-15,
SUB-001653,ACC-105332,Starter,1,€46.80,EUR,15,Annual,Credit Card,18-Dec-2022,28-Jan-2026
SUB-001654,ACC-105332,Business,1,€411.70,EUR,25,Monthly,Invoice,2026-01-28,
SUB-001655,ACC-102303,Pro,3,$284.07,USD,0,Monthly,Credit Card,25/03/2024,2025-10-25
SUB-001656,ACC-104541,Starter,1,53.83,EUR,0,Monthly,credit card,2023-07-19,
SUB-001657,ACC-102716,Business,2,$ 667,USD,15,Monthly,Credit Card,2023-10-09,
SUB-001658,ACC-101844,Business,1,5.00,USD,150,Annual,Invoice,2022-02-01,2026-02-01
SUB-001659,ACC-102077,Starter,2,$58.61,USD,0,Monthly,Invoice,04/06/2025,
SUB-001660,ACC-102676,Starter,1,53,USD,0,Annual,Credit Card,2022-05-11,2025-01-16
SUB-001661,ACC-102676,Business,1,664.79,USD,0,Annual,Credit Card,2025-01-16,20/02/2025
SUB-001662,ACC-102676,Enterprise,1,2188,USD,0,Annual,Credit Card,02/20/2025,2025-03-11
SUB-001663,ACC-105474,Starter,3,58.38,USD,0,Monthly,ACH,22/03/2023,
SUB-001664,ACC-103227,Pro,1,195.57,USD,0,Monthly,Credit Card,02/29/2024,2025-04-29
SUB-001665,ACC-100724,Pro,1,$ 181,USD,0,Monthly,Credit Card,2022-04-25,
SUB-001666,ACC-100765,Starter,2,52.34,USD,0,Annual,,08-Sep-2023,12/08/2023
SUB-001667,ACC-100286,Pro,1,203,USD,0,Monthly,Credit Card,2024/05/13,
SUB-001668,ACC-100307,Starter,1,47.11,USD,0,Monthly,Credit Card,08/10/2022,2024-09-10
SUB-001669,ACC-102554,Pro,5,327.52,USD,0,Monthly,credit card,2025-08-05,2025-10-30
SUB-001670,ACC-102554,Business,3,$877.84,USD,0,Annual,Credit Card,2025/10/30,2025/11/05
SUB-001671,ACC-104733,Starter,3,$ 72,USD,0,Monthly,Credit Card,07/19/2023,2026-04-19
SUB-001672,ACC-102103,Pro,12,$ 587,USD,0,Monthly,Credit Card,24/07/2025,
SUB-001673,ACC-105515,Business,4,998.16,USD,0,Annual,credit card,2024-12-03,12/03/2025
SUB-001674,ACC-104039,Pro,3,$253.17,USD,0,Monthly,Credit Card,21-Feb-2022,25-Apr-2023
SUB-001675,ACC-104039,Enterprise,1,"$1,386.02",USD,25,Annual,Credit Card,04/25/2023,
SUB-001676,ACC-104010,Pro,1,208.00,USD,0,Monthly,Credit Card,15-Jun-2023,2023-07-15
SUB-001677,ACC-105157,Starter,3,63.25,USD,0,Annual,Credit Card,29/01/2023,01-Sep-2023
SUB-001678,ACC-105157,Pro,2,257,USD,0,Monthly,Credit Card,01-Sep-2023,
SUB-001679,ACC-101665,Pro,3,216.87,USD,15,Annual,credit card,2023-04-21,
SUB-001680,ACC-100071,Pro,3,€289.90,EUR,0,Monthly,Credit Card,12/20/2022,2025/04/02
SUB-001681,ACC-100071,Enterprise,2,2248,EUR,0,Monthly,Invoice,2025-04-02,
SUB-001682,ACC-101662,Enterprise,3,"$2,622.37",USD,10,Annual,Credit Card,2023-02-21,12/21/2025
SUB-001683,ACC-100711,Pro,1,$ 219,USD,0,Monthly,credit card,24-Jan-2024,24/02/2025
SUB-001684,ACC-103820,Starter,5,80.81,USD,0,Monthly,Invoice,2023-09-21,2026-01-31
SUB-001685,ACC-103820,Business,5,764.12,USD,20,Monthly,Credit Card,2026-01-31,
SUB-001686,ACC-101020,Starter,3,59.86,USD,0,Annual,Invoice,07/16/2024,2025-01-10
SUB-001687,ACC-101020,Pro,5,321.82,USD,0,Annual,Credit Card,2025-01-10,
SUB-001688,ACC-101425,Starter,4,$ 74,USD,0,Monthly,Credit Card,2024-07-10,2025-07-09
SUB-001689,ACC-101425,Pro,2,$261.12,USD,0,Annual,ACH,07/09/2025,10/02/2026
SUB-001690,ACC-104599,Starter,6,98.24,USD,0,Annual,Invoice,2022/01/03,2024-05-25
SUB-001691,ACC-104599,Pro,1,201,USD,0,Monthly,Credit Card,25/05/2024,
SUB-001692,ACC-104376,Pro,3,256.79,GBP,0,Monthly,Credit Card,2023-09-26,2024-02-12
SUB-001693,ACC-104376,Starter,8,105.66,GBP,0,Monthly,credit card,2024-02-12,2025-08-18
SUB-001694,ACC-104376,Business,1,639,GBP,0,Monthly,,2025-08-18,
SUB-001695,ACC-100737,Pro,3,293.05,USD,0,Monthly,Invoice,2023-07-26,
SUB-001696,ACC-103484,Business,4,$700.23,USD,20,Annual,Credit Card,2023-10-27,2023-12-27
SUB-001697,ACC-104378,Starter,2,64,USD,0,Monthly,credit card,20/07/2025,2025-08-20
SUB-001698,ACC-102031,Starter,5,89.30,USD,0,Monthly,Credit Card,2023-10-30,07/30/2024
SUB-001699,ACC-105651,Business,2,721.04,USD,0,Monthly,Credit Card,13-Mar-2025,2025-07-31
SUB-001700,ACC-105651,Enterprise,7,"4,214.02",USD,0,Monthly,Credit Card,07/31/2025,12/13/2025
SUB-001701,ACC-102370,Enterprise,4,2981,USD,0,Monthly,Credit Card,02/17/2023,
SUB-001702,ACC-102473,Starter,4,67.46,USD,0,Annual,Invoice,03/10/2022,2024-12-10
SUB-001703,ACC-101095,Starter,2,$ 41,USD,20,Annual,Invoice,2025-06-07,2025-10-07
SUB-001704,ACC-103497,Pro,2,261.59,EUR,0,Monthly,Credit Card,2022-12-18,29/04/2023
SUB-001705,ACC-103497,Enterprise,1,2055,EUR,0,Monthly,Credit Card,04/29/2023,21-Jan-2026
SUB-001706,ACC-103497,Pro,7,€371.11,EUR,10,Monthly,Credit Card,2026-01-21,
SUB-001707,ACC-105361,Pro,8,$ 407,USD,0,Monthly,Credit Card,28/04/2024,
SUB-001708,ACC-103021,Starter,2,57.86,USD,0,Monthly,Credit Card,10-Aug-2024,2025-09-10
SUB-001709,ACC-103393,Pro,1,191.16,USD,0,Monthly,Invoice,2023-03-12,09/14/2024
SUB-001710,ACC-103393,Business,8,"1,300.94",USD,0,Annual,Credit Card,2024-09-14,
SUB-001711,ACC-105937,Business,5,$972.87,USD,0,Annual,Credit Card,27-Apr-2022,2022-12-27
SUB-001712,ACC-100978,Pro,1,198,USD,0,Monthly,Credit Card,2022-04-09,11/26/2022
SUB-001713,ACC-100978,Enterprise,1,"$1,917.19",USD,0,Monthly,Credit Card,11/26/2022,01/12/2023
SUB-001714,ACC-100978,Starter,2,64,USD,0,Monthly,credit card,2023/01/12,2023/05/09
SUB-001715,ACC-102809,Starter,6,98,EUR,0,Monthly,ACH,2022-11-03,2024-10-31
SUB-001716,ACC-102809,Pro,1,137,EUR,25,Monthly,Invoice,2024-10-31,03/11/2024
SUB-001717,ACC-105180,Starter,3,66.20,USD,-10,Annual,ACH,04/03/2024,
SUB-001718,ACC-103622,Starter,2,58.38,USD,0,Monthly,Credit Card,05/03/2025,
SUB-001719,ACC-102988,Enterprise,2,2376,USD,0,Annual,Credit Card,01/30/2024,09/30/2024
SUB-001720,ACC-105358,Pro,6,254.49,USD,25,Annual,Invoice,2024-03-01,2024-06-03
SUB-001721,ACC-105358,Business,4,949.14,USD,0,Monthly,Credit Card,03/06/2024,24-Feb-2025
SUB-001722,ACC-105358,Starter,1,46.72,USD,5,Annual,Credit Card,2025-02-24,2025-03-01
SUB-001723,ACC-100344,Pro,4,323,USD,0,Monthly,Credit Card,2025-04-21,
SUB-001724,ACC-104486,Starter,5,$74.58,USD,0,Monthly,Credit Card,2022-12-28,02/11/2026
SUB-001725,ACC-104486,Business,2,$768.71,USD,0,Monthly,Credit Card,11-Feb-2026,
SUB-001726,ACC-100911,Starter,3,66.41,USD,0,Annual,Credit Card,07-May-2023,23/06/2024
SUB-001727,ACC-100911,Business,1,545.07,USD,0,Monthly,ACH,06/23/2024,
SUB-001728,ACC-101684,Pro,3,$ 286,USD,0,Annual,credit card,10/05/2022,2022-10-10
SUB-001729,ACC-100047,Starter,4,68.01,USD,0,Monthly,ACH,2025-01-29,
SUB-001730,ACC-105020,Starter,2,$ 57,USD,0,Monthly,Credit Card,2022-12-17,2024-09-17
SUB-001731,ACC-105020,Business,1,673.90,USD,0,Monthly,Invoice,17/09/2024,10/17/2024
SUB-001732,ACC-105270,Pro,2,214,USD,0,Monthly,,2023-11-13,
SUB-001733,ACC-100443,Pro,5,300,USD,10,Annual,ACH,2024-01-19,
SUB-001734,ACC-101770,Starter,5,76.85,USD,0,Monthly,Credit Card,2022-02-02,
SUB-001735,ACC-105841,Business,2,€ 721,EUR,0,Monthly,Credit Card,2024/01/19,2025-01-19
SUB-001736,ACC-105275,Starter,3,£ 65,GBP,0,Monthly,Invoice,2024/09/05,
SUB-001737,ACC-104074,Starter,3,60.95,USD,0,Monthly,ACH,02/16/2022,12/16/2022
SUB-001738,ACC-102913,Business,5,$911.51,USD,10,Annual,Credit Card,2025-03-26,
SUB-001739,ACC-103102,Enterprise,2,"$ 2,543",USD,0,Monthly,,2023-06-21,
SUB-001740,ACC-101295,Business,9,1199,USD,0,Monthly,Invoice,2022-12-14,13-May-2024
SUB-001741,ACC-101295,Pro,1,$213.74,USD,0,Monthly,Credit Card,2024-05-13,28/07/2025
SUB-001742,ACC-101295,Business,1,591.87,USD,0,Monthly,credit card,07/28/2025,
SUB-001743,ACC-101544,Starter,1,$46.83,USD,0,Annual,Invoice,16-Jun-2025,2026-01-06
SUB-001744,ACC-101544,Business,1,642,USD,0,Monthly,,2026-01-06,04/16/2026
SUB-001745,ACC-102921,Pro,1,142.88,USD,25,Annual,Credit Card,2022-07-19,2025-03-19
SUB-001746,ACC-101055,Enterprise,1,"$ 1,894",USD,0,Monthly,Invoice,03/05/2025,
SUB-001747,ACC-100848,Business,1,636.47,USD,0,Monthly,Credit Card,12/16/2023,05/16/2025
SUB-001748,ACC-102750,Starter,3,53.70,USD,15,Monthly,ACH,08/01/2024,
SUB-001749,ACC-102025,Starter,4,$ 70,USD,0,Annual,ACH,10/09/2022,2025/09/21
SUB-001750,ACC-102025,Pro,3,$286.37,USD,0,Monthly,Credit Card,21-Sep-2025,
SUB-001751,ACC-103464,Enterprise,1,"$1,656.34",USD,25,Monthly,Credit Card,20-Jul-2025,2026-01-02
SUB-001752,ACC-103464,Starter,7,$84.07,USD,0,Monthly,credit card,2026-01-02,
SUB-001753,ACC-102820,Starter,2,64.37,USD,0,Monthly,ACH,19-Jul-2024,12/08/2025
SUB-001754,ACC-102820,Business,1,546.83,USD,0,Annual,credit card,12/08/2025,
SUB-001755,ACC-105687,Pro,5,328.53,USD,0,Annual,Credit Card,2023-04-23,12/23/2023
SUB-001756,ACC-104339,Pro,4,259.86,USD,0,Monthly,Credit Card,2024-03-25,
SUB-001757,ACC-104919,Starter,10,£110.23,GBP,0,Monthly,Invoice,01/19/2025,
SUB-001758,ACC-101112,Pro,3,197,USD,20,Monthly,Invoice,2023-07-23,23-Apr-2026
SUB-001759,ACC-102210,Pro,2,€ 208,EUR,0,Annual,Credit Card,2023-06-07,2023-09-07
SUB-001760,ACC-100776,Business,2,526.25,USD,20,Annual,Credit Card,2025-02-16,2025-12-07
SUB-001761,ACC-100776,Pro,2,242.15,USD,0,Monthly,,2025-12-07,
SUB-001762,ACC-105758,Starter,6,$71.75,USD,20,Monthly,,03/03/2022,2023-09-03
SUB-001763,ACC-100183,Business,1,£601.94,GBP,0,Monthly,Credit Card,02/07/2022,07-Apr-2025
SUB-001764,ACC-103411,Business,4,$933.82,USD,0,Annual,Invoice,06/27/2022,2025-02-27
SUB-001765,ACC-105256,Starter,1,50,USD,0,Monthly,ACH,2024-09-28,2025-02-28
SUB-001766,ACC-101263,Pro,1,213.03,USD,0,Monthly,credit card,11/12/2023,12/06/2024
SUB-001767,ACC-101263,Starter,5,72,USD,0,Monthly,Credit Card,06/12/2024,2025-06-12
SUB-001768,ACC-104210,Enterprise,2,2223,USD,15,Monthly,Credit Card,04/04/2024,
SUB-001769,ACC-100734,Starter,1,$ 51,USD,5,Annual,Credit Card,24-Feb-2024,
SUB-001770,ACC-101945,Pro,2,$ 246,USD,0,Monthly,Credit Card,2023-01-03,
SUB-001771,ACC-101168,Starter,2,46,USD,15,Annual,Credit Card,2024/11/13,
SUB-001772,ACC-103252,Starter,2,$ 63,USD,0,Annual,Credit Card,2024-11-28,14-May-2026
SUB-001773,ACC-103252,Enterprise,2,"$2,200.19",USD,0,Monthly,Credit Card,05/14/2026,
SUB-001774,ACC-103905,Starter,3,58.94,USD,0,Monthly,ACH,2024-07-13,2024-12-13
SUB-001775,ACC-100902,Pro,2,$253.40,USD,0,Monthly,Credit Card,2022-08-17,2023-08-05
SUB-001776,ACC-100902,Business,6,1148,USD,0,Annual,ACH,2023-08-05,17/06/2025
SUB-001777,ACC-100485,Starter,1,49.18,USD,10,Monthly,Credit Card,16-Nov-2024,2025-01-28
SUB-001778,ACC-100485,Enterprise,2,"$ 2,442",USD,0,Annual,Invoice,2025-01-28,2025-10-16
SUB-001779,ACC-105615,Business,1,685.77,EUR,0,Monthly,Credit Card,01/02/2023,2025-09-15
SUB-001780,ACC-105615,Starter,3,54.22,EUR,10,Annual,Credit Card,2025-09-15,
SUB-001781,ACC-100452,Starter,2,56.91,USD,0,Monthly,Credit Card,2023-07-03,2023-10-19
SUB-001782,ACC-100452,Business,1,677,USD,0,Monthly,Credit Card,19/10/2023,2023-11-03
SUB-001783,ACC-102154,Starter,2,50.78,USD,0,Annual,Credit Card,2022-01-01,2022-10-14
SUB-001784,ACC-102154,Business,5,1026,USD,0,Annual,Credit Card,10/14/2022,2022-11-01
SUB-001785,ACC-105891,Pro,4,$247.70,USD,15,Annual,ACH,12/18/2024,
SUB-001786,ACC-100030,Starter,4,$ 75,USD,5,Monthly,ACH,2022-07-04,2024-07-01
SUB-001787,ACC-100030,Pro,3,$ 283,USD,0,Monthly,Credit Card,01/07/2024,
SUB-001788,ACC-100789,Enterprise,4,1979,USD,25,Monthly,Credit Card,06/28/2025,
SUB-001789,ACC-105453,Business,2,€ 622,EUR,0,Annual,credit card,2023-07-09,2023-09-09
SUB-001790,ACC-102410,Enterprise,2,"$2,390.89",USD,0,Monthly,ACH,06-Oct-2024,2026-05-08
SUB-001791,ACC-102410,Business,1,547.64,USD,10,Monthly,Credit Card,2026-05-08,
SUB-001792,ACC-101109,Starter,1,47.46,EUR,0,Monthly,Credit Card,22-May-2023,
SUB-001793,ACC-100100,Starter,3,€48.74,EUR,25,Monthly,Invoice,06-Jun-2023,2024-08-13
SUB-001794,ACC-100100,Business,7,"€1,097.97",EUR,0,Monthly,Credit Card,08/13/2024,2025-03-06
SUB-001795,ACC-104086,Starter,7,$87.67,USD,0,Monthly,Credit Card,21-Jan-2024,01/21/2025
SUB-001796,ACC-103639,Enterprise,4,2859,GBP,0,Monthly,Credit Card,03-Jun-2025,07/07/2025
SUB-001797,ACC-103639,Business,13,"1,714.14",GBP,0,Monthly,ACH,2025-07-07,
SUB-001798,ACC-103256,Starter,3,59.11,EUR,0,Annual,credit card,03/17/2024,2025-03-17
SUB-001799,ACC-101557,Pro,2,184,EUR,15,Monthly,Credit Card,2025-07-06,09/06/2025
SUB-001800,ACC-102254,Pro,2,217.22,USD,0,Monthly,,27-Jul-2024,04/27/2025
SUB-001801,ACC-101616,Starter,5,86.02,USD,0,Monthly,ACH,01/07/2025,2026-04-07
SUB-001802,ACC-103866,Starter,3,66.61,EUR,0,Monthly,Invoice,10/02/2023,2024/03/25
SUB-001803,ACC-103866,Business,7,824,EUR,25,Monthly,ACH,2024-03-25,
SUB-001804,ACC-103207,Pro,2,$225.68,USD,0,Monthly,Credit Card,2025-02-05,
SUB-001805,ACC-100861,Starter,4,66.40,USD,0,Monthly,Invoice,11/16/2023,08/16/2025
SUB-001806,ACC-102484,Starter,9,113.01,USD,0,Monthly,Credit Card,2024-09-03,2025-03-26
SUB-001807,ACC-102484,Pro,4,$266.71,USD,0,Monthly,Credit Card,26-Mar-2025,2025-10-03
SUB-001808,ACC-100903,Starter,2,42,USD,25,Monthly,Credit Card,2023-01-26,18-Mar-2024
SUB-001809,ACC-100903,Pro,3,5.00,USD,150,Annual,credit card,2024/03/18,2025-07-26
SUB-001810,ACC-105471,Starter,3,57.79,USD,0,Annual,ACH,07/09/2022,07-Feb-2024
SUB-001811,ACC-100109,Starter,1,$48.20,USD,0,Monthly,Credit Card,2024-04-14,
SUB-001812,ACC-102758,Starter,5,$72.84,USD,0,Monthly,Invoice,2023-06-16,17-Apr-2025
SUB-001813,ACC-102758,Business,2,597.35,USD,5,Annual,,2025-04-17,
SUB-001814,ACC-101419,Pro,4,328,USD,0,Monthly,Credit Card,2023-06-29,
SUB-001815,ACC-105106,Starter,3,$ 68,USD,0,Annual,Credit Card,16/05/2024,2024-06-16
SUB-001816,ACC-102846,Pro,1,215,USD,0,Monthly,Credit Card,16/08/2025,
SUB-001817,ACC-102755,Starter,3,59.74,USD,0,Monthly,Credit Card,07/11/2024,2025-02-11
SUB-001818,ACC-103816,Business,1,539,USD,0,Monthly,Credit Card,07/24/2024,13/05/2025
SUB-001819,ACC-103816,Pro,1,$221.19,USD,0,Monthly,Credit Card,2025/05/13,2025-08-11
SUB-001820,ACC-103816,Starter,5,$57.39,USD,20,Monthly,Credit Card,08/11/2025,24/08/2025
SUB-001821,ACC-103628,Starter,3,$5.00,USD,150,Monthly,Credit Card,2024/01/02,2024-02-25
SUB-001822,ACC-103628,Enterprise,2,"$2,316.32",USD,0,Monthly,credit card,2024-02-25,2024-05-12
SUB-001823,ACC-103628,Business,4,825.07,USD,0,Monthly,,2024-05-12,2024-10-02
SUB-001824,ACC-105949,Starter,2,57.00,USD,0,Monthly,Credit Card,2024-11-22,27/06/2025
SUB-001825,ACC-105949,Pro,2,210,USD,0,Annual,Credit Card,06/27/2025,
SUB-001826,ACC-104458,Pro,1,196.18,EUR,0,Monthly,credit card,2025-02-08,
SUB-001827,ACC-104241,Starter,1,$48.02,USD,0,Monthly,Credit Card,2022-02-03,12/10/2022
SUB-001828,ACC-104241,Business,3,705.04,USD,0,Annual,ACH,2022-12-10,
SUB-001829,ACC-104307,Pro,1,225.37,EUR,0,Monthly,Credit Card,03/23/2022,04/10/2023
SUB-001830,ACC-104307,Business,2,€ 466,EUR,25,Monthly,ACH,10/04/2023,
SUB-001831,ACC-104842,Pro,2,240,USD,0,Monthly,Credit Card,2022-05-12,04/12/2026
SUB-001832,ACC-104656,Pro,3,$285.51,USD,0,Annual,ACH,04/30/2025,
SUB-001833,ACC-103785,Pro,2,$212.35,USD,15,Monthly,Credit Card,2022-10-13,
SUB-001834,ACC-105720,Business,8,"1,200.38",USD,0,Annual,Credit Card,22/03/2022,2025-09-22
SUB-001835,ACC-104001,Starter,5,$75.74,USD,15,Monthly,Credit Card,02-Apr-2025,
SUB-001836,ACC-101094,Starter,4,76.95,USD,0,Annual,,22-Aug-2022,2023-01-16
SUB-001837,ACC-101094,Business,1,609,USD,0,Monthly,Invoice,16-Jan-2023,01/22/2023
SUB-001838,ACC-101121,Pro,2,181.57,EUR,25,Monthly,Credit Card,16/07/2022,
SUB-001839,ACC-105111,Pro,2,$159.34,USD,25,Annual,Credit Card,2024-12-12,01-Feb-2026
SUB-001840,ACC-105111,Starter,4,$50.82,USD,25,Monthly,Credit Card,2026-02-01,2026-03-03
SUB-001841,ACC-105111,Business,2,770.91,USD,0,Monthly,credit card,2026-03-03,
SUB-001842,ACC-101499,Starter,1,51,USD,0,Monthly,Credit Card,2022/12/12,2024-06-12
SUB-001843,ACC-100809,Pro,5,$348.13,USD,0,Monthly,Invoice,30-Sep-2023,
SUB-001844,ACC-105299,Business,2,615,USD,20,Annual,credit card,2024-03-30,
SUB-001845,ACC-103176,Starter,1,52,USD,0,Monthly,Credit Card,2024-03-12,2025-11-12
SUB-001846,ACC-105997,Enterprise,3,"$ 2,729",USD,0,Annual,Credit Card,29-Jul-2024,
SUB-001847,ACC-104618,Starter,7,€98.95,EUR,0,Monthly,Credit Card,2022-02-03,03-Jul-2023
SUB-001848,ACC-104951,Starter,1,48,USD,0,Monthly,Invoice,02/27/2025,
SUB-001849,ACC-104657,Pro,3,279,USD,5,Annual,Credit Card,2024-04-15,2025-06-15
SUB-001850,ACC-105735,Enterprise,10,"4,741.97",USD,0,Annual,credit card,2025-08-12,
SUB-001851,ACC-103103,Starter,4,65.39,USD,0,Monthly,ACH,07/16/2024,03-Mar-2025
SUB-001852,ACC-103103,Business,1,$ 607,USD,0,Monthly,Credit Card,03/03/2025,2025-08-16
SUB-001853,ACC-101745,Starter,2,64,USD,0,Annual,ACH,2025-06-02,01/22/2026
SUB-001854,ACC-101745,Pro,2,$ 258,USD,0,Monthly,Credit Card,22/01/2026,02/03/2026
SUB-001855,ACC-102333,Pro,3,$232.72,USD,15,Annual,Credit Card,06-Nov-2024,2025-04-20
SUB-001856,ACC-102333,Business,3,881,USD,0,Monthly,credit card,2025-04-20,2025-05-06
SUB-001857,ACC-102333,Enterprise,1,1887,USD,0,Annual,Invoice,2025-05-06,2025-05-06
SUB-001858,ACC-103666,Starter,3,$62.23,USD,0,Annual,Credit Card,2022-11-14,
SUB-001859,ACC-104604,Pro,2,247.46,USD,0,Monthly,Credit Card,2024/05/02,
SUB-001860,ACC-101666,Pro,4,332,USD,0,Monthly,ACH,2024-06-03,09/03/2025
SUB-001861,ACC-103690,Pro,2,$213.01,USD,0,Monthly,Credit Card,04/24/2023,2023-12-14
SUB-001862,ACC-103690,Business,3,799,USD,0,Monthly,ACH,12/14/2023,
SUB-001863,ACC-102926,Pro,1,$152.65,USD,25,Monthly,Credit Card,2023-12-16,04/16/2026
SUB-001864,ACC-103784,Pro,2,$ 223,USD,0,Monthly,Invoice,2022-08-28,02/05/2024
SUB-001865,ACC-103784,Starter,3,56.59,USD,20,Monthly,Credit Card,2024-02-05,2025/11/23
SUB-001866,ACC-103784,Business,1,651.34,USD,0,Annual,ACH,2025-11-23,
SUB-001867,ACC-101595,Business,2,787.30,EUR,0,Annual,Credit Card,2022-08-11,2023-10-25
SUB-001868,ACC-101595,Enterprise,1,2259,EUR,0,Monthly,,10/25/2023,2024-01-11
SUB-001869,ACC-104883,Pro,4,$263.29,USD,0,Monthly,Invoice,04-Nov-2024,
SUB-001870,ACC-102525,Pro,7,386.24,USD,0,Monthly,Credit Card,08/06/2024,
SUB-001871,ACC-101204,Starter,3,$64.53,USD,0,Monthly,Credit Card,,2024-08-19
SUB-001872,ACC-101204,Pro,2,$ 220,USD,0,Monthly,Invoice,2024-08-19,2024-08-22
SUB-001873,ACC-105710,Business,4,€942.85,EUR,0,Monthly,Invoice,2023-11-18,
SUB-001874,ACC-102598,Pro,6,$ 342,USD,0,Annual,Invoice,2025-04-22,
SUB-001875,ACC-105912,Pro,4,$ 283,USD,0,Annual,Credit Card,2024-10-31,
SUB-001876,ACC-102045,Enterprise,1,"1,933.72",USD,0,Monthly,Credit Card,2025-03-01,
SUB-001877,ACC-102536,Business,4,956.38,USD,0,Annual,Invoice,2022-07-07,2023-06-07
SUB-001878,ACC-102518,Starter,4,$ 69,USD,0,Annual,Credit Card,2025-07-25,2025-08-25
SUB-001879,ACC-102411,Pro,4,200.07,USD,25,Annual,Credit Card,2023/01/03,16/04/2023
SUB-001880,ACC-102411,Enterprise,5,"3,676.03",USD,0,Monthly,Credit Card,04/16/2023,2023-12-03
SUB-001881,ACC-100518,Business,2,$688.63,USD,0,Monthly,Credit Card,01/07/2022,2023-05-03
SUB-001882,ACC-100518,Pro,3,238.40,USD,0,Monthly,Credit Card,03-May-2023,
SUB-001883,ACC-100829,Business,5,930.35,USD,0,Monthly,Credit Card,2023/06/01,07/01/2023
SUB-001884,ACC-102431,Starter,3,59.95,USD,0,Annual,Credit Card,2022-02-06,06/06/2022
SUB-001885,ACC-104228,Pro,1,€ 198,EUR,0,Monthly,ACH,14/01/2022,2025-01-14
SUB-001886,ACC-100438,Business,3,$769.64,USD,0,Monthly,Credit Card,2023-04-13,2024-01-13
SUB-001887,ACC-100627,Enterprise,4,3263,USD,0,Monthly,,09/12/2023,
SUB-001888,ACC-102741,Pro,1,€220.69,EUR,0,Annual,,2022-07-19,08/31/2022
SUB-001889,ACC-102741,Business,1,669,EUR,0,Monthly,Credit Card,08/31/2022,07-Jan-2023
SUB-001890,ACC-102741,Pro,1,€ 223,EUR,0,Monthly,Credit Card,2023-01-07,19-Jan-2023
SUB-001891,ACC-105858,Starter,1,$ 49,USD,10,Annual,credit card,05/03/2023,02/03/2024
SUB-001892,ACC-100925,Business,1,638.21,GBP,0,Monthly,Credit Card,2024/02/04,10/04/2024
SUB-001893,ACC-103107,Starter,1,48,USD,0,Monthly,Credit Card,2023-01-28,06/04/2025
SUB-001894,ACC-103107,Pro,5,293.95,USD,0,Monthly,credit card,2025-06-04,2026-01-26
SUB-001895,ACC-103107,Enterprise,3,"$ 2,473",USD,0,Annual,ACH,01/26/2026,
SUB-001896,ACC-104994,Starter,9,$ 97,USD,0,Monthly,Credit Card,2024-04-11,2024-07-11
SUB-001897,ACC-103396,Starter,2,$ 64,USD,0,Monthly,credit card,2023-07-14,2024-11-20
SUB-001898,ACC-103396,Business,6,"$1,120.87",USD,0,Annual,Credit Card,2024-11-20,2025-04-17
SUB-001899,ACC-103396,Enterprise,4,"$3,157.14",USD,0,Monthly,Credit Card,17-Apr-2025,
SUB-001900,ACC-102945,Pro,5,298.19,USD,10,Monthly,Credit Card,08-Aug-2023,2023-09-08
SUB-001901,ACC-104522,Starter,1,37,USD,20,Monthly,ACH,2022-04-02,2022-03-24
SUB-001902,ACC-104522,Business,1,$695.85,USD,-10,Monthly,Invoice,03/24/2022,2022-03-24
SUB-001903,ACC-101173,Starter,1,49,GBP,0,Annual,Credit Card,2022-06-19,
SUB-001904,ACC-105834,Business,4,953,USD,0,Monthly,Credit Card,2025-03-23,2025-09-09
SUB-001905,ACC-105834,Enterprise,3,"$ 2,432",USD,0,Monthly,ACH,2025-09-09,
SUB-001906,ACC-103910,Business,3,$ 608,USD,20,Annual,Credit Card,10/30/2023,
SUB-001907,ACC-100944,Starter,3,€ 51,EUR,25,Annual,ACH,2025/08/01,
SUB-001908,ACC-104836,Business,1,$673.85,USD,0,Monthly,Invoice,12/01/2023,09/10/2024
SUB-001909,ACC-104836,Starter,4,71.62,USD,0,Monthly,Credit Card,2024-09-10,2026-01-26
SUB-001910,ACC-104836,Pro,2,$244.29,USD,0,Annual,credit card,01/26/2026,2026-02-01
SUB-001911,ACC-103221,Business,4,$913.46,USD,0,Annual,Credit Card,12/10/2023,
SUB-001912,ACC-100012,Pro,10,374.99,USD,15,Annual,Credit Card,08/07/2023,2024-02-08
SUB-001913,ACC-100012,Business,5,901.81,USD,0,Monthly,Credit Card,2024-02-08,
SUB-001914,ACC-101117,Pro,1,$212.26,USD,0,Annual,Credit Card,30-Apr-2023,2023/11/30
SUB-001915,ACC-104424,Pro,3,€238.13,EUR,0,Monthly,Invoice,27/02/2022,2022/07/21
SUB-001916,ACC-104424,Business,1,€ 596,EUR,0,Monthly,Credit Card,21-Jul-2022,2022-10-24
SUB-001917,ACC-104424,Starter,4,77.41,EUR,0,Annual,Invoice,24-Oct-2022,2022-12-27
SUB-001918,ACC-104128,Starter,1,$52.83,USD,0,Monthly,Credit Card,2024-03-22,2026-01-22
SUB-001919,ACC-104860,Pro,3,257.38,USD,0,Monthly,Invoice,06/17/2024,
SUB-001920,ACC-100642,Pro,1,217,USD,0,Annual,Credit Card,2024-06-02,
SUB-001921,ACC-103827,Starter,2,53,USD,0,Annual,Credit Card,09-Jun-2022,2025-04-25
SUB-001922,ACC-103827,Enterprise,6,"3,883.42",USD,0,Monthly,Credit Card,25-Apr-2025,
SUB-001923,ACC-101513,Business,4,948.49,USD,0,Monthly,Credit Card,2022-11-12,12-May-2023
SUB-001924,ACC-101550,Pro,4,327,USD,0,Monthly,Invoice,2023-04-17,2024-02-17
SUB-001925,ACC-102754,Pro,8,371.72,USD,0,Annual,Invoice,2023-03-07,08/24/2024
SUB-001926,ACC-102754,Enterprise,4,"2,602.51",USD,10,Monthly,Credit Card,08/24/2024,2024-11-07
SUB-001927,ACC-101350,Business,2,$689.75,USD,0,Monthly,ACH,2022-11-15,2022-12-15
SUB-001928,ACC-101350,Enterprise,1,"1,977.03",USD,0,Monthly,Credit Card,15/12/2022,2022-12-15
SUB-001929,ACC-104558,Starter,5,$69.71,USD,15,Monthly,Credit Card,05/14/2024,
SUB-001930,ACC-105567,Enterprise,4,"$ 3,023",USD,0,Annual,ACH,2025-01-22,
SUB-001931,ACC-102072,Business,6,"1,194.85",USD,0,Monthly,Credit Card,2023-02-12,01/06/2024
SUB-001932,ACC-102072,Enterprise,1,2198,USD,0,Monthly,credit card,2024-01-06,12-Aug-2025
SUB-001933,ACC-102072,Starter,4,71.17,USD,0,Monthly,Invoice,2025-08-12,
SUB-001934,ACC-103443,Starter,2,$58.05,USD,0,Monthly,Credit Card,2023/12/16,2025-03-16
SUB-001935,ACC-104334,Starter,1,34,EUR,25,Annual,ACH,2024-04-16,
SUB-001936,ACC-102330,Business,2,£ 758,GBP,0,Monthly,Credit Card,2025-06-19,
SUB-001937,ACC-100653,Starter,8,96,USD,0,Annual,Credit Card,2024-06-01,
SUB-001938,ACC-100429,Starter,3,71.13,USD,0,Monthly,credit card,2025-03-21,2026-01-24
SUB-001939,ACC-100429,Pro,1,$212.98,USD,0,Monthly,Credit Card,2026-01-24,2026-02-21
SUB-001940,ACC-100429,Enterprise,5,"$3,411.29",USD,0,Annual,ACH,02/21/2026,2026-02-21
SUB-001941,ACC-101634,Starter,1,€56.09,EUR,0,Monthly,Credit Card,2024-11-27,2025-11-27
SUB-001942,ACC-105780,Starter,5,$ 77,USD,10,Monthly,Credit Card,06/02/2025,28-Jul-2025
SUB-001943,ACC-105780,Pro,3,$264.60,USD,5,Annual,Credit Card,07/28/2025,
SUB-001944,ACC-102589,Business,2,$ 783,USD,0,Annual,Credit Card,2023-08-29,09/23/2025
SUB-001945,ACC-102589,Pro,2,257.26,USD,0,Monthly,Invoice,2025-09-23,
SUB-001946,ACC-102932,Enterprise,4,"2,290.71",USD,20,Monthly,Credit Card,2024-04-27,27/05/2024
SUB-001947,ACC-102414,Pro,1,228,USD,0,Annual,Credit Card,2024-12-10,2026-03-10
SUB-001948,ACC-102617,Pro,1,$203.83,USD,0,Monthly,credit card,2022-12-24,2025-04-24
SUB-001949,ACC-102272,Pro,3,$192.41,USD,25,Monthly,Invoice,07/19/2023,
SUB-001950,ACC-100838,Pro,3,$5.00,USD,150,Annual,Credit Card,05/14/2025,
SUB-001951,ACC-101087,Enterprise,4,3125,USD,0,Monthly,Credit Card,2023/10/11,2024/05/11
SUB-001952,ACC-102456,Business,3,877.89,USD,0,Annual,credit card,12-Jul-2025,23/04/2026
SUB-001953,ACC-102456,Pro,1,$210.36,USD,0,Monthly,Credit Card,2026-04-23,06/01/2026
SUB-001954,ACC-102456,Starter,1,$34.09,USD,25,Monthly,Credit Card,06/01/2026,
SUB-001955,ACC-101964,Pro,10,438.27,USD,10,Monthly,Credit Card,09/01/2022,
SUB-001956,ACC-102995,Pro,2,240.74,USD,0,Monthly,Credit Card,2024/06/12,
SUB-001957,ACC-105108,Pro,4,254,USD,10,Monthly,Credit Card,2022-07-06,2023-07-06
SUB-001958,ACC-104213,Pro,1,$189.02,USD,0,Annual,Credit Card,2022-07-05,04/30/2023
SUB-001959,ACC-104213,Business,6,895.72,USD,10,Monthly,Credit Card,2023/04/30,2025-11-05
SUB-001960,ACC-100856,Business,9,"1,408.58",USD,0,Monthly,Credit Card,26-May-2024,
SUB-001961,ACC-105961,Starter,3,60.90,EUR,0,Monthly,Credit Card,08-Apr-2024,
SUB-001962,ACC-103133,Enterprise,1,"€2,218.62",EUR,0,Monthly,Credit Card,2023-03-28,18/09/2024
SUB-001963,ACC-103133,Pro,2,231,EUR,0,Monthly,Credit Card,2024-09-18,
SUB-001964,ACC-101743,Starter,1,48.20,GBP,0,Annual,Invoice,2025-03-20,
SUB-001965,ACC-103154,Pro,1,5.00,USD,150,Annual,Credit Card,06/29/2024,
SUB-001966,ACC-101837,Pro,3,$ 243,USD,0,Monthly,credit card,2024-09-29,
SUB-001967,ACC-102053,Starter,1,53.89,USD,0,Monthly,Invoice,10/04/2023,2024-12-04
SUB-001968,ACC-100693,Starter,2,$49.00,USD,20,Monthly,Credit Card,04/24/2022,
SUB-001969,ACC-103305,Pro,2,259,USD,0,Monthly,Credit Card,2025-02-12,
SUB-001970,ACC-102742,Business,3,$728.11,USD,0,Monthly,Credit Card,06/19/2024,05/20/2026
SUB-001971,ACC-102742,Starter,4,$ 80,USD,0,Monthly,Invoice,20/05/2026,
SUB-001972,ACC-100188,Business,1,£611.82,GBP,0,Monthly,Credit Card,07/15/2022,
SUB-001973,ACC-100287,Starter,1,45.97,EUR,5,Monthly,,03/12/2022,2025-11-12
SUB-001974,ACC-105412,Business,1,545.25,USD,0,Monthly,Credit Card,29-Feb-2024,29-May-2026
SUB-001975,ACC-101881,Starter,1,55,USD,0,Monthly,Credit Card,02/11/2022,07/11/2023
SUB-001976,ACC-101881,Business,6,1013,USD,0,Monthly,ACH,2023-07-11,
SUB-001977,ACC-102818,Starter,5,78.69,USD,10,Monthly,ACH,29-Feb-2024,29/04/2024
SUB-001978,ACC-100659,Pro,5,301.19,USD,0,Annual,Credit Card,2025-07-13,
SUB-001979,ACC-103786,Starter,2,58.98,EUR,0,Monthly,Invoice,2022-02-27,2022/11/27
SUB-001980,ACC-103131,Starter,2,55.84,EUR,0,Monthly,Credit Card,2023-10-21,
SUB-001981,ACC-103412,Starter,1,54.81,USD,0,Annual,ACH,01/02/2022,
SUB-001982,ACC-102399,Starter,2,63,EUR,0,Monthly,Credit Card,2024-11-07,
SUB-001983,ACC-102619,Starter,1,48.14,GBP,0,Monthly,,2024-03-02,
SUB-001984,ACC-103817,Business,1,562.49,USD,5,Monthly,Credit Card,2024-07-12,2024-08-12
SUB-001985,ACC-102526,Enterprise,8,"4,307.38",USD,0,Monthly,Credit Card,2024-09-04,
SUB-001986,ACC-103065,Business,1,661,GBP,0,Annual,ACH,05-Feb-2023,
SUB-001987,ACC-100210,Pro,3,294.74,USD,0,Monthly,Credit Card,2025-07-25,2026-05-26
SUB-001988,ACC-100210,Starter,11,140.04,USD,0,Monthly,ACH,2026-05-26,
SUB-001989,ACC-101520,Business,5,$ 884,USD,0,Monthly,Invoice,2024-03-07,
SUB-001990,ACC-101406,Business,2,$710.72,USD,10,Monthly,Credit Card,2023-02-18,2024-11-18
SUB-001991,ACC-104663,Starter,3,63.82,USD,0,Annual,ACH,2023-03-01,10/01/2023
SUB-001992,ACC-104663,Enterprise,4,"3,318.62",USD,0,Monthly,Credit Card,2023-10-01,2023-12-01
SUB-001993,ACC-101400,Pro,3,210,USD,15,Monthly,Invoice,2025-01-31,
SUB-001994,ACC-100073,Pro,7,282.42,USD,25,Monthly,Credit Card,2024-12-14,
SUB-001995,ACC-102582,Pro,2,241,EUR,0,Monthly,Credit Card,2022-08-26,2023-05-26
SUB-001996,ACC-104323,Business,1,547.00,USD,0,Annual,credit card,2025/03/15,2026-05-25
SUB-001997,ACC-104323,Pro,2,186.82,USD,10,Annual,Invoice,25-May-2026,
SUB-001998,ACC-102673,Business,3,828.08,USD,0,Annual,credit card,2024-06-29,
SUB-001999,ACC-105039,Starter,2,64.06,USD,0,Annual,Credit Card,2025-08-07,
SUB-002000,ACC-103218,Starter,2,$52.05,USD,0,Annual,Credit Card,2024-01-13,
SUB-002001,ACC-103403,Enterprise,2,"€ 2,654",EUR,-10,Monthly,credit card,07/05/2024,
SUB-002002,ACC-100267,Starter,4,$77.42,USD,0,Monthly,Invoice,2023-02-15,15/06/2024
SUB-002003,ACC-105745,Pro,2,211.57,USD,0,Annual,Credit Card,15/06/2023,
SUB-002004,ACC-101231,Starter,4,78.39,USD,0,Monthly,Credit Card,,
SUB-002005,ACC-103789,Starter,3,68.17,USD,0,Monthly,Credit Card,01-Aug-2025,
SUB-002006,ACC-101652,Pro,2,229,USD,0,Monthly,Credit Card,2022-01-13,2022/02/13
SUB-002007,ACC-101652,Enterprise,3,"$2,552.93",USD,0,Monthly,Credit Card,2022-02-13,2022-02-13
SUB-002008,ACC-105954,Starter,1,50.26,USD,0,Monthly,credit card,22-Aug-2022,2024-07-30
SUB-002009,ACC-105954,Business,1,589.83,USD,0,Annual,Credit Card,2024-07-30,01/10/2024
SUB-002010,ACC-105954,Starter,2,57.94,USD,0,Monthly,Invoice,01-Oct-2024,
SUB-002011,ACC-103670,Starter,2,54.83,USD,0,Monthly,Credit Card,2022-09-20,
SUB-002012,ACC-100113,Starter,5,84,USD,0,Monthly,Invoice,03/27/2025,
SUB-002013,ACC-105158,Starter,9,106.18,USD,0,Monthly,Credit Card,2024-02-06,2024-08-06
SUB-002014,ACC-102195,Business,1,640.28,EUR,0,Monthly,ACH,30/06/2023,29-Mar-2025
SUB-002015,ACC-102195,Starter,3,€ 66,EUR,0,Monthly,Credit Card,2025-03-29,
SUB-002016,ACC-102688,Starter,4,$70.79,USD,0,Annual,ACH,2024/07/10,2025-04-10
SUB-002017,ACC-103286,Business,1,558,USD,10,Monthly,Invoice,2022/07/15,2024-02-15
SUB-002018,ACC-101393,Enterprise,5,"€3,375.14",EUR,0,Monthly,Credit Card,2023-10-14,2023-11-14
SUB-002019,ACC-103033,Pro,4,310.64,GBP,0,Monthly,Credit Card,2023-08-29,2023-11-29
SUB-002020,ACC-104333,Starter,2,57.81,USD,0,Monthly,Credit Card,2022-04-18,
SUB-002021,ACC-104428,Starter,4,68.98,EUR,0,Monthly,,03-Aug-2023,01/03/2025
SUB-002022,ACC-105182,Business,3,736,USD,0,Annual,Credit Card,2024-02-24,2025/11/07
SUB-002023,ACC-105182,Enterprise,1,1948,USD,0,Monthly,Credit Card,11/07/2025,
SUB-002024,ACC-102306,Business,4,$872.91,USD,0,Monthly,Credit Card,2022/07/13,2024-02-29
SUB-002025,ACC-102306,Enterprise,8,2955,USD,20,Annual,,2024-02-29,
SUB-002026,ACC-104253,Starter,2,$43.35,USD,15,Monthly,Credit Card,2022-11-28,
SUB-002027,ACC-104398,Starter,2,44.98,USD,15,Monthly,Credit Card,2022/03/13,2024/01/31
SUB-002028,ACC-104398,Business,6,$870.40,USD,10,Monthly,,31/01/2024,2024-08-07
SUB-002029,ACC-104398,Starter,3,68,USD,0,Monthly,Credit Card,2024-08-07,09/13/2024
SUB-002030,ACC-102503,Pro,3,265.22,USD,0,Monthly,Credit Card,2023-12-29,29-Mar-2026
SUB-002031,ACC-101755,Starter,4,$64.24,USD,0,Annual,Credit Card,04/25/2024,2024-09-22
SUB-002032,ACC-101755,Enterprise,3,"2,666.86",USD,5,Monthly,credit card,2024-09-22,29-Apr-2025
SUB-002033,ACC-101755,Starter,7,$ 83,USD,15,Annual,,29-Apr-2025,
SUB-002034,ACC-104382,Business,5,898.40,USD,0,Monthly,Credit Card,20-Dec-2022,
SUB-002035,ACC-100252,Starter,2,63.68,USD,0,Monthly,Credit Card,28/08/2022,2024-06-01
SUB-002036,ACC-100252,Business,9,1303,USD,10,Monthly,,2024/06/01,2024-11-24
SUB-002037,ACC-100252,Enterprise,1,"2,009.73",USD,10,Monthly,Credit Card,2024-11-24,
SUB-002038,ACC-100350,Business,2,756,USD,0,Monthly,Invoice,2024-08-22,2024-09-26
SUB-002039,ACC-100350,Enterprise,1,2228,USD,0,Monthly,Credit Card,2024-09-26,2024-10-22
SUB-002040,ACC-102836,Pro,5,€305.45,EUR,0,Monthly,Credit Card,09/22/2024,
SUB-002041,ACC-103264,Pro,3,235,USD,0,Monthly,Credit Card,13/10/2024,
SUB-002042,ACC-100457,Starter,1,$ 47,USD,0,Monthly,Credit Card,10/01/2022,2026-05-01
SUB-002043,ACC-105522,Enterprise,1,"$ 2,183",USD,0,Annual,Credit Card,2024-06-21,03/14/2026
SUB-002044,ACC-105522,Pro,1,202,USD,0,Monthly,Credit Card,03/14/2026,
SUB-002045,ACC-100479,Starter,5,85.90,USD,0,Monthly,credit card,2022-07-29,29/09/2025
SUB-002046,ACC-101114,Starter,1,44.66,USD,0,Monthly,ACH,2024-12-08,05/04/2025
SUB-002047,ACC-101114,Enterprise,5,"$ 3,050",USD,0,Monthly,,04-May-2025,
SUB-002048,ACC-100798,Enterprise,5,"3,478.01",USD,0,Annual,Credit Card,30/11/2023,
SUB-002049,ACC-104280,Enterprise,1,"$ 1,694",USD,25,Monthly,ACH,2024-07-22,
SUB-002050,ACC-101864,Starter,1,49.83,USD,0,Monthly,Credit Card,2025-08-30,
SUB-002051,ACC-102955,Starter,2,$44.25,USD,20,Monthly,,2024-05-13,2024-06-28
SUB-002052,ACC-102955,Pro,4,242.00,USD,20,Monthly,ACH,2024-06-28,2025-03-29
SUB-002053,ACC-102955,Enterprise,5,"$ 3,207",USD,0,Annual,credit card,2025-03-29,
SUB-002054,ACC-100026,Enterprise,2,"$ 2,467",USD,0,Annual,Credit Card,2023-11-11,17-Jan-2025
SUB-002055,ACC-100026,Pro,2,238.36,USD,0,Monthly,Credit Card,2025-01-17,
SUB-002056,ACC-103162,Business,1,€ 662,EUR,0,Monthly,Credit Card,2024-05-08,05/13/2025
SUB-002057,ACC-103162,Pro,2,238.80,EUR,0,Monthly,Credit Card,05/13/2025,
SUB-002058,ACC-103315,Starter,10,$124.19,USD,0,Monthly,Credit Card,17-Feb-2023,17-Jul-2025
SUB-002059,ACC-103365,Business,5,$665.23,USD,25,Monthly,Credit Card,2025-08-18,2025-12-22
SUB-002060,ACC-103365,Pro,3,252.30,USD,0,Annual,Invoice,22/12/2025,
SUB-002061,ACC-103942,Starter,4,£79.89,GBP,0,Monthly,Credit Card,07/30/2022,2025-01-30
SUB-002062,ACC-101287,Pro,2,$190.07,USD,15,Monthly,Credit Card,07/09/2022,2025-02-12
SUB-002063,ACC-101287,Starter,3,57.12,USD,15,Monthly,credit card,02/12/2025,
SUB-002064,ACC-101281,Starter,6,92.32,EUR,0,Monthly,Credit Card,2023-01-22,2023-05-22
SUB-002065,ACC-101978,Pro,6,$334.31,USD,0,Monthly,Credit Card,28/11/2023,28/03/2024
SUB-002066,ACC-102694,Starter,1,$48.62,USD,0,Monthly,Credit Card,14/01/2023,11/14/2023
SUB-002067,ACC-104457,Starter,4,$ 69,USD,10,Monthly,ACH,16-Dec-2023,21/06/2024
SUB-002068,ACC-104457,Business,2,$736.91,USD,0,Annual,ACH,2024-06-21,2024-09-16
SUB-002069,ACC-105184,Pro,5,365.15,USD,0,Annual,Credit Card,2022-11-20,2025-01-20
SUB-002070,ACC-103691,Pro,1,204,GBP,0,Monthly,Credit Card,05/07/2024,
SUB-002071,ACC-104252,Enterprise,2,"$ 2,523",USD,0,Monthly,Credit Card,2023-02-22,2025-10-17
SUB-002072,ACC-104252,Business,3,$ 761,USD,0,Monthly,ACH,2025-10-17,03/04/2026
SUB-002073,ACC-104252,Pro,2,242,USD,0,Monthly,ACH,04-Mar-2026,
SUB-002074,ACC-104782,Starter,2,51,USD,0,Annual,Credit Card,2024-09-11,2025-05-11
SUB-002075,ACC-102083,Pro,2,238,USD,0,Monthly,Credit Card,07/07/2022,01/07/2025
SUB-002076,ACC-105472,Starter,1,$ 51,USD,0,Monthly,Invoice,2022-07-20,2026-01-26
SUB-002077,ACC-105472,Enterprise,1,"$ 2,231",USD,0,Monthly,Invoice,2026-01-26,
SUB-002078,ACC-105885,Enterprise,1,"2,003.28",USD,0,Monthly,ACH,2023-10-15,
SUB-002079,ACC-105007,Pro,2,222,USD,5,Monthly,credit card,31/05/2023,2024-05-31
SUB-002080,ACC-105007,Starter,3,58.47,USD,10,Monthly,credit card,31-May-2024,30-Sep-2025
SUB-002081,ACC-100607,Enterprise,3,"€2,380.51",EUR,20,Monthly,Credit Card,29/04/2024,
SUB-002082,ACC-103599,Business,4,867.32,GBP,0,Monthly,Credit Card,08/05/2024,
SUB-002083,ACC-104631,Starter,1,56.32,USD,0,Monthly,Credit Card,08/06/2025,2025-09-11
SUB-002084,ACC-104631,Business,2,693.30,USD,10,Monthly,,11-Sep-2025,
SUB-002085,ACC-104113,Starter,2,64.53,USD,0,Monthly,ACH,05/07/2023,
SUB-002086,ACC-102291,Pro,3,188.16,USD,20,Monthly,ACH,2024-02-12,30/06/2024
SUB-002087,ACC-102291,Business,3,718,USD,0,Monthly,Invoice,30-Jun-2024,
SUB-002088,ACC-104774,Business,2,792.16,EUR,0,Monthly,Credit Card,08/28/2022,19-Jun-2025
SUB-002089,ACC-104774,Starter,3,€65.09,EUR,0,Annual,Credit Card,06/19/2025,26-Jul-2025
SUB-002090,ACC-104774,Business,4,€799.59,EUR,0,Monthly,Invoice,2025-07-26,07/28/2025
SUB-002091,ACC-104923,Pro,6,338.97,GBP,0,Annual,Credit Card,2023/06/17,2024-03-31
SUB-002092,ACC-104923,Business,1,£575.36,GBP,0,Monthly,Invoice,2024-03-31,2024-06-17
SUB-002093,ACC-105983,Starter,2,55.11,USD,0,Monthly,Credit Card,2025-03-30,
SUB-002094,ACC-104898,Business,6,904,EUR,5,Annual,Invoice,2023-11-25,
SUB-002095,ACC-100203,Starter,1,$47.63,USD,0,Monthly,Credit Card,13-Jan-2022,2022-12-24
SUB-002096,ACC-100203,Pro,3,296,USD,0,Monthly,Credit Card,24/12/2022,11/13/2023
SUB-002097,ACC-100339,Business,2,664.48,EUR,0,Annual,ACH,2024-07-10,10/02/2025
SUB-002098,ACC-102107,Business,1,665.19,USD,0,Monthly,Credit Card,11/01/2024,
SUB-002099,ACC-100837,Starter,2,$ 48,USD,10,Annual,Credit Card,2024-09-24,
SUB-002100,ACC-104418,Starter,6,$ 77,USD,10,Monthly,Credit Card,01/10/2022,2022-11-10
SUB-002101,ACC-104418,Enterprise,4,"3,306.51",USD,0,Monthly,Credit Card,2022/11/10,2022-11-10
SUB-002102,ACC-100387,Pro,4,260.30,USD,0,Monthly,Credit Card,2024-02-18,
SUB-002103,ACC-101471,Starter,2,€51.74,EUR,0,Monthly,credit card,2023-09-29,2023-11-29
SUB-002104,ACC-105588,Enterprise,1,"$1,861.50",USD,0,Monthly,Invoice,2023-08-25,2026-03-25
SUB-002105,ACC-102650,Pro,2,253.81,USD,0,Monthly,Credit Card,10/25/2024,12/24/2024
SUB-002106,ACC-102650,Business,3,764.09,USD,0,Monthly,Invoice,2024-12-24,
SUB-002107,ACC-102602,Starter,3,63.77,USD,0,Monthly,Credit Card,2025-02-02,2025-05-02
SUB-002108,ACC-103296,Starter,2,64.33,EUR,0,Monthly,Credit Card,04/04/2025,
SUB-002109,ACC-103528,Business,2,$763.15,USD,0,Annual,ACH,2022-10-23,
SUB-002110,ACC-105025,Pro,3,231,USD,20,Monthly,Credit Card,11/04/2024,2026-01-11
SUB-002111,ACC-105025,Enterprise,6,"$3,770.81",USD,0,Monthly,,2026-01-11,
SUB-002112,ACC-103074,Starter,2,$ 64,USD,0,Annual,ACH,2023-02-10,2023-10-10
SUB-002113,ACC-102516,Pro,2,240.47,EUR,0,Monthly,Credit Card,06/29/2025,
SUB-002114,ACC-105243,Pro,1,$ 208,USD,0,Monthly,credit card,2023/02/16,2023-06-16
SUB-002115,ACC-102124,Business,4,£866.09,GBP,0,Monthly,Credit Card,19-Mar-2024,2025-12-19
SUB-002116,ACC-101961,Business,3,$ 748,USD,0,Monthly,,01/03/2022,
SUB-002117,ACC-103605,Enterprise,2,"2,484.82",EUR,0,Monthly,Credit Card,2022-02-09,09/05/2024
SUB-002118,ACC-100677,Business,3,772.73,USD,0,Monthly,Credit Card,2025-06-24,2026-05-13
SUB-002119,ACC-100677,Enterprise,4,"2,618.21",USD,0,Monthly,Credit Card,2026-05-13,
SUB-002120,ACC-104987,Starter,2,£54.16,GBP,15,Annual,Credit Card,2024-07-22,
SUB-002121,ACC-105664,Pro,1,184,USD,0,Monthly,Credit Card,2022-12-23,2023-02-22
SUB-002122,ACC-105664,Enterprise,6,"3,300.41",USD,0,Monthly,Invoice,02/22/2023,23-Aug-2024
SUB-002123,ACC-102313,Pro,2,220,GBP,0,Monthly,credit card,09/08/2022,30/04/2025
SUB-002124,ACC-102313,Enterprise,3,2589,GBP,5,Monthly,Credit Card,2025-04-30,09/09/2025
SUB-002125,ACC-100061,Starter,3,64.63,USD,0,Monthly,Credit Card,25/06/2024,
SUB-002126,ACC-105099,Enterprise,5,3058,USD,0,Annual,ACH,08/31/2024,2024-11-13
SUB-002127,ACC-105099,Starter,3,72.59,USD,0,Annual,credit card,13/11/2024,
SUB-002128,ACC-101820,Business,2,703.06,USD,0,Monthly,,16-May-2025,
SUB-002129,ACC-104196,Enterprise,1,"2,272.38",USD,0,Monthly,Credit Card,2024/05/15,
SUB-002130,ACC-103995,Starter,1,45.09,USD,0,Monthly,,2024-09-21,
SUB-002131,ACC-102873,Starter,7,97.28,USD,0,Annual,Credit Card,09-Feb-2024,2025-08-18
SUB-002132,ACC-102873,Enterprise,1,1940,USD,10,Monthly,Credit Card,08/18/2025,2025-10-09
SUB-002133,ACC-100790,Pro,2,$245.62,USD,0,Monthly,Invoice,2023-07-09,
SUB-002134,ACC-102960,Starter,2,56.82,USD,0,Annual,Credit Card,2022-02-17,17/05/2023
SUB-002135,ACC-103550,Enterprise,4,"3,206.85",USD,0,Annual,Credit Card,2023-09-17,2024-10-09
SUB-002136,ACC-103550,Pro,2,256.96,USD,0,Monthly,Credit Card,2024-10-09,2025-03-08
SUB-002137,ACC-103550,Starter,3,$ 58,USD,15,Monthly,Credit Card,08-Mar-2025,
SUB-002138,ACC-105514,Pro,5,$311.15,USD,0,Monthly,,2022-10-17,
SUB-002139,ACC-103204,Pro,1,216.78,USD,0,Monthly,ACH,2023-09-04,
SUB-002140,ACC-104876,Starter,2,62.94,USD,0,Monthly,Credit Card,2022-03-15,2022-05-12
SUB-002141,ACC-104876,Pro,2,$ 253,USD,0,Monthly,Credit Card,05/12/2022,2022-05-15
SUB-002142,ACC-104876,Enterprise,6,"3,829.92",USD,0,Monthly,credit card,2022-05-15,2022-05-15
SUB-002143,ACC-105198,Pro,2,165,USD,25,Monthly,Invoice,2024-12-24,2025-05-24
SUB-002144,ACC-101359,Starter,2,64.51,USD,0,Monthly,Credit Card,2023-03-05,
SUB-002145,ACC-103460,Starter,4,$69.35,USD,0,Monthly,Invoice,2024-11-12,
SUB-002146,ACC-104717,Starter,1,$45.81,USD,0,Annual,Credit Card,2024-06-11,2024-08-17
SUB-002147,ACC-104717,Enterprise,5,"$3,524.48",USD,0,Monthly,ACH,08/17/2024,
SUB-002148,ACC-102670,Pro,2,231.60,USD,0,Annual,Credit Card,2022-10-21,2026-01-24
SUB-002149,ACC-102670,Starter,3,59.55,USD,0,Annual,credit card,24-Jan-2026,
SUB-002150,ACC-104108,Starter,2,$ 51,USD,0,Annual,credit card,01/28/2025,
SUB-002151,ACC-103806,Starter,3,56.86,USD,10,Monthly,ACH,04/12/2025,23/07/2025
SUB-002152,ACC-103806,Business,1,561,USD,0,Monthly,Credit Card,07/23/2025,
SUB-002153,ACC-100733,Starter,2,$58.63,USD,0,Monthly,Credit Card,08-Dec-2024,2025-06-18
SUB-002154,ACC-100733,Pro,2,$228.99,USD,0,Annual,Credit Card,18-Jun-2025,
SUB-002155,ACC-105843,Starter,1,47.87,EUR,0,Monthly,Credit Card,04/07/2023,2025-01-04
SUB-002156,ACC-105346,Starter,1,51,USD,0,Monthly,Credit Card,2025-06-18,25-Mar-2026
SUB-002157,ACC-105346,Business,1,$589.70,USD,0,Annual,Credit Card,2026-03-25,
SUB-002158,ACC-102119,Pro,5,$362.71,USD,0,Annual,ACH,2022-11-05,05/03/2026
SUB-002159,ACC-105493,Pro,3,269,USD,0,Monthly,Credit Card,05/21/2025,26/01/2026
SUB-002160,ACC-105493,Business,1,564,USD,0,Monthly,ACH,2026-01-26,
SUB-002161,ACC-104025,Enterprise,1,"$ 1,867",USD,5,Annual,Credit Card,02/23/2023,
SUB-002162,ACC-102345,Pro,5,319.45,GBP,0,Monthly,Credit Card,01/17/2022,
SUB-002163,ACC-100527,Enterprise,3,"2,597.27",EUR,0,Monthly,Invoice,2025-04-16,
SUB-002164,ACC-101902,Starter,1,$ 41,USD,15,Monthly,ACH,2023-06-27,2023-09-12
SUB-002165,ACC-101902,Pro,9,470,USD,0,Annual,Credit Card,2023-09-12,2025-09-27
SUB-002166,ACC-104302,Starter,6,$64.08,USD,20,Monthly,ACH,2022-11-15,2023-11-04
SUB-002167,ACC-104302,Enterprise,5,"2,547.48",USD,20,Monthly,,2023-11-04,15-Feb-2024
SUB-002168,ACC-102298,Pro,3,$237.87,USD,15,Monthly,Credit Card,11/09/2023,
SUB-002169,ACC-101468,Pro,3,€285.44,EUR,0,Monthly,Credit Card,2025/01/20,05/30/2025
SUB-002170,ACC-101468,Enterprise,1,"1,688.56",EUR,25,Monthly,Credit Card,2025-05-30,23/05/2026
SUB-002171,ACC-101468,Business,2,663,EUR,0,Annual,Invoice,2026-05-23,
SUB-002172,ACC-103815,Starter,2,64,USD,0,Monthly,Credit Card,04/06/2023,10/04/2023
SUB-002173,ACC-105208,Enterprise,3,"$ 2,728",USD,0,Annual,credit card,2023-05-15,
SUB-002174,ACC-102404,Business,3,765.67,GBP,0,Monthly,credit card,03/07/2024,
SUB-002175,ACC-100803,Business,2,648.86,USD,0,Monthly,Credit Card,10-Jan-2022,10-Jan-2024
SUB-002176,ACC-100857,Enterprise,2,"1,891.90",USD,20,Annual,Credit Card,2022-03-07,2025-05-07
SUB-002177,ACC-101578,Starter,4,$60.99,USD,20,Annual,Invoice,2022-03-18,18/02/2023
SUB-002178,ACC-103303,Pro,7,$ 389,USD,5,Monthly,Credit Card,2025-04-15,2025-09-04
SUB-002179,ACC-103303,Starter,2,$ 59,USD,0,Monthly,Credit Card,2025-09-04,
SUB-002180,ACC-103829,Pro,2,$199.20,USD,15,Monthly,Credit Card,2022-10-05,
SUB-002181,ACC-105062,Starter,6,82.85,USD,0,Annual,ACH,07/20/2024,20/06/2025
SUB-002182,ACC-105907,Pro,7,425,USD,0,Annual,Invoice,2023/12/16,16-Feb-2024
SUB-002183,ACC-104601,Starter,3,$ 58,USD,0,Annual,Invoice,2025-04-07,2025-11-15
SUB-002184,ACC-104601,Pro,2,229.65,USD,0,Monthly,ACH,2025-11-15,
SUB-002185,ACC-105146,Starter,6,77.53,USD,0,Monthly,Credit Card,2024-09-20,
SUB-002186,ACC-100219,Enterprise,3,2978,USD,0,Monthly,Credit Card,28-Mar-2023,2025-11-28
SUB-002187,ACC-101706,Starter,1,48,USD,0,Monthly,Invoice,25-Mar-2024,
SUB-002188,ACC-101288,Starter,6,73,USD,15,Monthly,Credit Card,2023-04-08,2025-03-08
SUB-002189,ACC-101115,Enterprise,5,3532,USD,0,Monthly,ACH,2025-06-30,01/30/2026
SUB-002190,ACC-101115,Starter,2,65,USD,0,Monthly,,01/30/2026,
SUB-002191,ACC-100582,Pro,4,313.66,USD,0,Monthly,Credit Card,2024-03-05,2024-12-12
SUB-002192,ACC-100582,Business,3,837.76,USD,0,Monthly,Invoice,2024-12-12,2025-02-21
SUB-002193,ACC-100582,Enterprise,5,"3,181.94",USD,0,Annual,ACH,02/21/2025,2025-04-05
SUB-002194,ACC-103250,Pro,5,309.97,USD,0,Monthly,ACH,2023-12-29,2024-08-29
SUB-002195,ACC-100043,Pro,5,$ 338,USD,0,Annual,,2024-12-09,
SUB-002196,ACC-103686,Starter,2,62.14,USD,0,Annual,Credit Card,05/03/2022,
SUB-002197,ACC-105217,Business,4,814.29,EUR,0,Monthly,Credit Card,01/11/2025,2025-04-18
SUB-002198,ACC-105217,Pro,4,285,EUR,0,Annual,credit card,04/18/2025,2025-08-11
SUB-002199,ACC-105217,Starter,1,41,EUR,10,Annual,credit card,2025-08-11,
SUB-002200,ACC-103238,Business,3,837.63,USD,0,Monthly,Credit Card,2025-02-15,10/14/2025
SUB-002201,ACC-103238,Enterprise,1,1991,USD,0,Monthly,,2025-10-14,2025-11-28
SUB-002202,ACC-103238,Starter,1,34,USD,25,Annual,Credit Card,28/11/2025,
SUB-002203,ACC-104884,Starter,3,70.80,EUR,0,Monthly,Credit Card,2022-03-12,2022-08-01
SUB-002204,ACC-104884,Business,2,729.91,EUR,0,Annual,credit card,01-Aug-2022,2022-08-12
SUB-002205,ACC-101872,Business,3,€832.59,EUR,0,Monthly,Credit Card,23-May-2022,02/17/2024
SUB-002206,ACC-101872,Pro,1,€212.01,EUR,0,Monthly,Credit Card,02/17/2024,
SUB-002207,ACC-101729,Pro,1,$207.58,USD,0,Monthly,Credit Card,07/07/2025,
SUB-002208,ACC-103944,Business,1,624.55,USD,0,Monthly,Credit Card,2023-10-13,2025-06-10
SUB-002209,ACC-103944,Pro,2,$256.21,USD,0,Monthly,Credit Card,,2025-06-13
SUB-002210,ACC-103311,Starter,3,57.93,USD,0,Annual,Credit Card,2023-05-07,2026-04-07
SUB-002211,ACC-101730,Business,1,$653.57,USD,0,Monthly,Credit Card,2022-04-30,2024-11-30
SUB-002212,ACC-105324,Pro,3,228,USD,10,Annual,Invoice,2025-08-29,20/12/2025
SUB-002213,ACC-105324,Business,1,678,USD,0,Monthly,credit card,12/20/2025,10-Feb-2026
SUB-002214,ACC-105324,Enterprise,2,2252,USD,0,Monthly,Invoice,2026-02-10,
SUB-002215,ACC-101224,Pro,2,$220.43,USD,0,Monthly,Credit Card,,04-Oct-2025
SUB-002216,ACC-105634,Business,2,642,USD,0,Annual,Invoice,2025-01-22,2025/12/22
SUB-002217,ACC-104416,Pro,11,534,USD,0,Monthly,Credit Card,2022-06-10,
SUB-002218,ACC-101071,Starter,2,56,USD,0,Monthly,Credit Card,2023-05-09,
SUB-002219,ACC-100718,Starter,6,$88.22,USD,0,Monthly,ACH,03/02/2024,01/26/2025
SUB-002220,ACC-100718,Business,1,617.64,USD,0,Monthly,Invoice,2025-01-26,
SUB-002221,ACC-105136,Business,2,£ 672,GBP,10,Monthly,Credit Card,2024-04-25,2025-08-30
SUB-002222,ACC-105136,Pro,3,276,GBP,0,Annual,Credit Card,2025-08-30,
SUB-002223,ACC-101505,Business,1,681.58,USD,0,Monthly,Credit Card,01/29/2024,
SUB-002224,ACC-102339,Pro,2,233.82,USD,0,Monthly,Invoice,2022-08-02,2022-12-27
SUB-002225,ACC-102339,Starter,3,64,USD,0,Monthly,Credit Card,12/27/2022,2023-05-02
SUB-002226,ACC-100670,Starter,2,60.09,EUR,0,Monthly,Invoice,11/30/2022,30-Oct-2024
SUB-002227,ACC-105478,Pro,4,$284.11,USD,0,Monthly,Credit Card,2025-06-23,2025-11-18
SUB-002228,ACC-105478,Business,7,910.50,USD,15,Monthly,Credit Card,18-Nov-2025,
SUB-002229,ACC-103189,Business,1,585,USD,0,Annual,Credit Card,2024-09-18,
SUB-002230,ACC-102104,Pro,2,224,USD,0,Monthly,Credit Card,08/24/2024,
SUB-002231,ACC-104865,Pro,2,$ 219,USD,0,Monthly,Credit Card,2024-12-24,25-Jan-2025
SUB-002232,ACC-104865,Enterprise,2,1858,USD,25,Annual,,2025-01-25,24-Nov-2025
SUB-002233,ACC-104817,Starter,3,61.95,USD,0,Monthly,Credit Card,04-Jul-2022,2022-08-04
SUB-002234,ACC-100897,Starter,3,67.96,EUR,0,Annual,Invoice,2023-12-06,06-Mar-2024
SUB-002235,ACC-101258,Business,3,$880.88,USD,0,Monthly,Credit Card,2025-02-01,
SUB-002236,ACC-104013,Business,1,$599.32,USD,0,Annual,Invoice,2023-06-11,
SUB-002237,ACC-100095,Starter,7,94,USD,0,Monthly,Credit Card,2022-06-06,
SUB-002238,ACC-103771,Enterprise,4,"2,827.97",USD,0,Monthly,,2025-07-28,2026-04-16
SUB-002239,ACC-103771,Business,1,656,USD,0,Monthly,Invoice,2026-04-16,
SUB-002240,ACC-105573,Starter,5,$86.20,USD,0,Monthly,,2023-06-20,05/30/2025
SUB-002241,ACC-105573,Enterprise,4,2999,USD,0,Annual,Credit Card,2025-05-30,2025-12-20
SUB-002242,ACC-102302,Business,1,593,GBP,0,Monthly,Credit Card,08/26/2024,2025-02-08
SUB-002243,ACC-102302,Starter,2,56,GBP,0,Annual,,02/08/2025,2025-12-13
SUB-002244,ACC-102302,Enterprise,6,"3,245.49",GBP,0,Monthly,Credit Card,2025-12-13,
SUB-002245,ACC-100842,Business,2,622,EUR,0,Annual,credit card,09/06/2022,
SUB-002246,ACC-105189,Business,2,665.52,USD,5,Annual,Invoice,07/28/2025,2025-09-18
SUB-002247,ACC-105189,Pro,3,229.28,USD,20,Annual,ACH,2025-09-18,
SUB-002248,ACC-101892,Business,6,$ 968,USD,0,Monthly,Credit Card,2024-11-27,2025-01-27
SUB-002249,ACC-105508,Starter,5,$ 86,USD,0,Monthly,Credit Card,2023-09-22,
SUB-002250,ACC-105047,Pro,7,381.18,GBP,0,Monthly,Credit Card,2024-12-20,26-Feb-2026
SUB-002251,ACC-105047,Enterprise,4,"£2,695.92",GBP,0,Monthly,Credit Card,02/26/2026,
SUB-002252,ACC-105688,Enterprise,5,3461,USD,0,Monthly,Credit Card,2025-01-25,
SUB-002253,ACC-105285,Starter,4,$76.43,USD,0,Monthly,ACH,08/14/2024,14-Jan-2026
SUB-002254,ACC-105924,Starter,4,71,USD,0,Monthly,Invoice,2023/07/06,12/06/2023
SUB-002255,ACC-104634,Business,5,888.90,USD,0,Annual,Credit Card,2025-05-20,
SUB-002256,ACC-100322,Business,2,643.06,EUR,0,Monthly,Invoice,28/11/2024,
SUB-002257,ACC-104414,Starter,1,$52.72,USD,0,Annual,ACH,2023/07/05,01/05/2024
SUB-002258,ACC-104490,Pro,4,$243.57,USD,20,Monthly,Credit Card,2024/11/20,
SUB-002259,ACC-103240,Business,2,747,GBP,0,Annual,Credit Card,18/12/2022,
SUB-002260,ACC-100334,Pro,2,$ 211,USD,0,Monthly,ACH,2024-12-21,
SUB-002261,ACC-103482,Pro,4,300,USD,0,Monthly,Credit Card,10/08/2025,04-Oct-2025
SUB-002262,ACC-103482,Business,1,568.23,USD,0,Monthly,Credit Card,2025-10-04,2026-03-10
SUB-002263,ACC-100332,Starter,2,51.64,USD,0,Monthly,ACH,2022-04-13,13/05/2024
SUB-002264,ACC-100833,Starter,3,$72.50,USD,-10,Monthly,Credit Card,02/11/2023,11/15/2025
SUB-002265,ACC-100833,Business,3,816.01,USD,0,Monthly,,2025-11-15,
SUB-002266,ACC-103395,Pro,1,$189.96,USD,10,Annual,credit card,2023-09-06,
SUB-002267,ACC-102227,Enterprise,1,1818,USD,0,Monthly,Credit Card,10/30/2022,2022-11-30
SUB-002268,ACC-102227,Business,1,420.84,USD,25,Monthly,Credit Card,2022-11-30,2022/11/30
SUB-002269,ACC-102227,Pro,2,$240.86,USD,0,Monthly,Credit Card,11/30/2022,11/30/2022
SUB-002270,ACC-102316,Starter,1,$53.01,USD,0,Monthly,Invoice,03/26/2024,2024-11-26
SUB-002271,ACC-105872,Business,3,851,USD,0,Monthly,Credit Card,2024-05-07,
SUB-002272,ACC-102226,Starter,4,$79.73,USD,0,Annual,Credit Card,06/18/2022,27-Aug-2022
SUB-002273,ACC-102226,Enterprise,1,"2,079.22",USD,0,Monthly,Credit Card,08/27/2022,2026/05/18
SUB-002274,ACC-100731,Enterprise,3,2495,GBP,0,Monthly,Credit Card,08/12/2022,
SUB-002275,ACC-104140,Enterprise,1,"€1,845.88",EUR,0,Monthly,Invoice,2023-02-12,
SUB-002276,ACC-100291,Starter,1,$44.63,USD,5,Annual,ACH,2024-08-08,03/08/2025
SUB-002277,ACC-100184,Business,2,784,USD,0,Monthly,Credit Card,04/23/2025,
SUB-002278,ACC-104791,Starter,7,$103.58,USD,0,Annual,Credit Card,16-Feb-2024,
SUB-002279,ACC-104407,Starter,1,52,USD,0,Annual,Credit Card,02-Jan-2025,2025/10/02
SUB-002280,ACC-102550,Pro,4,310.01,USD,5,Annual,Invoice,2024-04-29,2025-11-29
SUB-002281,ACC-100533,Starter,1,52,USD,0,Annual,Credit Card,2023-11-27,03/27/2024
SUB-002282,ACC-104336,Starter,2,62,USD,0,Monthly,Credit Card,2024-08-23,
SUB-002283,ACC-105982,Starter,13,$ 122,USD,10,Monthly,ACH,2025-05-18,
SUB-002284,ACC-104214,Business,4,836.03,USD,0,Monthly,Credit Card,2022-09-14,04/21/2025
SUB-002285,ACC-104214,Pro,6,357.61,USD,0,Monthly,Invoice,21/04/2025,
SUB-002286,ACC-105582,Pro,1,184.62,USD,0,Monthly,Credit Card,04/07/2023,05/02/2024
SUB-002287,ACC-105582,Enterprise,1,"2,024.91",USD,0,Annual,Credit Card,05/02/2024,
SUB-002288,ACC-100657,Enterprise,3,2427,EUR,0,Monthly,Invoice,2024-01-31,03/27/2026
SUB-002289,ACC-100657,Pro,1,€193.55,EUR,0,Monthly,Credit Card,2026-03-27,2026-04-26
SUB-002290,ACC-100657,Business,6,"1,014.39",EUR,0,Monthly,ACH,26-Apr-2026,
SUB-002291,ACC-101255,Pro,1,180.46,USD,15,Monthly,Credit Card,2022/04/10,2024/05/10
SUB-002292,ACC-102572,Starter,1,$48.17,USD,0,Monthly,credit card,2023-05-30,07/30/2023
SUB-002293,ACC-105991,Business,2,781.96,EUR,0,Monthly,Credit Card,2023-02-26,
SUB-002294,ACC-102552,Pro,3,$256.76,USD,0,Annual,ACH,26-Dec-2024,
SUB-002295,ACC-102669,Starter,5,79.90,USD,0,Monthly,Credit Card,02/06/2022,
SUB-002296,ACC-100898,Starter,1,$ 45,USD,0,Annual,Credit Card,2023-01-16,
SUB-002297,ACC-100428,Pro,1,223.84,USD,0,Monthly,Invoice,2024-08-05,
SUB-002298,ACC-105947,Pro,1,€222.92,EUR,0,Monthly,Credit Card,2024-03-02,
SUB-002299,ACC-104825,Starter,4,73.30,EUR,0,Monthly,Credit Card,2023-06-11,2024-03-11
SUB-002300,ACC-104954,Pro,1,186.92,EUR,0,Monthly,credit card,2025-07-10,2026-01-04
SUB-002301,ACC-104954,Starter,1,36,EUR,25,Monthly,Credit Card,04/01/2026,
SUB-002302,ACC-101436,Starter,7,$97.57,USD,0,Monthly,Credit Card,2023-06-07,03-Nov-2024
SUB-002303,ACC-101436,Business,3,$ 795,USD,5,Monthly,ACH,2024-11-03,
SUB-002304,ACC-105509,Starter,3,67,USD,0,Monthly,Credit Card,2023-11-22,
SUB-002305,ACC-101222,Starter,2,€60.58,EUR,0,Annual,Invoice,2023-11-25,
SUB-002306,ACC-103100,Starter,5,$73.46,USD,0,Monthly,,10/10/2022,10/08/2024
SUB-002307,ACC-102095,Enterprise,1,"$1,936.56",USD,0,Annual,Invoice,08/25/2025,
SUB-002308,ACC-104437,Enterprise,5,"2,899.09",USD,0,Annual,Credit Card,2022-04-25,
SUB-002309,ACC-104930,Starter,6,€79.97,EUR,10,Monthly,credit card,2022-12-03,2023-02-03
SUB-002310,ACC-103470,Pro,1,146.81,USD,25,Monthly,credit card,04-May-2024,05-Jul-2024
SUB-002311,ACC-103470,Starter,3,$ 65,USD,0,Annual,Credit Card,2024-07-05,2025-02-04
SUB-002312,ACC-102927,Starter,4,$69.09,USD,0,Monthly,Invoice,24-Nov-2022,16-Apr-2023
SUB-002313,ACC-102927,Pro,6,381.78,USD,0,Monthly,credit card,16-Apr-2023,24-Feb-2025
SUB-002314,ACC-102927,Enterprise,1,"2,148.58",USD,0,Monthly,Credit Card,02/24/2025,
SUB-002315,ACC-105623,Business,5,994.37,EUR,0,Annual,,2024-04-18,2024/05/31
SUB-002316,ACC-105623,Enterprise,3,"2,487.83",EUR,0,Monthly,Credit Card,2024-05-31,2024-06-18
SUB-002317,ACC-102523,Pro,5,$ 306,USD,0,Monthly,Credit Card,2022-02-11,2023-06-11
SUB-002318,ACC-101825,Pro,6,$285.10,USD,15,Monthly,credit card,2022-07-07,
SUB-002319,ACC-104075,Starter,2,47.77,USD,20,Annual,Credit Card,05/14/2025,06/24/2025
SUB-002320,ACC-104075,Pro,1,$ 212,USD,5,Monthly,Credit Card,2025/06/24,12-Aug-2025
SUB-002321,ACC-104075,Enterprise,3,"$ 2,731",USD,0,Monthly,Credit Card,12/08/2025,08/14/2025
SUB-002322,ACC-102952,Business,3,$752.19,USD,0,Annual,Credit Card,29/12/2023,2024-06-10
SUB-002323,ACC-102952,Enterprise,6,"$3,433.15",USD,0,Annual,Credit Card,06/10/2024,
SUB-002324,ACC-105497,Starter,2,55.83,EUR,0,Monthly,Credit Card,2022-07-04,2023/08/14
SUB-002325,ACC-105497,Business,1,590,EUR,5,Monthly,Credit Card,2023-08-14,2025-03-04
SUB-002326,ACC-104537,Pro,1,171.87,USD,5,Monthly,Credit Card,2024-12-11,
SUB-002327,ACC-105027,Business,8,"1,036.56",USD,15,Monthly,Credit Card,01/02/2025,04-Dec-2025
SUB-002328,ACC-105027,Starter,11,$ 128,USD,0,Annual,Credit Card,12/04/2025,
SUB-002329,ACC-105944,Business,8,1267,USD,0,Monthly,credit card,2023-04-08,
SUB-002330,ACC-104961,Starter,2,58.91,USD,0,Annual,ACH,02/17/2023,11/17/2024
SUB-002331,ACC-103116,Pro,5,339.46,USD,0,Monthly,Credit Card,2023-06-10,2023-08-10
SUB-002332,ACC-101410,Business,7,"$ 1,094",USD,5,Monthly,Credit Card,2024-10-25,10/25/2025
SUB-002333,ACC-104401,Pro,2,$226.87,USD,0,Annual,Invoice,03/29/2023,2026-05-26
SUB-002334,ACC-104401,Enterprise,7,4098,USD,0,Monthly,Invoice,2026-05-26,
SUB-002335,ACC-103135,Starter,2,53.16,USD,0,Monthly,Credit Card,2022-06-20,
SUB-002336,ACC-102375,Business,2,$ 536,USD,20,Monthly,Credit Card,11/20/2024,
SUB-002337,ACC-103319,Pro,6,$372.10,USD,0,Monthly,Credit Card,2024-02-22,2026-03-02
SUB-002338,ACC-103319,Enterprise,1,"$2,027.21",USD,0,Monthly,ACH,02-Mar-2026,
SUB-002339,ACC-102259,Starter,2,47,USD,10,Monthly,ACH,2025-01-24,
SUB-002340,ACC-100192,Starter,3,61.79,USD,0,Annual,credit card,2023-06-29,
SUB-002341,ACC-101941,Pro,1,227.79,USD,0,Monthly,ACH,25/10/2024,09-Jan-2025
SUB-002342,ACC-101941,Enterprise,7,"$2,737.20",USD,25,Monthly,Credit Card,2025-01-09,
SUB-002343,ACC-101126,Business,3,€718.41,EUR,0,Monthly,Credit Card,07-May-2024,
SUB-002344,ACC-101921,Starter,3,61.44,USD,0,Monthly,ACH,11/03/2022,2026/02/22
SUB-002345,ACC-101921,Business,2,756.14,USD,0,Monthly,Credit Card,2026-02-22,
SUB-002346,ACC-103734,Pro,1,$166.05,USD,10,Annual,Invoice,2025-05-31,2025-11-30
SUB-002347,ACC-104081,Starter,2,53.21,USD,0,Annual,Credit Card,09/23/2024,23/09/2025
SUB-002348,ACC-102763,Pro,4,316.47,EUR,0,Annual,,2023-12-01,
SUB-002349,ACC-100304,Starter,2,€ 62,EUR,0,Monthly,Invoice,04/16/2022,2025-04-02
SUB-002350,ACC-100304,Business,3,€ 679,EUR,15,Annual,,2025-04-02,
SUB-002351,ACC-102177,Enterprise,2,"$2,342.77",USD,0,Monthly,credit card,09/03/2023,2024-05-09
SUB-002352,ACC-101292,Business,3,692.12,USD,15,Monthly,ACH,01/22/2025,07/19/2025
SUB-002353,ACC-101292,Enterprise,3,2367,USD,0,Monthly,Credit Card,2025-07-19,05/04/2026
SUB-002354,ACC-101292,Pro,2,$248.43,USD,0,Annual,,04/05/2026,
SUB-002355,ACC-100070,Starter,1,47.83,EUR,0,Monthly,ACH,2022-03-01,2025-12-10
SUB-002356,ACC-100070,Enterprise,1,"2,237.35",EUR,0,Monthly,Credit Card,2025-12-10,
SUB-002357,ACC-104173,Starter,8,97.94,USD,0,Annual,Invoice,2022-08-22,22-Jan-2023
SUB-002358,ACC-101305,Enterprise,5,"3,471.55",USD,0,Monthly,credit card,2022/12/25,01/25/2023
SUB-002359,ACC-102859,Business,9,"1,050.65",USD,20,Annual,Invoice,01/21/2022,2023-05-17
SUB-002360,ACC-102859,Enterprise,1,"$2,528.54",USD,-10,Monthly,credit card,2023-05-17,2025/09/19
SUB-002361,ACC-102859,Pro,3,242.22,USD,0,Monthly,ACH,2025-09-19,
SUB-002362,ACC-103288,Pro,2,206.96,USD,10,Monthly,Credit Card,23-Aug-2025,
SUB-002363,ACC-105816,Starter,3,63,USD,0,Monthly,ACH,25-Jul-2022,2022-10-02
SUB-002364,ACC-105816,Enterprise,2,"2,601.17",USD,0,Monthly,Credit Card,2022-10-02,2023-08-25
SUB-002365,ACC-105098,Starter,1,46,USD,0,Monthly,Credit Card,2024-01-23,05/04/2024
SUB-002366,ACC-105098,Pro,1,204.72,USD,0,Monthly,ACH,2024-04-05,2024/05/23
SUB-002367,ACC-101340,Business,1,$647.65,USD,0,Monthly,Invoice,07/17/2023,
SUB-002368,ACC-100831,Starter,4,$ 77,USD,0,Monthly,Credit Card,2023-12-16,2025-08-16
SUB-002369,ACC-102264,Business,4,907,USD,0,Monthly,Credit Card,2023-04-03,10/24/2024
SUB-002370,ACC-102264,Pro,2,247.59,USD,0,Monthly,Credit Card,2024-10-24,03/03/2025
SUB-002371,ACC-101456,Pro,3,$ 268,USD,0,Annual,Credit Card,16-Oct-2024,2024-12-28
SUB-002372,ACC-101456,Starter,5,87.24,USD,0,Monthly,Credit Card,12/28/2024,
SUB-002373,ACC-102689,Business,4,$915.72,USD,0,Monthly,Credit Card,2022-02-01,2025-09-17
SUB-002374,ACC-102689,Enterprise,7,"$3,762.88",USD,0,Monthly,credit card,17-Sep-2025,
SUB-002375,ACC-103339,Enterprise,1,"€ 1,919",EUR,0,Annual,credit card,2022-04-17,2023/04/24
SUB-002376,ACC-103339,Starter,4,€79.25,EUR,0,Monthly,Credit Card,2023-04-24,
SUB-002377,ACC-100238,Business,1,630,GBP,0,Annual,Credit Card,02/26/2023,
SUB-002378,ACC-100092,Pro,2,233,EUR,0,Monthly,Credit Card,2023-07-24,2024-03-24
SUB-002379,ACC-102263,Business,4,$790.32,USD,0,Monthly,credit card,31/08/2022,2025-01-04
SUB-002380,ACC-102263,Starter,3,61.79,USD,0,Annual,Credit Card,2025-01-04,2025-10-31
SUB-002381,ACC-104129,Starter,2,61,USD,0,Monthly,ACH,2024-11-13,
SUB-002382,ACC-103164,Business,2,779.27,USD,0,Monthly,Invoice,2024-04-02,
SUB-002383,ACC-105446,Business,3,735.06,USD,0,Monthly,ACH,2024-10-29,
SUB-002384,ACC-102677,Starter,3,68.51,USD,0,Monthly,Credit Card,2022-10-12,2024-09-12
SUB-002385,ACC-101963,Business,1,648,USD,0,Monthly,,2024/04/26,
SUB-002386,ACC-103541,Starter,4,67,USD,0,Monthly,Invoice,2024-07-25,12/08/2024
SUB-002387,ACC-103541,Enterprise,3,"2,680.21",USD,0,Annual,Credit Card,2024-12-08,
SUB-002388,ACC-101001,Business,4,£920.75,GBP,0,Monthly,Credit Card,2022-04-24,03/07/2025
SUB-002389,ACC-101001,Enterprise,3,"2,845.96",GBP,0,Monthly,Credit Card,03/07/2025,
SUB-002390,ACC-102389,Pro,1,227.40,USD,0,Monthly,Credit Card,06/28/2023,2023-10-30
SUB-002391,ACC-102389,Business,10,"1,158.92",USD,15,Monthly,Credit Card,2023-10-30,
SUB-002392,ACC-104764,Starter,5,73.78,USD,0,Monthly,ACH,17/07/2022,22-Sep-2022
SUB-002393,ACC-104764,Enterprise,4,"2,810.09",USD,0,Monthly,Credit Card,2022-09-22,2022/10/17
SUB-002394,ACC-102344,Starter,2,58.52,USD,5,Monthly,ACH,2022-10-04,2023/05/04
SUB-002395,ACC-104053,Starter,1,52.11,USD,0,Monthly,Credit Card,07/31/2023,2024-03-24
SUB-002396,ACC-104053,Enterprise,2,"2,173.65",USD,0,Monthly,credit card,03/24/2024,31/12/2024
SUB-002397,ACC-101504,Business,4,874.40,USD,0,Monthly,Credit Card,2022-09-21,2025-06-18
SUB-002398,ACC-101504,Starter,2,59.12,USD,0,Monthly,ACH,18-Jun-2025,
SUB-002399,ACC-100957,Enterprise,2,2341,USD,0,Monthly,Invoice,2024-06-18,23-Sep-2025
SUB-002400,ACC-100957,Business,1,$572.21,USD,15,Monthly,Credit Card,09/23/2025,
SUB-002401,ACC-105568,Starter,9,$ 106,USD,0,Monthly,Credit Card,02/06/2025,
SUB-002402,ACC-104244,Pro,4,265.57,USD,10,Monthly,Credit Card,2024-08-29,
SUB-002403,ACC-104769,Pro,7,420,GBP,0,Monthly,Credit Card,2025-07-20,
SUB-002404,ACC-101532,Business,2,$726.27,USD,0,Annual,Credit Card,2022-02-25,
SUB-002405,ACC-103398,Pro,3,253,EUR,0,Monthly,ACH,11/07/2024,
SUB-002406,ACC-104829,Starter,3,$59.05,USD,15,Monthly,ACH,2024-08-20,2025-08-20
SUB-002407,ACC-100411,Enterprise,1,"2,030.83",USD,0,Annual,Invoice,03/25/2024,25-May-2025
SUB-002408,ACC-101405,Starter,2,61,USD,0,Monthly,Invoice,01/10/2024,
SUB-002409,ACC-102680,Starter,2,56.60,USD,0,Annual,Credit Card,13/06/2023,2024/03/13
SUB-002410,ACC-105842,Starter,3,$59.34,USD,0,Annual,Credit Card,2023-03-10,
SUB-002411,ACC-102937,Pro,1,139.62,USD,25,Annual,Invoice,13/07/2022,08/13/2023
SUB-002412,ACC-103904,Business,1,678.22,EUR,0,Monthly,Invoice,12/17/2023,
SUB-002413,ACC-103413,Business,2,716.68,USD,0,Monthly,Credit Card,2023-11-12,
SUB-002414,ACC-105360,Business,5,"1,084.37",USD,0,Annual,Credit Card,25-May-2024,
SUB-002415,ACC-102145,Pro,3,$292.46,USD,0,Monthly,,2024-12-22,16-Mar-2025
SUB-002416,ACC-102145,Business,4,$ 981,USD,0,Monthly,Invoice,16-Mar-2025,2025/04/22
SUB-002417,ACC-101034,Pro,2,245,USD,0,Monthly,ACH,10/21/2023,28/07/2024
SUB-002418,ACC-101034,Enterprise,1,"$ 1,976",USD,0,Annual,Credit Card,07/28/2024,
SUB-002419,ACC-102801,Business,4,882.69,USD,0,Monthly,Credit Card,05/01/2023,2025-05-21
SUB-002420,ACC-102801,Enterprise,5,"3,114.86",USD,0,Monthly,Invoice,,
SUB-002421,ACC-102715,Starter,8,104.17,USD,0,Annual,Credit Card,2023/09/21,2024-06-21
SUB-002422,ACC-102087,Pro,2,$213.89,USD,5,Monthly,ACH,2022-08-28,2025-10-04
SUB-002423,ACC-102087,Business,4,956,USD,0,Monthly,Credit Card,2025-10-04,2025-10-28
SUB-002424,ACC-100931,Pro,1,$208.88,USD,0,Monthly,Credit Card,2024-09-07,
SUB-002425,ACC-105551,Starter,2,62.34,USD,0,Monthly,Credit Card,2023-09-10,2024-04-28
SUB-002426,ACC-105551,Enterprise,3,"2,400.00",USD,0,Annual,Invoice,2024-04-28,10/04/2025
SUB-002427,ACC-103426,Pro,1,194,USD,0,Monthly,Credit Card,2024-03-01,
SUB-002428,ACC-100633,Pro,2,230.32,USD,0,Monthly,credit card,2023/10/23,
SUB-002429,ACC-103418,Starter,2,55,USD,0,Monthly,,2024-12-17,
SUB-002430,ACC-100498,Business,1,639.55,USD,0,Monthly,Credit Card,01/12/2025,2025-03-30
SUB-002431,ACC-100498,Pro,2,256.48,USD,0,Monthly,ACH,2025-03-30,2026-04-05
SUB-002432,ACC-100498,Starter,4,71.91,USD,0,Monthly,ACH,05-Apr-2026,
SUB-002433,ACC-100937,Enterprise,3,"$2,779.77",USD,0,Annual,ACH,20/08/2023,03/03/2024
SUB-002434,ACC-100937,Starter,1,42,USD,20,Monthly,Credit Card,2024-03-03,2025-06-20
SUB-002435,ACC-100415,Business,1,628,USD,0,Annual,Credit Card,2024-06-28,
SUB-002436,ACC-105840,Pro,4,282.66,GBP,0,Monthly,,28-May-2024,
SUB-002437,ACC-103375,Pro,5,332.34,USD,0,Monthly,,11/23/2023,2024-08-01
SUB-002438,ACC-103375,Business,2,$764.98,USD,0,Annual,ACH,2024-08-01,
SUB-002439,ACC-104301,Business,2,760.34,USD,0,Annual,ACH,2025-04-15,
SUB-002440,ACC-103970,Pro,5,$331.04,USD,0,Annual,credit card,2024-10-23,
SUB-002441,ACC-102698,Starter,3,71,USD,0,Annual,Credit Card,01/25/2025,
SUB-002442,ACC-100757,Business,3,€ 643,EUR,10,Monthly,ACH,05/04/2023,
SUB-002443,ACC-101817,Pro,7,$377.89,USD,0,Monthly,Credit Card,29/01/2024,29-Apr-2025
SUB-002444,ACC-105072,Pro,3,256.92,USD,0,Monthly,Credit Card,03-Jun-2025,
SUB-002445,ACC-101041,Pro,4,$226.65,USD,25,Monthly,Credit Card,04/11/2025,08/17/2025
SUB-002446,ACC-101041,Enterprise,1,"$1,915.59",USD,0,Monthly,,2025-08-17,
SUB-002447,ACC-102271,Starter,9,91.89,USD,20,Monthly,Credit Card,2025-04-05,01/06/2025
SUB-002448,ACC-102271,Pro,2,169.84,USD,20,Annual,Credit Card,2025-06-01,2025-08-05
SUB-002449,ACC-103043,Pro,5,322.20,USD,0,Monthly,Credit Card,2023-01-14,2023-05-23
SUB-002450,ACC-103043,Enterprise,4,"2,612.54",USD,5,Annual,Invoice,2023/05/23,2026-01-14
SUB-002451,ACC-104294,Starter,1,$ 48,USD,10,Annual,Credit Card,2025-02-09,
SUB-002452,ACC-105750,Starter,2,$62.20,USD,0,Annual,Credit Card,2024-03-24,2024-12-05
SUB-002453,ACC-105750,Pro,1,219.15,USD,0,Monthly,Credit Card,2024-12-05,
SUB-002454,ACC-100596,Pro,2,253.19,USD,0,Annual,Credit Card,2024-08-22,
SUB-002455,ACC-105903,Pro,6,€ 343,EUR,0,Monthly,Credit Card,2022-08-19,2024-08-19
SUB-002456,ACC-104937,Starter,9,€112.89,EUR,0,Annual,Invoice,01/08/2022,
SUB-002457,ACC-104412,Starter,1,50.51,USD,0,Annual,Credit Card,2022-03-20,08/02/2024
SUB-002458,ACC-104412,Pro,4,310.62,USD,0,Annual,Credit Card,2024-08-02,01/20/2025
SUB-002459,ACC-101068,Business,4,$893.30,USD,0,Annual,Invoice,22/08/2025,
SUB-002460,ACC-101647,Business,2,$717.07,USD,0,Annual,ACH,2025-04-19,06/11/2025
SUB-002461,ACC-101647,Starter,4,75.68,USD,0,Annual,Credit Card,06/11/2025,2025-12-07
SUB-002462,ACC-101647,Pro,4,$234.66,USD,10,Monthly,ACH,12/07/2025,
SUB-002463,ACC-103121,Pro,4,$303.06,USD,0,Annual,Credit Card,2023-06-20,
SUB-002464,ACC-104233,Pro,3,$253.54,USD,0,Annual,,31/05/2022,2026/03/31
SUB-002465,ACC-103034,Pro,4,297.86,USD,0,Annual,Credit Card,2025-08-20,2026-03-20
SUB-002466,ACC-103320,Business,3,803,EUR,0,Annual,Credit Card,23-Mar-2022,
SUB-002467,ACC-100652,Starter,1,$ 48,USD,0,Monthly,Invoice,31-Aug-2024,2026-02-19
SUB-002468,ACC-100652,Enterprise,3,"$ 2,831",USD,0,Annual,Credit Card,19/02/2026,
SUB-002469,ACC-104828,Starter,1,56,USD,0,Monthly,ACH,2022-02-15,
SUB-002470,ACC-101700,Business,2,637.95,GBP,15,Annual,Credit Card,2024-12-23,
SUB-002471,ACC-104689,Starter,6,86,USD,0,Monthly,Credit Card,2022-09-24,2023/02/24
SUB-002472,ACC-104878,Starter,4,65.62,EUR,5,Monthly,Credit Card,2022-12-22,2026-04-22
SUB-002473,ACC-102691,Pro,4,329,USD,0,Annual,Credit Card,01-Mar-2022,
SUB-002474,ACC-105820,Starter,3,63.82,USD,0,Annual,Credit Card,10/07/2022,08/01/2023
SUB-002475,ACC-105820,Business,4,927,USD,0,Monthly,Invoice,2023-08-01,07/04/2025
SUB-002476,ACC-102721,Starter,2,$ 52,USD,0,Monthly,credit card,2022-09-18,2023-05-07
SUB-002477,ACC-102721,Enterprise,2,2177,USD,0,Monthly,Credit Card,07-May-2023,18/11/2023
SUB-002478,ACC-102706,Enterprise,1,"$1,621.37",USD,15,Annual,credit card,2025-07-04,01/26/2026
SUB-002479,ACC-102706,Pro,1,186.81,USD,0,Monthly,Credit Card,01/26/2026,
SUB-002480,ACC-104925,Pro,3,237.12,USD,20,Monthly,ACH,2023-06-08,
SUB-002481,ACC-102457,Pro,4,€ 329,EUR,0,Monthly,Credit Card,2023-08-26,08-May-2024
SUB-002482,ACC-102457,Business,3,€ 789,EUR,0,Monthly,Invoice,2024-05-08,
SUB-002483,ACC-100075,Business,2,668.12,USD,0,Monthly,Invoice,2023-10-15,02/15/2024
SUB-002484,ACC-101245,Business,2,626,USD,0,Monthly,Credit Card,2024-05-15,
SUB-002485,ACC-103705,Starter,2,$62.02,USD,0,Annual,,03/28/2023,2026-05-14
SUB-002486,ACC-103705,Enterprise,4,"3,185.66",USD,0,Monthly,Credit Card,14/05/2026,
SUB-002487,ACC-103012,Starter,1,45,EUR,0,Monthly,Invoice,2023-12-04,2025-05-04
SUB-002488,ACC-105125,Business,5,822.45,USD,15,Monthly,ACH,2025-03-07,
SUB-002489,ACC-104006,Pro,4,312,USD,0,Monthly,Credit Card,07/06/2022,
SUB-002490,ACC-102004,Pro,2,187,USD,25,Monthly,Credit Card,2024-01-05,2024-02-05
SUB-002491,ACC-102004,Business,3,$ 821,USD,0,Annual,ACH,2024-02-05,2024-02-05
SUB-002492,ACC-105828,Enterprise,1,1926,EUR,0,Monthly,Credit Card,2025-08-26,
SUB-002493,ACC-103269,Starter,2,61.72,USD,0,Monthly,Credit Card,2023-08-27,2026-02-27
SUB-002494,ACC-103196,Starter,2,55.71,USD,5,Monthly,Credit Card,2024-11-23,11/20/2025
SUB-002495,ACC-103196,Business,3,$ 851,USD,0,Monthly,Credit Card,20/11/2025,2026-01-23
SUB-002496,ACC-103196,Starter,1,$ 53,USD,0,Annual,Credit Card,23-Jan-2026,23-Jan-2026
SUB-002497,ACC-100108,Enterprise,2,"€ 2,155",EUR,0,Monthly,Credit Card,2023-03-27,2024-03-27
SUB-002498,ACC-100108,Business,2,€784.52,EUR,0,Annual,Credit Card,2024-03-27,
SUB-002499,ACC-101010,Pro,4,305.15,EUR,5,Monthly,Credit Card,08-Oct-2022,
SUB-002500,ACC-101029,Starter,3,$58.25,USD,0,Monthly,credit card,2024-10-17,
SUB-002501,ACC-102251,Pro,3,290,GBP,0,Annual,Credit Card,2022-10-22,28-Oct-2023
SUB-002502,ACC-102251,Enterprise,3,"1,991.55",GBP,20,Monthly,Credit Card,2023-10-28,10/20/2025
SUB-002503,ACC-102251,Starter,2,£49.71,GBP,20,Annual,Credit Card,20/10/2025,
SUB-002504,ACC-100828,Starter,1,51.91,USD,0,Monthly,,2023-02-18,2023-03-30
SUB-002505,ACC-100828,Enterprise,5,"$3,464.53",USD,0,Monthly,credit card,2023-03-30,2023-08-18
SUB-002506,ACC-105399,Business,4,827.02,USD,5,Monthly,Credit Card,16-Apr-2025,08/23/2025
SUB-002507,ACC-105399,Enterprise,1,1999,USD,0,Annual,Invoice,23/08/2025,2026-05-14
SUB-002508,ACC-105399,Pro,4,295,USD,0,Monthly,ACH,2026-05-14,
SUB-002509,ACC-104283,Starter,3,49,GBP,20,Annual,Credit Card,2024/05/16,
SUB-002510,ACC-100096,Pro,4,$280.46,USD,0,Monthly,Invoice,10/01/2024,01-Nov-2025
SUB-002511,ACC-104293,Enterprise,3,"2,405.42",USD,0,Annual,ACH,04/20/2023,
SUB-002512,ACC-105503,Pro,6,343.47,USD,0,Monthly,ACH,2025-07-10,
SUB-002513,ACC-105169,Starter,1,47.61,USD,0,Monthly,Invoice,2025-03-16,2026-03-16
SUB-002514,ACC-101385,Pro,1,193.43,EUR,5,Monthly,Invoice,2022-04-01,2022-12-01
SUB-002515,ACC-101200,Starter,5,73.59,EUR,0,Annual,ACH,10/28/2023,2024-05-15
SUB-002516,ACC-101200,Business,6,€718.42,EUR,25,Monthly,credit card,2024-05-15,
SUB-002517,ACC-100621,Starter,2,$51.08,USD,0,Monthly,ACH,2023-07-19,2024-03-19
SUB-002518,ACC-105533,Starter,2,52.27,USD,0,Annual,ACH,2022-10-05,
SUB-002519,ACC-101412,Business,2,$665.68,USD,0,Annual,Credit Card,2022-10-23,03-Jan-2023
SUB-002520,ACC-101412,Pro,2,245.03,USD,0,Monthly,ACH,2023/01/03,2024-05-23
SUB-002521,ACC-100566,Starter,3,63,USD,0,Annual,Credit Card,2024-10-18,2025-01-09
SUB-002522,ACC-100566,Business,2,736.96,USD,0,Monthly,ACH,01/09/2025,
SUB-002523,ACC-100543,Pro,4,$ 210,USD,20,Monthly,credit card,2025-08-29,2025-11-11
SUB-002524,ACC-100543,Starter,5,$80.74,USD,0,Monthly,Credit Card,2025-11-11,2026-01-29
SUB-002525,ACC-101334,Starter,1,46,EUR,0,Annual,Invoice,2022-08-27,2024-04-27
SUB-002526,ACC-105286,Pro,2,$234.18,USD,0,Monthly,Credit Card,2023/08/10,2025-11-10
SUB-002527,ACC-100051,Pro,3,$233.21,USD,0,Annual,,01/27/2025,
SUB-002528,ACC-105118,Business,2,728.90,USD,0,Annual,Credit Card,2022-10-29,
SUB-002529,ACC-101859,Pro,3,253.78,USD,0,Annual,Credit Card,2024-01-12,2024-08-12
SUB-002530,ACC-102578,Starter,2,53,EUR,10,Monthly,Credit Card,10/20/2022,02/20/2023
SUB-002531,ACC-104338,Starter,5,88.45,USD,0,Monthly,Credit Card,2023-01-29,2026-05-29
SUB-002532,ACC-101558,Starter,1,42.09,USD,10,Monthly,Credit Card,09/15/2023,
SUB-002533,ACC-100745,Pro,1,187.92,USD,0,Monthly,ACH,2023-11-15,
SUB-002534,ACC-104370,Starter,8,95.43,USD,0,Monthly,Invoice,2024-01-27,06-Dec-2024
SUB-002535,ACC-104370,Business,2,740.75,USD,0,Monthly,ACH,06/12/2024,27/12/2024
SUB-002536,ACC-102916,Business,2,660,USD,0,Annual,Credit Card,2025-05-18,
SUB-002537,ACC-101467,Pro,3,€243.04,EUR,0,Monthly,Invoice,2024-07-17,
SUB-002538,ACC-102057,Starter,5,$74.65,USD,0,Monthly,Credit Card,2024-02-23,2025-01-25
SUB-002539,ACC-102057,Enterprise,7,"$3,178.59",USD,20,Annual,credit card,2025-01-25,
SUB-002540,ACC-100195,Pro,1,$187.62,USD,15,Monthly,Credit Card,02/13/2023,2024-02-13
SUB-002541,ACC-103505,Starter,2,52.70,EUR,0,Monthly,credit card,2025-08-05,
SUB-002542,ACC-105041,Business,3,852.24,USD,0,Monthly,credit card,01/21/2023,04/09/2023
SUB-002543,ACC-105041,Enterprise,2,"2,126.22",USD,10,Monthly,Credit Card,2023-04-09,2023-11-21
SUB-002544,ACC-103891,Business,4,$969.46,USD,0,Annual,ACH,2024-05-31,2026-02-07
SUB-002545,ACC-103891,Starter,1,55,USD,0,Annual,Credit Card,2026-02-07,
SUB-002546,ACC-100802,Starter,3,68.07,USD,0,Monthly,,2025-04-16,09/16/2025
SUB-002547,ACC-101618,Starter,4,62,USD,15,Annual,credit card,2022-04-20,01-Oct-2025
SUB-002548,ACC-101618,Enterprise,4,"2,632.96",USD,0,Monthly,credit card,2025-10-01,
SUB-002549,ACC-103361,Starter,1,$ 50,USD,0,Monthly,Credit Card,24/06/2024,2024-09-05
SUB-002550,ACC-103361,Business,1,$ 613,USD,0,Monthly,Credit Card,2024-09-05,10/24/2024
SUB-002551,ACC-104421,Starter,5,$ 84,USD,0,Annual,credit card,05/05/2025,10-Feb-2026
SUB-002552,ACC-104421,Enterprise,4,"$ 3,191",USD,0,Monthly,Invoice,10/02/2026,
SUB-002553,ACC-100620,Pro,2,236,EUR,0,Monthly,Credit Card,2022-06-30,2022-07-30
SUB-002554,ACC-103352,Starter,5,$79.88,USD,0,Monthly,Invoice,05/12/2023,
SUB-002555,ACC-104207,Starter,1,$47.10,USD,0,Annual,Invoice,2023-01-15,12/15/2023
SUB-002556,ACC-103731,Starter,2,52,USD,0,Monthly,Invoice,2024-12-10,
SUB-002557,ACC-105513,Starter,4,75,USD,0,Annual,ACH,2025-03-23,17/09/2025
SUB-002558,ACC-105513,Business,3,865.13,USD,0,Monthly,Invoice,2025-09-17,
SUB-002559,ACC-101886,Business,9,"£ 1,292",GBP,0,Monthly,Credit Card,2025-03-11,
SUB-002560,ACC-102024,Business,1,$ 673,USD,0,Annual,Credit Card,02/26/2024,11/07/2024
SUB-002561,ACC-102024,Starter,2,$64.15,USD,0,Monthly,Credit Card,2024-11-07,26/11/2024
SUB-002562,ACC-100644,Starter,7,$95.27,USD,0,Monthly,Invoice,2022-10-25,2024-02-24
SUB-002563,ACC-100644,Enterprise,2,"$2,106.55",USD,0,Annual,Invoice,2024-02-24,02/05/2025
SUB-002564,ACC-100644,Pro,1,$152.94,USD,25,Monthly,Credit Card,2025-05-02,25/03/2026
SUB-002565,ACC-105377,Starter,4,81,USD,0,Monthly,ACH,10/28/2024,2025-10-28
SUB-002566,ACC-104553,Starter,2,$52.49,USD,5,Monthly,Credit Card,2022-05-23,
SUB-002567,ACC-101897,Business,8,$ 924,USD,25,Monthly,Credit Card,2024-05-11,2025-11-03
SUB-002568,ACC-101897,Enterprise,3,"$1,852.82",USD,25,Monthly,Credit Card,,05/13/2026
SUB-002569,ACC-101897,Pro,6,300.47,USD,15,Annual,Credit Card,05/13/2026,
SUB-002570,ACC-101061,Starter,6,95.01,USD,0,Annual,ACH,2023-05-31,
SUB-002571,ACC-104216,Pro,1,202.61,USD,0,Monthly,Credit Card,2024-05-19,
SUB-002572,ACC-105274,Starter,7,$ 99,USD,0,Monthly,,25/05/2024,25-Aug-2024
SUB-002573,ACC-100120,Pro,1,227.04,USD,0,Monthly,credit card,2022-03-29,
SUB-002574,ACC-102998,Pro,2,$249.07,USD,0,Monthly,Invoice,2022-02-22,2022-09-08
SUB-002575,ACC-102998,Business,1,682,USD,0,Monthly,Credit Card,2022-09-08,02/06/2024
SUB-002576,ACC-102998,Starter,2,59.67,USD,0,Monthly,Invoice,02/06/2024,
SUB-002577,ACC-102970,Starter,2,€62.82,EUR,0,Monthly,Credit Card,2024/06/09,2024-10-09
SUB-002578,ACC-105259,Starter,3,$72.62,USD,0,Annual,Invoice,04/07/2022,2023-02-22
SUB-002579,ACC-105259,Enterprise,1,"1,982.03",USD,0,Monthly,Credit Card,2023-02-22,30-Dec-2023
SUB-002580,ACC-105259,Pro,1,$194.53,USD,0,Monthly,Invoice,30-Dec-2023,
SUB-002581,ACC-104888,Starter,6,97.26,USD,0,Monthly,Credit Card,12/03/2022,
SUB-002582,ACC-103148,Starter,3,61.76,USD,0,Annual,Credit Card,2023-02-02,02/11/2023
SUB-002583,ACC-101230,Starter,1,€ 44,EUR,10,Annual,Invoice,10/22/2022,2024-01-22
SUB-002584,ACC-105644,Starter,1,$54.40,USD,-10,Monthly,ACH,2024-11-05,2025/04/19
SUB-002585,ACC-105644,Business,7,1231,USD,0,Monthly,Credit Card,2025/04/19,16/09/2025
SUB-002586,ACC-105644,Starter,3,$66.61,USD,0,Monthly,Credit Card,16-Sep-2025,
SUB-002587,ACC-103570,Pro,5,279.59,USD,10,Monthly,Credit Card,08/30/2022,11/22/2022
SUB-002588,ACC-103570,Business,3,544.90,USD,25,Annual,Credit Card,22-Nov-2022,
SUB-002589,ACC-104160,Business,7,"$1,234.07",USD,0,Monthly,,2024/03/24,11/23/2025
SUB-002590,ACC-104160,Enterprise,1,1962,USD,0,Monthly,,11/23/2025,
SUB-002591,ACC-105766,Starter,4,79.89,USD,0,Monthly,Invoice,2023-05-05,
SUB-002592,ACC-103404,Starter,4,$ 70,USD,0,Monthly,ACH,2022-02-22,02/03/2023
SUB-002593,ACC-103404,Business,2,635.01,USD,0,Monthly,credit card,02-Mar-2023,22/03/2024
SUB-002594,ACC-100134,Starter,1,$55.74,USD,0,Monthly,Credit Card,2023-12-26,
SUB-002595,ACC-103586,Starter,3,$64.00,USD,0,Monthly,Credit Card,2025/08/27,12/06/2025
SUB-002596,ACC-103586,Business,5,$ 869,USD,0,Monthly,credit card,2025-12-06,2026-01-27
SUB-002597,ACC-102653,Starter,3,$58.96,USD,0,Annual,credit card,07/20/2023,2025-09-01
SUB-002598,ACC-102653,Enterprise,2,"$ 2,009",USD,10,Annual,Credit Card,2025-09-01,02/16/2026
SUB-002599,ACC-102653,Business,3,873.52,USD,0,Annual,Credit Card,2026-02-16,
SUB-002600,ACC-104369,Pro,1,212.14,USD,0,Monthly,Credit Card,08/19/2024,19/11/2024
SUB-002601,ACC-103007,Pro,4,290,USD,0,Monthly,Credit Card,14-Jan-2023,2025-01-27
SUB-002602,ACC-103007,Enterprise,3,"2,901.03",USD,0,Monthly,,2025-01-27,
SUB-002603,ACC-104258,Pro,2,$253.88,USD,0,Annual,Invoice,2025-07-31,
SUB-002604,ACC-101721,Pro,1,$ 227,USD,0,Monthly,ACH,08/07/2022,11/02/2022
SUB-002605,ACC-101721,Enterprise,7,"3,679.68",USD,0,Monthly,credit card,11/02/2022,2025-04-07
SUB-002606,ACC-103519,Pro,3,278.50,USD,0,Annual,Credit Card,2024-03-11,2025-06-01
SUB-002607,ACC-103519,Starter,3,$67.67,USD,0,Monthly,Invoice,2025-06-01,
SUB-002608,ACC-100511,Pro,6,$377.57,USD,0,Monthly,Invoice,2023-01-23,23/04/2026
SUB-002609,ACC-104120,Starter,1,$38.35,USD,20,Monthly,Credit Card,22-Feb-2023,2025-01-01
SUB-002610,ACC-104120,Business,3,793.40,USD,0,Monthly,Invoice,2025-01-01,
SUB-002611,ACC-100062,Starter,5,62,EUR,20,Monthly,,06/04/2025,2026-01-17
SUB-002612,ACC-100062,Business,2,627.34,EUR,0,Monthly,Invoice,01/17/2026,2026-03-04
SUB-002613,ACC-101553,Starter,5,77.40,USD,0,Monthly,Invoice,06/01/2024,2024-02-16
SUB-002614,ACC-101553,Business,4,785.52,USD,0,Monthly,credit card,2024-02-16,2024-11-06
SUB-002615,ACC-103881,Business,3,759.51,USD,0,Monthly,Invoice,05-May-2024,
SUB-002616,ACC-105291,Pro,2,$249.35,USD,0,Monthly,Credit Card,2023-01-21,02/26/2023
SUB-002617,ACC-105291,Business,3,$762.41,USD,0,Monthly,Credit Card,2023-02-26,2024-02-29
SUB-002618,ACC-105291,Pro,3,$182.66,USD,25,Monthly,Credit Card,02/29/2024,2024-03-21
SUB-002619,ACC-105714,Starter,3,$ 68,USD,0,Monthly,Credit Card,08/30/2022,02/22/2026
SUB-002620,ACC-105714,Business,4,802.16,USD,0,Annual,Credit Card,22-Feb-2026,
SUB-002621,ACC-104151,Business,3,888,USD,0,Monthly,credit card,11-Nov-2023,2024-04-23
SUB-002622,ACC-104151,Enterprise,2,"2,191.02",USD,0,Monthly,Credit Card,2024/04/23,11-May-2024
SUB-002623,ACC-102284,Business,7,"1,243.56",USD,0,Monthly,credit card,2022-03-19,2023-12-19
SUB-002624,ACC-105863,Enterprise,2,"2,540.63",USD,0,Monthly,Credit Card,2024-12-03,2025-04-12
SUB-002625,ACC-105863,Business,4,$913.21,USD,0,Annual,Credit Card,04/12/2025,
SUB-002626,ACC-102153,Starter,1,41.80,GBP,15,Monthly,Credit Card,2025-08-03,
SUB-002627,ACC-100679,Business,3,880.31,USD,0,Monthly,Credit Card,05/23/2023,2025-12-23
SUB-002628,ACC-100679,Enterprise,3,"2,424.62",USD,0,Annual,Invoice,2025-12-23,
SUB-002629,ACC-103793,Pro,3,251.65,USD,0,Monthly,ACH,2025-06-20,2026-01-20
SUB-002630,ACC-103793,Starter,2,$ 62,USD,0,Annual,Invoice,2026-01-20,08-Apr-2026
SUB-002631,ACC-103793,Pro,2,$ 223,USD,0,Annual,Credit Card,04/08/2026,
SUB-002632,ACC-101211,Starter,2,54.87,USD,0,Annual,Credit Card,2025-07-10,
SUB-002633,ACC-100122,Starter,9,109.22,USD,0,Monthly,Credit Card,01/16/2022,2023/09/16
SUB-002634,ACC-104024,Enterprise,3,"$2,069.75",USD,25,Monthly,ACH,01/15/2025,
SUB-002635,ACC-102951,Enterprise,1,"$1,890.63",USD,0,Monthly,Credit Card,05/21/2023,
SUB-002636,ACC-104144,Business,1,590,USD,0,Annual,Credit Card,2025-06-14,
SUB-002637,ACC-103578,Business,10,1598,USD,0,Annual,Invoice,2024-10-13,10/13/2025
SUB-002638,ACC-105319,Pro,1,210.15,USD,0,Annual,Credit Card,12/08/2022,
SUB-002639,ACC-101210,Pro,2,$240.22,USD,0,Monthly,Credit Card,2023-04-09,2026-02-09
SUB-002640,ACC-100567,Pro,1,220.20,USD,0,Monthly,credit card,2025-05-11,2025-06-10
SUB-002641,ACC-100567,Business,1,623.75,USD,0,Annual,Credit Card,06/10/2025,2025/06/11
SUB-002642,ACC-103153,Business,1,571.74,USD,0,Monthly,Invoice,2023/05/31,2025-12-31
SUB-002643,ACC-104314,Starter,6,83.41,EUR,0,Monthly,credit card,21/01/2024,
SUB-002644,ACC-100864,Starter,1,£53.51,GBP,0,Annual,Credit Card,20-May-2025,
SUB-002645,ACC-104602,Starter,3,$65.11,USD,0,Annual,Invoice,03/19/2022,17-Apr-2026
SUB-002646,ACC-104602,Pro,5,321.40,USD,0,Annual,Credit Card,17/04/2026,05/18/2026
SUB-002647,ACC-104602,Business,3,781.28,USD,0,Monthly,Credit Card,2026/05/18,2026/05/19
SUB-002648,ACC-101392,Starter,2,60,USD,0,Monthly,Invoice,2022-12-08,
SUB-002649,ACC-104561,Pro,4,271,USD,0,Annual,Invoice,2024-10-25,
SUB-002650,ACC-103276,Starter,7,102.81,USD,0,Annual,Credit Card,2024-10-14,2024-12-14
SUB-002651,ACC-105200,Pro,1,191,USD,15,Monthly,Invoice,2022-11-26,2026-02-26
SUB-002652,ACC-102114,Pro,17,707.05,USD,0,Monthly,Credit Card,2023-05-14,2024/09/14
SUB-002653,ACC-103163,Pro,3,221.49,USD,5,Monthly,Credit Card,2024-02-06,03/06/2026
SUB-002654,ACC-100720,Business,3,771.67,GBP,0,Monthly,Credit Card,2025-04-06,
SUB-002655,ACC-103951,Starter,7,$95.52,USD,0,Monthly,Credit Card,01/16/2024,2025-10-16
SUB-002656,ACC-105888,Starter,2,£ 60,GBP,0,Annual,Credit Card,02/01/2024,07/01/2024
SUB-002657,ACC-100690,Pro,1,$179.33,USD,0,Annual,credit card,05/04/2023,11/04/2025
SUB-002658,ACC-100690,Business,1,$ 562,USD,0,Monthly,ACH,04-Nov-2025,
SUB-002659,ACC-105537,Pro,2,$228.92,USD,0,Annual,Invoice,03/31/2022,21-Jul-2022
SUB-002660,ACC-105537,Business,4,$ 986,USD,0,Monthly,Credit Card,07/21/2022,2022-08-22
SUB-002661,ACC-105537,Enterprise,3,"$2,353.17",USD,0,Monthly,Credit Card,08/22/2022,08/31/2022
SUB-002662,ACC-101773,Business,1,$610.54,USD,10,Monthly,credit card,26-Nov-2023,26-Dec-2023
SUB-002663,ACC-100602,Enterprise,11,"€ 5,210",EUR,0,Monthly,credit card,04/13/2022,15/07/2024
SUB-002664,ACC-100602,Pro,3,€ 237,EUR,0,Annual,Credit Card,15-Jul-2024,
SUB-002665,ACC-103167,Pro,3,296,USD,0,Monthly,Credit Card,02/21/2024,
SUB-002666,ACC-102728,Business,1,$633.38,USD,0,Monthly,Credit Card,2024-11-23,2025/10/21
SUB-002667,ACC-102728,Enterprise,9,"4,688.07",USD,0,Monthly,Credit Card,2025-10-21,23/10/2025
SUB-002668,ACC-102476,Pro,3,267.87,USD,0,Monthly,credit card,2025-05-25,18-Sep-2025
SUB-002669,ACC-102476,Starter,6,$ 94,USD,0,Annual,Credit Card,2025/09/18,
SUB-002670,ACC-105577,Pro,2,219.51,USD,0,Monthly,Credit Card,2024-09-20,
SUB-002671,ACC-104423,Business,5,937,USD,0,Monthly,Credit Card,2022/03/09,08/01/2023
SUB-002672,ACC-104423,Enterprise,1,2040,USD,0,Monthly,Credit Card,2023-08-01,2024-11-10
SUB-002673,ACC-104423,Pro,2,224,USD,0,Annual,Credit Card,10/11/2024,
SUB-002674,ACC-100503,Business,8,"$1,390.12",USD,0,Annual,credit card,2024-07-19,19/07/2025
SUB-002675,ACC-104564,Starter,4,73,USD,0,Monthly,Invoice,26/06/2022,02/29/2024
SUB-002676,ACC-104564,Pro,5,$ 358,USD,0,Annual,credit card,02/29/2024,2024-03-26
SUB-002677,ACC-100318,Business,2,693,EUR,0,Monthly,Credit Card,26/12/2022,2023-01-29
SUB-002678,ACC-100318,Pro,5,342.82,EUR,0,Monthly,Invoice,2023-01-29,26-Jul-2023
SUB-002679,ACC-102841,Pro,11,502.20,USD,0,Monthly,credit card,26-Sep-2023,26/03/2025
SUB-002680,ACC-101919,Starter,2,52.35,USD,0,Monthly,Credit Card,09-Aug-2024,09-Sep-2024
SUB-002681,ACC-101919,Pro,1,$5.00,USD,150,Annual,credit card,09/09/2024,2024-09-09
SUB-002682,ACC-100274,Business,3,855.68,USD,0,Monthly,ACH,2024-10-03,03-Mar-2026
SUB-002683,ACC-105227,Starter,3,71.86,USD,0,Monthly,Credit Card,2023-02-05,
SUB-002684,ACC-102929,Pro,1,$ 195,USD,0,Annual,ACH,2023-12-19,
SUB-002685,ACC-101361,Pro,3,257.24,USD,0,Annual,Credit Card,2025-05-17,
SUB-002686,ACC-105133,Business,2,$658.53,USD,0,Annual,,08/23/2023,2025-05-02
SUB-002687,ACC-105133,Pro,2,173,USD,25,Monthly,Credit Card,2025-05-02,
SUB-002688,ACC-101526,Enterprise,2,"$ 1,660",USD,20,Monthly,ACH,2022-04-28,
SUB-002689,ACC-104839,Starter,1,$44.92,USD,0,Monthly,,2025-08-23,2025-12-05
SUB-002690,ACC-104839,Business,3,$ 713,USD,0,Annual,Credit Card,2025-12-05,
SUB-002691,ACC-102229,Starter,5,88.26,USD,0,Annual,credit card,04/30/2025,
SUB-002692,ACC-105401,Starter,2,$ 55,USD,0,Annual,Credit Card,2025-01-08,2025-05-07
SUB-002693,ACC-105401,Enterprise,1,"$1,963.56",USD,0,Monthly,Credit Card,07-May-2025,08/05/2026
SUB-002694,ACC-102357,Enterprise,5,"3,375.76",USD,0,Monthly,Invoice,10/21/2023,
SUB-002695,ACC-102350,Pro,1,$207.76,USD,0,Annual,Credit Card,,10/13/2025
SUB-002696,ACC-102350,Business,2,740.38,USD,0,Annual,Credit Card,13/10/2025,
SUB-002697,ACC-104743,Starter,1,$ 44,USD,15,Monthly,Invoice,2024-04-04,2024-05-04
SUB-002698,ACC-103094,Pro,6,287,USD,15,Monthly,Credit Card,2022-10-21,2025-08-21
SUB-002699,ACC-105893,Starter,1,$47.64,USD,0,Monthly,credit card,19-Oct-2023,05/19/2025
SUB-002700,ACC-103659,Pro,1,£218.24,GBP,0,Monthly,credit card,2023-06-25,
SUB-002701,ACC-100945,Pro,4,$284.97,USD,0,Monthly,ACH,2025-04-23,2025-06-23
SUB-002702,ACC-104781,Pro,3,234,GBP,0,Monthly,Credit Card,2025-08-07,
SUB-002703,ACC-105865,Enterprise,3,"$ 2,530",USD,0,Monthly,Credit Card,2025-02-13,
SUB-002704,ACC-100295,Pro,2,$208.39,USD,0,Monthly,Credit Card,2025-06-08,2025-07-23
SUB-002705,ACC-100295,Starter,1,$ 47,USD,0,Monthly,ACH,2025-07-23,2025-09-08
SUB-002706,ACC-101965,Pro,1,£ 210,GBP,0,Monthly,Credit Card,2023-01-04,04/02/2026
SUB-002707,ACC-103132,Enterprise,3,"2,501.28",USD,0,Annual,Invoice,03/07/2025,2026-01-21
SUB-002708,ACC-103132,Starter,2,$49.23,USD,10,Monthly,Credit Card,2026-01-21,
SUB-002709,ACC-100298,Starter,3,72.54,USD,0,Monthly,Invoice,18/04/2022,2023-04-11
SUB-002710,ACC-100298,Enterprise,10,"$ 4,410",USD,15,Monthly,Credit Card,11-Apr-2023,08/18/2025
SUB-002711,ACC-100068,Starter,2,54.32,USD,10,Monthly,Credit Card,02/07/2022,2023-10-04
SUB-002712,ACC-100068,Enterprise,5,"$ 3,031",USD,0,Monthly,credit card,2023-10-04,02/05/2026
SUB-002713,ACC-105207,Starter,6,€ 86,EUR,0,Monthly,Invoice,03/08/2022,2023/06/30
SUB-002714,ACC-105207,Business,3,848.51,EUR,0,Annual,Credit Card,06/30/2023,2024-06-07
SUB-002715,ACC-105207,Enterprise,6,3829,EUR,0,Annual,Credit Card,06/07/2024,08/01/2025
SUB-002716,ACC-100736,Starter,1,$48.47,USD,0,Monthly,Credit Card,2025-03-18,18-May-2025
SUB-002717,ACC-101598,Starter,1,$ 48,USD,0,Monthly,ACH,2022-04-10,
SUB-002718,ACC-102432,Business,1,666.22,USD,0,Monthly,Credit Card,2022-05-19,2025-03-19
SUB-002719,ACC-102654,Starter,3,$ 69,USD,0,Monthly,Credit Card,2023-06-27,2024-02-29
SUB-002720,ACC-102654,Enterprise,7,$5.00,USD,150,Monthly,credit card,2024-02-29,21/09/2024
SUB-002721,ACC-102654,Starter,3,64.40,USD,0,Monthly,Credit Card,2024-09-21,11/27/2024
SUB-002722,ACC-103752,Business,2,747.08,USD,0,Annual,Credit Card,09/29/2023,2025-11-24
SUB-002723,ACC-103752,Enterprise,6,3582,USD,0,Monthly,Credit Card,2025-11-24,11/29/2025
SUB-002724,ACC-101503,Starter,1,49.24,USD,0,Annual,ACH,2023-02-21,
SUB-002725,ACC-104567,Starter,1,$37.06,USD,20,Annual,Credit Card,30-Nov-2024,
SUB-002726,ACC-100150,Pro,1,209,USD,0,Annual,Credit Card,10/24/2023,08/23/2024
SUB-002727,ACC-100150,Starter,2,60.90,USD,0,Monthly,ACH,2024-08-23,12/25/2024
SUB-002728,ACC-100150,Business,6,"1,197.57",USD,0,Monthly,ACH,25-Dec-2024,
SUB-002729,ACC-100756,Pro,25,"$1,050.88",USD,0,Monthly,Credit Card,11/26/2022,26/04/2025
SUB-002730,ACC-102094,Starter,5,67.04,USD,20,Monthly,Credit Card,08/14/2024,
SUB-002731,ACC-103604,Business,3,868.14,USD,0,Monthly,Credit Card,2023-05-07,
SUB-002732,ACC-101703,Starter,4,74,USD,0,Monthly,Credit Card,2023/10/12,2024-10-30
SUB-002733,ACC-101703,Pro,6,354,USD,0,Monthly,Credit Card,10/30/2024,
SUB-002734,ACC-105546,Pro,5,256.17,USD,15,Monthly,ACH,16/01/2023,
SUB-002735,ACC-104596,Starter,1,$39.94,USD,20,Monthly,Credit Card,21/12/2023,2025-07-21
SUB-002736,ACC-100169,Pro,2,241.05,USD,0,Monthly,Credit Card,2023-09-27,
SUB-002737,ACC-105454,Business,3,881,USD,0,Annual,Invoice,11/02/2023,03/02/2025
SUB-002738,ACC-100376,Starter,6,72,USD,10,Monthly,Credit Card,21-Jul-2023,2024-03-12
SUB-002739,ACC-100376,Business,3,840.73,USD,5,Monthly,Credit Card,2024-03-12,21/10/2024
SUB-002740,ACC-102543,Starter,1,€ 54,EUR,0,Monthly,Invoice,30/01/2023,
SUB-002741,ACC-102445,Pro,3,249,USD,0,Annual,Invoice,2024-01-17,
SUB-002742,ACC-100859,Starter,2,$53.11,USD,0,Monthly,ACH,01/19/2022,2023-10-12
SUB-002743,ACC-100859,Business,3,$ 820,USD,0,Monthly,Invoice,2023-10-12,
SUB-002744,ACC-105141,Business,4,$853.50,USD,0,Monthly,ACH,2024-05-24,2026-04-04
SUB-002745,ACC-105141,Starter,2,55,USD,0,Monthly,Credit Card,2026-04-04,
SUB-002746,ACC-104879,Business,2,$770.83,USD,0,Monthly,Credit Card,2023-02-20,
SUB-002747,ACC-105132,Pro,4,315.24,USD,0,Annual,ACH,2022/08/03,
SUB-002748,ACC-100378,Starter,3,66.90,USD,0,Monthly,,,
SUB-002749,ACC-105676,Business,2,710.10,USD,0,Monthly,Credit Card,26/01/2023,2023-11-26
SUB-002750,ACC-102346,Pro,2,€195.88,EUR,25,Monthly,Invoice,2022-05-16,2023-09-16
SUB-002751,ACC-101294,Business,1,601,USD,0,Annual,Credit Card,2023-01-12,
SUB-002752,ACC-104254,Starter,2,$ 52,USD,0,Monthly,Credit Card,14/01/2024,14-Jun-2024
SUB-002753,ACC-101432,Starter,5,€ 72,EUR,0,Monthly,Credit Card,2022-03-12,2022-08-06
SUB-002754,ACC-101432,Business,1,676,EUR,0,Annual,Credit Card,2022-08-06,10/07/2022
SUB-002755,ACC-101432,Pro,8,357.51,EUR,20,Monthly,ACH,2022-10-07,2022-10-12
SUB-002756,ACC-102780,Pro,5,292,USD,0,Monthly,Credit Card,2023-01-21,2025-12-21
SUB-002757,ACC-104250,Starter,2,56,USD,0,Annual,Credit Card,2023-03-08,
SUB-002758,ACC-104015,Business,1,£ 576,GBP,0,Annual,Invoice,2022-06-20,19-Jun-2023
SUB-002759,ACC-104015,Pro,1,222.89,GBP,0,Monthly,Credit Card,2023/06/19,20/07/2023
SUB-002760,ACC-101779,Business,3,731.12,USD,0,Monthly,Credit Card,2025/08/24,
SUB-002761,ACC-104264,Pro,1,$ 218,USD,0,Monthly,Credit Card,30/07/2024,
SUB-002762,ACC-103326,Starter,3,50.23,USD,15,Monthly,Credit Card,2023-11-04,
SUB-002763,ACC-104645,Starter,3,63.84,USD,0,Monthly,Credit Card,31-Dec-2024,
SUB-002764,ACC-101818,Business,3,876,EUR,0,Monthly,ACH,2023-01-14,2026/01/19
SUB-002765,ACC-101818,Pro,2,172,EUR,25,Monthly,Invoice,2026-01-19,
SUB-002766,ACC-103646,Starter,2,$55.79,USD,0,Monthly,ACH,2024-05-31,05/31/2025
SUB-002767,ACC-100841,Starter,2,41,EUR,25,Monthly,credit card,2025/03/16,
SUB-002768,ACC-102646,Pro,5,$ 317,USD,0,Annual,ACH,2023-02-10,02/05/2023
SUB-002769,ACC-102646,Starter,2,$61.11,USD,0,Monthly,ACH,05/02/2023,2023-02-05
SUB-002770,ACC-101189,Starter,2,51.67,EUR,0,Monthly,credit card,2022-01-03,2022-02-04
SUB-002771,ACC-101189,Pro,3,€281.78,EUR,0,Annual,Credit Card,02/04/2022,03-Mar-2022
SUB-002772,ACC-101189,Business,1,598.94,EUR,0,Monthly,ACH,2022-03-03,03-Mar-2022
SUB-002773,ACC-100175,Starter,3,57.63,USD,0,Monthly,ACH,29-Jun-2025,
SUB-002774,ACC-104665,Starter,11,128.06,USD,0,Annual,Credit Card,09/06/2023,09/10/2023
SUB-002775,ACC-102764,Pro,4,£315.33,GBP,0,Monthly,Invoice,21/03/2025,04/26/2025
SUB-002776,ACC-102764,Business,5,873,GBP,0,Monthly,Credit Card,04/26/2025,2025-05-21
SUB-002777,ACC-100927,Enterprise,3,"$ 2,500",USD,0,Monthly,Credit Card,2024-11-06,04/07/2025
SUB-002778,ACC-100927,Business,5,1004,USD,0,Annual,Credit Card,07-Apr-2025,
SUB-002779,ACC-103353,Business,4,811.59,USD,15,Monthly,Credit Card,08-Jan-2024,08-Mar-2026
SUB-002780,ACC-100045,Pro,1,182,USD,0,Monthly,Credit Card,2022-05-16,05/19/2024
SUB-002781,ACC-100045,Business,4,$968.40,USD,0,Monthly,Credit Card,05/19/2024,
SUB-002782,ACC-101260,Starter,1,$52.77,USD,0,Monthly,Credit Card,04-Jun-2024,04/11/2024
SUB-002783,ACC-101096,Starter,3,50.89,USD,25,Annual,Credit Card,17-Sep-2023,
SUB-002784,ACC-101443,Pro,3,269,USD,0,Annual,Credit Card,20/10/2023,2023-11-20
SUB-002785,ACC-101443,Enterprise,1,2159,USD,0,Monthly,ACH,2023-11-20,11/20/2023
SUB-002786,ACC-101443,Business,2,775,USD,0,Monthly,Credit Card,11/20/2023,20-Nov-2023
SUB-002787,ACC-105321,Pro,8,457.98,USD,0,Annual,Credit Card,31-May-2023,31-Mar-2025
SUB-002788,ACC-104796,Business,3,799,USD,0,Monthly,ACH,2025-06-29,12/13/2025
SUB-002789,ACC-104796,Pro,3,$ 264,USD,0,Monthly,Credit Card,13/12/2025,09-May-2026
SUB-002790,ACC-104796,Business,6,"$1,084.34",USD,0,Annual,ACH,05/09/2026,
SUB-002791,ACC-101187,Pro,7,364,EUR,0,Monthly,ACH,2022-11-08,
SUB-002792,ACC-105165,Enterprise,2,2479,USD,0,Monthly,Credit Card,04/18/2022,
SUB-002793,ACC-105769,Starter,5,€75.72,EUR,15,Monthly,Invoice,29/04/2024,03/02/2026
SUB-002794,ACC-105769,Business,2,732,EUR,0,Annual,Invoice,03/02/2026,
SUB-002795,ACC-101030,Pro,4,$277.28,USD,10,Monthly,Invoice,2024-05-18,2025-01-19
SUB-002796,ACC-101030,Enterprise,2,"2,247.22",USD,0,Monthly,Credit Card,2025-01-19,2026-02-18
SUB-002797,ACC-102655,Starter,1,53.34,USD,0,Monthly,Credit Card,12/15/2024,
SUB-002798,ACC-100300,Business,4,910.19,USD,0,Monthly,credit card,04/08/2022,
SUB-002799,ACC-105159,Enterprise,3,"$2,857.81",USD,0,Monthly,Credit Card,28-Oct-2022,2024-09-23
SUB-002800,ACC-105159,Starter,4,80,USD,0,Monthly,Credit Card,23-Sep-2024,
SUB-002801,ACC-101472,Pro,2,252.58,USD,0,Monthly,Invoice,02/24/2025,2025-07-24
SUB-002802,ACC-100283,Pro,4,$ 327,USD,0,Monthly,Credit Card,05/17/2025,
SUB-002803,ACC-105741,Business,2,652,USD,0,Monthly,Credit Card,2024-06-07,07/12/2024
SUB-002804,ACC-103551,Pro,2,$235.84,USD,0,Monthly,Credit Card,2022-08-07,2023-12-07
SUB-002805,ACC-104822,Business,1,650.49,USD,0,Monthly,Credit Card,2023-03-06,10/04/2023
SUB-002806,ACC-104822,Enterprise,2,"2,146.35",USD,0,Monthly,Credit Card,2023-04-10,2023-05-06
SUB-002807,ACC-105742,Starter,8,95.08,GBP,0,Monthly,Credit Card,2023/07/06,03/05/2024
SUB-002808,ACC-105742,Enterprise,1,"1,871.83",GBP,0,Monthly,Credit Card,2024-03-05,01/06/2025
SUB-002809,ACC-101813,Pro,3,€266.74,EUR,0,Monthly,ACH,14/07/2024,2024-10-09
SUB-002810,ACC-101813,Business,2,€765.60,EUR,0,Monthly,Credit Card,2024-10-09,
SUB-002811,ACC-104002,Pro,5,288.31,USD,0,Monthly,ACH,2022-02-05,07/16/2022
SUB-002812,ACC-104002,Enterprise,2,"2,090.68",USD,15,Monthly,Credit Card,2022-07-16,09/19/2022
SUB-002813,ACC-104002,Starter,2,53.00,USD,0,Monthly,Credit Card,19/09/2022,05-Oct-2024
SUB-002814,ACC-103038,Starter,8,113,USD,0,Monthly,,08/22/2022,
SUB-002815,ACC-104200,Business,1,535.55,GBP,20,Monthly,Credit Card,03/21/2024,2024-06-21
SUB-002816,ACC-104200,Pro,5,£ 357,GBP,0,Annual,Credit Card,2024-06-21,2024-08-02
SUB-002817,ACC-104200,Starter,1,54.81,GBP,0,Monthly,Invoice,08/02/2024,2024-10-21
SUB-002818,ACC-105028,Starter,2,$ 50,USD,5,Monthly,ACH,2024-04-10,2024-05-10
SUB-002819,ACC-105028,Pro,3,$252.53,USD,15,Monthly,Credit Card,10-May-2024,2024-05-10
SUB-002820,ACC-103106,Starter,4,66.08,USD,10,Monthly,Credit Card,2025-05-25,25-Jun-2025
SUB-002821,ACC-103017,Starter,2,$ 62,USD,0,Monthly,Invoice,09-May-2023,09/07/2023
SUB-002822,ACC-101338,Starter,5,86.01,USD,0,Annual,Credit Card,02-Oct-2023,
SUB-002823,ACC-104328,Enterprise,4,"2,954.49",USD,0,Monthly,Credit Card,2022-02-04,
SUB-002824,ACC-104622,Enterprise,1,"$ 1,927",USD,0,Annual,Credit Card,2023-05-25,2025-07-25
SUB-002825,ACC-103936,Pro,2,244.76,USD,0,Annual,ACH,2022-08-18,
SUB-002826,ACC-104586,Pro,2,€240.18,EUR,0,Monthly,ACH,2024-04-14,
SUB-002827,ACC-102378,Enterprise,4,"$3,264.95",USD,0,Monthly,,11/24/2022,24-Aug-2024
SUB-002828,ACC-104597,Starter,2,55.01,USD,0,Monthly,Credit Card,06/24/2025,
SUB-002829,ACC-102465,Enterprise,3,"$ 2,897",USD,0,Monthly,Credit Card,2024-03-15,
SUB-002830,ACC-105544,Starter,4,76.59,USD,0,Monthly,Credit Card,2023-09-04,10/04/2023
SUB-002831,ACC-100257,Starter,5,81.36,EUR,0,Monthly,Credit Card,05/07/2025,2025-08-01
SUB-002832,ACC-100257,Business,13,"1,865.75",EUR,0,Annual,Invoice,01/08/2025,
SUB-002833,ACC-100507,Pro,3,292.23,USD,0,Annual,Invoice,06/10/2023,08/02/2024
SUB-002834,ACC-100507,Starter,1,46,USD,0,Monthly,Invoice,08/02/2024,06/12/2025
SUB-002835,ACC-102347,Pro,2,$208.56,USD,15,Monthly,Credit Card,2024-11-14,
SUB-002836,ACC-100099,Starter,5,$ 67,USD,5,Monthly,Credit Card,23-Apr-2022,2025-02-23
SUB-002837,ACC-104121,Pro,2,$262.74,USD,0,Monthly,Credit Card,13/08/2023,10/14/2024
SUB-002838,ACC-104121,Starter,3,65.17,USD,0,Annual,ACH,10/14/2024,2024/12/13
SUB-002839,ACC-100744,Starter,9,$ 105,USD,0,Annual,Credit Card,2025-03-08,
SUB-002840,ACC-102167,Pro,5,284.94,USD,10,Monthly,Credit Card,2023-07-24,2024-10-09
SUB-002841,ACC-102167,Enterprise,1,"2,255.72",USD,0,Monthly,Credit Card,10/09/2024,
SUB-002842,ACC-105633,Starter,3,$59.73,USD,0,Monthly,Credit Card,2024-06-13,2024-08-29
SUB-002843,ACC-105633,Pro,3,278.21,USD,0,Annual,,08/29/2024,
SUB-002844,ACC-101375,Pro,4,$265.72,USD,0,Monthly,Credit Card,2024-01-29,21-Oct-2025
SUB-002845,ACC-101375,Enterprise,2,"$2,343.22",USD,0,Monthly,Invoice,10/21/2025,
SUB-002846,ACC-103980,Starter,1,$50.30,USD,0,Monthly,ACH,07/08/2024,
SUB-002847,ACC-103932,Pro,2,$ 193,USD,15,Monthly,ACH,01/23/2024,
SUB-002848,ACC-105969,Pro,3,280.04,USD,0,Monthly,Credit Card,2022-12-24,
SUB-002849,ACC-105916,Pro,1,$ 146,USD,25,Monthly,ACH,2024-03-29,2024-05-17
SUB-002850,ACC-105916,Business,4,$863.98,USD,0,Monthly,Credit Card,17/05/2024,2024-06-29
SUB-002851,ACC-104284,Pro,11,$ 453,USD,0,Monthly,ACH,03/13/2024,
SUB-002852,ACC-101157,Business,2,788.14,USD,0,Monthly,ACH,12/01/2024,
SUB-002853,ACC-101858,Pro,1,226.53,USD,0,Monthly,Credit Card,2022-11-14,2024-07-22
SUB-002854,ACC-101858,Business,5,$913.76,USD,0,Monthly,Credit Card,2024-07-22,08/26/2024
SUB-002855,ACC-101858,Enterprise,2,"2,441.90",USD,0,Monthly,Credit Card,2024-08-26,09/14/2024
SUB-002856,ACC-104427,Starter,3,71,USD,0,Monthly,Credit Card,04/18/2023,2024-01-25
SUB-002857,ACC-104427,Business,3,$ 802,USD,0,Annual,Credit Card,2024-01-25,
SUB-002858,ACC-104648,Starter,3,€63.22,EUR,0,Monthly,Credit Card,03-Mar-2024,20/08/2024
SUB-002859,ACC-104648,Business,2,625,EUR,0,Annual,Credit Card,,03-Sep-2024
SUB-002860,ACC-104977,Business,3,$ 875,USD,0,Annual,credit card,19/01/2023,
SUB-002861,ACC-101437,Business,5,"1,092.36",USD,0,Monthly,ACH,13-Dec-2022,
SUB-002862,ACC-105043,Business,1,$ 575,USD,0,Annual,Credit Card,11/19/2024,
SUB-002863,ACC-100366,Pro,2,$ 210,USD,0,Annual,Invoice,01/10/2022,05/26/2025
SUB-002864,ACC-100366,Enterprise,5,"$3,671.75",USD,0,Monthly,Credit Card,2025-05-26,2025-09-10
SUB-002865,ACC-104852,Pro,2,243,USD,0,Monthly,Credit Card,30-Apr-2025,05/30/2026
SUB-002866,ACC-104852,Starter,4,75.93,USD,0,Annual,Invoice,2026-05-30,
SUB-002867,ACC-103026,Starter,1,€54.04,EUR,0,Monthly,Credit Card,2022-03-09,2022-04-11
SUB-002868,ACC-103026,Enterprise,6,"€ 3,808",EUR,0,Annual,Credit Card,2022-04-11,2023-10-09
SUB-002869,ACC-100402,Enterprise,1,"1,810.00",USD,0,Annual,Credit Card,2025-05-26,2026-04-04
SUB-002870,ACC-100402,Business,2,$663.97,USD,0,Monthly,Credit Card,04/04/2026,
SUB-002871,ACC-104709,Starter,2,58.55,USD,0,Monthly,Credit Card,2024-10-12,
SUB-002872,ACC-104881,Pro,4,$323.54,USD,0,Monthly,Credit Card,11/13/2024,2026-04-28
SUB-002873,ACC-104881,Business,1,$579.61,USD,0,Annual,Credit Card,28-Apr-2026,
SUB-002874,ACC-100949,Enterprise,3,"$ 2,827",USD,0,Monthly,Credit Card,14-Sep-2023,2026-02-14
SUB-002875,ACC-102860,Starter,5,$86.29,USD,0,Monthly,credit card,21/01/2022,2022-08-28
SUB-002876,ACC-102860,Pro,3,$237.08,USD,20,Monthly,Credit Card,2022-08-28,2024-11-21
SUB-002877,ACC-100019,Starter,8,106.55,USD,0,Annual,Credit Card,2024-08-02,16/09/2024
SUB-002878,ACC-100019,Business,1,$ 579,USD,0,Monthly,credit card,09/16/2024,2025/03/02
SUB-002879,ACC-100229,Business,4,840,GBP,5,Monthly,ACH,2023-05-30,28-Mar-2024
SUB-002880,ACC-100229,Starter,2,50.86,GBP,0,Monthly,Credit Card,2024-03-28,2025-12-30
SUB-002881,ACC-104246,Pro,1,221,USD,0,Annual,Credit Card,08-Apr-2023,
SUB-002882,ACC-100668,Enterprise,4,"$2,632.12",USD,0,Annual,Credit Card,2024-06-10,2026-05-10
SUB-002883,ACC-100218,Starter,12,128,USD,0,Monthly,,10-Jul-2024,29/11/2025
SUB-002884,ACC-100218,Business,1,545.99,USD,0,Monthly,Invoice,2025-11-29,
SUB-002885,ACC-105079,Pro,2,238.82,USD,0,Monthly,Credit Card,2023-06-05,
SUB-002886,ACC-104778,Pro,3,246.92,USD,0,Annual,Credit Card,09/11/2022,2024-11-08
SUB-002887,ACC-104778,Enterprise,3,"2,506.29",USD,0,Annual,credit card,08/11/2024,11/09/2024
SUB-002888,ACC-101962,Starter,3,63.96,USD,0,Monthly,credit card,11/09/2022,2022-12-09
SUB-002889,ACC-101962,Enterprise,3,"$2,986.31",USD,0,Annual,Invoice,2022-12-09,2022-12-09
SUB-002890,ACC-101962,Pro,1,223.84,USD,0,Annual,credit card,2022-12-09,2022-12-09
SUB-002891,ACC-105123,Starter,1,$49.76,USD,0,Annual,Credit Card,2024/08/28,
SUB-002892,ACC-102584,Pro,3,$ 228,USD,10,Monthly,ACH,,06/06/2024
SUB-002893,ACC-104449,Starter,3,70.56,USD,0,Annual,Invoice,2024-06-24,
SUB-002894,ACC-100585,Starter,4,$73.08,USD,10,Monthly,Credit Card,2022-12-14,
SUB-002895,ACC-105988,Pro,6,$384.30,USD,0,Monthly,ACH,2023-02-10,
SUB-002896,ACC-103006,Starter,3,$57.35,USD,10,Monthly,Invoice,22-May-2024,
SUB-002897,ACC-102759,Pro,5,316.71,USD,0,Monthly,credit card,05/13/2024,
SUB-002898,ACC-105107,Pro,1,£166.03,GBP,10,Annual,Credit Card,07/07/2023,07/08/2023
SUB-002899,ACC-104003,Starter,2,58.64,GBP,0,Monthly,Credit Card,2022-08-21,10/21/2025
SUB-002900,ACC-105877,Pro,6,325.33,USD,0,Monthly,Invoice,2025-05-18,11/18/2025
SUB-002901,ACC-103260,Business,4,995.96,EUR,0,Monthly,Invoice,02/12/2022,2023-08-02
SUB-002902,ACC-100777,Business,2,710.94,USD,0,Monthly,Credit Card,02-Jul-2024,2025/08/15
SUB-002903,ACC-100777,Enterprise,4,"$2,849.09",USD,5,Monthly,ACH,08/15/2025,
SUB-002904,ACC-102380,Starter,3,67.35,USD,0,Monthly,ACH,2022-05-10,12/10/2024
SUB-002905,ACC-101018,Pro,6,376.62,EUR,0,Annual,Invoice,2023-05-24,2025-02-14
SUB-002906,ACC-101018,Enterprise,5,"3,172.96",EUR,10,Monthly,Credit Card,2025-02-14,
SUB-002907,ACC-101606,Business,2,$ 771,USD,0,Annual,,2022-09-28,2025-03-28
SUB-002908,ACC-102576,Pro,3,194,USD,25,Monthly,Credit Card,2024-05-08,
SUB-002909,ACC-102886,Pro,1,171.28,USD,10,Annual,Credit Card,2022-02-12,2022-03-12
SUB-002910,ACC-102886,Starter,5,89.33,USD,0,Monthly,Credit Card,2022/03/12,2022-03-12
SUB-002911,ACC-103529,Enterprise,7,"4,112.99",USD,0,Monthly,Credit Card,2022-02-11,2024-07-11
SUB-002912,ACC-105367,Pro,4,$ 261,USD,20,Monthly,Credit Card,2022-07-08,2025/09/09
SUB-002913,ACC-105367,Enterprise,1,"2,030.73",USD,0,Monthly,Credit Card,2025-09-09,
SUB-002914,ACC-104731,Starter,4,74,USD,0,Monthly,ACH,07/28/2025,
SUB-002915,ACC-101491,Starter,5,$ 79,USD,0,Annual,Credit Card,2025-03-20,
SUB-002916,ACC-102098,Pro,3,272.67,USD,0,Annual,Credit Card,11/09/2022,26-Jun-2025
SUB-002917,ACC-102098,Enterprise,5,"3,046.65",USD,0,Monthly,Credit Card,06/26/2025,
SUB-002918,ACC-102366,Business,1,$ 560,USD,15,Monthly,,2024-11-04,
SUB-002919,ACC-105350,Pro,1,219,USD,0,Annual,Invoice,2023-10-04,2025-01-13
SUB-002920,ACC-105350,Business,2,665.61,USD,0,Annual,Credit Card,13/01/2025,
SUB-002921,ACC-102642,Pro,8,€ 450,EUR,0,Monthly,Invoice,21/03/2025,
SUB-002922,ACC-104953,Starter,2,53,USD,0,Monthly,Credit Card,2023-09-05,02/12/2023
SUB-002923,ACC-104953,Business,4,718,USD,25,Monthly,,2023-12-02,02/02/2025
SUB-002924,ACC-104953,Pro,1,$ 191,USD,0,Monthly,Credit Card,2025-02-02,2025-05-05
SUB-002925,ACC-105607,Pro,6,$334.40,USD,0,Monthly,Credit Card,04/25/2023,
SUB-002926,ACC-102957,Business,2,530.90,USD,25,Monthly,credit card,06/01/2024,17-Sep-2024
SUB-002927,ACC-102957,Starter,1,44.32,USD,0,Annual,Credit Card,2024-09-17,2024-10-29
SUB-002928,ACC-102957,Enterprise,1,"$2,145.14",USD,0,Monthly,,2024-10-29,01/11/2024
SUB-002929,ACC-101593,Pro,3,283,USD,0,Annual,Credit Card,07/08/2022,16/08/2023
SUB-002930,ACC-101593,Starter,2,56.02,USD,0,Monthly,ACH,2023-08-16,2024-06-08
SUB-002931,ACC-100517,Pro,1,203.53,USD,0,Monthly,credit card,2022-05-13,13/11/2023
SUB-002932,ACC-100321,Pro,1,201,USD,0,Monthly,,2023-09-21,
SUB-002933,ACC-103742,Starter,2,51.81,USD,5,Monthly,,06/23/2025,2025-08-30
SUB-002934,ACC-103742,Enterprise,3,2634,USD,0,Monthly,Credit Card,2025-08-30,2026-05-21
SUB-002935,ACC-103742,Business,3,$748.34,USD,10,Monthly,,05/21/2026,
SUB-002936,ACC-103835,Starter,3,54.94,USD,5,Monthly,Invoice,2024-03-04,2024-08-23
SUB-002937,ACC-103835,Business,2,$632.70,USD,0,Monthly,Credit Card,23-Aug-2024,
SUB-002938,ACC-104157,Business,1,$626.02,USD,0,Annual,Credit Card,2022-09-24,11/02/2022
SUB-002939,ACC-104157,Pro,7,$432.64,USD,0,Monthly,Credit Card,2022-11-02,2022-11-24
SUB-002940,ACC-104157,Starter,2,64.17,USD,0,Annual,Credit Card,11/24/2022,2022-11-24
SUB-002941,ACC-103796,Business,2,637,USD,0,Monthly,Credit Card,01-Feb-2022,2023/04/10
SUB-002942,ACC-103796,Pro,2,$ 206,USD,0,Annual,Credit Card,2023-04-10,07/01/2023
SUB-002943,ACC-100217,Business,6,"£1,077.92",GBP,0,Monthly,Credit Card,01/08/2022,
SUB-002944,ACC-105966,Pro,5,287.48,USD,20,Monthly,credit card,2022-06-28,2022-10-28
SUB-002945,ACC-100568,Pro,1,222.39,USD,0,Monthly,Credit Card,2025-03-01,2025-10-01
SUB-002946,ACC-100360,Business,4,$921.25,USD,0,Monthly,Credit Card,24/12/2023,2026-02-11
SUB-002947,ACC-100360,Pro,2,177,USD,25,Annual,ACH,2026-02-11,24/03/2026
SUB-002948,ACC-104434,Pro,1,223,USD,0,Annual,Credit Card,10/29/2022,
SUB-002949,ACC-103434,Pro,1,218.98,USD,0,Monthly,Credit Card,11/05/2022,09/18/2023
SUB-002950,ACC-103434,Starter,2,53,USD,0,Monthly,Credit Card,09/18/2023,
SUB-002951,ACC-103095,Starter,1,52.56,USD,0,Monthly,Credit Card,01/12/2025,
SUB-002952,ACC-101052,Starter,2,58.35,GBP,0,Monthly,Invoice,2025-02-11,12-Aug-2025
SUB-002953,ACC-101052,Pro,5,£ 343,GBP,0,Annual,,2025-08-12,
SUB-002954,ACC-102876,Pro,2,234.67,USD,0,Monthly,credit card,02/16/2022,
SUB-002955,ACC-100759,Pro,4,276.89,USD,0,Monthly,ACH,2023-08-31,
SUB-002956,ACC-104732,Business,1,$5.00,USD,150,Annual,Credit Card,2024-06-07,08-Jul-2024
SUB-002957,ACC-104732,Enterprise,5,"$3,348.81",USD,0,Monthly,credit card,2024/07/08,2025-06-05
SUB-002958,ACC-104732,Business,1,625.82,USD,0,Monthly,Credit Card,06/05/2025,
SUB-002959,ACC-102638,Starter,2,$ 59,USD,0,Annual,ACH,08/27/2024,2026-05-27
SUB-002960,ACC-104037,Starter,1,$47.20,USD,0,Monthly,Credit Card,19/01/2025,2025-03-03
SUB-002961,ACC-104037,Enterprise,3,2831,USD,0,Annual,Invoice,03/03/2025,2025-03-19
SUB-002962,ACC-101426,Starter,3,$64.80,USD,0,Annual,,2025-06-15,
SUB-002963,ACC-102718,Pro,2,231,USD,0,Monthly,Credit Card,04/14/2023,2023/09/14
SUB-002964,ACC-103805,Business,1,574.52,USD,0,Monthly,Credit Card,11/10/2023,2025-05-10
SUB-002965,ACC-100214,Pro,1,182.47,USD,0,Monthly,Invoice,2022-12-25,2023-06-25
SUB-002966,ACC-101614,Starter,2,62.75,USD,0,Annual,Credit Card,2025-06-16,
SUB-002967,ACC-104740,Starter,5,75,USD,0,Annual,Invoice,2024-01-21,2024-11-06
SUB-002968,ACC-104740,Enterprise,2,"2,404.72",USD,0,Annual,Credit Card,11/06/2024,2024-11-21
SUB-002969,ACC-101717,Pro,2,208,EUR,0,Monthly,Invoice,2024-01-02,2025-09-02
SUB-002970,ACC-102819,Enterprise,3,"2,485.52",USD,15,Monthly,credit card,2023-08-16,
SUB-002971,ACC-102110,Pro,1,$ 219,USD,0,Monthly,Credit Card,2024-12-04,
SUB-002972,ACC-103515,Business,1,$630.68,USD,0,Annual,ACH,29-Apr-2022,2025-07-29
SUB-002973,ACC-104358,Pro,1,198,USD,0,Monthly,,2023-08-26,
SUB-002974,ACC-101702,Starter,3,$68.34,USD,0,Annual,ACH,01/05/2025,2025-02-08
SUB-002975,ACC-101702,Business,9,1442,USD,0,Monthly,credit card,2025/02/08,
SUB-002976,ACC-103896,Starter,2,$51.56,USD,0,Monthly,Credit Card,2022-01-04,
SUB-002977,ACC-104453,Starter,2,$64.05,USD,0,Monthly,Invoice,2024-02-26,2024-03-26
SUB-002978,ACC-103119,Starter,1,51,USD,0,Monthly,,26/04/2024,08/30/2024
SUB-002979,ACC-103119,Enterprise,1,"2,084.69",USD,0,Monthly,ACH,2024-08-30,
SUB-002980,ACC-100725,Pro,2,250.64,EUR,0,Monthly,Credit Card,2022-07-19,
SUB-002981,ACC-102571,Business,1,$ 599,USD,0,Monthly,Credit Card,2022/11/04,2023-12-02
SUB-002982,ACC-102571,Enterprise,2,"2,320.43",USD,0,Monthly,ACH,2023-12-02,22/02/2024
SUB-002983,ACC-102571,Pro,3,243.61,USD,0,Monthly,Credit Card,22-Feb-2024,2025-04-04
SUB-002984,ACC-100049,Starter,4,51.85,USD,20,Monthly,Credit Card,2022-05-09,2024-02-09
SUB-002985,ACC-104760,Pro,2,$ 227,USD,0,Monthly,Credit Card,03/05/2024,
SUB-002986,ACC-100887,Starter,6,78.28,USD,0,Monthly,Credit Card,03/16/2022,
SUB-002987,ACC-104184,Enterprise,3,"$2,460.11",USD,0,Monthly,ACH,10/23/2022,
SUB-002988,ACC-100516,Business,1,571.71,USD,5,Annual,Credit Card,10/21/2023,2024/06/17
SUB-002989,ACC-100516,Pro,3,256,USD,0,Annual,Credit Card,06/17/2024,
SUB-002990,ACC-102209,Pro,1,226.26,USD,0,Annual,ACH,2023-07-13,13-Jan-2026
SUB-002991,ACC-100139,Starter,5,$88.92,USD,0,Monthly,Credit Card,2022-08-07,07/12/2023
SUB-002992,ACC-104291,Pro,2,$252.32,USD,0,Monthly,credit card,12/19/2024,12/19/2025
SUB-002993,ACC-105507,Enterprise,3,"$2,379.74",USD,0,Monthly,Credit Card,2024/06/16,2025-02-25
SUB-002994,ACC-105507,Business,2,$ 722,USD,0,Monthly,credit card,2025-02-25,
SUB-002995,ACC-102569,Starter,5,86.25,USD,0,Monthly,Credit Card,10/14/2023,2023-11-16
SUB-002996,ACC-102569,Pro,2,258.94,USD,0,Monthly,Credit Card,11/16/2023,2024-09-14
SUB-002997,ACC-100463,Starter,2,$ 59,USD,5,Monthly,Credit Card,2025-04-09,11/09/2025
SUB-002998,ACC-103405,Pro,1,165,USD,15,Monthly,Credit Card,2022/08/08,01/08/2025
SUB-002999,ACC-103184,Enterprise,2,"2,074.48",USD,0,Monthly,Credit Card,2022-05-26,2022-06-26
SUB-003000,ACC-100594,Business,1,664,USD,0,Annual,Invoice,2022-12-31,
SUB-003001,ACC-100450,Starter,1,$52.06,USD,0,Annual,Credit Card,2023-01-15,11/15/2024
SUB-003002,ACC-104712,Starter,4,74.52,USD,0,Annual,Credit Card,10-Jan-2022,2025-06-12
SUB-003003,ACC-104712,Business,1,599.51,USD,0,Monthly,Credit Card,2025-06-12,11/14/2025
SUB-003004,ACC-104712,Starter,3,64,USD,10,Monthly,Credit Card,2025-11-14,
SUB-003005,ACC-102594,Starter,5,73,USD,0,Annual,Credit Card,06/03/2022,10/11/2025
SUB-003006,ACC-102594,Business,3,828.96,USD,0,Monthly,Credit Card,10/11/2025,
SUB-003007,ACC-100312,Starter,1,$ 45,USD,20,Annual,Credit Card,2025-08-24,
SUB-003008,ACC-104410,Pro,3,$245.83,USD,0,Monthly,Credit Card,2025-08-06,04/15/2026
SUB-003009,ACC-104410,Starter,6,$61.25,USD,25,Monthly,Credit Card,2026-04-15,
SUB-003010,ACC-105261,Starter,4,70.19,USD,0,Annual,Credit Card,2024-01-20,2025-11-20
SUB-003011,ACC-100451,Pro,1,$181.90,USD,10,Annual,Credit Card,2023-06-11,2024-07-11
SUB-003012,ACC-104913,Starter,8,115,EUR,0,Annual,credit card,21-Mar-2022,2023-01-21
SUB-003013,ACC-100890,Business,1,$543.15,USD,0,Monthly,,2023-10-05,07/04/2024
SUB-003014,ACC-100890,Enterprise,6,"$3,087.82",USD,5,Monthly,Credit Card,07/04/2024,08/05/2024
SUB-003015,ACC-104438,Starter,1,54.99,USD,0,Monthly,,07-Mar-2024,2024-10-02
SUB-003016,ACC-104438,Pro,1,203,USD,0,Annual,Credit Card,10/02/2024,2025-12-07
SUB-003017,ACC-105768,Enterprise,2,1880,USD,25,Monthly,,2025-01-13,2025-11-05
SUB-003018,ACC-105768,Pro,4,$264.04,USD,15,Monthly,Credit Card,11/05/2025,
SUB-003019,ACC-103589,Pro,4,327,USD,0,Monthly,Credit Card,19-Jun-2023,
SUB-003020,ACC-105697,Enterprise,3,"2,766.13",EUR,0,Monthly,Invoice,2023-08-18,2023-10-15
SUB-003021,ACC-105697,Pro,4,305.33,EUR,0,Annual,,15/10/2023,2024-07-18
SUB-003022,ACC-100999,Business,2,733.26,USD,0,Monthly,Credit Card,2022-01-04,04/02/2023
SUB-003023,ACC-100999,Pro,1,$182.93,USD,0,Monthly,Credit Card,2023-04-02,
SUB-003024,ACC-103872,Pro,2,222.22,USD,0,Annual,Credit Card,2023-08-29,03/29/2024
SUB-003025,ACC-101476,Starter,2,$54.39,USD,0,Annual,Credit Card,12/10/2022,10-May-2025
SUB-003026,ACC-105477,Pro,2,$209.07,USD,0,Monthly,Credit Card,2022-09-08,
SUB-003027,ACC-105532,Enterprise,9,"4,361.98",USD,0,Monthly,Credit Card,2024-04-15,09/07/2025
SUB-003028,ACC-105532,Pro,13,560.77,USD,0,Monthly,credit card,2025-09-07,
SUB-003029,ACC-105129,Starter,2,62.21,EUR,0,Monthly,ACH,10/20/2023,2026-04-20
SUB-003030,ACC-103540,Business,1,648.40,USD,0,Monthly,Credit Card,2024/09/06,
SUB-003031,ACC-104204,Starter,6,84.26,USD,0,Monthly,Credit Card,2023-02-21,2026-02-07
SUB-003032,ACC-104204,Business,1,639.09,USD,0,Monthly,Credit Card,2026-02-07,
SUB-003033,ACC-103697,Starter,1,$46.26,USD,0,Monthly,Credit Card,2023-07-27,13/11/2023
SUB-003034,ACC-103697,Enterprise,3,2550,USD,0,Monthly,Credit Card,11/13/2023,08/27/2024
SUB-003035,ACC-105606,Starter,2,58,USD,0,Annual,Credit Card,2024-10-17,2025/03/17
SUB-003036,ACC-105606,Pro,3,250,USD,0,Monthly,Credit Card,2025-03-17,2025-11-17
SUB-003037,ACC-101293,Enterprise,2,"2,395.29",USD,0,Monthly,Credit Card,2025-03-08,2026-01-02
SUB-003038,ACC-101293,Business,1,$641.86,USD,0,Annual,Credit Card,01/02/2026,
SUB-003039,ACC-105362,Starter,1,$45.74,USD,0,Monthly,ACH,11/29/2023,06/29/2024
SUB-003040,ACC-105732,Starter,8,£123.86,GBP,-10,Monthly,Invoice,2023-10-06,04/06/2026
SUB-003041,ACC-101907,Pro,4,325.20,USD,0,Monthly,Invoice,2024-02-22,2025-06-19
SUB-003042,ACC-101907,Business,3,$ 814,USD,0,Monthly,ACH,19/06/2025,2026-01-22
SUB-003043,ACC-103869,Business,8,"$1,187.73",USD,15,Monthly,credit card,2024-10-02,05/02/2025
SUB-003044,ACC-104974,Pro,2,251,USD,0,Monthly,Credit Card,06/04/2024,03/04/2025
SUB-003045,ACC-100368,Pro,3,244.70,EUR,0,Monthly,Invoice,09/15/2024,2025-10-12
SUB-003046,ACC-100368,Enterprise,1,"€ 1,606",EUR,25,Annual,ACH,2025-10-12,
SUB-003047,ACC-101937,Starter,4,78.17,USD,0,Annual,Credit Card,12/02/2023,
SUB-003048,ACC-101151,Enterprise,5,2668,USD,25,Monthly,Credit Card,2023-07-17,
SUB-003049,ACC-103606,Business,3,890.71,GBP,0,Monthly,Credit Card,07-Mar-2025,07/05/2026
SUB-003050,ACC-102707,Enterprise,5,"$ 2,943",USD,0,Monthly,Credit Card,2023-01-07,2024-10-12
SUB-003051,ACC-102707,Pro,2,$202.20,USD,15,Annual,Credit Card,2024-10-12,2025-06-07
SUB-003052,ACC-105992,Pro,3,$ 274,USD,0,Monthly,ACH,2022-10-05,
SUB-003053,ACC-100191,Pro,1,199.23,USD,0,Monthly,Credit Card,2025-01-19,
SUB-003054,ACC-100174,Enterprise,2,"$2,319.37",USD,0,Monthly,Credit Card,2023-02-10,11/03/2024
SUB-003055,ACC-100174,Business,6,"$ 1,140",USD,0,Annual,Invoice,2024-03-11,2025-02-21
SUB-003056,ACC-100174,Enterprise,1,"2,063.16",USD,0,Monthly,credit card,2025-02-21,
SUB-003057,ACC-103258,Pro,1,$183.61,USD,0,Monthly,Credit Card,2023-01-15,
SUB-003058,ACC-103450,Pro,5,299.22,USD,0,Monthly,Invoice,12-Dec-2022,
SUB-003059,ACC-103948,Starter,1,55.27,USD,0,Annual,Credit Card,2022-08-09,2023-12-03
SUB-003060,ACC-103948,Pro,10,$ 526,USD,0,Annual,ACH,2023/12/03,2026-05-05
SUB-003061,ACC-103948,Starter,5,53.86,USD,25,Monthly,credit card,05/05/2026,
SUB-003062,ACC-103939,Pro,2,£201.36,GBP,10,Annual,Credit Card,08/21/2023,2023-10-22
SUB-003063,ACC-103939,Starter,1,£56.16,GBP,0,Monthly,Credit Card,2023-10-22,
SUB-003064,ACC-105294,Enterprise,3,"$2,629.21",USD,0,Monthly,Credit Card,2024/03/21,
SUB-003065,ACC-105927,Starter,7,91,USD,10,Annual,Credit Card,2022-06-17,2023-06-17
SUB-003066,ACC-104180,Starter,4,68,USD,0,Monthly,Invoice,04/15/2024,2025-12-27
SUB-003067,ACC-104180,Enterprise,1,"$ 2,277",USD,0,Annual,ACH,2025-12-27,
SUB-003068,ACC-102905,Starter,1,46.82,USD,0,Monthly,credit card,08/10/2024,2026-03-10
SUB-003069,ACC-101164,Starter,1,$52.86,USD,0,Monthly,credit card,04/07/2024,
SUB-003070,ACC-102170,Business,2,729.04,USD,0,Monthly,Credit Card,06/09/2024,04/06/2026
SUB-003071,ACC-105302,Enterprise,3,"2,549.59",USD,0,Annual,Credit Card,2024-01-12,
SUB-003072,ACC-101661,Starter,2,$ 63,USD,0,Annual,credit card,2024/10/15,
SUB-003073,ACC-100508,Enterprise,2,"$2,408.99",USD,0,Monthly,credit card,2022-06-23,
SUB-003074,ACC-100166,Starter,2,59.29,GBP,0,Monthly,,25/10/2024,25-Dec-2024
SUB-003075,ACC-104043,Business,3,743,GBP,0,Monthly,,2022-08-07,2025-05-07
SUB-003076,ACC-105155,Pro,1,207.59,USD,0,Monthly,Invoice,05/23/2023,23/03/2026
SUB-003077,ACC-103080,Business,2,688.21,USD,0,Monthly,Credit Card,2024-11-04,2026/05/30
SUB-003078,ACC-103080,Starter,1,43.36,USD,20,Monthly,Credit Card,30/05/2026,2026-06-01
SUB-003079,ACC-103080,Business,1,606,USD,0,Monthly,Credit Card,06/01/2026,
SUB-003080,ACC-104077,Pro,1,214.86,USD,0,Monthly,Credit Card,06/30/2024,2026-01-30
SUB-003081,ACC-100103,Starter,4,$68.92,USD,0,Monthly,Credit Card,08/07/2025,
SUB-003082,ACC-102481,Pro,3,$ 242,USD,0,Monthly,credit card,2025-05-29,2025/08/03
SUB-003083,ACC-102481,Starter,2,55.71,USD,5,Annual,Credit Card,2025-08-03,
SUB-003084,ACC-103290,Starter,2,$ 53,USD,0,Annual,ACH,2024-04-21,2026-02-26
SUB-003085,ACC-103290,Pro,2,196,USD,5,Annual,Credit Card,2026-02-26,
SUB-003086,ACC-104030,Pro,7,423.38,USD,0,Monthly,Credit Card,17/10/2023,2025-08-20
SUB-003087,ACC-104030,Business,6,$959.69,USD,0,Monthly,Credit Card,2025/08/20,
SUB-003088,ACC-101752,Starter,1,$44.94,USD,0,Annual,Invoice,31/05/2023,14-Sep-2023
SUB-003089,ACC-101752,Pro,8,358.17,USD,10,Monthly,Credit Card,2023-09-14,31-May-2024
SUB-003090,ACC-105433,Pro,7,430.03,EUR,0,Monthly,Credit Card,08/07/2022,2024-02-07
SUB-003091,ACC-105570,Pro,9,$ 467,USD,5,Monthly,Credit Card,02/16/2024,11/16/2024
SUB-003092,ACC-101658,Pro,6,391.20,USD,0,Monthly,Credit Card,2025-05-22,
SUB-003093,ACC-100152,Business,3,$712.82,USD,20,Annual,Credit Card,2025-04-03,
SUB-003094,ACC-105186,Business,2,693,USD,0,Monthly,ACH,03-Jan-2025,
SUB-003095,ACC-101583,Pro,5,$255.72,USD,20,Monthly,Credit Card,2022/02/20,2023-09-20
SUB-003096,ACC-103063,Business,3,809,USD,0,Monthly,Credit Card,2022-09-16,
SUB-003097,ACC-104224,Starter,1,49.61,USD,0,Monthly,ACH,2023-06-08,08-Oct-2025
SUB-003098,ACC-104464,Pro,5,£329.41,GBP,5,Monthly,credit card,2024-03-23,2024-04-22
SUB-003099,ACC-104464,Enterprise,8,3990,GBP,0,Annual,Credit Card,2024-04-22,2024-04-23
SUB-003100,ACC-102268,Starter,4,$58.71,USD,25,Annual,Credit Card,04/09/2022,09-Feb-2024
SUB-003101,ACC-102722,Business,2,631.89,USD,0,Annual,Credit Card,05-May-2024,
SUB-003102,ACC-104012,Pro,1,€186.45,EUR,0,Monthly,Invoice,07-Mar-2024,04/06/2024
SUB-003103,ACC-104012,Enterprise,4,"€3,000.36",EUR,0,Monthly,Credit Card,06/04/2024,2024-04-07
SUB-003104,ACC-101822,Enterprise,2,"$2,026.16",USD,15,Annual,Invoice,2024-05-24,
SUB-003105,ACC-104692,Pro,3,$279.02,USD,0,Annual,Credit Card,2023-04-07,
SUB-003106,ACC-103459,Pro,2,250.13,USD,0,Annual,ACH,10-Sep-2022,2023-03-10
SUB-003107,ACC-103459,Enterprise,4,"$3,406.60",USD,-10,Annual,Credit Card,2023-03-10,
SUB-003108,ACC-100309,Business,3,736.20,USD,0,Monthly,Credit Card,12/25/2023,02/25/2025
SUB-003109,ACC-103706,Pro,3,$ 227,USD,20,Annual,credit card,2023-11-03,
SUB-003110,ACC-104034,Pro,3,262.61,USD,0,Monthly,credit card,2023-12-18,2025-04-18
SUB-003111,ACC-102644,Starter,2,51.70,USD,5,Annual,Credit Card,07/09/2023,07/01/2024
SUB-003112,ACC-100495,Enterprise,1,"$1,422.35",USD,25,Annual,ACH,12-Feb-2022,2023/12/28
SUB-003113,ACC-100495,Pro,13,560.68,USD,0,Monthly,Invoice,12/28/2023,2024-05-12
SUB-003114,ACC-100205,Starter,5,$89.38,USD,0,Monthly,Credit Card,17/07/2024,2026/03/17
SUB-003115,ACC-101434,Pro,1,165.03,EUR,25,Monthly,Invoice,2024-06-08,
SUB-003116,ACC-101135,Starter,4,$75.94,USD,0,Monthly,,2023-12-09,
SUB-003117,ACC-100868,Enterprise,5,"$3,151.80",USD,0,Monthly,Credit Card,2024-07-17,2024-12-17
SUB-003118,ACC-100305,Business,6,990.16,EUR,0,Monthly,,07/01/2025,
SUB-003119,ACC-101849,Starter,5,83,USD,0,Annual,Credit Card,05/01/2023,10/05/2023
SUB-003120,ACC-102299,Starter,3,54.95,USD,5,Monthly,ACH,10/13/2022,2025-07-17
SUB-003121,ACC-102299,Pro,1,$191.68,USD,0,Monthly,Credit Card,2025-07-17,
SUB-003122,ACC-101988,Starter,4,$78.04,USD,0,Monthly,ACH,03/10/2025,2025-04-13
SUB-003123,ACC-101988,Business,6,"1,059.71",USD,0,Monthly,Invoice,04/13/2025,2025-05-10
SUB-003124,ACC-103858,Business,2,$624.25,USD,0,Monthly,ACH,04/11/2022,06/06/2022
SUB-003125,ACC-103858,Enterprise,3,"$ 2,058",USD,25,Monthly,Credit Card,06/06/2022,11-Jun-2022
SUB-003126,ACC-101534,Starter,2,47,USD,20,Monthly,Invoice,2022-05-08,2023-03-08
SUB-003127,ACC-100843,Starter,6,79.44,GBP,15,Monthly,credit card,10/30/2022,2024-05-13
SUB-003128,ACC-100843,Enterprise,6,"£ 3,906",GBP,0,Annual,Credit Card,13-May-2024,25-Sep-2024
SUB-003129,ACC-100843,Pro,4,271.64,GBP,10,Monthly,ACH,2024-09-25,2024-10-30
SUB-003130,ACC-101987,Pro,1,$ 205,USD,0,Monthly,Invoice,2023-05-11,
SUB-003131,ACC-103862,Starter,3,62.48,USD,0,Annual,Credit Card,2023-12-11,
SUB-003132,ACC-103955,Starter,1,$46.98,USD,0,Monthly,ACH,2022-03-11,2024-04-11
SUB-003133,ACC-102609,Pro,2,$ 226,USD,0,Monthly,Credit Card,05/30/2023,
SUB-003134,ACC-103297,Starter,5,$72.53,USD,0,Monthly,Credit Card,2025-05-24,
SUB-003135,ACC-101538,Business,3,$865.90,USD,0,Monthly,Credit Card,06-Oct-2022,
SUB-003136,ACC-100211,Business,2,724.62,USD,0,Monthly,Credit Card,03/16/2025,
SUB-003137,ACC-101957,Pro,2,261.74,USD,0,Annual,,2023-05-19,
SUB-003138,ACC-103831,Starter,5,89,USD,0,Monthly,Invoice,2025-03-24,2026-02-24
SUB-003139,ACC-102388,Pro,4,308.73,USD,0,Monthly,,04-Mar-2023,
SUB-003140,ACC-102784,Pro,1,216.96,USD,0,Monthly,Credit Card,08/21/2023,04/02/2024
SUB-003141,ACC-102784,Business,5,"1,094.03",USD,0,Monthly,Credit Card,2024-02-04,2024-03-21
SUB-003142,ACC-101349,Starter,2,$51.76,USD,0,Annual,Credit Card,2023-06-16,16-Sep-2023
SUB-003143,ACC-102199,Business,2,507.45,USD,25,Monthly,Credit Card,05-May-2025,
SUB-003144,ACC-104652,Starter,1,50,USD,0,Monthly,Credit Card,08/27/2025,
SUB-003145,ACC-100680,Pro,4,$ 284,USD,0,Monthly,Credit Card,2024-12-31,05/09/2026
SUB-003146,ACC-100680,Business,3,$ 806,USD,0,Annual,,2026-05-09,
SUB-003147,ACC-100180,Starter,2,$60.36,USD,0,Monthly,Credit Card,08/21/2025,03/03/2026
SUB-003148,ACC-100180,Enterprise,1,"$2,117.79",USD,5,Annual,Credit Card,2026-03-03,
SUB-003149,ACC-104259,Starter,3,$58.01,USD,0,Monthly,Credit Card,11-Jul-2023,2023-11-11
SUB-003150,ACC-104823,Enterprise,3,2752,USD,0,Annual,Credit Card,04/12/2025,
SUB-003151,ACC-104605,Starter,2,63,USD,0,Annual,Credit Card,2025-08-23,2026-05-23
SUB-003152,ACC-100278,Starter,3,52.06,USD,10,Annual,Invoice,21-May-2022,2025-09-13
SUB-003153,ACC-100278,Business,5,927,USD,0,Monthly,Credit Card,09/13/2025,
SUB-003154,ACC-100289,Starter,1,$ 48,USD,0,Annual,Invoice,2023-06-26,2025/07/26
SUB-003155,ACC-104563,Pro,7,$ 393,USD,0,Annual,Credit Card,2022-04-04,11/04/2022
SUB-003156,ACC-100993,Pro,2,€ 233,EUR,0,Monthly,Credit Card,2024-04-11,
SUB-003157,ACC-102664,Pro,2,244.02,USD,0,Annual,Credit Card,22-Nov-2024,2025-03-22
SUB-003158,ACC-105435,Enterprise,1,"2,033.57",USD,0,Monthly,Credit Card,07/29/2025,2026-02-12
SUB-003159,ACC-105435,Business,1,$667.89,USD,0,Annual,ACH,12/02/2026,
SUB-003160,ACC-105973,Pro,4,283,USD,0,Annual,Credit Card,28-Sep-2023,2025-05-02
SUB-003161,ACC-105973,Business,11,1525,USD,0,Monthly,Credit Card,2025-05-02,
SUB-003162,ACC-100270,Pro,5,345,EUR,0,Annual,ACH,2023-08-16,27/11/2025
SUB-003163,ACC-100270,Business,3,€717.35,EUR,0,Annual,Credit Card,2025-11-27,
SUB-003164,ACC-103520,Enterprise,10,"4,579.04",GBP,0,Annual,Credit Card,2024-09-10,
SUB-003165,ACC-104967,Business,2,770.93,USD,0,Monthly,,,
SUB-003166,ACC-105850,Starter,4,78.38,USD,0,Monthly,Invoice,2023/09/23,01/04/2025
SUB-003167,ACC-105850,Pro,2,168.12,USD,25,Monthly,,2025-04-01,23-Aug-2025
SUB-003168,ACC-104724,Pro,1,$222.72,USD,0,Monthly,credit card,2025-03-06,21-Nov-2025
SUB-003169,ACC-104724,Starter,1,$50.58,USD,0,Monthly,Credit Card,21-Nov-2025,2025/12/22
SUB-003170,ACC-104724,Business,1,$580.82,USD,0,Monthly,ACH,2025/12/22,
SUB-003171,ACC-100111,Starter,4,76,EUR,0,Monthly,ACH,2023-12-26,10/04/2025
SUB-003172,ACC-100111,Enterprise,4,3005,EUR,0,Monthly,Credit Card,2025-10-04,
SUB-003173,ACC-101391,Starter,3,$58.12,USD,0,Monthly,credit card,2025-06-23,02/23/2026
SUB-003174,ACC-100220,Business,3,706.01,USD,0,Monthly,Credit Card,06/13/2024,
SUB-003175,ACC-103322,Business,4,859,USD,0,Monthly,Credit Card,11/11/2024,2024-12-18
SUB-003176,ACC-103322,Enterprise,1,"2,206.93",USD,0,Monthly,Credit Card,12/18/2024,2025-10-11
SUB-003177,ACC-100083,Starter,1,48.10,GBP,0,Monthly,Invoice,2024-07-18,09/18/2025
SUB-003178,ACC-103535,Business,1,645.59,USD,0,Annual,Credit Card,2023-10-27,2024-02-18
SUB-003179,ACC-103535,Pro,2,210,USD,0,Annual,Credit Card,18/02/2024,05/27/2024
SUB-003180,ACC-103499,Business,1,578.93,USD,0,Monthly,credit card,2023-03-24,21/02/2026
SUB-003181,ACC-103499,Pro,3,269.55,USD,0,Monthly,Credit Card,21-Feb-2026,
SUB-003182,ACC-100461,Business,5,$879.22,USD,0,Annual,ACH,04/07/2025,
SUB-003183,ACC-105347,Business,1,664.23,USD,0,Annual,Credit Card,2023-08-20,11/20/2025
SUB-003184,ACC-100551,Pro,2,$220.87,USD,0,Annual,Credit Card,2023-08-14,11/14/2023
SUB-003185,ACC-105112,Pro,2,$250.36,USD,0,Monthly,Credit Card,01-Jun-2025,17-Sep-2025
SUB-003186,ACC-105112,Starter,4,$ 76,USD,0,Annual,Invoice,17/09/2025,
SUB-003187,ACC-105678,Pro,1,196.95,USD,0,Monthly,Credit Card,2024-10-05,02/02/2025
SUB-003188,ACC-105678,Enterprise,1,1933,USD,0,Monthly,,2025-02-02,2025-11-28
SUB-003189,ACC-105678,Starter,4,$69.37,USD,0,Monthly,Credit Card,11/28/2025,
SUB-003190,ACC-102843,Pro,8,399.52,USD,0,Annual,ACH,2022/09/14,14/04/2024
SUB-003191,ACC-102146,Starter,1,40,USD,10,Monthly,credit card,2023-12-20,20-Oct-2024
SUB-003192,ACC-105234,Pro,1,$ 188,USD,15,Monthly,Credit Card,2022-01-07,07/11/2023
SUB-003193,ACC-105300,Pro,2,$ 227,USD,0,Annual,Credit Card,2025-02-24,
SUB-003194,ACC-100650,Starter,1,55.70,USD,0,Monthly,Credit Card,2024-01-16,
SUB-003195,ACC-100708,Starter,1,$ 45,USD,5,Annual,Credit Card,08/13/2023,07/03/2024
SUB-003196,ACC-100708,Business,8,1271,USD,0,Monthly,credit card,2024-03-07,13-Oct-2025
SUB-003197,ACC-104362,Starter,2,48.77,USD,10,Monthly,Credit Card,2022-01-17,2024/09/21
SUB-003198,ACC-104362,Pro,5,304.50,USD,0,Monthly,Credit Card,2024-09-21,
SUB-003199,ACC-103128,Starter,2,$50.20,USD,10,Annual,Credit Card,2024-12-20,
SUB-003200,ACC-103975,Business,4,$807.76,USD,0,Annual,Invoice,2022-02-08,08/03/2022
SUB-003201,ACC-103975,Starter,1,$49.51,USD,0,Monthly,Credit Card,03/08/2022,08/03/2022
SUB-003202,ACC-101424,Starter,2,58.01,USD,0,Monthly,ACH,01/27/2024,
SUB-003203,ACC-101216,Starter,3,$ 53,USD,25,Monthly,credit card,2025-02-15,2025-09-18
SUB-003204,ACC-101216,Business,10,"$1,347.05",USD,0,Monthly,Credit Card,2025-09-18,
SUB-003205,ACC-104641,Pro,1,185,USD,0,Monthly,ACH,2023-10-17,2024-03-13
SUB-003206,ACC-104641,Enterprise,1,"1,849.95",USD,0,Monthly,Credit Card,2024-03-13,
SUB-003207,ACC-101924,Business,2,711.09,EUR,0,Monthly,Invoice,11/18/2023,2026-05-15
SUB-003208,ACC-101924,Pro,1,196.41,EUR,0,Monthly,Credit Card,2026-05-15,06/01/2026
SUB-003209,ACC-101924,Business,2,524.93,EUR,20,Monthly,Credit Card,06/01/2026,
SUB-003210,ACC-102812,Business,2,$ 670,USD,0,Monthly,Credit Card,2023/07/02,
SUB-003211,ACC-102802,Business,2,654,USD,0,Annual,Credit Card,2022-01-31,04/30/2024
SUB-003212,ACC-100314,Starter,7,$ 86,USD,15,Monthly,Credit Card,2023-05-15,2024-10-15
SUB-003213,ACC-104903,Business,2,698.29,USD,0,Monthly,Invoice,04/10/2025,
SUB-003214,ACC-101427,Starter,1,56,EUR,0,Annual,ACH,03/08/2025,
SUB-003215,ACC-103946,Pro,4,$307.77,USD,0,Annual,Invoice,2024-04-17,2024-09-05
SUB-003216,ACC-103946,Business,3,854.81,USD,0,Monthly,Credit Card,09/05/2024,2024-10-17
SUB-003217,ACC-104603,Business,2,668.30,USD,0,Annual,Credit Card,2022-10-04,
SUB-003218,ACC-103085,Business,3,822.59,USD,0,Monthly,Credit Card,2023-06-20,
SUB-003219,ACC-103978,Starter,7,$67.83,USD,20,Annual,Invoice,2022-08-02,02/11/2022
SUB-003220,ACC-103306,Pro,4,£272.02,GBP,0,Monthly,Credit Card,2022-01-05,02/05/2022
SUB-003221,ACC-105980,Starter,8,€ 97,EUR,0,Monthly,Credit Card,,17/05/2026
SUB-003222,ACC-103384,Starter,3,71.54,USD,0,Annual,Credit Card,2025-04-01,15-Sep-2025
SUB-003223,ACC-103384,Enterprise,6,3251,USD,0,Monthly,Credit Card,15/09/2025,2026-02-01
SUB-003224,ACC-105492,Pro,1,187,USD,0,Annual,Invoice,06-Mar-2025,2025-04-06
SUB-003225,ACC-105492,Business,1,678.14,USD,0,Annual,Credit Card,2025-04-06,
SUB-003226,ACC-100684,Pro,8,$351.79,USD,5,Monthly,Credit Card,2022-06-24,
SUB-003227,ACC-104454,Starter,4,68.94,USD,15,Monthly,Invoice,29/05/2025,
SUB-003228,ACC-103915,Starter,5,61,USD,25,Monthly,Invoice,2023-11-26,2024-02-25
SUB-003229,ACC-103915,Pro,4,312,USD,0,Annual,Credit Card,02/25/2024,2024-06-26
SUB-003230,ACC-105212,Starter,1,54,USD,0,Monthly,Credit Card,04/14/2025,
SUB-003231,ACC-103010,Pro,2,€233.47,EUR,0,Annual,ACH,2025/01/01,
SUB-003232,ACC-100326,Enterprise,5,"$ 3,138",USD,5,Monthly,Credit Card,2025-08-27,11/27/2025
SUB-003233,ACC-105085,Starter,3,61.41,GBP,10,Monthly,Credit Card,2024-11-19,
SUB-003234,ACC-103545,Starter,9,$103.92,USD,15,Monthly,Credit Card,06/04/2023,
SUB-003235,ACC-102666,Starter,1,£ 50,GBP,0,Monthly,Credit Card,11/27/2023,
SUB-003236,ACC-105260,Starter,3,72.25,EUR,0,Annual,credit card,01/13/2023,13-Sep-2024
SUB-003237,ACC-105110,Business,6,$992.81,USD,0,Annual,ACH,2022-03-26,2025-07-26
SUB-003238,ACC-105694,Pro,2,£204.12,GBP,20,Monthly,credit card,2022-09-14,28-May-2024
SUB-003239,ACC-105694,Enterprise,1,"£1,548.04",GBP,20,Annual,,2024-05-28,
SUB-003240,ACC-102409,Starter,4,60,USD,10,Annual,ACH,2022-12-06,2024-07-06
SUB-003241,ACC-103897,Pro,3,203,USD,20,Monthly,credit card,11/01/2022,2023-10-11
SUB-003242,ACC-100348,Enterprise,5,3314,USD,0,Monthly,Credit Card,10/30/2023,
SUB-003243,ACC-101626,Starter,2,63.14,USD,0,Annual,,20/02/2023,
SUB-003244,ACC-103316,Starter,3,72.56,EUR,0,Monthly,Invoice,26-Nov-2022,2023-03-06
SUB-003245,ACC-103316,Enterprise,5,"3,462.90",EUR,0,Monthly,ACH,2023-03-06,2023-04-26
SUB-003246,ACC-100871,Business,3,565.59,USD,20,Monthly,credit card,06/07/2023,2026-01-06
SUB-003247,ACC-103047,Pro,4,278.29,USD,0,Monthly,Credit Card,2022-06-21,02/21/2026
SUB-003248,ACC-105403,Business,1,632.07,EUR,0,Annual,ACH,2023-06-11,2025-07-11
SUB-003249,ACC-102406,Pro,6,$399.29,USD,0,Monthly,credit card,02/17/2022,2022-04-27
SUB-003250,ACC-102406,Starter,6,$ 64,USD,20,Monthly,credit card,2022-04-27,09/20/2022
SUB-003251,ACC-102406,Enterprise,1,"1,911.70",USD,0,Annual,Credit Card,2022-09-20,2023-02-17
SUB-003252,ACC-102218,Starter,1,42.09,USD,15,Annual,credit card,2024-06-21,
SUB-003253,ACC-104768,Business,1,679.85,USD,0,Monthly,credit card,2022-12-07,
SUB-003254,ACC-102121,Business,1,$ 665,USD,0,Monthly,Credit Card,2023-01-28,19/12/2024
SUB-003255,ACC-102121,Starter,2,$61.23,USD,0,Annual,Credit Card,19/12/2024,04/25/2025
SUB-003256,ACC-102121,Business,5,$910.81,USD,0,Annual,Credit Card,04/25/2025,
SUB-003257,ACC-104577,Pro,2,253,USD,0,Annual,ACH,04/06/2022,03/21/2025
SUB-003258,ACC-104577,Starter,2,61.24,USD,0,Monthly,Credit Card,2025-03-21,
SUB-003259,ACC-100085,Starter,1,52.28,USD,0,Annual,Credit Card,09/06/2022,09/12/2022
SUB-003260,ACC-102897,Pro,4,320,EUR,0,Annual,Invoice,09/17/2023,
SUB-003261,ACC-101877,Business,2,$ 695,USD,0,Monthly,Credit Card,2023-07-17,07/17/2024
SUB-003262,ACC-104800,Pro,4,286,USD,0,Monthly,ACH,03/30/2025,2026-02-28
SUB-003263,ACC-105204,Pro,2,236.24,USD,0,Monthly,credit card,04/17/2022,
SUB-003264,ACC-105100,Pro,5,$291.36,USD,0,Monthly,Credit Card,11/15/2022,
SUB-003265,ACC-100494,Enterprise,2,"2,163.78",USD,0,Annual,Credit Card,22-Jul-2024,
SUB-003266,ACC-105666,Enterprise,5,"$3,598.03",USD,0,Monthly,Credit Card,18-Jun-2022,
SUB-003267,ACC-103197,Starter,3,$ 66,USD,0,Annual,Credit Card,2025-03-12,05/08/2025
SUB-003268,ACC-103197,Business,8,"1,374.11",USD,-10,Monthly,Invoice,2025-08-05,
SUB-003269,ACC-103617,Starter,5,$84.19,USD,0,Monthly,Credit Card,13/11/2024,08/16/2025
SUB-003270,ACC-103617,Pro,6,$ 343,USD,0,Annual,,08/16/2025,
SUB-003271,ACC-101270,Starter,4,73,EUR,0,Monthly,Credit Card,2022-06-06,
SUB-003272,ACC-105006,Pro,4,220.37,USD,25,Annual,credit card,2024-11-13,08/18/2025
SUB-003273,ACC-105006,Business,2,775.97,USD,0,Monthly,Credit Card,2025-08-18,
SUB-003274,ACC-105239,Starter,1,$49.27,USD,0,Annual,,30-Aug-2022,2022-12-27
SUB-003275,ACC-105239,Pro,2,237.62,USD,0,Monthly,Credit Card,2022-12-27,2022-12-30
SUB-003276,ACC-105239,Starter,1,$51.11,USD,0,Monthly,Invoice,2022-12-30,2022/12/30
SUB-003277,ACC-105026,Pro,4,250.66,USD,10,Annual,credit card,2025-01-22,2025-09-22
SUB-003278,ACC-100618,Business,4,€964.05,EUR,0,Monthly,ACH,2025-02-13,
SUB-003279,ACC-105202,Starter,2,55.67,USD,10,Annual,Credit Card,07/25/2024,2025-09-25
SUB-003280,ACC-102705,Business,1,643,USD,0,Annual,Credit Card,18/02/2022,
SUB-003281,ACC-105829,Starter,3,$59.60,USD,0,Monthly,Credit Card,2023-03-21,04/21/2025
SUB-003282,ACC-104315,Pro,1,194.45,USD,0,Annual,ACH,2022-03-11,
SUB-003283,ACC-102292,Starter,2,€62.15,EUR,0,Monthly,Credit Card,2022/05/10,01-Nov-2022
SUB-003284,ACC-102292,Enterprise,4,"2,613.92",EUR,0,Annual,Credit Card,2022-11-01,2022-11-10
SUB-003285,ACC-103142,Starter,12,124.65,EUR,0,Monthly,Credit Card,14-Dec-2023,2024/03/14
SUB-003286,ACC-101413,Enterprise,3,"$1,975.71",USD,25,Annual,Credit Card,22-Jul-2023,
SUB-003287,ACC-102201,Starter,1,51,USD,0,Monthly,Invoice,2025-08-15,15-Oct-2025
SUB-003288,ACC-103321,Starter,1,50,USD,0,Monthly,Invoice,13/06/2023,29/05/2025
SUB-003289,ACC-103321,Business,3,771.51,USD,10,Monthly,Credit Card,2025-05-29,
SUB-003290,ACC-104538,Starter,2,57,USD,0,Annual,Credit Card,2024-02-11,
SUB-003291,ACC-100869,Starter,4,68.06,USD,0,Annual,Invoice,19-Aug-2025,
SUB-003292,ACC-102006,Starter,5,84.19,USD,0,Monthly,Credit Card,2022-11-07,
SUB-003293,ACC-104402,Pro,3,209.72,USD,25,Monthly,Credit Card,2024-04-08,
SUB-003294,ACC-100356,Starter,1,36,USD,20,Monthly,Credit Card,06/05/2022,12/06/2024
SUB-003295,ACC-101162,Starter,3,68.34,USD,0,Monthly,Credit Card,02/15/2022,03/19/2022
SUB-003296,ACC-101162,Enterprise,1,"1,663.92",USD,15,Monthly,Credit Card,03/19/2022,2022-06-15
SUB-003297,ACC-104619,Starter,12,136,USD,0,Annual,ACH,2023/09/01,01/01/2024
SUB-003298,ACC-104882,Starter,1,$ 52,USD,0,Monthly,Credit Card,07/27/2023,2023-10-11
SUB-003299,ACC-104882,Pro,2,206,USD,0,Monthly,Credit Card,2023-10-11,2024-06-27
SUB-003300,ACC-101890,Pro,2,$ 260,USD,0,Monthly,Credit Card,2023-09-01,11/08/2023
SUB-003301,ACC-101890,Starter,2,53,USD,0,Monthly,credit card,08/11/2023,01-Mar-2025
SUB-003302,ACC-100579,Business,1,€ 518,EUR,10,Annual,Credit Card,2025/04/22,2026-02-20
SUB-003303,ACC-100579,Starter,1,43.36,EUR,10,Monthly,Credit Card,20-Feb-2026,2026-05-29
SUB-003304,ACC-100579,Enterprise,3,"€2,512.17",EUR,0,Annual,Credit Card,29-May-2026,
SUB-003305,ACC-105058,Pro,1,157,GBP,15,Monthly,Credit Card,2023/06/19,
SUB-003306,ACC-101691,Pro,1,$199.26,USD,10,Annual,,04/08/2024,
SUB-003307,ACC-100862,Pro,1,171,USD,20,Monthly,Invoice,2024-10-24,02/19/2026
SUB-003308,ACC-100862,Business,6,"1,065.42",USD,0,Monthly,Credit Card,2026-02-19,
SUB-003309,ACC-105860,Pro,1,$147.84,USD,20,Annual,ACH,2022-12-02,10/02/2025
SUB-003310,ACC-103402,Pro,2,222.15,USD,0,Monthly,Credit Card,07-Feb-2023,2026-02-07
SUB-003311,ACC-105851,Starter,3,71.00,USD,0,Monthly,Credit Card,2022-05-25,2023-07-25
SUB-003312,ACC-104710,Pro,9,$380.82,USD,10,Monthly,Invoice,2024-10-02,2026-01-02
SUB-003313,ACC-101116,Enterprise,7,3886,USD,0,Annual,Credit Card,04/21/2022,2022-11-18
SUB-003314,ACC-101116,Business,2,701.09,USD,0,Monthly,Credit Card,2022-11-18,2025-07-18
SUB-003315,ACC-101116,Pro,3,214.11,USD,10,Monthly,Credit Card,07/18/2025,
SUB-003316,ACC-101541,Pro,2,$ 244,USD,0,Monthly,Credit Card,2023-12-18,
SUB-003317,ACC-102827,Starter,2,52.89,USD,0,Annual,credit card,17/02/2023,17-Apr-2023
SUB-003318,ACC-104680,Starter,10,115.48,USD,0,Monthly,credit card,2024/02/27,19-Feb-2025
SUB-003319,ACC-104680,Pro,4,294.77,USD,0,Monthly,Credit Card,19-Feb-2025,2025-03-27
SUB-003320,ACC-105599,Business,3,808.12,USD,5,Monthly,Invoice,2022-12-31,2023-12-26
SUB-003321,ACC-105599,Starter,4,68.41,USD,0,Annual,credit card,26-Dec-2023,2025-03-31
SUB-003322,ACC-102684,Business,3,$619.50,USD,20,Annual,ACH,02/19/2022,2022-09-18
SUB-003323,ACC-102684,Enterprise,2,2562,USD,0,Monthly,ACH,09/18/2022,2022-12-19
SUB-003324,ACC-102420,Business,6,"£ 1,100",GBP,0,Annual,,12-Feb-2024,14/03/2025
SUB-003325,ACC-102420,Starter,7,£90.00,GBP,0,Monthly,Credit Card,14/03/2025,
SUB-003326,ACC-105375,Business,3,741.08,USD,5,Monthly,Credit Card,10-Feb-2025,
SUB-003327,ACC-105391,Starter,1,43.44,USD,5,Monthly,credit card,2022-11-08,09/08/2025
SUB-003328,ACC-105994,Starter,1,47.04,USD,0,Monthly,ACH,02/17/2022,2023-03-17
SUB-003329,ACC-105806,Pro,4,278,USD,0,Annual,Invoice,2023-10-11,2024-12-11
SUB-003330,ACC-105379,Business,1,$615.66,USD,0,Monthly,,2025-02-08,2026-02-17
SUB-003331,ACC-105379,Pro,2,247.72,USD,0,Monthly,Credit Card,17/02/2026,04/08/2026
SUB-003332,ACC-105379,Business,2,$ 622,USD,0,Monthly,Invoice,08-Apr-2026,
SUB-003333,ACC-103075,Pro,5,$365.24,USD,0,Monthly,Credit Card,2023/02/14,2024-05-01
SUB-003334,ACC-103075,Enterprise,1,"1,948.14",USD,5,Annual,credit card,2024-05-01,2024-06-18
SUB-003335,ACC-103075,Starter,1,$ 49,USD,0,Monthly,Credit Card,2024-06-18,
SUB-003336,ACC-105838,Pro,1,197,EUR,0,Monthly,Credit Card,30-Apr-2025,2025-06-25
SUB-003337,ACC-105838,Business,3,€ 695,EUR,10,Monthly,,2025-06-25,06/30/2025
SUB-003338,ACC-105838,Enterprise,2,"2,425.82",EUR,0,Annual,Credit Card,2025/06/30,06/30/2025
SUB-003339,ACC-102052,Starter,9,114.35,USD,0,Annual,ACH,2023-01-23,2023-06-15
SUB-003340,ACC-102052,Enterprise,5,"3,199.82",USD,5,Annual,Invoice,06/15/2023,06/02/2024
SUB-003341,ACC-102052,Pro,2,206.40,USD,0,Monthly,Invoice,2024-06-02,2024-08-23
SUB-003342,ACC-101776,Starter,1,51.15,USD,0,Annual,credit card,05/17/2025,11/17/2025
SUB-003343,ACC-104245,Starter,1,47.17,GBP,0,Monthly,Credit Card,2024-07-28,2024/11/28
SUB-003344,ACC-104687,Enterprise,22,"7,238.20",USD,20,Monthly,Credit Card,2024-04-25,
SUB-003345,ACC-101592,Business,8,1244,GBP,0,Annual,Invoice,2024/05/13,12/09/2025
SUB-003346,ACC-101592,Starter,2,£ 47,GBP,25,Annual,Credit Card,2025-09-12,
SUB-003347,ACC-101723,Pro,3,$ 267,USD,0,Monthly,ACH,2022-03-30,2025-11-30
SUB-003348,ACC-104758,Starter,4,$ 70,USD,0,Monthly,ACH,08/22/2025,2025-09-22
SUB-003349,ACC-104758,Business,1,$ 449,USD,25,Monthly,Credit Card,09/22/2025,2025-09-22
SUB-003350,ACC-104127,Starter,6,85.29,USD,0,Monthly,Credit Card,16/07/2024,2025/02/14
SUB-003351,ACC-104127,Pro,3,292.47,USD,0,Annual,Credit Card,02/14/2025,16-Sep-2025
SUB-003352,ACC-100490,Pro,2,240,EUR,5,Monthly,Credit Card,2022-03-26,04/26/2022
SUB-003353,ACC-105114,Business,4,859.70,USD,0,Annual,,2024-06-15,11/18/2024
SUB-003354,ACC-105114,Starter,3,61.64,USD,10,Monthly,Credit Card,2024-11-18,2026-01-23
SUB-003355,ACC-105114,Pro,2,$242.52,USD,0,Monthly,Credit Card,23/01/2026,
SUB-003356,ACC-101006,Pro,6,371,USD,5,Monthly,credit card,2022-04-17,08/06/2023
SUB-003357,ACC-101006,Enterprise,5,"3,138.56",USD,0,Monthly,ACH,2023-08-06,
SUB-003358,ACC-103237,Starter,1,$ 47,USD,0,Monthly,Credit Card,22/04/2022,
SUB-003359,ACC-104195,Starter,2,€ 62,EUR,0,Monthly,Credit Card,05/04/2024,2025-11-05
SUB-003360,ACC-102314,Pro,3,283.81,USD,0,Monthly,Credit Card,2024-05-03,31/07/2024
SUB-003361,ACC-102314,Business,14,"$ 1,593",USD,0,Annual,ACH,07/31/2024,2026-03-08
SUB-003362,ACC-102314,Starter,1,$46.66,USD,0,Monthly,Credit Card,03/08/2026,
SUB-003363,ACC-101417,Pro,3,263.76,USD,0,Monthly,ACH,2025/06/02,2025-09-12
SUB-003364,ACC-101417,Enterprise,2,"$1,829.55",USD,15,Annual,ACH,12/09/2025,
SUB-003365,ACC-100025,Business,3,540,USD,25,Monthly,ACH,2022-10-24,01-Aug-2025
SUB-003366,ACC-100025,Starter,4,65,USD,0,Monthly,Credit Card,08/01/2025,
SUB-003367,ACC-101113,Starter,4,73.67,USD,0,Monthly,Invoice,16-Sep-2023,12/21/2024
SUB-003368,ACC-101113,Enterprise,3,"2,022.46",USD,15,Monthly,Credit Card,12/21/2024,
SUB-003369,ACC-103262,Starter,1,45.08,USD,20,Monthly,Invoice,08/16/2023,2024-08-16
SUB-003370,ACC-101552,Pro,7,392,USD,0,Monthly,Invoice,02/12/2023,03/12/2023
SUB-003371,ACC-105195,Pro,3,$270.90,USD,0,Monthly,Credit Card,2024-03-15,15-Oct-2025
SUB-003372,ACC-104554,Business,1,552.66,EUR,5,Monthly,Credit Card,2025-07-20,
SUB-003373,ACC-100433,Pro,2,$218.71,USD,10,Annual,ACH,2023-05-17,
SUB-003374,ACC-103792,Starter,5,84.09,USD,0,Monthly,ACH,14-Nov-2023,
SUB-003375,ACC-102887,Starter,3,62.64,USD,0,Annual,Invoice,08/26/2024,2025/02/27
SUB-003376,ACC-102887,Enterprise,1,"$1,885.35",USD,0,Monthly,credit card,02/27/2025,
SUB-003377,ACC-105692,Starter,7,$ 86,USD,0,Annual,Credit Card,2023-06-07,2026-05-07
SUB-003378,ACC-104470,Pro,2,212,USD,0,Monthly,Invoice,2022/02/13,03-Nov-2023
SUB-003379,ACC-104470,Enterprise,3,2640,USD,0,Monthly,Credit Card,2023-11-03,2024-03-13
SUB-003380,ACC-103185,Starter,1,$51.32,USD,0,Monthly,Invoice,2023-07-22,2025-11-03
SUB-003381,ACC-103185,Pro,4,$282.22,USD,0,Monthly,credit card,2025-11-03,12/23/2025
SUB-003382,ACC-103185,Enterprise,2,"2,003.68",USD,10,Monthly,ACH,2025-12-23,
SUB-003383,ACC-103377,Starter,3,$ 68,USD,0,Monthly,ACH,2022-07-10,2023-07-10
SUB-003384,ACC-104517,Pro,4,307.28,USD,0,Monthly,Credit Card,02/10/2023,2025-07-27
SUB-003385,ACC-104517,Business,1,$ 566,USD,0,Monthly,Credit Card,07/27/2025,
SUB-003386,ACC-103105,Enterprise,4,"€ 3,225",EUR,0,Monthly,Credit Card,04/20/2023,
SUB-003387,ACC-105852,Enterprise,2,"2,204.48",USD,0,Monthly,Invoice,12/05/2024,12/10/2025
SUB-003388,ACC-105852,Business,3,$642.94,USD,25,Monthly,Invoice,2025-10-12,
SUB-003389,ACC-101102,Enterprise,1,2102,EUR,0,Annual,Credit Card,2025-08-28,
SUB-003390,ACC-103113,Enterprise,4,"2,522.88",USD,20,Annual,Credit Card,2024-01-29,2026-01-29
SUB-003391,ACC-104512,Starter,2,$64.06,USD,0,Monthly,credit card,2025-08-09,
SUB-003392,ACC-104221,Pro,11,473.82,EUR,0,Monthly,ACH,2024-04-30,
SUB-003393,ACC-100194,Pro,6,263,USD,20,Annual,Credit Card,05/17/2025,04/05/2026
SUB-003394,ACC-100194,Enterprise,3,2508,USD,0,Monthly,Invoice,2026-05-04,
SUB-003395,ACC-100615,Starter,2,$ 51,USD,0,Monthly,Credit Card,2024-04-02,2025-02-07
SUB-003396,ACC-100615,Business,4,848.26,USD,0,Annual,Credit Card,02/07/2025,2026-01-28
SUB-003397,ACC-100615,Enterprise,2,"$1,801.29",USD,20,Monthly,Credit Card,01/28/2026,
SUB-003398,ACC-100643,Pro,1,179.25,USD,0,Monthly,ACH,2023-07-18,2024-01-28
SUB-003399,ACC-100643,Starter,6,91.34,USD,0,Annual,Credit Card,2024-01-28,2024-07-18
SUB-003400,ACC-104368,Starter,6,$90.28,USD,0,Annual,Credit Card,21-Nov-2023,
SUB-003401,ACC-102509,Pro,4,$276.29,USD,5,Monthly,Credit Card,12/27/2024,12/14/2025
SUB-003402,ACC-102509,Enterprise,3,"2,453.65",USD,0,Monthly,,2025-12-14,
SUB-003403,ACC-105142,Pro,4,318,USD,0,Annual,Credit Card,07/03/2024,
SUB-003404,ACC-100330,Starter,1,$46.37,USD,0,Monthly,ACH,2024-12-29,2025-02-27
SUB-003405,ACC-100330,Pro,4,$301.41,USD,0,Monthly,Credit Card,27/02/2025,2025-04-29
SUB-003406,ACC-105340,Pro,7,393.60,USD,0,Annual,Invoice,2025-01-17,2026-03-14
SUB-003407,ACC-105340,Enterprise,10,"5,077.84",USD,0,Monthly,Credit Card,2026-03-14,
SUB-003408,ACC-104189,Starter,2,$57.72,USD,0,Monthly,Credit Card,2024-03-18,
SUB-003409,ACC-103737,Pro,2,$ 232,USD,0,Monthly,Credit Card,2023/06/29,2026-01-29
SUB-003410,ACC-103400,Pro,2,246.27,USD,0,Monthly,Credit Card,25/12/2024,
SUB-003411,ACC-100483,Business,3,$856.88,USD,0,Monthly,ACH,2024-06-13,
SUB-003412,ACC-100719,Pro,1,$ 170,USD,25,Annual,ACH,2023-12-27,
SUB-003413,ACC-103313,Starter,2,58.44,USD,0,Monthly,Credit Card,2023-05-25,2023-08-06
SUB-003414,ACC-103313,Pro,4,320.30,USD,0,Monthly,Invoice,2023-08-06,25/11/2023
SUB-003415,ACC-102059,Starter,1,39.10,EUR,15,Annual,Credit Card,2022/08/07,2022/12/27
SUB-003416,ACC-102059,Pro,2,€ 223,EUR,0,Annual,Invoice,2022-12-27,07/02/2025
SUB-003417,ACC-104022,Business,1,$549.67,USD,15,Annual,Invoice,2022-12-20,12/20/2024
SUB-003418,ACC-100032,Starter,2,55,USD,0,Annual,Invoice,01/26/2023,02/26/2023
SUB-003419,ACC-100032,Enterprise,1,1996,USD,0,Monthly,Invoice,02/26/2023,2023/02/26
SUB-003420,ACC-100664,Starter,1,52.30,USD,0,Monthly,Credit Card,06/25/2022,2024-05-25
SUB-003421,ACC-105128,Pro,1,€193.48,EUR,0,Monthly,credit card,2024-06-06,2024-09-23
SUB-003422,ACC-105128,Starter,8,101,EUR,0,Monthly,Credit Card,09/23/2024,2025-10-06
SUB-003423,ACC-103588,Pro,4,265,USD,0,Monthly,Credit Card,2022-03-04,
SUB-003424,ACC-101444,Pro,3,$ 292,USD,0,Monthly,ACH,2024-01-04,2024-03-24
SUB-003425,ACC-101444,Enterprise,2,"$2,248.04",USD,0,Monthly,Invoice,2024-03-24,05/09/2024
SUB-003426,ACC-101444,Pro,2,$ 238,USD,0,Monthly,Credit Card,05/09/2024,2024-07-04
SUB-003427,ACC-102771,Business,2,$751.36,USD,0,Monthly,credit card,2022-06-06,2025-09-06
SUB-003428,ACC-102451,Starter,1,48,USD,0,Monthly,credit card,2024-06-21,2025-01-25
SUB-003429,ACC-102451,Enterprise,4,"$3,168.52",USD,0,Monthly,Credit Card,2025-01-25,21/04/2026
SUB-003430,ACC-105940,Enterprise,1,"1,868.84",USD,0,Annual,ACH,19-Feb-2025,2025-12-08
SUB-003431,ACC-105940,Pro,2,258.29,USD,0,Annual,Credit Card,12/08/2025,2026-01-29
SUB-003432,ACC-105940,Starter,8,100.65,USD,0,Monthly,Credit Card,2026-01-29,
SUB-003433,ACC-101705,Pro,2,228.90,USD,0,Annual,credit card,2024-03-27,
SUB-003434,ACC-104767,Enterprise,1,2018,EUR,0,Monthly,ACH,09/06/2024,
SUB-003435,ACC-103649,Pro,2,187,USD,25,Monthly,Invoice,20-Dec-2023,2024-11-20
SUB-003436,ACC-102277,Starter,3,61.18,USD,0,Annual,Credit Card,2023-08-22,2024-10-04
SUB-003437,ACC-102277,Pro,2,226.51,USD,0,Monthly,Credit Card,2024/10/04,2025-06-22
SUB-003438,ACC-101401,Starter,2,47,USD,15,Annual,Credit Card,08/03/2024,2025-07-08
SUB-003439,ACC-103441,Starter,3,€ 55,EUR,20,Annual,,2024-12-19,25-Jan-2025
SUB-003440,ACC-103441,Enterprise,2,"€2,547.12",EUR,0,Monthly,credit card,2025-01-25,2025-02-19
SUB-003441,ACC-103441,Starter,1,55,EUR,0,Monthly,ACH,2025-02-19,2025-02-19
SUB-003442,ACC-100170,Pro,3,$ 236,USD,20,Monthly,Credit Card,10/07/2023,
SUB-003443,ACC-100540,Business,6,"$1,125.12",USD,0,Monthly,Credit Card,2025/03/04,
SUB-003444,ACC-103235,Enterprise,1,"2,037.11",USD,0,Monthly,Invoice,2022-12-30,2024-10-20
SUB-003445,ACC-103235,Starter,2,55,USD,0,Monthly,Credit Card,10/20/2024,
SUB-003446,ACC-104556,Starter,1,46.33,USD,0,Annual,Credit Card,2022-07-30,2023-01-01
SUB-003447,ACC-104556,Pro,3,$226.65,USD,5,Monthly,ACH,2023-01-01,02/28/2023
SUB-003448,ACC-103895,Pro,2,$211.15,USD,0,Monthly,ACH,01-Apr-2024,2026-06-01
SUB-003449,ACC-102794,Starter,1,$43.20,USD,15,Monthly,ACH,2022-09-28,2023-05-28
SUB-003450,ACC-100674,Pro,10,516.43,USD,0,Monthly,Credit Card,07/19/2024,25/04/2025
SUB-003451,ACC-100674,Business,3,$796.15,USD,0,Monthly,Invoice,2025/04/25,19/06/2025
SUB-003452,ACC-102412,Enterprise,5,"€3,470.11",EUR,0,Monthly,Credit Card,2023/07/30,
SUB-003453,ACC-101815,Enterprise,2,"$2,206.45",USD,0,Monthly,Credit Card,2022-07-19,
SUB-003454,ACC-103715,Starter,2,$ 51,USD,0,Monthly,Credit Card,16/10/2022,05/08/2024
SUB-003455,ACC-103715,Enterprise,6,3297,USD,0,Annual,Credit Card,2024-05-08,2024-09-16
SUB-003456,ACC-102100,Starter,4,$ 64,USD,0,Monthly,credit card,12-Jan-2024,01/12/2025
SUB-003457,ACC-103214,Starter,2,$ 56,USD,0,Annual,Credit Card,2025-02-09,
SUB-003458,ACC-105774,Starter,10,126.13,USD,0,Annual,credit card,2025-06-28,
SUB-003459,ACC-102101,Starter,4,$ 68,USD,0,Monthly,credit card,2025-07-07,
SUB-003460,ACC-105152,Starter,5,53.64,EUR,25,Annual,ACH,05/23/2022,2026-01-23
SUB-003461,ACC-102882,Enterprise,6,"3,163.13",USD,20,Annual,Invoice,2025-05-04,
SUB-003462,ACC-101548,Starter,1,42,USD,15,Annual,Credit Card,2024-07-21,07/01/2025
SUB-003463,ACC-101548,Business,2,$706.92,USD,0,Monthly,Credit Card,2025-01-07,21-Apr-2025
SUB-003464,ACC-104897,Starter,1,53,GBP,0,Monthly,ACH,20/12/2023,
SUB-003465,ACC-105082,Starter,3,$70.45,USD,0,Monthly,ACH,07/11/2024,2024-11-11
SUB-003466,ACC-100355,Pro,31,991.56,USD,15,Monthly,ACH,2023-07-14,2023-09-29
SUB-003467,ACC-100355,Starter,5,$75.49,USD,0,Monthly,credit card,29-Sep-2023,06/29/2024
SUB-003468,ACC-100355,Business,1,684,USD,0,Monthly,Credit Card,06/29/2024,2024-12-14
SUB-003469,ACC-103809,Enterprise,7,"3,235.37",USD,15,Annual,Credit Card,04-Aug-2023,2025/10/15
SUB-003470,ACC-103809,Business,2,$ 633,USD,0,Monthly,Credit Card,2025-10-15,
SUB-003471,ACC-104240,Pro,4,$253.63,USD,10,Monthly,credit card,2024-05-15,2026-02-12
SUB-003472,ACC-104240,Business,2,$ 765,USD,0,Monthly,ACH,2026-02-12,15/03/2026
SUB-003473,ACC-103488,Pro,2,174.27,USD,25,Annual,Credit Card,2022-02-22,2022-06-13
SUB-003474,ACC-103488,Business,4,960,USD,0,Monthly,Credit Card,2022-06-13,22-Dec-2022
SUB-003475,ACC-105571,Pro,3,$267.53,USD,10,Monthly,,16/06/2024,2025-01-16
SUB-003476,ACC-104332,Starter,1,$51.63,USD,0,Monthly,Credit Card,2024-08-02,2026-03-30
SUB-003477,ACC-104332,Pro,2,$260.32,USD,0,Monthly,Credit Card,2026-03-30,
SUB-003478,ACC-102373,Pro,6,$341.88,USD,0,Monthly,Credit Card,08/06/2023,
SUB-003479,ACC-101051,Pro,5,342.54,USD,0,Monthly,Credit Card,28-Nov-2023,
SUB-003480,ACC-102321,Business,1,680.46,USD,0,Monthly,Credit Card,2023-12-26,2025-12-31
SUB-003481,ACC-102321,Starter,3,54.36,USD,20,Monthly,Credit Card,12/31/2025,
SUB-003482,ACC-103657,Business,1,$465.60,USD,25,Annual,Credit Card,2025-08-15,2026-01-15
SUB-003483,ACC-103880,Pro,4,311.28,USD,0,Monthly,Invoice,2024-11-09,
SUB-003484,ACC-101751,Business,6,978.62,USD,0,Monthly,credit card,2025-02-08,2025-09-25
SUB-003485,ACC-101751,Starter,2,45,USD,20,Monthly,Credit Card,09/25/2025,
SUB-003486,ACC-102535,Business,2,$ 736,USD,0,Monthly,Credit Card,2025-01-28,2025-06-16
SUB-003487,ACC-102535,Starter,5,$ 84,USD,0,Monthly,Credit Card,06/16/2025,2026-04-05
SUB-003488,ACC-102535,Business,7,"1,098.60",USD,0,Annual,Credit Card,2026-04-05,
SUB-003489,ACC-101772,Starter,5,68,EUR,5,Annual,Credit Card,2025-02-06,
SUB-003490,ACC-101196,Starter,2,59.21,USD,0,Annual,Credit Card,06/30/2025,
SUB-003491,ACC-101878,Business,1,$488.26,USD,10,Monthly,Invoice,2022-05-17,17-Aug-2023
SUB-003492,ACC-102016,Pro,3,$ 229,USD,10,Annual,credit card,05/20/2022,2026-05-02
SUB-003493,ACC-102016,Enterprise,2,"2,578.10",USD,0,Monthly,Credit Card,05/02/2026,
SUB-003494,ACC-102005,Business,2,784.66,USD,0,Annual,Credit Card,2022-04-14,09/01/2026
SUB-003495,ACC-102005,Pro,4,$ 296,USD,0,Monthly,Invoice,09-Jan-2026,
SUB-003496,ACC-104935,Starter,4,$53.46,USD,25,Annual,credit card,08/15/2022,13/07/2025
SUB-003497,ACC-104935,Enterprise,4,"$ 3,100",USD,0,Annual,Credit Card,07/13/2025,
SUB-003498,ACC-101482,Starter,4,$ 71,USD,5,Monthly,Credit Card,2022-08-10,10/10/2025
SUB-003499,ACC-100328,Business,3,799,USD,0,Annual,credit card,2023-07-20,2023-12-20
SUB-003500,ACC-100648,Business,2,727.85,EUR,0,Monthly,credit card,26-Feb-2024,
SUB-003501,ACC-102513,Business,3,$ 669,USD,5,Annual,Credit Card,02/03/2023,2025-09-26
SUB-003502,ACC-102513,Pro,5,296.09,USD,0,Annual,ACH,2025/09/26,12/02/2025
SUB-003503,ACC-101123,Pro,4,282.04,USD,0,Monthly,Credit Card,2023-03-26,
SUB-003504,ACC-102855,Pro,2,249,EUR,0,Annual,Credit Card,11/12/2024,2026-03-11
SUB-003505,ACC-103045,Enterprise,3,"2,423.33",USD,0,Monthly,Credit Card,2023-04-09,
SUB-003506,ACC-102531,Business,1,655.85,USD,0,Monthly,ACH,,2025-03-28
SUB-003507,ACC-105456,Business,2,€622.48,EUR,15,Monthly,Invoice,10/30/2022,2025-01-08
SUB-003508,ACC-105456,Pro,2,224,EUR,0,Annual,ACH,2025-01-08,2025/01/30
SUB-003509,ACC-105456,Enterprise,2,"2,467.53",EUR,0,Monthly,Credit Card,2025-01-30,2025-01-30
SUB-003510,ACC-103182,Pro,2,$ 262,USD,0,Monthly,ACH,2022-05-17,2023-02-04
SUB-003511,ACC-103182,Business,2,586.11,USD,25,Monthly,credit card,04/02/2023,2025-01-17
SUB-003512,ACC-105093,Starter,11,141,USD,0,Monthly,Credit Card,20-Sep-2022,05/16/2023
SUB-003513,ACC-105093,Pro,3,279,USD,0,Annual,Credit Card,05/16/2023,05/20/2023
SUB-003514,ACC-101259,Pro,5,$332.58,USD,0,Monthly,credit card,21-Aug-2022,16/06/2025
SUB-003515,ACC-101259,Starter,1,$43.71,USD,5,Monthly,Invoice,06/16/2025,2025-08-22
SUB-003516,ACC-101259,Pro,3,$240.29,USD,0,Monthly,,2025-08-22,10/21/2025
SUB-003517,ACC-103127,Pro,12,$538.28,USD,0,Monthly,Credit Card,2024-05-25,2025-07-25
SUB-003518,ACC-103513,Business,2,670.13,USD,0,Monthly,,08/22/2025,09-Apr-2026
SUB-003519,ACC-103513,Starter,8,109.80,USD,0,Annual,Credit Card,2026-04-09,2026-05-16
SUB-003520,ACC-103513,Business,5,$933.93,USD,5,Monthly,ACH,2026-05-16,
SUB-003521,ACC-103114,Business,1,602,USD,0,Monthly,Credit Card,04/03/2022,
SUB-003522,ACC-101519,Business,1,$632.70,USD,0,Annual,credit card,2024-12-01,
SUB-003523,ACC-101378,Starter,2,51.96,USD,0,Monthly,credit card,03/12/2023,14-Sep-2023
SUB-003524,ACC-101378,Pro,5,350.01,USD,0,Monthly,Credit Card,2023-09-14,10/12/2023
SUB-003525,ACC-104440,Business,11,1278,USD,20,Annual,credit card,2024-08-15,2025-11-15
SUB-003526,ACC-101023,Pro,5,$ 362,USD,0,Monthly,credit card,2024-05-13,27-Sep-2025
SUB-003527,ACC-101023,Business,1,593.03,USD,0,Annual,,2025-09-27,
SUB-003528,ACC-104386,Starter,4,57.46,USD,20,Monthly,Credit Card,05/08/2022,06/08/2023
SUB-003529,ACC-105160,Enterprise,3,"$2,889.50",USD,0,Monthly,credit card,2023-05-08,
SUB-003530,ACC-102458,Pro,3,264.12,EUR,10,Monthly,,12/08/2024,2025-10-09
SUB-003531,ACC-102458,Business,8,"€ 1,369",EUR,0,Annual,,2025-10-09,2026-05-12
SUB-003532,ACC-100912,Starter,8,91.66,USD,0,Monthly,Invoice,01/07/2022,05/07/2024
SUB-003533,ACC-104125,Starter,2,€ 54,EUR,0,Monthly,Invoice,2023-11-01,2024-02-02
SUB-003534,ACC-104125,Pro,1,220,EUR,0,Monthly,Credit Card,02/02/2024,2024/09/01
SUB-003535,ACC-101675,Starter,4,57.25,USD,20,Monthly,Invoice,07/02/2024,18/07/2024
SUB-003536,ACC-101675,Pro,1,$201.80,USD,0,Annual,ACH,18/07/2024,2024-09-15
SUB-003537,ACC-101675,Business,2,504.14,USD,25,Monthly,Credit Card,2024-09-15,12/07/2024
SUB-003538,ACC-101746,Business,1,485.89,USD,15,Monthly,Credit Card,2024-02-09,
SUB-003539,ACC-103055,Business,1,$ 497,USD,15,Monthly,ACH,06/03/2025,
SUB-003540,ACC-101736,Business,1,623.32,USD,0,Monthly,,2022-06-03,2022-07-03
SUB-003541,ACC-101736,Starter,2,51.28,USD,0,Monthly,ACH,03-Jul-2022,2022-07-03
SUB-003542,ACC-101629,Enterprise,4,"2,857.50",USD,0,Annual,Credit Card,07/12/2023,
SUB-003543,ACC-103916,Pro,2,245,EUR,0,Annual,Credit Card,2022-07-21,
SUB-003544,ACC-100430,Business,1,$598.81,USD,0,Annual,Invoice,2022-12-29,02-Jul-2023
SUB-003545,ACC-100430,Starter,7,73.60,USD,20,Monthly,Credit Card,02/07/2023,11/29/2023
SUB-003546,ACC-101808,Pro,2,$261.31,USD,0,Annual,Credit Card,2022/02/08,27/05/2024
SUB-003547,ACC-101808,Starter,2,$ 59,USD,0,Annual,Invoice,2024-05-27,
SUB-003548,ACC-103630,Starter,5,$ 66,USD,15,Monthly,Credit Card,2023-01-27,2023-07-08
SUB-003549,ACC-103630,Business,2,$765.80,USD,0,Annual,Credit Card,07/08/2023,2025-06-27
SUB-003550,ACC-102615,Starter,6,77.42,USD,0,Monthly,Credit Card,2025-03-20,
SUB-003551,ACC-103501,Pro,1,$203.36,USD,0,Monthly,ACH,2024-10-30,
SUB-003552,ACC-103583,Starter,2,59.59,USD,0,Annual,Credit Card,11/12/2023,
SUB-003553,ACC-103558,Business,2,$660.04,USD,0,Annual,Credit Card,2022/01/05,2022-07-05
SUB-003554,ACC-102222,Starter,1,47.72,USD,0,Monthly,Credit Card,2022-02-26,2024-01-28
SUB-003555,ACC-102222,Business,8,"$1,112.10",USD,0,Monthly,Credit Card,2024-01-28,
SUB-003556,ACC-105629,Pro,1,$ 195,USD,0,Monthly,,05/11/2024,
SUB-003557,ACC-105023,Business,10,"1,346.95",USD,0,Annual,ACH,2024/11/15,15-Jan-2026
SUB-003558,ACC-105429,Pro,4,€331.77,EUR,0,Monthly,Credit Card,2025-03-09,
SUB-003559,ACC-103751,Starter,1,45.09,USD,0,Annual,Credit Card,2025-02-03,07/02/2026
SUB-003560,ACC-103751,Business,2,$ 664,USD,0,Monthly,Credit Card,07/02/2026,
SUB-003561,ACC-104651,Starter,1,44,USD,0,Annual,,07/16/2023,
SUB-003562,ACC-105402,Starter,20,$194.30,USD,0,Annual,Credit Card,2023-02-15,2023-06-15
SUB-003563,ACC-103422,Starter,6,63,USD,20,Annual,Credit Card,18/11/2023,12/18/2024
SUB-003564,ACC-101995,Business,3,$ 833,USD,0,Monthly,Credit Card,07/31/2025,
SUB-003565,ACC-103270,Starter,7,$106.87,USD,0,Annual,Invoice,2023-10-08,2024-06-08
SUB-003566,ACC-102224,Pro,1,$224.76,USD,0,Annual,Credit Card,2024-04-25,
SUB-003567,ACC-101106,Enterprise,9,"$4,215.50",USD,0,Annual,Credit Card,2023-07-25,
SUB-003568,ACC-105012,Enterprise,1,"$1,936.12",USD,0,Monthly,ACH,2022-08-20,01/07/2024
SUB-003569,ACC-105012,Starter,1,47.28,USD,5,Monthly,Invoice,07/01/2024,2026-05-26
SUB-003570,ACC-105012,Pro,1,$180.02,USD,0,Monthly,Credit Card,2026-05-26,
SUB-003571,ACC-100818,Pro,3,$262.44,USD,0,Annual,Credit Card,10-Jun-2024,2024-07-10
SUB-003572,ACC-105659,Starter,2,$55.36,USD,0,Monthly,,2024-06-14,
SUB-003573,ACC-104417,Enterprise,1,"$2,079.15",USD,0,Annual,Credit Card,2022-06-02,2024-12-03
SUB-003574,ACC-104417,Pro,3,$243.76,USD,0,Annual,Credit Card,2024-12-03,
SUB-003575,ACC-101697,Starter,1,$43.83,USD,10,Monthly,Credit Card,2024-12-22,02/22/2025
SUB-003576,ACC-103516,Starter,5,$ 63,USD,15,Monthly,Invoice,2024-09-15,12/25/2024
SUB-003577,ACC-103516,Pro,4,299.65,USD,0,Monthly,Invoice,2024-12-25,
SUB-003578,ACC-100136,Starter,3,$66.72,USD,0,Annual,Credit Card,17-Feb-2023,01/17/2024
SUB-003579,ACC-103332,Enterprise,4,2617,USD,0,Monthly,,18-Jan-2022,
SUB-003580,ACC-104765,Business,2,683,USD,0,Monthly,Credit Card,2022-06-07,
SUB-003581,ACC-105394,Enterprise,1,"2,073.67",EUR,0,Monthly,Credit Card,03/04/2022,03/04/2022
SUB-003582,ACC-105394,Starter,2,58.03,EUR,0,Monthly,,03-Apr-2022,04/04/2022
SUB-003583,ACC-105394,Business,4,843,EUR,0,Monthly,Credit Card,04-Apr-2022,2022-04-04
SUB-003584,ACC-101180,Pro,2,213.99,USD,0,Monthly,Credit Card,2022-04-22,2024-09-22
SUB-003585,ACC-103536,Starter,5,89.61,USD,0,Monthly,ACH,11-Apr-2022,05-Apr-2026
SUB-003586,ACC-103536,Pro,2,$ 208,USD,0,Monthly,Credit Card,04/05/2026,
SUB-003587,ACC-100888,Starter,2,61.67,USD,0,Monthly,credit card,2024/10/05,11/14/2025
SUB-003588,ACC-100888,Business,1,$638.73,USD,0,Monthly,Invoice,14/11/2025,2026-05-10
SUB-003589,ACC-100888,Pro,2,258.38,USD,0,Annual,Credit Card,10-May-2026,
SUB-003590,ACC-102732,Starter,7,€ 91,EUR,0,Monthly,ACH,2025-08-17,2025-12-30
SUB-003591,ACC-102732,Business,8,"€ 1,355",EUR,0,Monthly,Credit Card,2025-12-30,
SUB-003592,ACC-102437,Business,1,541,USD,0,Monthly,credit card,2025-04-09,29/08/2025
SUB-003593,ACC-102437,Pro,3,210.62,USD,15,Annual,Credit Card,2025-08-29,
SUB-003594,ACC-102629,Pro,3,267.38,USD,0,Monthly,Credit Card,2022-06-12,2023/10/26
SUB-003595,ACC-102629,Business,1,$ 447,USD,25,Monthly,ACH,10/26/2023,2023-11-12
SUB-003596,ACC-103169,Business,5,$984.08,USD,0,Monthly,credit card,2023-08-29,
SUB-003597,ACC-100817,Pro,6,326,USD,0,Monthly,,16-Feb-2022,2025-09-16
SUB-003598,ACC-101111,Starter,5,$70.13,USD,15,Monthly,Credit Card,04/30/2022,
SUB-003599,ACC-105183,Starter,2,52.34,USD,0,Monthly,Credit Card,26-Jan-2025,2025-02-26
SUB-003600,ACC-102341,Starter,5,60,USD,25,Monthly,credit card,10/26/2022,
SUB-003601,ACC-104487,Starter,1,55.04,USD,0,Monthly,credit card,11/30/2024,2025-08-30
SUB-003602,ACC-103870,Pro,3,281.98,USD,0,Monthly,Credit Card,04/19/2023,
SUB-003603,ACC-101264,Starter,8,94,USD,10,Monthly,credit card,10/11/2022,30/03/2025
SUB-003604,ACC-101264,Enterprise,3,2589,USD,0,Monthly,Credit Card,2025-03-30,
SUB-003605,ACC-100990,Business,3,774.28,USD,0,Monthly,Credit Card,2024-01-25,
SUB-003606,ACC-103328,Business,6,1073,USD,0,Annual,ACH,09-Dec-2024,
SUB-003607,ACC-101739,Enterprise,2,"2,074.11",USD,0,Annual,Credit Card,06/06/2024,
SUB-003608,ACC-102548,Starter,4,$69.00,USD,0,Monthly,Invoice,2024-08-10,
SUB-003609,ACC-100353,Starter,4,80.76,USD,0,Monthly,credit card,2022-10-11,11-May-2023
SUB-003610,ACC-105943,Pro,3,$ 289,USD,0,Monthly,Credit Card,21-Jan-2024,2024-02-24
SUB-003611,ACC-105943,Enterprise,9,"4,559.56",USD,0,Monthly,Credit Card,02/24/2024,
SUB-003612,ACC-105762,Business,1,662,USD,0,Annual,Credit Card,2022-09-19,2024/06/02
SUB-003613,ACC-105762,Pro,2,$227.10,USD,0,Annual,Credit Card,06/02/2024,2025-01-19
SUB-003614,ACC-104266,Pro,3,$254.74,USD,0,Annual,Credit Card,14/06/2025,
SUB-003615,ACC-101489,Pro,6,$ 237,USD,25,Monthly,Credit Card,2022-10-12,2025-06-12
SUB-003616,ACC-105272,Enterprise,2,"€2,289.59",EUR,0,Monthly,Credit Card,2022-12-08,19-Feb-2023
SUB-003617,ACC-105272,Pro,3,294.42,EUR,0,Monthly,ACH,,
SUB-003618,ACC-101228,Starter,1,53,USD,0,Monthly,ACH,01/23/2025,
SUB-003619,ACC-104629,Enterprise,4,"$ 2,961",USD,0,Monthly,Invoice,2022/05/24,2024-03-31
SUB-003620,ACC-104629,Business,4,638,USD,25,Monthly,ACH,31/03/2024,
SUB-003621,ACC-105229,Business,5,1096,USD,0,Annual,Invoice,02/15/2024,2026-03-18
SUB-003622,ACC-105229,Starter,2,49.81,USD,20,Monthly,Credit Card,18-Mar-2026,
SUB-003623,ACC-105764,Starter,4,69.81,USD,0,Monthly,Credit Card,2025-07-25,05/20/2026
SUB-003624,ACC-105764,Pro,2,212.72,USD,0,Monthly,Credit Card,2026-05-20,01/06/2026
SUB-003625,ACC-105764,Starter,1,55.39,USD,0,Monthly,credit card,06/01/2026,
SUB-003626,ACC-105698,Pro,11,$563.12,USD,0,Annual,Credit Card,2022-06-01,01/07/2025
SUB-003627,ACC-100052,Starter,4,58,USD,25,Monthly,Credit Card,04/30/2022,2022-09-30
SUB-003628,ACC-103211,Business,4,952,USD,0,Monthly,Credit Card,2024-06-21,
SUB-003629,ACC-102821,Pro,3,243.01,EUR,0,Annual,Credit Card,2023-09-03,2024-11-03
SUB-003630,ACC-105038,Pro,8,€ 405,EUR,0,Monthly,Credit Card,17-Dec-2022,
SUB-003631,ACC-105326,Starter,6,89.52,USD,0,Annual,credit card,31-May-2025,2025-09-12
SUB-003632,ACC-105326,Enterprise,3,"2,961.16",USD,0,Monthly,Credit Card,2025-09-12,2025-12-21
SUB-003633,ACC-105326,Business,2,754.41,USD,0,Monthly,Credit Card,12/21/2025,01/31/2026
SUB-003634,ACC-103758,Business,2,711,USD,0,Monthly,,09/08/2024,2025-08-29
SUB-003635,ACC-103758,Enterprise,1,"$ 2,040",USD,0,Monthly,Credit Card,2025-08-29,
SUB-003636,ACC-101589,Starter,2,58.87,USD,0,Annual,Invoice,2025-02-21,2025-07-08
SUB-003637,ACC-101589,Pro,7,350,USD,0,Monthly,ACH,2025-07-08,
SUB-003638,ACC-101479,Starter,1,53,USD,0,Annual,Credit Card,2022-06-28,14/03/2023
SUB-003639,ACC-101479,Business,1,608.43,USD,0,Monthly,Invoice,14/03/2023,28/06/2023
SUB-003640,ACC-101469,Starter,12,138.29,GBP,0,Monthly,Invoice,2023-12-06,2025-01-03
SUB-003641,ACC-101469,Enterprise,2,"£ 2,514",GBP,0,Monthly,Credit Card,2025-01-03,03/10/2026
SUB-003642,ACC-101469,Pro,1,£200.16,GBP,0,Annual,Invoice,2026-03-10,
SUB-003643,ACC-102857,Starter,2,62.44,USD,0,Monthly,Credit Card,06-Oct-2023,
SUB-003644,ACC-102596,Starter,1,£ 55,GBP,0,Monthly,ACH,2025-06-14,2025-08-05
SUB-003645,ACC-102596,Pro,1,147,GBP,25,Monthly,Credit Card,2025/08/05,
SUB-003646,ACC-102078,Business,1,£ 576,GBP,0,Monthly,Credit Card,28-Aug-2024,2026-04-28
SUB-003647,ACC-103552,Pro,2,217.88,USD,0,Monthly,Credit Card,2025-01-21,25/09/2025
SUB-003648,ACC-103552,Starter,2,58.90,USD,0,Monthly,Invoice,2025-09-25,
SUB-003649,ACC-101266,Business,1,613.74,USD,0,Monthly,Credit Card,2023-10-16,2024-12-08
SUB-003650,ACC-101266,Starter,6,90.89,USD,0,Annual,Credit Card,12/08/2024,12/16/2024
SUB-003651,ACC-102671,Enterprise,3,"€2,561.23",EUR,0,Monthly,credit card,10/05/2022,
SUB-003652,ACC-100436,Starter,2,$54.25,USD,0,Monthly,Invoice,20-Dec-2024,03/19/2025
SUB-003653,ACC-100436,Enterprise,3,"$2,188.99",USD,25,Monthly,Credit Card,2025-03-19,2025-05-20
SUB-003654,ACC-102966,Starter,2,54,USD,0,Monthly,Credit Card,2023-06-28,2024/11/11
SUB-003655,ACC-102966,Pro,2,$208.77,USD,0,Monthly,Credit Card,2024-11-11,2025-05-28
SUB-003656,ACC-105352,Business,5,€ 979,EUR,0,Monthly,Credit Card,03/10/2024,2025-02-03
SUB-003657,ACC-101588,Pro,5,333.05,USD,0,Annual,Credit Card,22/08/2023,2023-12-22
SUB-003658,ACC-104478,Starter,4,$ 71,USD,0,Annual,ACH,2024-03-25,2024-07-12
SUB-003659,ACC-104478,Pro,1,144.97,USD,25,Monthly,Credit Card,2024-07-12,25-Nov-2024
SUB-003660,ACC-101590,Business,6,5,EUR,150,Monthly,Invoice,2022-07-23,22-Aug-2022
SUB-003661,ACC-101590,Pro,2,231,EUR,0,Annual,credit card,2022-08-22,2022-08-23
SUB-003662,ACC-101590,Starter,6,93,EUR,0,Monthly,credit card,,08/23/2022
SUB-003663,ACC-100973,Business,2,551.56,USD,25,Monthly,Credit Card,10/12/2024,
SUB-003664,ACC-101238,Starter,2,$51.94,USD,0,Annual,,2025/01/10,10-Feb-2025
SUB-003665,ACC-102342,Starter,1,$51.36,USD,0,Annual,Credit Card,2022-10-19,2023-05-08
SUB-003666,ACC-102342,Enterprise,2,2367,USD,0,Monthly,Invoice,08/05/2023,08/19/2023
SUB-003667,ACC-103877,Starter,3,$ 60,USD,0,Annual,Credit Card,08/26/2024,
SUB-003668,ACC-104377,Pro,3,$ 239,USD,0,Annual,ACH,2024-07-24,
SUB-003669,ACC-105192,Starter,2,63.28,EUR,0,Monthly,Credit Card,07-May-2024,
SUB-003670,ACC-102231,Starter,5,74.58,GBP,0,Monthly,Credit Card,08/31/2025,
SUB-003671,ACC-105162,Enterprise,6,3673,USD,0,Monthly,Credit Card,13/11/2022,
SUB-003672,ACC-101497,Starter,1,$51.48,USD,0,Monthly,Credit Card,04/23/2024,
SUB-003673,ACC-100449,Starter,2,$62.03,USD,0,Annual,ACH,2024-11-22,08/06/2025
SUB-003674,ACC-100449,Pro,5,293.37,USD,10,Monthly,,2025-08-06,2025-12-22
SUB-003675,ACC-102369,Business,3,$677.82,USD,15,Monthly,ACH,08/08/2025,2025-12-01
SUB-003676,ACC-102369,Starter,3,71,USD,0,Monthly,Credit Card,01/12/2025,
SUB-003677,ACC-104762,Enterprise,5,"3,223.61",USD,0,Monthly,Credit Card,,
SUB-003678,ACC-102422,Pro,3,$ 191,USD,20,Monthly,credit card,04/26/2024,
SUB-003679,ACC-105465,Starter,6,97.14,USD,0,Monthly,ACH,2022-05-29,09/29/2024
SUB-003680,ACC-103935,Starter,2,€ 59,EUR,5,Annual,ACH,16/04/2022,2023/03/15
SUB-003681,ACC-103935,Enterprise,5,"3,493.48",EUR,0,Annual,Invoice,03/15/2023,2023-03-16
SUB-003682,ACC-101551,Pro,5,323.01,USD,0,Annual,Credit Card,2025-06-14,
SUB-003683,ACC-105396,Pro,3,$295.67,USD,0,Monthly,Credit Card,,
SUB-003684,ACC-101146,Pro,1,197.44,USD,0,Monthly,credit card,29-Sep-2022,2024-07-18
SUB-003685,ACC-101146,Starter,3,65.91,USD,0,Monthly,ACH,18-Jul-2024,
SUB-003686,ACC-103846,Business,3,808.48,USD,0,Annual,,2023-03-29,
SUB-003687,ACC-102092,Business,4,€942.59,EUR,5,Annual,Credit Card,2024-11-30,
SUB-003688,ACC-101313,Enterprise,8,"$ 3,978",USD,0,Monthly,,09/03/2022,
SUB-003689,ACC-102015,Starter,4,$74.55,USD,0,Monthly,ACH,2025-01-31,
SUB-003690,ACC-103362,Pro,4,£284.87,GBP,0,Monthly,Credit Card,2024-05-17,2025-07-17
SUB-003691,ACC-103362,Enterprise,6,3828,GBP,0,Annual,Credit Card,2025-07-17,
SUB-003692,ACC-102805,Starter,3,$5.00,USD,150,Monthly,Credit Card,2023-07-31,2025/08/31
SUB-003693,ACC-104507,Starter,2,52,GBP,0,Monthly,credit card,2023-06-02,2023-11-19
SUB-003694,ACC-104507,Pro,1,£ 207,GBP,0,Monthly,Credit Card,2023-11-19,2025-02-02
SUB-003695,ACC-101381,Pro,3,205,USD,20,Monthly,Invoice,2023/08/16,2025-03-16
SUB-003696,ACC-103341,Enterprise,1,"2,148.97",USD,0,Monthly,ACH,03/25/2022,12/25/2023
SUB-003697,ACC-100413,Pro,1,182.84,USD,0,Monthly,Credit Card,01/04/2025,06/03/2025
SUB-003698,ACC-100413,Starter,2,$ 58,USD,0,Monthly,ACH,06/03/2025,2025-07-01
SUB-003699,ACC-100941,Pro,2,$182.89,USD,15,Monthly,Credit Card,2023-10-08,2024-03-02
SUB-003700,ACC-100941,Starter,1,$39.24,USD,20,Monthly,Credit Card,03/02/2024,2024-10-08
SUB-003701,ACC-100801,Starter,3,$ 63,USD,0,Annual,credit card,2025-04-09,
SUB-003702,ACC-102575,Enterprise,4,"2,741.25",USD,0,Monthly,,2023/03/30,2024-10-30
SUB-003703,ACC-102575,Starter,3,67.48,USD,0,Monthly,Invoice,30-Oct-2024,2025-12-30
SUB-003704,ACC-103703,Starter,2,61,USD,0,Monthly,Credit Card,2025-03-01,05/26/2025
SUB-003705,ACC-103703,Enterprise,3,"2,663.93",USD,0,Monthly,ACH,2025-05-26,17/03/2026
SUB-003706,ACC-103703,Starter,1,$50.13,USD,5,Monthly,Credit Card,2026-03-17,
SUB-003707,ACC-100256,Starter,3,$70.82,USD,0,Annual,ACH,2023-09-27,03/12/2025
SUB-003708,ACC-100256,Business,3,781.15,USD,0,Annual,ACH,2025/03/12,
SUB-003709,ACC-105975,Pro,4,281.39,USD,15,Annual,,13-Dec-2023,2024-01-13
SUB-003710,ACC-105975,Business,4,807,USD,0,Monthly,Credit Card,01/13/2024,2024-01-13
SUB-003711,ACC-102235,Pro,5,245,USD,15,Annual,credit card,2023-06-29,
SUB-003712,ACC-100647,Starter,3,$72.91,USD,0,Monthly,Credit Card,27/03/2023,02/04/2025
SUB-003713,ACC-100647,Pro,5,$ 297,USD,0,Monthly,Credit Card,2025-02-04,2025-03-27
SUB-003714,ACC-100647,Enterprise,1,"2,185.34",USD,0,Monthly,Credit Card,2025-03-27,2025-03-27
SUB-003715,ACC-101767,Pro,2,$ 244,USD,0,Annual,Credit Card,03/05/2024,05-Jul-2025
SUB-003716,ACC-104163,Starter,3,$60.55,USD,0,Annual,Credit Card,2023-03-23,04/23/2023
SUB-003717,ACC-104163,Business,6,"$1,083.00",USD,0,Monthly,Credit Card,2023-04-23,23-Apr-2023
SUB-003718,ACC-102647,Pro,4,£260.66,GBP,0,Annual,Credit Card,2023-12-06,2025-01-06
SUB-003719,ACC-104811,Pro,8,$288.32,USD,25,Monthly,Credit Card,06-May-2022,2022-11-06
SUB-003720,ACC-102704,Starter,4,$77.37,USD,0,Annual,Credit Card,2025-06-03,
SUB-003721,ACC-100024,Pro,1,186,USD,10,Annual,Credit Card,08/19/2023,
SUB-003722,ACC-102917,Business,2,€766.70,EUR,0,Monthly,Credit Card,2022-05-15,2024-11-04
SUB-003723,ACC-102917,Pro,1,224.80,EUR,0,Annual,Credit Card,04/11/2024,2025-10-16
SUB-003724,ACC-102917,Business,1,€ 573,EUR,15,Monthly,Credit Card,10/16/2025,
SUB-003725,ACC-105199,Business,2,713.61,USD,0,Monthly,ACH,2022-01-27,
SUB-003726,ACC-100112,Business,5,881.46,USD,20,Annual,ACH,2022-07-04,
SUB-003727,ACC-102311,Business,4,$ 845,USD,0,Annual,,2023-03-17,2026-04-08
SUB-003728,ACC-102311,Starter,1,$45.20,USD,0,Monthly,ACH,2026-04-08,
SUB-003729,ACC-102847,Pro,1,$204.89,USD,0,Monthly,ACH,2023-06-18,2024-11-18
SUB-003730,ACC-100056,Starter,3,$67.34,USD,0,Monthly,Credit Card,2023/11/29,2024-07-29
SUB-003731,ACC-101309,Business,8,"1,390.71",EUR,0,Monthly,Credit Card,08-Jun-2022,08/10/2022
SUB-003732,ACC-100695,Starter,1,53,USD,0,Monthly,,2024-05-21,
SUB-003733,ACC-104886,Starter,3,$ 69,USD,0,Monthly,Credit Card,2023-04-12,2024-06-12
SUB-003734,ACC-101227,Starter,1,$53.21,USD,0,Monthly,credit card,09-Jun-2024,2026-05-16
SUB-003735,ACC-101227,Business,3,844,USD,5,Monthly,ACH,2026-05-16,
SUB-003736,ACC-101999,Pro,6,$ 385,USD,0,Annual,Credit Card,10/20/2024,
SUB-003737,ACC-100276,Business,6,"$1,023.68",USD,0,Monthly,Credit Card,2025-03-18,2025-11-18
SUB-003738,ACC-105289,Starter,5,$72.58,USD,0,Monthly,credit card,2023-07-29,2025-01-27
SUB-003739,ACC-105289,Business,2,746.22,USD,0,Monthly,Credit Card,27-Jan-2025,2025-08-23
SUB-003740,ACC-105289,Starter,1,54,USD,0,Monthly,ACH,08/23/2025,
SUB-003741,ACC-103279,Pro,4,328,USD,0,Monthly,credit card,2022-06-20,2022-07-20
SUB-003742,ACC-103279,Enterprise,3,2699,USD,0,Monthly,Credit Card,2022-07-20,07/20/2022
SUB-003743,ACC-103279,Pro,6,327.66,USD,0,Annual,Credit Card,2022-07-20,07/20/2022
SUB-003744,ACC-101833,Enterprise,1,"2,191.57",USD,0,Annual,Credit Card,2025-06-30,
SUB-003745,ACC-100682,Pro,1,203.83,USD,0,Monthly,Invoice,03/03/2025,2026-05-16
SUB-003746,ACC-100682,Starter,2,42,USD,25,Monthly,credit card,2026-05-16,2026-06-01
SUB-003747,ACC-100682,Enterprise,7,"3,584.21",USD,0,Annual,credit card,06/01/2026,
SUB-003748,ACC-105035,Business,1,$669.18,USD,0,Monthly,Invoice,07/29/2023,
SUB-003749,ACC-104393,Starter,3,59,USD,0,Monthly,Credit Card,05/26/2022,2023-03-26
SUB-003750,ACC-104393,Pro,1,$ 227,USD,0,Monthly,credit card,2023-03-26,26/03/2023
SUB-003751,ACC-103158,Starter,1,54.61,USD,0,Monthly,Credit Card,04/04/2022,
SUB-003752,ACC-101137,Starter,4,$67.14,USD,0,Annual,Credit Card,24-Sep-2022,2025-12-24
SUB-003753,ACC-105716,Pro,1,217,USD,5,Monthly,Credit Card,2024-09-12,
SUB-003754,ACC-105960,Business,5,"$ 1,056",USD,0,Monthly,ACH,2022-01-04,2023-04-04
SUB-003755,ACC-103096,Starter,1,$44.85,USD,20,Monthly,Credit Card,2023-01-30,30/01/2026
SUB-003756,ACC-103524,Enterprise,1,"2,159.75",EUR,0,Monthly,ACH,2023-06-26,
SUB-003757,ACC-104902,Pro,2,217,USD,0,Monthly,Credit Card,2022-04-29,29-Nov-2024
SUB-003758,ACC-101346,Starter,5,$75.61,USD,0,Monthly,Credit Card,2024-01-26,2024-06-22
SUB-003759,ACC-101346,Enterprise,1,"2,161.22",USD,0,Monthly,Credit Card,2024-06-22,26-Sep-2024
SUB-003760,ACC-105803,Enterprise,2,"1,934.78",USD,10,Monthly,Credit Card,2022-05-16,
SUB-003761,ACC-103618,Starter,3,67.00,USD,0,Monthly,,06/19/2023,05/19/2026
SUB-003762,ACC-103618,Pro,1,225.38,USD,0,Monthly,credit card,19-May-2026,
SUB-003763,ACC-104051,Pro,1,$199.04,USD,0,Monthly,credit card,09/05/2024,09/03/2025
SUB-003764,ACC-102384,Starter,7,89.23,EUR,0,Monthly,Credit Card,2022-05-02,06/02/2025
SUB-003765,ACC-104040,Pro,2,$208.40,USD,0,Monthly,Credit Card,30-Aug-2025,
SUB-003766,ACC-104235,Pro,9,432,USD,0,Annual,ACH,2022-02-27,2025-03-27
SUB-003767,ACC-102246,Enterprise,2,"2,466.64",EUR,0,Monthly,Credit Card,2025-01-15,
SUB-003768,ACC-105542,Starter,1,53.30,USD,0,Monthly,Credit Card,2022-11-16,01/16/2023
SUB-003769,ACC-102683,Starter,1,53.47,USD,0,Annual,Credit Card,2022-08-04,2023-07-10
SUB-003770,ACC-102683,Pro,3,253.02,USD,0,Annual,Invoice,2023-07-10,01/31/2026
SUB-003771,ACC-102683,Enterprise,1,"1,970.63",USD,0,Monthly,credit card,2026/01/31,
SUB-003772,ACC-103349,Pro,1,177,EUR,15,Annual,Credit Card,06/06/2024,2025-06-06
SUB-003773,ACC-105684,Starter,2,45.63,USD,15,Monthly,Credit Card,2023-01-26,2023-07-26
SUB-003774,ACC-103988,Pro,4,313.07,EUR,0,Monthly,,04/22/2022,
SUB-003775,ACC-105060,Starter,2,64.78,USD,0,Monthly,Invoice,2025-03-27,
SUB-003776,ACC-104998,Starter,2,55.64,USD,0,Monthly,Credit Card,2022-03-14,07/11/2022
SUB-003777,ACC-104998,Business,1,$ 408,USD,25,Monthly,Credit Card,2022-11-07,04/14/2024
SUB-003778,ACC-100081,Business,6,1131,USD,0,Annual,credit card,2024-10-13,27/08/2025
SUB-003779,ACC-100081,Pro,5,329.13,USD,0,Monthly,credit card,2025-08-27,
SUB-003780,ACC-101972,Pro,2,$220.81,USD,0,Monthly,Credit Card,2024-01-18,
SUB-003781,ACC-101714,Pro,3,241,USD,0,Monthly,Invoice,2025/04/19,
SUB-003782,ACC-103684,Starter,1,$49.55,USD,10,Monthly,Invoice,2024-06-19,
SUB-003783,ACC-105166,Starter,10,$126.59,USD,0,Monthly,Invoice,07/10/2023,2025-09-02
SUB-003784,ACC-105166,Enterprise,5,"3,435.19",USD,0,Monthly,,2025/09/02,25/10/2025
SUB-003785,ACC-105166,Starter,2,$58.25,USD,0,Monthly,Credit Card,2025-10-25,
SUB-003786,ACC-103727,Starter,1,£46.26,GBP,0,Annual,ACH,01/21/2023,2025-08-21
SUB-003787,ACC-101946,Starter,2,$54.75,USD,0,Monthly,credit card,2025/02/18,2025-04-15
SUB-003788,ACC-101946,Business,1,563,USD,0,Monthly,ACH,04/15/2025,
SUB-003789,ACC-104660,Starter,5,60.18,USD,25,Monthly,Credit Card,2025-01-21,2026-03-15
SUB-003790,ACC-104660,Business,3,802,USD,0,Monthly,Credit Card,2026-03-15,
SUB-003791,ACC-103892,Pro,2,$237.26,USD,0,Monthly,ACH,01/22/2025,
SUB-003792,ACC-104262,Enterprise,1,"$ 2,240",USD,0,Monthly,ACH,09/08/2023,20-Feb-2026
SUB-003793,ACC-104262,Business,2,$630.36,USD,0,Annual,,02/20/2026,2026/05/03
SUB-003794,ACC-104262,Enterprise,3,"$2,442.30",USD,0,Monthly,Credit Card,2026-05-03,
SUB-003795,ACC-101610,Starter,4,81.57,EUR,0,Monthly,Credit Card,2022-10-26,06/26/2025
SUB-003796,ACC-103334,Starter,1,47,USD,0,Monthly,credit card,08/29/2024,
SUB-003797,ACC-104367,Pro,6,370,EUR,0,Annual,Credit Card,2022-03-18,2026-05-18
SUB-003798,ACC-104194,Starter,2,$59.53,USD,0,Monthly,Credit Card,2022-05-29,29-Jun-2022
SUB-003799,ACC-104194,Business,8,"1,144.60",USD,15,Monthly,Credit Card,2022/06/29,2022-06-29
SUB-003800,ACC-104194,Enterprise,5,"3,597.27",USD,0,Annual,Credit Card,29/06/2022,06/29/2022
SUB-003801,ACC-105951,Starter,5,72,USD,0,Annual,Credit Card,21-Jul-2025,21-Nov-2025
SUB-003802,ACC-104690,Starter,2,60.50,USD,0,Monthly,Credit Card,2024-07-22,
SUB-003803,ACC-100665,Pro,1,$ 227,USD,0,Monthly,ACH,2025-07-15,2025-09-17
SUB-003804,ACC-100665,Business,3,719,USD,0,Monthly,Credit Card,09/17/2025,2026-02-15
SUB-003805,ACC-102194,Business,3,$ 772,USD,0,Annual,ACH,11/26/2022,2023-04-01
SUB-003806,ACC-102194,Starter,3,$67.50,USD,0,Monthly,Invoice,04/01/2023,
SUB-003807,ACC-104789,Starter,3,69.48,USD,0,Monthly,credit card,2024-05-06,
SUB-003808,ACC-105873,Pro,2,$236.90,USD,0,Monthly,Credit Card,2024-08-06,2024-11-21
SUB-003809,ACC-105873,Enterprise,2,"$1,801.80",USD,20,Monthly,Invoice,2024-11-21,
SUB-003810,ACC-101017,Pro,9,493.81,USD,0,Monthly,Credit Card,2025-04-20,2026-03-20
SUB-003811,ACC-100557,Starter,4,49.51,USD,25,Monthly,Credit Card,2023-06-27,2024-06-27
SUB-003812,ACC-105251,Pro,1,181.45,USD,0,Annual,ACH,2022-03-19,05/06/2022
SUB-003813,ACC-105251,Starter,2,51,USD,0,Monthly,Invoice,2022/06/05,2022-06-19
SUB-003814,ACC-104476,Starter,6,77,USD,15,Monthly,Invoice,2023-12-17,2024-04-21
SUB-003815,ACC-104476,Pro,1,$ 204,USD,0,Monthly,,21-Apr-2024,17-Jul-2024
SUB-003816,ACC-101207,Enterprise,1,1997,USD,0,Monthly,Credit Card,11/07/2022,2023-12-11
SUB-003817,ACC-104473,Starter,2,60,EUR,0,Annual,Credit Card,03/11/2022,2022-05-11
SUB-003818,ACC-103109,Starter,3,61.78,USD,0,Annual,Credit Card,19-Aug-2023,2025-07-19
SUB-003819,ACC-101510,Business,3,811.58,USD,0,Monthly,Invoice,03/20/2023,
SUB-003820,ACC-104643,Starter,1,$56.17,USD,0,Annual,Invoice,2024-05-17,
SUB-003821,ACC-103794,Business,2,$671.45,USD,0,Monthly,,2023-08-07,
SUB-003822,ACC-104137,Pro,3,€ 270,EUR,0,Annual,ACH,2024-01-04,
SUB-003823,ACC-104139,Starter,6,$77.90,USD,0,Monthly,Credit Card,03/26/2022,26/01/2024
SUB-003824,ACC-100266,Starter,5,73,EUR,0,Monthly,Credit Card,08/28/2024,
SUB-003825,ACC-102765,Pro,5,$310.43,USD,0,Monthly,Invoice,2022-05-10,
SUB-003826,ACC-105765,Pro,5,321.60,USD,0,Monthly,Credit Card,18-Dec-2022,
SUB-003827,ACC-102111,Pro,2,$258.77,USD,0,Monthly,Credit Card,2022-09-28,28-Jan-2023
SUB-003828,ACC-104816,Starter,3,51,USD,20,Monthly,Invoice,06/29/2023,01-Feb-2026
SUB-003829,ACC-104816,Enterprise,4,2497,USD,10,Annual,Credit Card,2026-02-01,
SUB-003830,ACC-101909,Starter,1,41,USD,10,Monthly,ACH,03/04/2022,
SUB-003831,ACC-103193,Business,2,€734.54,EUR,0,Monthly,Invoice,2025-04-04,
SUB-003832,ACC-104019,Pro,2,220.54,USD,0,Monthly,credit card,2025-08-21,2025/12/13
SUB-003833,ACC-104019,Starter,1,46.36,USD,0,Monthly,Credit Card,2025-12-13,2026-03-14
SUB-003834,ACC-104019,Enterprise,1,"1,998.78",USD,5,Annual,credit card,2026-03-14,
SUB-003835,ACC-105783,Pro,3,278.11,USD,0,Monthly,Credit Card,,05/10/2026
SUB-003836,ACC-105783,Enterprise,2,"2,182.38",USD,0,Monthly,credit card,05/10/2026,
SUB-003837,ACC-104295,Starter,7,95,USD,0,Annual,,10/07/2024,2025-03-10
SUB-003838,ACC-103674,Starter,1,40.31,GBP,25,Annual,ACH,,11-Nov-2023
SUB-003839,ACC-100998,Business,2,744.18,USD,0,Annual,Credit Card,09/12/2022,2023-03-12
SUB-003840,ACC-103309,Pro,3,284.52,USD,0,Monthly,ACH,2024-07-20,
SUB-003841,ACC-101784,Pro,1,$ 220,USD,0,Monthly,ACH,2024-04-16,16-Nov-2025
SUB-003842,ACC-101237,Starter,2,64.63,USD,0,Monthly,Invoice,04/20/2022,
SUB-003843,ACC-105397,Starter,5,83.06,EUR,0,Annual,Credit Card,25-Sep-2024,
SUB-003844,ACC-103089,Pro,7,$353.44,USD,0,Monthly,Invoice,2023-01-11,12/08/2025
SUB-003845,ACC-103089,Starter,4,70.03,USD,0,Monthly,Invoice,12/08/2025,
SUB-003846,ACC-105284,Business,17,"$2,097.09",USD,0,Monthly,ACH,05/04/2022,2022-12-04
SUB-003847,ACC-104936,Pro,5,$291.89,USD,0,Annual,Invoice,2024-07-07,2024-11-07
SUB-003848,ACC-104739,Enterprise,1,"$2,125.79",USD,0,Annual,,2023-03-25,2026-04-25
SUB-003849,ACC-102186,Starter,1,54,USD,0,Monthly,,2023/07/30,
SUB-003850,ACC-104771,Business,4,832,EUR,0,Annual,Credit Card,2024-11-18,
SUB-003851,ACC-100908,Starter,3,68,USD,0,Annual,credit card,2025-01-17,2026-02-17
SUB-003852,ACC-105253,Pro,2,€183.03,EUR,20,Annual,Credit Card,2022-06-12,04-Oct-2022
SUB-003853,ACC-105253,Starter,2,€52.05,EUR,0,Monthly,credit card,2022-10-04,10/12/2022
SUB-003854,ACC-101303,Pro,6,375,USD,0,Monthly,credit card,2023/03/06,2023-06-06
SUB-003855,ACC-105682,Business,2,$ 739,USD,0,Monthly,credit card,2024-04-09,2026-02-06
SUB-003856,ACC-105682,Starter,6,$81.18,USD,0,Monthly,Credit Card,2026/02/06,2026-04-09
SUB-003857,ACC-101627,Starter,1,$ 55,USD,0,Monthly,ACH,2025-08-09,07/04/2026
SUB-003858,ACC-101627,Enterprise,9,"$ 4,111",USD,0,Monthly,Credit Card,2026-04-07,
SUB-003859,ACC-101522,Pro,8,409.21,EUR,0,Monthly,Invoice,2023-06-30,2025-05-12
SUB-003860,ACC-101522,Business,4,921,EUR,5,Annual,credit card,12/05/2025,
SUB-003861,ACC-100835,Pro,1,206.74,USD,5,Monthly,Credit Card,2024/08/02,
SUB-003862,ACC-100358,Business,1,£619.53,GBP,0,Monthly,Credit Card,28/01/2024,
SUB-003863,ACC-100138,Starter,2,58.46,USD,0,Monthly,Credit Card,06-Feb-2023,2024-11-02
SUB-003864,ACC-100138,Pro,3,240.98,USD,0,Annual,Invoice,2024-11-02,
SUB-003865,ACC-100299,Business,3,838.05,USD,0,Annual,credit card,2024-07-07,2025-11-30
SUB-003866,ACC-100299,Pro,3,223.57,USD,15,Annual,ACH,11/30/2025,
SUB-003867,ACC-101556,Business,2,€587.53,EUR,25,Annual,Credit Card,2022-02-05,
SUB-003868,ACC-101003,Pro,2,259.18,USD,0,Annual,Credit Card,2022-07-04,04/12/2024
SUB-003869,ACC-100382,Starter,3,59,USD,0,Annual,ACH,07/22/2023,2024-02-01
SUB-003870,ACC-100382,Enterprise,6,"3,431.71",USD,0,Monthly,ACH,2024-02-01,2024-04-22
SUB-003871,ACC-104984,Enterprise,4,"$3,228.38",USD,0,Monthly,,2024-03-07,
SUB-003872,ACC-100761,Business,3,$878.22,USD,0,Monthly,credit card,2022/09/20,
SUB-003873,ACC-104340,Starter,1,52.87,USD,0,Monthly,,07/23/2022,12/17/2022
SUB-003874,ACC-104340,Business,5,"$ 1,033",USD,0,Monthly,Credit Card,2022/12/17,23-Dec-2023
SUB-003875,ACC-103039,Pro,5,$ 289,USD,20,Monthly,Credit Card,2025-07-24,2026/05/24
SUB-003876,ACC-104700,Pro,2,$164.90,USD,25,Monthly,Credit Card,2023-04-15,15/05/2023
SUB-003877,ACC-104700,Starter,1,5.00,USD,150,Monthly,credit card,05/15/2023,2023-06-15
SUB-003878,ACC-104918,Business,1,$ 571,USD,0,Monthly,credit card,2024-06-28,2024/10/26
SUB-003879,ACC-104918,Enterprise,3,"$ 2,481",USD,0,Monthly,,10/26/2024,
SUB-003880,ACC-105419,Pro,3,239.60,USD,0,Monthly,Invoice,2023-06-19,
SUB-003881,ACC-101402,Starter,4,77.04,EUR,0,Monthly,Invoice,2023/03/13,2024-02-13
SUB-003882,ACC-103642,Starter,1,$45.25,USD,0,Monthly,credit card,2023-01-08,2023-05-08
SUB-003883,ACC-105219,Business,4,893,USD,0,Annual,Credit Card,02/01/2023,2023-09-01
SUB-003884,ACC-101932,Starter,2,$59.68,USD,0,Monthly,Credit Card,05/04/2024,
SUB-003885,ACC-103819,Pro,2,$ 248,USD,0,Annual,Credit Card,2025-05-26,2025-07-11
SUB-003886,ACC-103819,Starter,1,44,USD,0,Annual,Credit Card,11/07/2025,09/26/2025
SUB-003887,ACC-104498,Business,6,"$1,165.10",USD,0,Annual,Credit Card,31-Dec-2022,
SUB-003888,ACC-104844,Starter,5,$ 78,USD,0,Annual,Credit Card,08/09/2023,
SUB-003889,ACC-105194,Enterprise,4,"$ 2,846",USD,0,Monthly,Credit Card,2025-02-07,
SUB-003890,ACC-103927,Starter,6,93.53,EUR,0,Monthly,Invoice,2023-06-15,02/15/2026
SUB-003891,ACC-103985,Business,1,562.23,EUR,0,Monthly,ACH,2023-10-23,2024-03-23
SUB-003892,ACC-102685,Starter,1,49.30,USD,0,Monthly,,31/12/2024,
SUB-003893,ACC-102833,Business,3,861,USD,0,Monthly,Credit Card,2022-05-03,03/12/2024
SUB-003894,ACC-100058,Starter,9,100.47,USD,0,Annual,Credit Card,2024-01-28,12/02/2025
SUB-003895,ACC-100058,Enterprise,2,2144,USD,0,Monthly,Invoice,2025-02-12,
SUB-003896,ACC-100076,Enterprise,6,"3,350.19",USD,0,Monthly,Credit Card,2022/10/30,03/26/2024
SUB-003897,ACC-100076,Starter,4,$64.55,USD,0,Monthly,credit card,26-Mar-2024,
SUB-003898,ACC-100796,Starter,5,70.87,USD,15,Annual,Credit Card,2025-07-19,
SUB-003899,ACC-102416,Enterprise,4,"$2,786.07",USD,0,Monthly,credit card,05/11/2023,2024-01-22
SUB-003900,ACC-102416,Starter,2,$51.70,USD,0,Annual,Credit Card,22/01/2024,2024-09-11
SUB-003901,ACC-103070,Pro,6,$339.95,USD,10,Monthly,Credit Card,2025-03-22,
SUB-003902,ACC-104446,Business,4,£973.88,GBP,0,Annual,Credit Card,06/15/2022,05/15/2023
SUB-003903,ACC-100785,Starter,4,67.71,USD,0,Monthly,ACH,2025/01/05,2025-09-05
SUB-003904,ACC-104708,Starter,1,€49.09,EUR,0,Monthly,Credit Card,10/05/2022,
SUB-003905,ACC-105932,Starter,2,55.59,USD,0,Monthly,Credit Card,2022-01-05,
SUB-003906,ACC-105048,Starter,1,$53.11,USD,0,Monthly,ACH,24/01/2022,
SUB-003907,ACC-102217,Business,7,1190,GBP,5,Monthly,Credit Card,23/04/2025,2025/11/23
SUB-003908,ACC-102862,Enterprise,5,"$3,005.43",USD,0,Monthly,Invoice,2023-08-16,12-Jan-2025
SUB-003909,ACC-102862,Business,3,678.55,USD,20,Annual,Credit Card,12/01/2025,09/16/2025
SUB-003910,ACC-103698,Pro,1,€ 174,EUR,15,Monthly,Invoice,08-May-2024,05/08/2025
SUB-003911,ACC-103607,Starter,4,65.34,GBP,0,Monthly,Credit Card,2025-01-05,2026-02-19
SUB-003912,ACC-103607,Pro,6,317.83,GBP,0,Monthly,Credit Card,19-Feb-2026,
SUB-003913,ACC-104756,Starter,3,$65.95,USD,0,Annual,Credit Card,2023-05-10,2023-07-10
SUB-003914,ACC-104997,Starter,1,55,USD,0,Annual,Credit Card,26/05/2024,19/10/2025
SUB-003915,ACC-104997,Pro,2,$ 187,USD,25,Annual,Credit Card,2025-10-19,
SUB-003916,ACC-104693,Business,2,629,USD,0,Annual,Credit Card,06/14/2025,2025-10-14
SUB-003917,ACC-104693,Starter,4,$ 71,USD,0,Monthly,Credit Card,2025/10/14,
SUB-003918,ACC-100910,Pro,1,€220.05,EUR,0,Monthly,Invoice,2025-08-28,
SUB-003919,ACC-102172,Enterprise,1,1830,USD,0,Monthly,Credit Card,2022-04-12,
SUB-003920,ACC-105799,Business,4,$808.06,USD,0,Monthly,ACH,2022-10-18,2024-08-17
SUB-003921,ACC-105799,Enterprise,1,"1,732.18",USD,5,Annual,credit card,2024/08/17,
SUB-003922,ACC-102309,Starter,4,78.89,USD,0,Annual,Credit Card,2023-07-08,02/08/2024
SUB-003923,ACC-105700,Pro,2,$ 242,USD,0,Monthly,Credit Card,2025-07-05,
SUB-003924,ACC-101257,Starter,1,€55.10,EUR,0,Monthly,Credit Card,,11-Jun-2025
SUB-003925,ACC-102495,Pro,1,222.81,USD,0,Monthly,Credit Card,2023-07-16,2024-01-27
SUB-003926,ACC-102495,Enterprise,1,"$2,013.65",USD,0,Monthly,Invoice,2024-01-27,2026-03-27
SUB-003927,ACC-102495,Pro,4,278,USD,0,Monthly,Credit Card,2026-03-27,
SUB-003928,ACC-105329,Pro,2,242.02,EUR,0,Annual,Credit Card,2023-08-21,2025-11-21
SUB-003929,ACC-104482,Starter,5,$86.53,USD,0,Monthly,Credit Card,2023-03-18,2023-05-13
SUB-003930,ACC-104482,Pro,6,$ 296,USD,10,Monthly,Credit Card,2023/05/13,2024-02-08
SUB-003931,ACC-104482,Starter,4,78.07,USD,0,Monthly,Invoice,08-Feb-2024,04/18/2024
SUB-003932,ACC-101178,Starter,1,45,USD,0,Annual,Invoice,06/06/2023,06-Aug-2024
SUB-003933,ACC-104576,Starter,1,45.93,USD,0,Monthly,Invoice,2024-11-10,2025-01-10
SUB-003934,ACC-104970,Starter,1,$ 52,USD,0,Annual,Credit Card,09/12/2024,02/12/2025
SUB-003935,ACC-100442,Starter,3,55.37,USD,10,Annual,Credit Card,24-Jan-2022,2023-05-24
SUB-003936,ACC-101399,Pro,5,219,EUR,25,Monthly,credit card,2025-02-22,
SUB-003937,ACC-103123,Enterprise,1,"€1,952.76",EUR,0,Monthly,ACH,2025-08-19,
SUB-003938,ACC-105724,Starter,2,$58.97,USD,0,Annual,ACH,05/26/2024,07/09/2025
SUB-003939,ACC-105724,Business,2,788.55,USD,0,Monthly,,09-Jul-2025,
SUB-003940,ACC-105802,Business,5,"$1,043.89",USD,0,Annual,Credit Card,20/12/2024,
SUB-003941,ACC-101054,Business,4,$ 847,USD,0,Annual,ACH,01-Mar-2022,01/01/2024
SUB-003942,ACC-103469,Starter,4,68,USD,0,Monthly,Credit Card,02-Jun-2024,2024-12-17
SUB-003943,ACC-103469,Business,3,$ 776,USD,0,Monthly,ACH,17-Dec-2024,02/05/2026
SUB-003944,ACC-104661,Business,3,821,USD,0,Monthly,Credit Card,2022-05-26,10/29/2022
SUB-003945,ACC-104661,Enterprise,1,"2,100.96",USD,5,Monthly,Credit Card,29/10/2022,2024-02-17
SUB-003946,ACC-104661,Pro,3,286.43,USD,0,Annual,Credit Card,17-Feb-2024,06/26/2024
SUB-003947,ACC-103130,Starter,2,61.13,EUR,0,Monthly,Credit Card,2023-01-24,2023-03-24
SUB-003948,ACC-101415,Business,8,"$ 1,186",USD,0,Annual,Credit Card,2023-11-01,24-Dec-2023
SUB-003949,ACC-101415,Pro,1,$196.06,USD,5,Annual,Credit Card,2023-12-24,2024/01/31
SUB-003950,ACC-101415,Enterprise,7,4248,USD,0,Monthly,ACH,,01/02/2024
SUB-003951,ACC-102372,Enterprise,1,1891,USD,0,Annual,credit card,02/13/2023,
SUB-003952,ACC-104296,Business,10,1365,USD,0,Annual,ACH,2024-06-23,07/23/2024
SUB-003953,ACC-104922,Starter,7,$68.56,USD,20,Monthly,Credit Card,2024-07-22,11-Nov-2025
SUB-003954,ACC-104922,Business,1,557.56,USD,0,Monthly,Credit Card,11-Nov-2025,22-Nov-2025
SUB-003955,ACC-103889,Pro,1,$227.20,USD,0,Annual,Credit Card,01/14/2023,
SUB-003956,ACC-103768,Starter,5,78,USD,0,Annual,Credit Card,03/17/2022,17/05/2026
SUB-003957,ACC-105292,Pro,5,$ 267,USD,25,Monthly,credit card,,2024-05-19
SUB-003958,ACC-101502,Starter,2,59.94,USD,0,Monthly,Credit Card,2023-02-08,04/08/2023
SUB-003959,ACC-103203,Pro,2,217,USD,0,Annual,Credit Card,06/24/2024,22-Oct-2025
SUB-003960,ACC-103203,Starter,3,65.62,USD,0,Monthly,ACH,2025-10-22,
SUB-003961,ACC-103958,Enterprise,3,"$2,395.16",USD,0,Annual,ACH,2022-05-01,
SUB-003962,ACC-102011,Pro,3,$291.62,USD,0,Monthly,ACH,2023-11-18,2024-04-05
SUB-003963,ACC-102011,Enterprise,3,"$ 2,821",USD,0,Monthly,Credit Card,2024-04-05,2024-08-18
SUB-003964,ACC-104608,Pro,3,£ 292,GBP,0,Annual,Credit Card,07/15/2022,2023-04-15
SUB-003965,ACC-104320,Starter,2,$61.04,USD,0,Monthly,Credit Card,13-Aug-2024,
SUB-003966,ACC-103658,Pro,2,249,USD,0,Monthly,Invoice,2023-03-06,2024-09-06
SUB-003967,ACC-104905,Starter,1,$49.26,USD,0,Annual,Credit Card,2022-01-27,
SUB-003968,ACC-104594,Starter,2,57,USD,0,Monthly,Invoice,2025-02-09,
SUB-003969,ACC-104450,Pro,3,219.69,USD,20,Annual,Invoice,03/02/2025,09/02/2025
SUB-003970,ACC-100006,Pro,5,305,USD,0,Monthly,Credit Card,12-Sep-2022,
SUB-003971,ACC-102487,Pro,1,$ 191,USD,0,Monthly,Credit Card,2023-12-05,2024-11-09
SUB-003972,ACC-102487,Starter,3,$ 72,USD,0,Monthly,ACH,09-Nov-2024,2025-10-05
SUB-003973,ACC-100678,Business,4,778.14,USD,10,Monthly,credit card,23/01/2023,
SUB-003974,ACC-101943,Pro,4,295.63,USD,0,Monthly,Credit Card,2024-06-30,30/09/2024
SUB-003975,ACC-103826,Pro,1,182.23,USD,0,Monthly,credit card,2024-08-18,
SUB-003976,ACC-105601,Enterprise,1,"$2,108.06",USD,0,Monthly,Invoice,2024/06/11,2026-01-24
SUB-003977,ACC-105601,Business,3,$892.58,USD,0,Monthly,Invoice,2026-01-24,
SUB-003978,ACC-103425,Starter,6,83.00,USD,0,Annual,Credit Card,2024-07-30,31/03/2025
SUB-003979,ACC-103425,Business,6,"$1,146.94",USD,0,Annual,ACH,03/31/2025,2025-04-30
SUB-003980,ACC-103425,Enterprise,2,"2,592.36",USD,0,Annual,Credit Card,04/30/2025,2025-04-30
SUB-003981,ACC-104667,Starter,1,49.23,EUR,0,Monthly,ACH,2022-06-22,2023-11-17
SUB-003982,ACC-104667,Pro,2,€254.62,EUR,0,Monthly,Credit Card,2023-11-17,04/22/2025
SUB-003983,ACC-105993,Pro,3,266.46,USD,0,Monthly,Invoice,01-Jan-2022,03/10/2022
SUB-003984,ACC-105993,Business,2,616.27,USD,10,Monthly,Credit Card,10-Mar-2022,2022-05-15
SUB-003985,ACC-105993,Starter,3,62.32,USD,0,Annual,Credit Card,05/15/2022,2022/06/01
SUB-003986,ACC-102607,Business,5,$948.05,USD,0,Monthly,Credit Card,2024-09-16,
SUB-003987,ACC-104373,Enterprise,7,"4,022.78",USD,0,Monthly,ACH,2025-02-16,
SUB-003988,ACC-105597,Starter,5,89.05,USD,0,Monthly,ACH,2024-12-01,2026-01-25
SUB-003989,ACC-105597,Pro,2,218.41,USD,0,Annual,Credit Card,2026-01-25,
SUB-003990,ACC-101064,Starter,5,82.08,USD,0,Annual,Credit Card,2024-09-14,
SUB-003991,ACC-103842,Starter,3,$66.91,USD,0,Monthly,credit card,2024-11-05,2025-01-26
SUB-003992,ACC-103842,Enterprise,9,"$4,538.82",USD,0,Monthly,Credit Card,01/26/2025,2026-03-05
SUB-003993,ACC-102242,Starter,4,73.13,USD,0,Annual,Credit Card,01/16/2022,04/01/2023
SUB-003994,ACC-102242,Enterprise,4,"$2,421.77",USD,15,Monthly,ACH,04/01/2023,2024-02-21
SUB-003995,ACC-102242,Pro,1,191.14,USD,15,Monthly,Invoice,21-Feb-2024,
SUB-003996,ACC-101474,Business,1,€511.83,EUR,25,Monthly,Credit Card,17/11/2024,
SUB-003997,ACC-104510,Starter,3,£67.71,GBP,0,Monthly,ACH,2024-09-03,
SUB-003998,ACC-101889,Starter,3,67.07,USD,0,Monthly,ACH,02/12/2024,
SUB-003999,ACC-104544,Enterprise,2,"$ 2,607",USD,0,Monthly,ACH,2024-11-17,2025-04-14
SUB-004000,ACC-104544,Starter,3,68.95,USD,0,Monthly,Credit Card,2025-04-14,05/17/2025
SUB-004001,ACC-102021,Pro,1,213.01,USD,0,Monthly,Credit Card,01/26/2022,
SUB-004002,ACC-105904,Enterprise,3,"2,902.77",USD,0,Annual,Credit Card,12-Aug-2023,
SUB-004003,ACC-104329,Pro,2,$ 212,USD,0,Monthly,Credit Card,2023-03-09,09-May-2024
SUB-004004,ACC-102658,Starter,2,$ 60,USD,0,Annual,Credit Card,25/04/2024,
SUB-004005,ACC-102467,Pro,1,$ 207,USD,0,Annual,Credit Card,02/27/2023,2024-10-19
SUB-004006,ACC-102467,Enterprise,6,"$3,959.73",USD,0,Annual,Credit Card,19/10/2024,2024-11-27
SUB-004007,ACC-102829,Starter,3,$62.07,USD,0,Monthly,Invoice,2022-12-24,
SUB-004008,ACC-101130,Starter,1,53.64,USD,0,Annual,credit card,02/18/2022,2023-07-18
SUB-004009,ACC-101461,Starter,7,$ 88,USD,0,Monthly,Credit Card,01/01/2025,2025-02-12
SUB-004010,ACC-101461,Pro,3,$ 268,USD,0,Annual,,2025/02/12,01/03/2025
SUB-004011,ACC-104705,Starter,1,53.09,USD,0,Annual,ACH,2025-04-03,
SUB-004012,ACC-105510,Starter,2,59.66,USD,0,Annual,Credit Card,04/08/2022,2022-12-17
SUB-004013,ACC-105510,Business,4,904.09,USD,0,Monthly,credit card,17/12/2022,2023-01-04
SUB-004014,ACC-103406,Starter,4,65.90,USD,0,Monthly,Credit Card,2023-01-29,22-Aug-2023
SUB-004015,ACC-103406,Business,1,$ 493,USD,10,Annual,credit card,08/22/2023,
SUB-004016,ACC-103728,Starter,3,54.36,EUR,25,Annual,Credit Card,06/08/2022,2023/01/08
SUB-004017,ACC-100222,Pro,3,245.75,USD,0,Monthly,Invoice,2023-08-04,
SUB-004018,ACC-105643,Enterprise,2,2505,USD,0,Annual,,2023-02-13,
SUB-004019,ACC-100048,Business,3,€717.77,EUR,0,Monthly,,2024-06-13,13-Dec-2024
SUB-004020,ACC-100573,Starter,4,$ 75,USD,0,Monthly,,06/29/2025,2025/08/29
SUB-004021,ACC-101236,Pro,7,415,USD,0,Annual,Invoice,2023-03-14,
SUB-004022,ACC-104626,Business,3,$873.32,USD,0,Monthly,Credit Card,2024/04/29,2024-07-15
SUB-004023,ACC-104626,Pro,2,251.70,USD,0,Annual,Credit Card,07/15/2024,
SUB-004024,ACC-105901,Pro,2,$ 235,USD,0,Annual,Invoice,2023-07-20,2023-11-20
SUB-004025,ACC-105468,Business,1,576.76,USD,10,Monthly,Invoice,2025-06-21,2026/04/09
SUB-004026,ACC-105468,Pro,2,$ 253,USD,0,Monthly,Invoice,09/04/2026,
SUB-004027,ACC-102282,Pro,1,$ 192,USD,0,Monthly,Credit Card,2022-06-26,
SUB-004028,ACC-105078,Pro,13,$527.67,USD,0,Monthly,Credit Card,04-Jan-2023,04-Sep-2023
SUB-004029,ACC-101104,Enterprise,3,"2,496.85",USD,0,Annual,,02/24/2025,22/07/2025
SUB-004030,ACC-101104,Starter,3,73,USD,0,Monthly,credit card,2025-07-22,2026-02-24
SUB-004031,ACC-102305,Pro,2,$240.78,USD,0,Monthly,Credit Card,12/02/2024,
SUB-004032,ACC-104783,Starter,2,61,USD,0,Monthly,Credit Card,2025-04-08,03/06/2025
SUB-004033,ACC-104783,Pro,1,184.49,USD,0,Monthly,credit card,2025-06-03,08/08/2025
SUB-004034,ACC-101935,Pro,4,200,EUR,25,Annual,Invoice,2024-06-05,
SUB-004035,ACC-100386,Starter,2,61.91,USD,0,Monthly,Invoice,01/02/2023,26-Mar-2024
SUB-004036,ACC-100386,Pro,3,246,USD,0,Monthly,ACH,2024-03-26,2024/06/02
SUB-004037,ACC-101701,Business,2,689.79,USD,0,Monthly,Credit Card,2022-04-26,
SUB-004038,ACC-101628,Pro,1,$ 205,USD,0,Monthly,Credit Card,05/06/2023,
SUB-004039,ACC-103346,Pro,3,276.70,USD,0,Annual,credit card,2023-03-17,2024-02-17
SUB-004040,ACC-102714,Business,4,945.15,USD,0,Monthly,Invoice,2023-07-10,2025-01-10
SUB-004041,ACC-103166,Starter,1,53.38,USD,5,Monthly,ACH,2023-04-16,07/16/2025
SUB-004042,ACC-105381,Starter,2,$62.92,USD,0,Monthly,Credit Card,12/12/2024,
SUB-004043,ACC-101563,Enterprise,4,"$3,015.78",USD,0,Annual,Invoice,19-Mar-2022,
SUB-004044,ACC-102760,Enterprise,6,3735,USD,0,Annual,Credit Card,08/23/2025,
SUB-004045,ACC-103682,Business,11,"$1,447.84",USD,0,Monthly,Credit Card,21-Sep-2023,
SUB-004046,ACC-100209,Starter,6,$ 78,USD,0,Monthly,Credit Card,26/10/2024,
SUB-004047,ACC-100909,Pro,1,$147.83,USD,25,Annual,ACH,2023-01-14,06/20/2025
SUB-004048,ACC-100909,Enterprise,4,"2,622.44",USD,10,Monthly,Credit Card,2025-06-20,
SUB-004049,ACC-101289,Pro,4,315.04,USD,0,Monthly,Credit Card,2024-01-13,
SUB-004050,ACC-104591,Pro,5,300.54,USD,10,Monthly,Credit Card,2022-04-22,22/05/2022
SUB-004051,ACC-104591,Starter,7,99.65,USD,0,Annual,ACH,2022-05-22,22/05/2022
SUB-004052,ACC-103968,Starter,4,$77.63,USD,0,Monthly,Credit Card,2023-06-08,2024-09-24
SUB-004053,ACC-103968,Business,1,622,USD,5,Monthly,credit card,2024-09-24,
SUB-004054,ACC-101842,Business,3,857.73,USD,0,Monthly,Credit Card,08/11/2025,2025-11-11
SUB-004055,ACC-102497,Business,4,$949.66,USD,0,Monthly,Credit Card,11/21/2023,02/10/2025
SUB-004056,ACC-102497,Enterprise,2,2332,USD,5,Annual,Credit Card,2025-02-10,12/09/2025
SUB-004057,ACC-102497,Pro,1,203.17,USD,0,Monthly,Invoice,2025-12-09,
SUB-004058,ACC-105330,Business,2,$ 706,USD,0,Annual,Credit Card,2025-03-12,
SUB-004059,ACC-105130,Starter,4,$72.28,USD,0,Annual,Credit Card,2022-11-11,11-Feb-2025
SUB-004060,ACC-105130,Pro,2,258,USD,0,Monthly,,2025-02-11,
SUB-004061,ACC-100958,Pro,2,$176.81,USD,15,Monthly,Credit Card,2023-01-09,2023-10-10
SUB-004062,ACC-100958,Starter,3,62,USD,0,Monthly,,2023-10-10,2025-08-09
SUB-004063,ACC-101793,Starter,2,$ 58,USD,0,Monthly,Credit Card,01/23/2022,2023/12/23
SUB-004064,ACC-102088,Business,8,"1,252.05",USD,0,Monthly,Credit Card,2023-01-31,2023-09-19
SUB-004065,ACC-102088,Pro,6,350.98,USD,0,Annual,Credit Card,19/09/2023,30-Nov-2023
SUB-004066,ACC-102702,Starter,3,65.64,USD,0,Annual,ACH,2022-06-15,
SUB-004067,ACC-100331,Business,1,$572.60,USD,0,Monthly,credit card,16-Feb-2024,12/16/2024
SUB-004068,ACC-104299,Starter,3,$ 51,USD,15,Monthly,Credit Card,2025-03-01,
SUB-004069,ACC-103996,Pro,7,361.54,USD,0,Annual,Credit Card,2025-05-29,2026-05-16
SUB-004070,ACC-103996,Business,6,"1,008.03",USD,0,Annual,ACH,05/16/2026,
SUB-004071,ACC-103076,Pro,4,$ 289,USD,0,Monthly,Invoice,12/07/2024,2025-12-23
SUB-004072,ACC-103076,Business,3,$807.38,USD,0,Monthly,credit card,2025-12-23,
SUB-004073,ACC-102459,Enterprise,1,"€1,827.67",EUR,0,Monthly,Invoice,2023-06-26,17/10/2025
SUB-004074,ACC-102459,Pro,4,278.99,EUR,10,Monthly,ACH,2025-10-17,
SUB-004075,ACC-101774,Starter,1,50.36,USD,0,Annual,,2024-12-20,2026-03-28
SUB-004076,ACC-101774,Business,7,"1,290.31",USD,0,Monthly,Credit Card,03/28/2026,
SUB-004077,ACC-104270,Starter,14,163.62,USD,0,Monthly,Credit Card,09/08/2024,2025-11-13
SUB-004078,ACC-104270,Business,3,777.49,USD,0,Annual,Credit Card,2025-11-13,
SUB-004079,ACC-104907,Pro,1,192.68,USD,0,Annual,Credit Card,2022-05-16,2025-12-16
SUB-004080,ACC-103822,Starter,1,47.83,USD,0,Annual,Credit Card,2024-03-28,2025-01-28
SUB-004081,ACC-103323,Pro,1,£177.62,GBP,10,Annual,Credit Card,2025-08-17,
SUB-004082,ACC-104938,Starter,5,84,EUR,0,Monthly,Credit Card,16-Mar-2022,
SUB-004083,ACC-105002,Starter,3,71.83,USD,0,Annual,Invoice,09/15/2022,2023-10-15
SUB-004084,ACC-101715,Starter,4,$59.82,USD,25,Annual,,09/05/2022,2023-12-05
SUB-004085,ACC-101710,Pro,2,237.02,USD,0,Monthly,ACH,05/04/2023,2024-06-07
SUB-004086,ACC-101710,Starter,1,46,USD,0,Monthly,Credit Card,2024-06-07,2025-10-04
SUB-004087,ACC-104644,Pro,2,$ 199,USD,5,Monthly,Credit Card,19/05/2025,07-Oct-2025
SUB-004088,ACC-104644,Business,5,$934.56,USD,15,Monthly,ACH,2025-10-07,
SUB-004089,ACC-102478,Starter,2,€ 58,EUR,10,Monthly,ACH,2024-01-03,
SUB-004090,ACC-101366,Starter,2,57.48,USD,0,Annual,Credit Card,2024-01-04,2025-03-14
SUB-004091,ACC-101366,Business,1,$514.62,USD,5,Monthly,Credit Card,14/03/2025,
SUB-004092,ACC-100173,Pro,1,$ 175,USD,5,Monthly,,2023-06-04,2025-06-02
SUB-004093,ACC-100173,Enterprise,15,"5,579.83",USD,0,Annual,Credit Card,02-Jun-2025,
SUB-004094,ACC-100858,Pro,4,281.49,USD,0,Annual,Credit Card,2025-05-02,2025-06-26
SUB-004095,ACC-100858,Business,1,686,USD,0,Monthly,credit card,,2025-09-14
SUB-004096,ACC-100858,Enterprise,2,"$ 2,075",USD,0,Monthly,Credit Card,14/09/2025,02-Nov-2025
SUB-004097,ACC-104480,Starter,2,$63.56,USD,0,Monthly,Credit Card,2023-08-20,
SUB-004098,ACC-102977,Pro,4,$ 265,USD,0,Annual,Invoice,10/30/2024,
SUB-004099,ACC-105455,Business,2,527,USD,15,Monthly,Credit Card,06/03/2025,
SUB-004100,ACC-103518,Starter,1,48.19,USD,0,Annual,Credit Card,2023-12-23,
SUB-004101,ACC-101952,Starter,3,$ 61,USD,0,Monthly,Invoice,2024-08-21,
SUB-004102,ACC-103295,Pro,1,$223.41,USD,0,Annual,,03/02/2025,
SUB-004103,ACC-105778,Enterprise,5,2896,USD,0,Monthly,Credit Card,2023-06-29,2023-11-29
SUB-004104,ACC-102036,Starter,1,49.09,USD,0,Monthly,ACH,17/09/2023,2024-11-17
SUB-004105,ACC-105447,Pro,3,245.91,USD,0,Monthly,Credit Card,2024-08-02,29-Mar-2026
SUB-004106,ACC-105447,Enterprise,1,"2,073.17",USD,0,Monthly,Credit Card,2026-03-29,2026-05-12
SUB-004107,ACC-105447,Business,1,$607.45,USD,0,Annual,Credit Card,2026-05-12,
SUB-004108,ACC-105019,Starter,3,62.41,EUR,0,Monthly,ACH,2022-04-12,2025-03-12
SUB-004109,ACC-100018,Starter,1,52.49,USD,0,Monthly,Invoice,19/01/2022,2024-03-19
SUB-004110,ACC-100000,Starter,2,63.60,USD,0,Monthly,Invoice,2022-09-24,03/24/2023
SUB-004111,ACC-102174,Starter,2,$60.10,USD,0,Monthly,Credit Card,2025-04-03,2025-05-29
SUB-004112,ACC-102174,Pro,3,278,USD,0,Monthly,Credit Card,2025/05/29,2025-10-03
SUB-004113,ACC-101356,Pro,4,304.30,USD,0,Annual,Credit Card,09/05/2023,12/17/2024
SUB-004114,ACC-101356,Business,1,$ 597,USD,0,Monthly,ACH,12/17/2024,11/09/2025
SUB-004115,ACC-104526,Pro,3,$272.02,USD,0,Monthly,Credit Card,2024-03-17,31-Aug-2024
SUB-004116,ACC-104526,Enterprise,1,"1,904.36",USD,0,Monthly,credit card,2024/08/31,17-May-2025
SUB-004117,ACC-103707,Starter,2,$ 52,USD,0,Annual,Credit Card,2023-03-14,2025-09-06
SUB-004118,ACC-103707,Enterprise,3,"$2,730.96",USD,0,Monthly,Credit Card,09/06/2025,2025-09-14
SUB-004119,ACC-102826,Pro,7,$ 324,USD,25,Monthly,Credit Card,2024-07-24,
SUB-004120,ACC-103248,Pro,2,206.32,USD,0,Monthly,Credit Card,2024-05-09,09/08/2024
SUB-004121,ACC-100396,Starter,5,74.47,USD,0,Monthly,Credit Card,2022-11-14,14-Dec-2022
SUB-004122,ACC-105223,Pro,4,291.95,USD,0,Monthly,Credit Card,01/14/2023,
SUB-004123,ACC-103439,Pro,5,313.64,USD,0,Monthly,Credit Card,2024-05-19,2024-07-25
SUB-004124,ACC-103439,Business,3,828,USD,0,Annual,Credit Card,07/25/2024,2024/10/19
SUB-004125,ACC-101812,Pro,2,209.44,EUR,0,Annual,credit card,2023-12-03,06/14/2025
SUB-004126,ACC-101812,Enterprise,2,"1,909.80",EUR,15,Monthly,ACH,14-Jun-2025,09/10/2025
SUB-004127,ACC-101812,Pro,3,€226.66,EUR,20,Annual,Credit Card,2025-09-10,2025-11-03
SUB-004128,ACC-103718,Pro,1,218.67,USD,0,Monthly,Credit Card,06/14/2025,14/01/2026
SUB-004129,ACC-104904,Pro,2,$232.34,USD,0,Annual,Invoice,2023-11-15,
SUB-004130,ACC-100816,Business,3,871,USD,0,Monthly,Credit Card,2023-12-31,31/01/2026
SUB-004131,ACC-101572,Starter,2,44.91,USD,25,Monthly,Credit Card,2024-10-29,29/03/2026
SUB-004132,ACC-101572,Pro,2,234.73,USD,0,Monthly,Credit Card,2026-03-29,2026-05-18
SUB-004133,ACC-101572,Business,2,753.48,USD,0,Annual,Credit Card,2026-05-18,
SUB-004134,ACC-104209,Pro,3,254.49,USD,0,Annual,Credit Card,2023-08-30,
SUB-004135,ACC-101800,Starter,1,€ 49,EUR,0,Annual,ACH,2023-11-21,
SUB-004136,ACC-102280,Starter,4,66,USD,0,Monthly,Credit Card,04/30/2024,2024-06-02
SUB-004137,ACC-102280,Enterprise,3,"$2,976.12",USD,0,Monthly,ACH,2024/06/02,18-Sep-2024
SUB-004138,ACC-102280,Starter,3,70.70,USD,0,Annual,Invoice,2024-09-18,30-Sep-2024
SUB-004139,ACC-103855,Pro,2,226,USD,0,Monthly,,2022-11-05,05-Jan-2026
SUB-004140,ACC-104810,Starter,9,118,USD,0,Annual,Credit Card,2022/02/12,
SUB-004141,ACC-105808,Starter,2,€ 56,EUR,0,Monthly,Credit Card,05/11/2023,
SUB-004142,ACC-105913,Pro,3,245,GBP,0,Monthly,ACH,2025-02-04,
SUB-004143,ACC-104481,Pro,3,$ 251,USD,0,Annual,Credit Card,2022-04-15,
SUB-004144,ACC-105246,Pro,4,303.92,USD,0,Monthly,ACH,2025-08-12,12-Sep-2025
SUB-004145,ACC-105549,Pro,1,196.31,USD,0,Annual,,09/07/2022,07/02/2025
SUB-004146,ACC-103555,Pro,3,€270.64,EUR,0,Annual,,09-Jan-2025,2025-05-03
SUB-004147,ACC-103555,Enterprise,5,"2,893.70",EUR,0,Monthly,Credit Card,05/03/2025,
SUB-004148,ACC-103667,Starter,5,60.53,EUR,15,Monthly,Invoice,2022-02-13,2022-11-13
SUB-004149,ACC-104357,Pro,1,$140.22,USD,25,Annual,Credit Card,06/02/2022,2025-06-12
SUB-004150,ACC-104357,Enterprise,4,"2,266.12",USD,25,Monthly,Credit Card,12/06/2025,04/22/2026
SUB-004151,ACC-104357,Pro,5,358,USD,0,Monthly,ACH,2026-04-22,
SUB-004152,ACC-100554,Starter,3,$70.77,USD,0,Monthly,Invoice,2023-08-14,2024-04-14
SUB-004153,ACC-101159,Enterprise,9,"4,071.48",USD,0,Annual,ACH,2023-04-18,
SUB-004154,ACC-101213,Starter,2,$ 62,USD,0,Annual,ACH,2023-08-01,2024-09-01
SUB-004155,ACC-103220,Business,1,602,USD,0,Monthly,Credit Card,2024/07/30,
SUB-004156,ACC-101325,Pro,1,$175.10,USD,10,Monthly,Invoice,12/12/2022,06-Mar-2024
SUB-004157,ACC-101325,Starter,16,174.01,USD,0,Monthly,credit card,06/03/2024,06/16/2024
SUB-004158,ACC-101325,Pro,7,389,USD,0,Monthly,credit card,2024-06-16,2024-09-12
SUB-004159,ACC-103383,Starter,2,51,USD,20,Monthly,credit card,2024-06-26,
SUB-004160,ACC-103447,Enterprise,3,"$ 2,332",USD,10,Monthly,Credit Card,2024-04-09,10/14/2024
SUB-004161,ACC-103447,Starter,5,87.22,USD,0,Monthly,Credit Card,2024-10-14,
SUB-004162,ACC-100700,Business,4,934,USD,0,Monthly,ACH,2024-01-08,
SUB-004163,ACC-102700,Business,3,$859.10,USD,0,Monthly,Credit Card,2025-07-07,
SUB-004164,ACC-104352,Starter,2,€58.91,EUR,0,Monthly,Credit Card,2023/08/31,2023-11-30
SUB-004165,ACC-101847,Pro,2,212.53,GBP,0,Monthly,Credit Card,2023-01-16,2023-12-08
SUB-004166,ACC-101847,Business,5,"£ 1,064",GBP,0,Annual,Credit Card,2023-12-08,2024-11-16
SUB-004167,ACC-104466,Starter,3,67,USD,0,Monthly,Credit Card,2023-10-25,
SUB-004168,ACC-103977,Pro,1,221.87,USD,0,Monthly,credit card,03/08/2022,
SUB-004169,ACC-101455,Starter,3,63.35,USD,0,Annual,ACH,2022-07-10,01/10/2024
SUB-004170,ACC-105091,Business,2,$567.99,USD,25,Monthly,credit card,2025-04-30,07/09/2025
SUB-004171,ACC-105091,Enterprise,1,"1,909.70",USD,5,Monthly,Invoice,09/07/2025,
SUB-004172,ACC-103035,Pro,2,$216.85,USD,0,Monthly,Credit Card,2023-04-23,
SUB-004173,ACC-102943,Starter,4,€ 73,EUR,0,Monthly,Credit Card,2024-02-17,13-Jun-2025
SUB-004174,ACC-102943,Enterprise,2,"€ 2,556",EUR,0,Monthly,ACH,2025-06-13,
SUB-004175,ACC-100866,Pro,9,$458.70,USD,5,Annual,Credit Card,2023-08-06,2024-03-06
SUB-004176,ACC-104649,Starter,4,$78.11,USD,0,Monthly,ACH,2022-07-19,19/04/2024
SUB-004177,ACC-101644,Starter,1,$ 54,USD,0,Monthly,Credit Card,2023-03-21,2025-10-21
SUB-004178,ACC-102140,Starter,1,48.46,USD,10,Monthly,ACH,03/25/2022,04/25/2025
SUB-004179,ACC-104104,Pro,2,190,USD,15,Annual,Credit Card,2022-02-08,2024-06-08
SUB-004180,ACC-103547,Starter,1,$ 45,USD,10,Annual,Credit Card,2023-09-01,2024-04-01
SUB-004181,ACC-101490,Business,2,701.02,USD,0,Monthly,Credit Card,02/14/2022,2023-09-14
SUB-004182,ACC-103446,Starter,5,$ 72,USD,0,Monthly,ACH,2022-11-24,2023-10-22
SUB-004183,ACC-103446,Business,1,491,USD,20,Annual,ACH,22-Oct-2023,
SUB-004184,ACC-100729,Starter,1,£ 45,GBP,0,Monthly,Credit Card,15/01/2025,
SUB-004185,ACC-104715,Pro,2,207,EUR,0,Monthly,credit card,16-Feb-2024,2026-03-16
SUB-004186,ACC-104095,Starter,1,$51.85,USD,5,Monthly,Credit Card,05/04/2023,2024-04-25
SUB-004187,ACC-104095,Pro,5,337.77,USD,0,Monthly,ACH,2024-04-25,05/07/2024
SUB-004188,ACC-102620,Pro,4,275,USD,0,Monthly,Credit Card,2023/10/20,
SUB-004189,ACC-101936,Starter,2,$63.58,USD,0,Annual,Credit Card,2022-01-24,2025-09-24
SUB-004190,ACC-105786,Pro,2,212.13,USD,0,Monthly,ACH,2022-10-08,2024-04-22
SUB-004191,ACC-105786,Starter,1,39,USD,25,Annual,ACH,2024-04-22,
SUB-004192,ACC-101110,Business,13,"1,561.61",USD,0,Annual,Credit Card,12/02/2025,2025-08-12
SUB-004193,ACC-104941,Pro,4,288.72,GBP,0,Annual,Credit Card,31/08/2025,28-Mar-2026
SUB-004194,ACC-104941,Enterprise,12,"£6,032.25",GBP,0,Annual,Invoice,28/03/2026,
SUB-004195,ACC-105439,Business,8,"£1,141.16",GBP,0,Monthly,credit card,2022/08/06,02-Jan-2023
SUB-004196,ACC-105439,Starter,2,£56.44,GBP,0,Monthly,Credit Card,2023-01-02,2024-09-06
SUB-004197,ACC-102394,Starter,2,$ 63,USD,0,Annual,,2022-05-03,2025-05-03
SUB-004198,ACC-101185,Starter,1,$49.65,USD,0,Monthly,Credit Card,09-Jun-2023,
SUB-004199,ACC-102007,Pro,2,$ 174,USD,20,Monthly,credit card,2023-02-02,2025-01-20
SUB-004200,ACC-102007,Starter,2,61.86,USD,0,Annual,Credit Card,2025-01-20,
SUB-004201,ACC-100193,Starter,3,61.34,USD,15,Monthly,Invoice,29-Nov-2023,20/11/2024
SUB-004202,ACC-100193,Pro,2,209,USD,0,Monthly,Invoice,2024-11-20,2025-05-29
SUB-004203,ACC-101515,Starter,3,66,USD,0,Monthly,Credit Card,2024/12/15,
SUB-004204,ACC-104863,Starter,1,51,USD,0,Monthly,Invoice,08/04/2024,2025-07-23
SUB-004205,ACC-104863,Business,1,$474.27,USD,15,Monthly,ACH,2025/07/23,
SUB-004206,ACC-100578,Business,5,863,USD,0,Annual,Invoice,2024/12/03,2026-02-04
SUB-004207,ACC-100578,Pro,1,$198.43,USD,0,Monthly,Credit Card,2026-02-04,
SUB-004208,ACC-102123,Pro,2,$246.26,USD,0,Monthly,,12/03/2023,
SUB-004209,ACC-101429,Enterprise,1,"$ 2,199",USD,0,Monthly,Invoice,26/11/2022,2025-04-26
SUB-004210,ACC-100771,Business,11,1504,USD,10,Monthly,Credit Card,2025-06-16,2025/11/16
SUB-004211,ACC-104697,Starter,1,49,GBP,0,Annual,Invoice,2022-12-17,
SUB-004212,ACC-102395,Starter,4,78.98,USD,0,Monthly,Invoice,2023-01-01,2023/08/01
SUB-004213,ACC-103638,Pro,5,$296.30,USD,0,Monthly,Invoice,07/07/2022,04/07/2024
SUB-004214,ACC-101846,Starter,2,$55.05,USD,0,Annual,Credit Card,11/04/2022,
SUB-004215,ACC-100131,Starter,2,51.82,USD,20,Monthly,Credit Card,2025-04-27,02/27/2026
SUB-004216,ACC-100178,Enterprise,3,2906,USD,0,Monthly,,2024-06-29,
SUB-004217,ACC-105434,Starter,1,$ 45,USD,0,Monthly,Credit Card,2024-11-21,2025-07-01
SUB-004218,ACC-105434,Pro,3,255,USD,0,Annual,Invoice,2025-07-01,
SUB-004219,ACC-103922,Starter,2,€ 48,EUR,15,Annual,Credit Card,07/11/2022,2023-10-07
SUB-004220,ACC-103671,Pro,1,€ 210,EUR,0,Monthly,Credit Card,06/25/2025,
SUB-004221,ACC-102580,Pro,1,224.86,USD,0,Annual,Credit Card,13-Feb-2025,
SUB-004222,ACC-105594,Starter,1,49.52,USD,0,Annual,Credit Card,2024-06-26,04/26/2025
SUB-004223,ACC-103656,Starter,5,69.19,USD,10,Annual,ACH,01/07/2023,2023-03-07
SUB-004224,ACC-102652,Pro,6,339.32,EUR,0,Monthly,credit card,30/11/2022,
SUB-004225,ACC-105273,Pro,4,279.79,USD,15,Monthly,credit card,2023-04-04,2023-05-17
SUB-004226,ACC-105273,Enterprise,1,2124,USD,0,Monthly,,2023-05-17,
SUB-004227,ACC-102073,Pro,7,358.93,USD,5,Annual,credit card,2025-08-10,
SUB-004228,ACC-100658,Pro,5,334.85,USD,0,Annual,ACH,04-Sep-2024,
SUB-004229,ACC-101896,Enterprise,2,2426,USD,0,Monthly,credit card,2025-07-21,01/02/2026
SUB-004230,ACC-101896,Starter,2,44,USD,20,Annual,credit card,02/01/2026,
SUB-004231,ACC-104471,Starter,1,48.37,USD,0,Annual,Credit Card,03/03/2023,2023-05-06
SUB-004232,ACC-104471,Enterprise,2,"$ 2,118",USD,0,Annual,Credit Card,06/05/2023,2023-10-03
SUB-004233,ACC-102606,Pro,2,210,USD,0,Monthly,ACH,09/30/2024,
SUB-004234,ACC-102221,Starter,11,$ 112,USD,0,Annual,Credit Card,03/20/2023,
SUB-004235,ACC-105760,Pro,5,318.79,USD,0,Monthly,,06/21/2022,2023-11-21
SUB-004236,ACC-102379,Pro,5,291.72,USD,10,Monthly,Credit Card,2025-01-14,
SUB-004237,ACC-101447,Starter,4,80,USD,0,Monthly,,2024-01-08,
SUB-004238,ACC-100342,Business,5,$ 956,USD,0,Monthly,Credit Card,2024-05-11,
SUB-004239,ACC-105444,Pro,7,$357.53,USD,15,Monthly,ACH,2024-01-19,21/01/2025
SUB-004240,ACC-105444,Enterprise,7,"$4,282.80",USD,0,Monthly,credit card,2025-01-21,
SUB-004241,ACC-102527,Business,5,$996.07,USD,0,Annual,ACH,2023-09-12,2026-02-12
SUB-004242,ACC-100727,Pro,1,200.64,EUR,0,Monthly,,2025-08-26,2026-02-19
SUB-004243,ACC-100727,Enterprise,1,"2,110.77",EUR,0,Monthly,Invoice,,
SUB-004244,ACC-104787,Pro,2,244.36,USD,0,Annual,credit card,2023-06-29,2024-02-29
SUB-004245,ACC-100976,Enterprise,2,"2,082.86",USD,0,Monthly,Credit Card,2022-05-01,16-Jan-2024
SUB-004246,ACC-100976,Business,2,685.20,USD,0,Annual,Credit Card,2024-01-16,2025-02-25
SUB-004247,ACC-100976,Pro,2,236,USD,0,Annual,ACH,2025-02-25,
SUB-004248,ACC-103382,Pro,1,$205.59,USD,5,Monthly,Credit Card,12/05/2023,
SUB-004249,ACC-104220,Business,4,810.18,USD,0,Annual,Invoice,30/05/2025,15/08/2025
SUB-004250,ACC-104220,Enterprise,2,2200,USD,0,Annual,Invoice,2025-08-15,
SUB-004251,ACC-101928,Business,2,670.75,USD,0,Monthly,Credit Card,16/09/2023,
SUB-004252,ACC-103802,Starter,2,53,USD,0,Monthly,ACH,2022-03-07,12/28/2024
SUB-004253,ACC-103802,Business,4,804.76,USD,0,Monthly,Credit Card,12/28/2024,
SUB-004254,ACC-105844,Pro,5,301.63,USD,0,Monthly,Invoice,2024-02-14,
SUB-004255,ACC-101299,Pro,2,$215.46,USD,0,Monthly,Credit Card,2024-10-21,
SUB-004256,ACC-105831,Starter,2,58,USD,0,Annual,credit card,2023-01-23,2023-08-23
SUB-004257,ACC-105589,Pro,4,263,EUR,0,Monthly,ACH,11/28/2022,
SUB-004258,ACC-100660,Starter,3,64.51,USD,0,Monthly,Invoice,2022-10-26,2024-02-26
SUB-004259,ACC-101790,Starter,1,52.82,USD,0,Monthly,credit card,2024-09-12,2024-11-12
SUB-004260,ACC-101790,Pro,6,$ 364,USD,0,Monthly,Credit Card,2024-11-12,2026-02-14
SUB-004261,ACC-101790,Starter,6,91.50,USD,0,Annual,credit card,2026-02-14,
SUB-004262,ACC-105866,Pro,2,$255.46,USD,0,Monthly,Credit Card,2022-08-17,10/17/2023
SUB-004263,ACC-104059,Starter,1,$54.90,USD,0,Monthly,credit card,05/26/2023,26/01/2025
SUB-004264,ACC-100493,Business,8,"$ 1,283",USD,0,Annual,credit card,10/06/2022,01/21/2024
SUB-004265,ACC-100493,Enterprise,3,"$2,614.30",USD,0,Monthly,ACH,01/21/2024,2024-10-10
SUB-004266,ACC-103200,Business,1,$ 569,USD,10,Annual,ACH,15/06/2024,
SUB-004267,ACC-104271,Pro,5,338,GBP,0,Monthly,ACH,10/30/2024,
SUB-004268,ACC-103198,Business,2,$777.22,USD,0,Annual,Invoice,24/03/2024,2025-11-20
SUB-004269,ACC-103198,Enterprise,4,"$ 2,839",USD,0,Annual,credit card,11/20/2025,
SUB-004270,ACC-103940,Starter,1,50.42,USD,5,Monthly,Invoice,07/30/2024,2025-03-09
SUB-004271,ACC-103940,Enterprise,3,"$2,470.01",USD,0,Monthly,Credit Card,03/09/2025,30/04/2025
SUB-004272,ACC-105603,Business,3,$ 831,USD,0,Annual,Credit Card,2023-09-30,02-Jul-2024
SUB-004273,ACC-105603,Enterprise,6,"$3,701.90",USD,0,Monthly,ACH,2024-07-02,
SUB-004274,ACC-105151,Pro,3,249.24,USD,0,Monthly,Credit Card,2023-09-05,2025-07-15
SUB-004275,ACC-105151,Business,4,$965.04,USD,0,Monthly,Credit Card,2025-07-15,
SUB-004276,ACC-101085,Business,5,942.04,USD,0,Monthly,Credit Card,2023-08-28,
SUB-004277,ACC-105744,Pro,1,195.38,USD,0,Monthly,Credit Card,2024-03-27,27-Nov-2024
SUB-004278,ACC-100694,Pro,5,306.69,USD,0,Monthly,credit card,2024-03-20,2024-11-11
SUB-004279,ACC-100694,Business,3,800.61,USD,10,Monthly,Credit Card,2024-11-11,20-Jan-2025
SUB-004280,ACC-101278,Starter,5,77,USD,0,Annual,ACH,2024-08-24,
SUB-004281,ACC-104288,Pro,1,197.77,USD,0,Monthly,Credit Card,2023-06-16,
SUB-004282,ACC-101621,Starter,4,$65.98,USD,0,Monthly,Credit Card,2023-06-18,07/08/2023
SUB-004283,ACC-101621,Enterprise,5,"$2,982.91",USD,0,Monthly,Credit Card,2023-08-07,2023-10-18
SUB-004284,ACC-102561,Starter,5,$81.73,USD,0,Monthly,Credit Card,19-Dec-2022,2023-09-22
SUB-004285,ACC-102561,Business,1,$ 631,USD,5,Monthly,ACH,2023-09-22,06/19/2024
SUB-004286,ACC-104247,Business,1,$ 616,USD,0,Annual,Credit Card,2023-02-14,
SUB-004287,ACC-104110,Starter,1,$5.00,USD,150,Monthly,,2023-02-11,2024-11-19
SUB-004288,ACC-104110,Enterprise,1,"1,838.18",USD,0,Monthly,Credit Card,11/19/2024,
SUB-004289,ACC-100067,Starter,2,56,USD,0,Annual,ACH,05/15/2022,2025-02-15
SUB-004290,ACC-104681,Enterprise,3,"2,870.76",USD,0,Monthly,Invoice,04-Nov-2023,
SUB-004291,ACC-103098,Business,5,959.49,USD,0,Monthly,credit card,2025-01-12,
SUB-004292,ACC-102269,Business,1,5.00,USD,150,Annual,Credit Card,2023-06-15,2025-09-15
SUB-004293,ACC-104889,Pro,1,166.61,USD,25,Monthly,Invoice,2024-06-05,
SUB-004294,ACC-104790,Pro,2,207.10,USD,0,Monthly,Credit Card,2024-04-03,
SUB-004295,ACC-100820,Starter,3,63,USD,0,Monthly,ACH,22/09/2022,22/02/2023
SUB-004296,ACC-101226,Business,2,$ 597,USD,20,Annual,Credit Card,2025-04-10,2026-03-08
SUB-004297,ACC-101226,Enterprise,3,"$ 2,124",USD,10,Monthly,Invoice,2026-03-08,
SUB-004298,ACC-101677,Pro,1,$171.70,USD,20,Monthly,Credit Card,2023-12-19,2024-04-19
SUB-004299,ACC-105083,Starter,1,56.09,USD,0,Monthly,Credit Card,21/06/2023,12/21/2023
SUB-004300,ACC-102867,Pro,2,233,USD,0,Monthly,ACH,2022-06-06,
SUB-004301,ACC-104684,Pro,3,247,USD,15,Monthly,Credit Card,2022-02-02,01/22/2025
SUB-004302,ACC-104684,Enterprise,1,"1,810.63",USD,0,Monthly,ACH,2025-01-22,2025-04-02
SUB-004303,ACC-102367,Enterprise,4,"2,796.16",USD,0,Monthly,Credit Card,2024-03-15,2024-09-28
SUB-004304,ACC-102367,Starter,3,$71.01,USD,0,Monthly,Credit Card,2024-09-28,2024-11-15
SUB-004305,ACC-103125,Business,1,668.42,USD,0,Monthly,Invoice,2023/11/16,
SUB-004306,ACC-104568,Starter,2,62.82,USD,0,Monthly,Credit Card,2024-09-29,
SUB-004307,ACC-102512,Business,2,642.82,GBP,0,Monthly,ACH,09/07/2023,07-Feb-2024
SUB-004308,ACC-105310,Business,4,892.31,USD,0,Monthly,ACH,06/24/2025,
SUB-004309,ACC-102723,Business,1,€474.18,EUR,25,Monthly,ACH,2024-10-08,
SUB-004310,ACC-105422,Pro,3,241.17,GBP,0,Monthly,Credit Card,05/01/2025,
SUB-004311,ACC-105176,Business,7,£ 840,GBP,20,Monthly,ACH,25/07/2022,2024-12-19
SUB-004312,ACC-105176,Pro,2,209.25,GBP,0,Annual,Credit Card,2024-12-19,
SUB-004313,ACC-105689,Business,2,$669.65,USD,0,Monthly,Invoice,03/07/2022,2025-06-03
SUB-004314,ACC-101143,Starter,2,$56.64,USD,0,Annual,ACH,2024-03-04,2024-11-02
SUB-004315,ACC-101143,Enterprise,2,2247,USD,0,Monthly,ACH,2024-11-02,
SUB-004316,ACC-100397,Enterprise,4,"2,760.30",USD,5,Monthly,Credit Card,09-Sep-2023,
SUB-004317,ACC-105612,Starter,4,€ 79,EUR,0,Monthly,Credit Card,11/22/2024,09-May-2025
SUB-004318,ACC-105612,Enterprise,2,2105,EUR,0,Monthly,Credit Card,2025-05-09,
SUB-004319,ACC-100786,Pro,3,282.66,USD,0,Monthly,Credit Card,2024-06-15,
SUB-004320,ACC-105879,Starter,3,$77.84,USD,-10,Annual,Invoice,15-Jun-2025,2025-10-11
SUB-004321,ACC-105879,Business,1,$493.65,USD,10,Monthly,Credit Card,2025-10-11,
SUB-004322,ACC-104309,Starter,8,113.14,USD,0,Monthly,Credit Card,2024-08-05,2024-09-30
SUB-004323,ACC-104309,Pro,19,$736.91,USD,0,Monthly,Credit Card,,2025-04-05
SUB-004324,ACC-101398,Business,5,866.11,USD,0,Annual,Credit Card,2022-04-28,2025/10/25
SUB-004325,ACC-101398,Starter,4,66,USD,0,Monthly,Credit Card,2025-10-25,
SUB-004326,ACC-101659,Starter,3,$72.74,USD,0,Annual,Credit Card,2022-09-27,06/21/2025
SUB-004327,ACC-101659,Enterprise,2,"2,289.06",USD,0,Annual,Credit Card,21-Jun-2025,2026-01-09
SUB-004328,ACC-101659,Pro,4,$310.62,USD,0,Annual,Credit Card,2026-01-09,
SUB-004329,ACC-103429,Business,1,542,USD,0,Monthly,credit card,02/28/2023,
SUB-004330,ACC-102220,Starter,4,79.09,USD,0,Annual,Invoice,07/21/2023,2024-02-10
SUB-004331,ACC-102220,Enterprise,1,2123,USD,0,Monthly,Credit Card,10-Feb-2024,
SUB-004332,ACC-100979,Starter,2,45,USD,15,Monthly,credit card,19/01/2025,
SUB-004333,ACC-102331,Starter,12,143.61,EUR,0,Annual,Credit Card,21/04/2022,
SUB-004334,ACC-101298,Starter,1,$55.13,USD,0,Monthly,Credit Card,2023-04-26,01/26/2025
SUB-004335,ACC-105939,Business,2,$768.92,USD,0,Monthly,Credit Card,2025-02-09,06/28/2025
SUB-004336,ACC-105939,Starter,3,71.75,USD,0,Monthly,Credit Card,2025-06-28,
SUB-004337,ACC-104607,Pro,1,$179.83,USD,0,Monthly,Credit Card,10/07/2023,2025-10-10
SUB-004338,ACC-104523,Starter,3,59,USD,0,Monthly,ACH,2025-01-20,
SUB-004339,ACC-100082,Starter,5,$ 87,USD,0,Monthly,,2024-11-11,
SUB-004340,ACC-103187,Starter,2,€ 58,EUR,0,Monthly,Credit Card,2024-10-12,2024-12-18
SUB-004341,ACC-103187,Pro,6,€374.34,EUR,0,Annual,Credit Card,2024-12-18,12/05/2025
SUB-004342,ACC-103187,Business,3,626,EUR,15,Annual,ACH,2025-12-05,
SUB-004343,ACC-105407,Starter,2,63.96,EUR,0,Monthly,Credit Card,2023-07-21,03/21/2024
SUB-004344,ACC-104753,Enterprise,1,"€2,135.40",EUR,0,Monthly,ACH,2024-10-29,
SUB-004345,ACC-104046,Starter,14,131.64,USD,0,Monthly,Credit Card,2022/04/05,
SUB-004346,ACC-104786,Business,8,"1,352.78",USD,0,Monthly,Credit Card,2023-02-25,2024-04-12
SUB-004347,ACC-104786,Starter,1,$48.33,USD,0,Monthly,Credit Card,2024/04/12,08/08/2024
SUB-004348,ACC-104786,Business,2,774,USD,0,Monthly,ACH,2024-08-08,2025-01-25
SUB-004349,ACC-105210,Business,2,€ 469,EUR,25,Annual,Credit Card,2022-08-01,12/01/2024
SUB-004350,ACC-102903,Starter,1,$51.40,USD,0,Monthly,credit card,03-Feb-2024,04/03/2026
SUB-004351,ACC-100423,Starter,6,90.70,USD,0,Monthly,ACH,04/26/2022,
SUB-004352,ACC-105355,Starter,1,$44.87,USD,0,Monthly,Credit Card,2023-04-30,07/23/2024
SUB-004353,ACC-105355,Enterprise,3,"$ 2,745",USD,0,Monthly,Invoice,23-Jul-2024,30-May-2025
SUB-004354,ACC-101904,Enterprise,1,"€2,179.71",EUR,0,Annual,Invoice,2022-02-13,
SUB-004355,ACC-105519,Starter,4,65.38,USD,0,Annual,Credit Card,2022-01-25,17-Sep-2022
SUB-004356,ACC-105519,Business,2,$ 758,USD,0,Monthly,Credit Card,2022-09-17,2023-03-25
SUB-004357,ACC-101530,Starter,1,$48.53,USD,0,Annual,ACH,2025-03-08,
SUB-004358,ACC-104310,Pro,3,$ 250,USD,5,Monthly,Credit Card,2024-12-27,2025-08-31
SUB-004359,ACC-104310,Starter,4,$72.23,USD,0,Monthly,Credit Card,2025-08-31,
SUB-004360,ACC-101565,Starter,3,71.55,USD,0,Annual,Credit Card,2024/07/30,
SUB-004361,ACC-104727,Starter,5,$89.45,USD,0,Monthly,Credit Card,02/10/2025,2025-12-22
SUB-004362,ACC-104727,Enterprise,1,"1,826.82",USD,0,Monthly,Credit Card,22-Dec-2025,
SUB-004363,ACC-102749,Pro,1,$208.05,USD,0,Monthly,Credit Card,2024/02/07,2024-09-07
SUB-004364,ACC-100839,Starter,3,$55.51,USD,5,Annual,Invoice,05/01/2023,2023-05-26
SUB-004365,ACC-100839,Enterprise,2,"$1,716.10",USD,25,Monthly,Credit Card,26/05/2023,10/05/2023
SUB-004366,ACC-100500,Starter,4,78.86,USD,0,Monthly,credit card,2023/06/23,
SUB-004367,ACC-104993,Business,4,719.53,USD,15,Monthly,ACH,2024-03-12,2026-01-12
SUB-004368,ACC-100141,Enterprise,3,"$ 2,191",USD,20,Monthly,Credit Card,2025-06-24,
SUB-004369,ACC-105021,Pro,4,300.07,USD,0,Annual,Credit Card,08/13/2023,11/13/2024
SUB-004370,ACC-102605,Pro,3,$230.79,USD,15,Monthly,Credit Card,13-Jul-2025,
SUB-004371,ACC-103608,Starter,4,73.80,EUR,0,Annual,Credit Card,2023-06-24,2024/08/24
SUB-004372,ACC-101377,Starter,2,57,USD,0,Monthly,ACH,01/05/2023,
SUB-004373,ACC-104726,Pro,3,$273.48,USD,0,Monthly,,27/05/2023,
SUB-004374,ACC-105970,Enterprise,1,"2,010.61",USD,0,Monthly,Credit Card,2022-10-14,
SUB-004375,ACC-102266,Starter,2,62.53,USD,0,Monthly,ACH,2023-09-13,2024-01-13
SUB-004376,ACC-105255,Pro,2,261.59,USD,0,Monthly,Invoice,08/26/2023,2025-07-05
SUB-004377,ACC-105255,Starter,4,69,USD,0,Monthly,Credit Card,2025-07-05,26/08/2025
SUB-004378,ACC-101138,Starter,9,114,EUR,0,Annual,,2023-08-01,
SUB-004379,ACC-102257,Pro,2,262.35,USD,0,Monthly,credit card,05-Sep-2023,
SUB-004380,ACC-103708,Starter,7,86.97,USD,5,Monthly,Credit Card,07/29/2024,2025-09-29
SUB-004381,ACC-101787,Starter,5,$71.10,USD,0,Monthly,credit card,25/04/2025,2025-06-04
SUB-004382,ACC-101787,Enterprise,2,"$ 2,467",USD,0,Monthly,credit card,2025-06-04,2025-07-25
SUB-004383,ACC-103740,Starter,3,62,USD,0,Annual,Credit Card,06/26/2022,
SUB-004384,ACC-100550,Pro,1,$218.98,USD,0,Annual,Invoice,2022-10-30,2024-05-30
SUB-004385,ACC-100459,Business,1,646.03,USD,0,Monthly,,2023-10-20,2025-09-28
SUB-004386,ACC-100459,Starter,1,$43.27,USD,20,Annual,Credit Card,09/28/2025,2025-12-31
SUB-004387,ACC-100459,Business,1,588.64,USD,0,Monthly,Credit Card,12/31/2025,
SUB-004388,ACC-102019,Enterprise,3,"$ 2,476",USD,0,Annual,ACH,2025-01-02,
SUB-004389,ACC-100948,Starter,1,42.59,USD,10,Annual,Invoice,2025-03-20,
SUB-004390,ACC-103949,Starter,3,62,EUR,5,Annual,Credit Card,2024/07/20,
SUB-004391,ACC-103210,Business,1,$610.45,USD,0,Monthly,Credit Card,21-May-2022,
SUB-004392,ACC-100532,Pro,3,253,USD,0,Monthly,,,
SUB-004393,ACC-103956,Starter,6,91.45,USD,0,Monthly,ACH,03/22/2022,
SUB-004394,ACC-101829,Business,2,$ 776,USD,0,Monthly,Credit Card,2025-03-05,2025-10-05
SUB-004395,ACC-104168,Pro,2,231,USD,0,Annual,ACH,2023-05-12,2025/01/25
SUB-004396,ACC-104168,Starter,2,43,USD,25,Annual,Credit Card,2025-01-25,
SUB-004397,ACC-105369,Starter,2,56.50,GBP,0,Annual,ACH,02-Oct-2022,02/06/2024
SUB-004398,ACC-105369,Business,2,£783.13,GBP,0,Monthly,ACH,2024-06-02,08/02/2024
SUB-004399,ACC-104914,Starter,1,53.34,USD,0,Monthly,ACH,2023-11-15,
SUB-004400,ACC-103625,Starter,3,59.37,USD,0,Monthly,ACH,2022-06-09,2025/09/09
SUB-004401,ACC-101602,Starter,2,49.97,USD,20,Monthly,ACH,2023-08-23,2023-12-23
SUB-004402,ACC-102238,Starter,5,57,EUR,25,Annual,Credit Card,01-Oct-2022,2024-06-01
SUB-004403,ACC-100639,Pro,2,208.81,USD,0,Monthly,Credit Card,2022-07-24,2022-09-26
SUB-004404,ACC-100639,Business,1,$567.23,USD,0,Annual,Credit Card,26-Sep-2022,2022-10-24
SUB-004405,ACC-105878,Business,1,611,USD,0,Monthly,Credit Card,19/03/2025,
SUB-004406,ACC-100967,Business,1,$ 567,USD,0,Monthly,ACH,04/16/2023,
SUB-004407,ACC-105138,Starter,6,84.66,USD,5,Monthly,Credit Card,2024-12-30,
SUB-004408,ACC-103821,Pro,1,213.20,USD,0,Annual,credit card,2023-10-16,2025-03-16
SUB-004409,ACC-101683,Starter,9,$92.12,USD,15,Monthly,Credit Card,02/15/2022,
SUB-004410,ACC-102248,Pro,1,192.66,USD,0,Annual,Credit Card,02/07/2022,12/07/2023
SUB-004411,ACC-100399,Enterprise,2,2429,GBP,5,Monthly,Credit Card,08-May-2024,10/08/2024
SUB-004412,ACC-105438,Starter,1,55,USD,0,Monthly,credit card,2022/04/25,2025-08-25
SUB-004413,ACC-104988,Starter,4,78.85,USD,0,Monthly,ACH,11/28/2023,
SUB-004414,ACC-100155,Pro,3,$ 245,USD,0,Monthly,Credit Card,22/01/2022,2023-02-22
SUB-004415,ACC-102295,Pro,1,$219.15,USD,0,Annual,Invoice,27-Apr-2024,2025-08-04
SUB-004416,ACC-102295,Enterprise,5,"$2,863.94",USD,20,Monthly,Credit Card,2025-08-04,
SUB-004417,ACC-103626,Starter,3,59.09,USD,0,Monthly,Credit Card,2023-01-28,2024-02-23
SUB-004418,ACC-103626,Enterprise,2,"$ 1,942",USD,25,Monthly,Credit Card,2024-02-23,2025-04-28
SUB-004419,ACC-104118,Starter,1,38,USD,25,Annual,ACH,2023-09-02,2026-04-02
SUB-004420,ACC-101089,Starter,3,$ 72,USD,0,Monthly,Credit Card,2022-06-29,11-Mar-2023
SUB-004421,ACC-101089,Business,2,666,USD,0,Monthly,Credit Card,2023-03-11,2024-05-11
SUB-004422,ACC-101089,Enterprise,2,"$2,345.61",USD,0,Monthly,,2024-05-11,2024-06-29
SUB-004423,ACC-103859,Pro,1,198,USD,0,Annual,Credit Card,07/14/2022,2023-06-29
SUB-004424,ACC-103859,Enterprise,6,"3,720.61",USD,0,Monthly,Credit Card,06/29/2023,2024-04-14
SUB-004425,ACC-102319,Enterprise,2,"2,140.25",USD,0,Monthly,,13/12/2024,2026-03-13
SUB-004426,ACC-102940,Business,2,$ 664,USD,15,Annual,Credit Card,03/08/2025,
SUB-004427,ACC-105143,Starter,3,67.41,EUR,0,Annual,Credit Card,2024-11-14,
SUB-004428,ACC-100288,Pro,6,326.60,USD,0,Monthly,Invoice,2025-03-23,
SUB-004429,ACC-100930,Starter,6,97,USD,0,Annual,Credit Card,02/05/2022,2024-03-05
SUB-004430,ACC-102909,Starter,4,72.15,USD,0,Annual,Credit Card,2023-06-30,2026-05-30
SUB-004431,ACC-103689,Enterprise,1,"$2,222.30",USD,0,Monthly,Credit Card,17/01/2022,
SUB-004432,ACC-105715,Business,1,602.32,USD,10,Monthly,credit card,2024-02-16,
SUB-004433,ACC-102884,Starter,4,$ 53,USD,20,Monthly,ACH,07/09/2022,2022-09-09
SUB-004434,ACC-104989,Pro,1,$ 220,USD,0,Monthly,ACH,01/27/2022,21-Mar-2025
SUB-004435,ACC-104989,Business,2,767.78,USD,0,Monthly,credit card,2025-03-21,29/01/2026
SUB-004436,ACC-104989,Pro,2,230.74,USD,0,Monthly,Invoice,01/29/2026,
SUB-004437,ACC-103312,Starter,2,$60.12,USD,0,Monthly,Credit Card,2022-03-29,
SUB-004438,ACC-105524,Pro,1,201.39,USD,0,Monthly,Credit Card,12-Oct-2023,
SUB-004439,ACC-103000,Starter,5,82.26,USD,0,Annual,ACH,2025-01-12,2025-05-12
SUB-004440,ACC-104511,Business,2,648,USD,0,Monthly,Invoice,2024-01-06,
SUB-004441,ACC-103509,Starter,3,$ 56,USD,5,Monthly,ACH,2023-10-21,
SUB-004442,ACC-102588,Starter,2,$ 67,USD,-10,Annual,Credit Card,09/20/2024,01/20/2025
SUB-004443,ACC-100942,Pro,8,376.37,USD,0,Monthly,credit card,04/08/2023,2024-12-31
SUB-004444,ACC-100942,Business,9,"$1,057.10",USD,15,Monthly,Credit Card,31/12/2024,
SUB-004445,ACC-102354,Pro,4,283.20,EUR,0,Monthly,Invoice,2022-08-05,09/05/2025
SUB-004446,ACC-104856,Business,5,"1,004.21",USD,0,Annual,Credit Card,11/11/2022,01/11/2025
SUB-004447,ACC-105247,Starter,5,$57.74,USD,25,Monthly,Credit Card,2024-12-21,
SUB-004448,ACC-105674,Starter,1,$ 50,USD,0,Monthly,Credit Card,2022-05-19,2023-06-19
SUB-004449,ACC-101698,Business,3,$ 783,USD,0,Monthly,ACH,2023-08-01,02/10/2024
SUB-004450,ACC-101698,Pro,3,283.98,USD,0,Annual,Invoice,02-Oct-2024,2024-12-01
SUB-004451,ACC-105728,Pro,1,$214.02,USD,0,Annual,Credit Card,10/08/2024,2025-02-26
SUB-004452,ACC-105728,Business,2,775.73,USD,0,Annual,Credit Card,2025-02-26,
SUB-004453,ACC-104445,Business,1,$687.11,USD,0,Monthly,credit card,02-Feb-2025,04-Jul-2025
SUB-004454,ACC-104445,Pro,2,256,USD,0,Annual,Credit Card,07/04/2025,2026-02-19
SUB-004455,ACC-104445,Enterprise,4,"3,102.53",USD,0,Annual,credit card,2026-02-19,
SUB-004456,ACC-103648,Starter,3,$ 72,USD,0,Monthly,Credit Card,01/13/2024,2024-06-13
SUB-004457,ACC-104093,Business,1,596.41,USD,0,Monthly,Credit Card,2022-01-03,2025-07-18
SUB-004458,ACC-104093,Starter,1,$54.17,USD,0,Monthly,Credit Card,2025-07-18,2025-08-20
SUB-004459,ACC-104093,Business,8,1163,USD,15,Monthly,,20/08/2025,
SUB-004460,ACC-104579,Pro,2,241.47,USD,0,Monthly,Credit Card,09/28/2023,
SUB-004461,ACC-100985,Enterprise,5,"$ 2,999",USD,15,Monthly,,2023-01-11,11/09/2024
SUB-004462,ACC-104041,Starter,5,63.58,USD,15,Monthly,credit card,2023-01-04,2023-05-04
SUB-004463,ACC-103195,Starter,1,48.23,USD,0,Monthly,Credit Card,04/15/2023,05-Jun-2023
SUB-004464,ACC-103195,Pro,1,$ 182,USD,0,Monthly,Invoice,06/05/2023,2023-07-15
SUB-004465,ACC-103254,Business,3,$840.23,USD,0,Monthly,Credit Card,03/21/2024,2025-04-17
SUB-004466,ACC-103254,Starter,8,100,USD,0,Monthly,Credit Card,2025-04-17,2025/08/21
SUB-004467,ACC-105809,Starter,2,53.47,USD,0,Annual,Credit Card,13-Jul-2022,2025-12-13
SUB-004468,ACC-100981,Enterprise,5,"3,147.12",USD,0,Monthly,Invoice,2024-10-11,2025-12-19
SUB-004469,ACC-100981,Starter,2,52.99,USD,0,Monthly,Invoice,2025-12-19,02/11/2026
SUB-004470,ACC-105167,Starter,4,$ 80,USD,0,Annual,Credit Card,2022-05-01,2022-08-03
SUB-004471,ACC-105167,Enterprise,2,2279,USD,0,Annual,ACH,2022-08-03,2024-10-01
SUB-004472,ACC-103357,Pro,3,$273.99,USD,0,Monthly,ACH,2025-04-01,
SUB-004473,ACC-105538,Pro,6,273.23,USD,25,Monthly,Invoice,2025/02/24,
SUB-004474,ACC-103544,Starter,1,49,USD,5,Annual,Credit Card,2023-09-23,2025-06-01
SUB-004475,ACC-103544,Enterprise,6,"$ 3,325",USD,0,Monthly,ACH,2025-06-01,
SUB-004476,ACC-104355,Business,3,853.37,USD,0,Monthly,Credit Card,02/01/2024,
SUB-004477,ACC-104965,Starter,5,$ 83,USD,0,Annual,Credit Card,2024-04-16,2026-02-16
SUB-004478,ACC-101473,Business,2,$ 759,USD,0,Monthly,ACH,2024/03/01,05/09/2024
SUB-004479,ACC-101473,Pro,3,265,USD,10,Monthly,Credit Card,,
SUB-004480,ACC-104614,Starter,1,53,USD,0,Annual,,2025-06-16,
SUB-004481,ACC-103454,Pro,2,230.79,USD,0,Monthly,Credit Card,2022-06-23,
SUB-004482,ACC-104824,Pro,2,234.75,USD,0,Annual,Credit Card,09/21/2023,2024/10/21
SUB-004483,ACC-101457,Starter,2,57.96,USD,0,Monthly,Credit Card,2023-02-02,2024-09-09
SUB-004484,ACC-101457,Enterprise,1,2280,USD,0,Monthly,credit card,2024-09-09,2025-04-29
SUB-004485,ACC-101457,Starter,7,81,USD,20,Annual,ACH,29/04/2025,
SUB-004486,ACC-101395,Business,3,$726.27,USD,0,Annual,Invoice,03/30/2025,
SUB-004487,ACC-100264,Starter,7,87.15,USD,0,Monthly,ACH,2023-12-15,
SUB-004488,ACC-102748,Enterprise,1,"2,152.42",USD,0,Monthly,Invoice,2023-01-18,
SUB-004489,ACC-103492,Business,2,726,USD,0,Annual,,28-May-2024,
SUB-004490,ACC-102692,Business,3,$797.34,USD,0,Annual,Credit Card,2022-05-30,30-May-2026
SUB-004491,ACC-103933,Pro,2,232.13,USD,0,Annual,,2023/01/09,2023-04-26
SUB-004492,ACC-103933,Starter,1,55.32,USD,0,Monthly,credit card,2023-04-26,2024-05-09
SUB-004493,ACC-100929,Pro,5,338,USD,0,Monthly,Credit Card,2024-06-10,2025-02-02
SUB-004494,ACC-100929,Enterprise,3,"$ 2,908",USD,0,Monthly,ACH,2025-02-02,2025-05-16
SUB-004495,ACC-100929,Starter,9,$119.80,USD,0,Monthly,Credit Card,2025/05/16,
SUB-004496,ACC-104279,Pro,1,162,USD,10,Annual,Credit Card,2023-02-03,11-Aug-2023
SUB-004497,ACC-104279,Starter,3,69.95,USD,0,Monthly,,11/08/2023,
SUB-004498,ACC-105725,Pro,3,$ 258,USD,0,Monthly,Invoice,2024-12-16,2025-04-18
SUB-004499,ACC-105725,Business,4,$826.68,USD,15,Annual,Credit Card,04/18/2025,
SUB-004500,ACC-102400,Business,1,$609.81,USD,0,Monthly,Invoice,2022-06-10,2023-10-23
SUB-004501,ACC-102400,Pro,4,325.56,USD,0,Monthly,Invoice,2023-10-23,2023-12-10
SUB-004502,ACC-102178,Enterprise,5,"2,973.96",USD,0,Monthly,Credit Card,2025-08-09,
SUB-004503,ACC-103918,Starter,3,48.83,USD,15,Annual,ACH,10/18/2024,18-Apr-2026
SUB-004504,ACC-100246,Pro,2,260.61,USD,0,Annual,,2024-08-24,08/11/2024
SUB-004505,ACC-100246,Enterprise,7,"3,493.55",USD,0,Monthly,Credit Card,2024-11-08,24/11/2024
SUB-004506,ACC-100246,Pro,2,260.61,USD,0,Monthly,Credit Card,24/11/2024,2024-11-24
SUB-004507,ACC-101594,Pro,3,$267.55,USD,0,Annual,ACH,2024/06/08,
SUB-004508,ACC-101758,Pro,4,272.53,USD,0,Monthly,Credit Card,20-Mar-2024,
SUB-004509,ACC-105923,Starter,1,52.62,USD,5,Monthly,Credit Card,2023-10-09,2024-05-09
SUB-004510,ACC-104092,Starter,2,56,USD,0,Annual,Credit Card,22-Jan-2025,
SUB-004511,ACC-100923,Business,3,$ 766,USD,0,Monthly,credit card,08/14/2025,
SUB-004512,ACC-105738,Starter,4,72,USD,0,Monthly,Credit Card,2025/05/24,08/24/2025
SUB-004513,ACC-100268,Starter,3,68.88,USD,0,Monthly,ACH,03/28/2022,2023-02-28
SUB-004514,ACC-100669,Business,5,934.10,USD,5,Annual,Credit Card,2024-07-04,
SUB-004515,ACC-103989,Pro,4,$ 270,USD,0,Annual,credit card,23/09/2023,23-Nov-2025
SUB-004516,ACC-101910,Pro,4,319.15,USD,0,Monthly,Credit Card,01/12/2025,
SUB-004517,ACC-105252,Starter,8,€95.50,EUR,0,Annual,Credit Card,04/14/2022,
SUB-004518,ACC-101152,Starter,12,133.19,USD,0,Annual,Credit Card,2024-07-15,
SUB-004519,ACC-105587,Starter,5,$72.21,USD,0,Annual,Credit Card,2024-10-22,2024-11-22
SUB-004520,ACC-104990,Business,2,$631.47,USD,5,Monthly,Credit Card,04/24/2022,2023-03-24
SUB-004521,ACC-105856,Enterprise,4,"2,899.23",USD,5,Monthly,Invoice,26-Apr-2022,06/13/2023
SUB-004522,ACC-105856,Pro,1,223,USD,0,Monthly,ACH,,2024-10-26
SUB-004523,ACC-104562,Starter,6,$84.77,USD,5,Monthly,Credit Card,2024-09-24,2025-09-24
SUB-004524,ACC-102696,Business,3,710.43,USD,0,Monthly,Credit Card,2023-02-26,2023-03-26
SUB-004525,ACC-102696,Enterprise,6,"3,890.37",USD,0,Monthly,credit card,03/26/2023,2023-03-26
SUB-004526,ACC-102591,Starter,2,59.23,USD,0,Annual,Credit Card,13-Jul-2022,2025/03/22
SUB-004527,ACC-102591,Business,5,$988.30,USD,0,Monthly,Credit Card,2025-03-22,
SUB-004528,ACC-105144,Pro,1,202,USD,0,Monthly,Invoice,2025-01-07,
SUB-004529,ACC-101781,Business,1,634,USD,0,Annual,Credit Card,31-Aug-2023,10/31/2024
SUB-004530,ACC-102413,Pro,3,$268.21,USD,0,Monthly,credit card,29-Jun-2022,05/05/2022
SUB-004531,ACC-103013,Starter,1,48,USD,10,Annual,credit card,02/27/2025,2025-06-27
SUB-004532,ACC-105313,Pro,1,$225.72,USD,0,Monthly,,2022/07/06,2024-10-06
SUB-004533,ACC-102307,Business,5,"1,012.29",USD,0,Monthly,Invoice,2022-05-16,29-Nov-2025
SUB-004534,ACC-102307,Starter,4,76.23,USD,0,Annual,Credit Card,2025-11-29,2026-02-13
SUB-004535,ACC-102307,Enterprise,1,"$ 1,974",USD,0,Monthly,Credit Card,2026-02-13,
SUB-004536,ACC-103165,Starter,5,$ 85,USD,0,Monthly,Credit Card,2022-02-09,07/09/2023
SUB-004537,ACC-100687,Pro,2,$261.07,USD,0,Annual,credit card,02/18/2022,2023-06-18
SUB-004538,ACC-101915,Starter,1,49.45,USD,5,Monthly,Credit Card,2024-05-02,01/02/2026
SUB-004539,ACC-105898,Starter,5,87.49,USD,0,Monthly,Credit Card,2024-04-15,23/06/2024
SUB-004540,ACC-105898,Business,2,644.44,USD,5,Monthly,Credit Card,2024-06-23,03/15/2025
SUB-004541,ACC-105898,Pro,3,$ 251,USD,0,Monthly,Credit Card,2025-03-15,15/04/2025
SUB-004542,ACC-100612,Starter,2,$ 53,USD,0,Annual,Credit Card,02/13/2023,2023-04-04
SUB-004543,ACC-100612,Enterprise,2,"1,905.01",USD,15,Annual,credit card,2023-04-04,02/19/2024
SUB-004544,ACC-100612,Business,3,741.85,USD,0,Monthly,Credit Card,19-Feb-2024,04/13/2024
SUB-004545,ACC-103071,Pro,3,$258.05,USD,0,Monthly,credit card,2025-06-25,
SUB-004546,ACC-103504,Enterprise,1,"2,134.47",USD,0,Monthly,Credit Card,2024-11-22,2025-01-18
SUB-004547,ACC-103504,Starter,3,$70.39,USD,0,Monthly,Credit Card,18/01/2025,2025-02-22
SUB-004548,ACC-102267,Starter,3,62.25,EUR,0,Annual,Credit Card,2023-08-06,
SUB-004549,ACC-105836,Starter,1,51,USD,0,Monthly,ACH,06/09/2022,01/06/2023
SUB-004550,ACC-102533,Starter,3,61.01,USD,0,Monthly,credit card,10/05/2022,2025-09-05
SUB-004551,ACC-100039,Pro,2,$222.40,USD,0,Monthly,Credit Card,2024-07-13,2024-11-21
SUB-004552,ACC-100039,Enterprise,2,"2,282.21",USD,0,Monthly,ACH,2024-11-21,
SUB-004553,ACC-101898,Starter,1,46.13,USD,0,Monthly,credit card,03/01/2025,
SUB-004554,ACC-101649,Business,2,$ 689,USD,0,Annual,Credit Card,2023-10-16,
SUB-004555,ACC-103573,Enterprise,3,"$ 2,713",USD,0,Annual,Credit Card,2024-04-25,2025-04-25
SUB-004556,ACC-100258,Pro,7,378,USD,0,Monthly,Credit Card,2022-10-10,06/10/2024
SUB-004557,ACC-102924,Business,4,$ 981,USD,0,Monthly,ACH,17-May-2025,03/03/2026
SUB-004558,ACC-102924,Pro,2,$ 254,USD,0,Annual,Credit Card,2026-03-03,05/21/2026
SUB-004559,ACC-102924,Business,4,803.08,USD,0,Annual,Credit Card,21/05/2026,
SUB-004560,ACC-102434,Starter,2,€ 64,EUR,0,Annual,Invoice,22/03/2024,2024-06-20
SUB-004561,ACC-102434,Business,1,646.55,EUR,0,Monthly,Invoice,2024-06-20,2024/10/22
SUB-004562,ACC-100847,Business,5,$889.30,USD,0,Monthly,Invoice,2022-01-21,
SUB-004563,ACC-102822,Enterprise,10,"4,287.85",GBP,0,Monthly,Credit Card,2023-08-22,2024-12-28
SUB-004564,ACC-102822,Starter,5,70.65,GBP,0,Annual,credit card,12/28/2024,
SUB-004565,ACC-104461,Starter,3,72.52,EUR,0,Annual,ACH,10/11/2023,26/02/2024
SUB-004566,ACC-104461,Business,1,615.76,EUR,0,Monthly,ACH,2024-02-26,
SUB-004567,ACC-105156,Pro,7,412,USD,0,Annual,Credit Card,03/05/2022,03-Sep-2023
SUB-004568,ACC-105627,Starter,1,44.52,USD,0,Monthly,Credit Card,01/18/2024,
SUB-004569,ACC-104082,Starter,7,73,GBP,25,Monthly,Invoice,2022-03-08,
SUB-004570,ACC-101233,Starter,1,$53.86,USD,0,Monthly,Credit Card,2024/06/06,2026/04/06
SUB-004571,ACC-101127,Business,2,704.38,USD,0,Monthly,Credit Card,2022-12-21,2024-05-21
SUB-004572,ACC-103592,Pro,5,310,USD,10,Monthly,ACH,26/07/2024,
SUB-004573,ACC-101967,Starter,1,51.89,USD,0,Annual,ACH,2024-10-27,2025-03-20
SUB-004574,ACC-101967,Business,5,943.67,USD,0,Monthly,Credit Card,2025/03/20,2026-04-27
SUB-004575,ACC-100558,Business,2,626.45,USD,0,Monthly,Credit Card,2024-11-19,20/11/2025
SUB-004576,ACC-100558,Enterprise,2,"$2,004.62",USD,5,Monthly,Credit Card,2025-11-20,
SUB-004577,ACC-100904,Pro,2,£210.06,GBP,0,Monthly,Credit Card,2023-12-17,2024-11-17
SUB-004578,ACC-102614,Starter,3,$ 66,USD,0,Annual,ACH,2025-07-12,12-Dec-2025
SUB-004579,ACC-103143,Pro,1,205.54,USD,0,Monthly,ACH,2024-12-23,23-Feb-2025
SUB-004580,ACC-100484,Pro,1,$ 226,USD,0,Monthly,Credit Card,2024-09-19,
SUB-004581,ACC-102211,Pro,2,193.69,USD,20,Annual,credit card,09/22/2023,
SUB-004582,ACC-101320,Starter,2,53.37,USD,0,Monthly,Credit Card,10/11/2024,
SUB-004583,ACC-104685,Starter,5,74,USD,0,Monthly,ACH,2023-02-05,
SUB-004584,ACC-102555,Business,1,584.76,USD,0,Monthly,Credit Card,05/21/2022,02-Oct-2025
SUB-004585,ACC-102555,Pro,10,$484.44,USD,0,Monthly,credit card,2025-10-02,
SUB-004586,ACC-100007,Starter,2,$ 55,USD,0,Monthly,Credit Card,2022-09-30,2022-11-04
SUB-004587,ACC-100007,Business,2,506.55,USD,25,Monthly,credit card,2022-11-04,2023-06-30
SUB-004588,ACC-102315,Starter,4,64.70,USD,0,Monthly,Invoice,01/02/2022,
SUB-004589,ACC-105150,Starter,3,55.23,EUR,20,Monthly,ACH,2024-03-13,2024-06-07
SUB-004590,ACC-105150,Pro,1,222.39,EUR,0,Annual,Credit Card,06/07/2024,
SUB-004591,ACC-104443,Pro,3,$287.50,USD,0,Monthly,Credit Card,27/05/2023,
SUB-004592,ACC-104374,Starter,5,81.11,USD,0,Annual,Credit Card,02/18/2022,2023-09-18
SUB-004593,ACC-105343,Pro,2,226.63,USD,0,Monthly,Credit Card,2023-07-08,2024-11-08
SUB-004594,ACC-101450,Pro,4,285.06,USD,0,Monthly,Invoice,09/22/2024,
SUB-004595,ACC-101201,Starter,8,93.44,USD,0,Annual,Invoice,08/14/2023,2024-03-09
SUB-004596,ACC-101201,Enterprise,1,2260,USD,0,Monthly,Credit Card,2024-03-09,26/09/2025
SUB-004597,ACC-101201,Starter,2,$55.62,USD,0,Monthly,Credit Card,09/26/2025,
SUB-004598,ACC-102426,Starter,5,78.42,USD,0,Monthly,Credit Card,10/01/2025,
SUB-004599,ACC-102648,Starter,2,58.74,USD,0,Annual,Invoice,2024/11/10,12/10/2025
SUB-004600,ACC-101814,Starter,2,52.98,GBP,0,Monthly,Credit Card,10/20/2024,10/20/2025
SUB-004601,ACC-102726,Business,3,822.41,USD,0,Annual,ACH,2022-02-01,
SUB-004602,ACC-100773,Pro,3,$ 268,USD,0,Annual,ACH,06/30/2025,
SUB-004603,ACC-102274,Pro,3,247.71,USD,0,Monthly,Invoice,2024-05-05,05-Jul-2024
SUB-004604,ACC-101011,Business,6,"$ 1,202",USD,0,Annual,Invoice,2023-03-04,2023-06-04
SUB-004605,ACC-104099,Starter,1,41,GBP,25,Monthly,Credit Card,2024-08-26,
SUB-004606,ACC-103168,Business,5,896.36,USD,0,Monthly,ACH,11/23/2024,
SUB-004607,ACC-104776,Starter,4,78,USD,0,Monthly,Credit Card,12/13/2022,06/13/2024
SUB-004608,ACC-101991,Starter,2,51.45,USD,0,Monthly,,2022-02-20,2022-10-22
SUB-004609,ACC-101991,Pro,2,$ 245,USD,0,Annual,Credit Card,10/22/2022,2024-07-20
SUB-004610,ACC-101277,Pro,3,$266.09,USD,0,Monthly,Invoice,10-Aug-2024,02-Feb-2026
SUB-004611,ACC-101277,Business,6,"1,124.05",USD,0,Monthly,Invoice,02/02/2026,
SUB-004612,ACC-101783,Starter,2,39,USD,25,Monthly,ACH,10/12/2024,2025-10-13
SUB-004613,ACC-101783,Business,2,619.99,USD,0,Monthly,ACH,2025-10-13,2025/11/15
SUB-004614,ACC-101783,Pro,3,$240.61,USD,0,Monthly,Credit Card,2025-11-15,2025-12-10
SUB-004615,ACC-105990,Starter,2,$51.36,USD,0,Monthly,Credit Card,2022-08-07,12/07/2022
SUB-004616,ACC-100446,Pro,9,403,USD,0,Monthly,Invoice,2025/01/12,
SUB-004617,ACC-100880,Pro,1,202.22,USD,0,Monthly,Credit Card,06-Mar-2025,
SUB-004618,ACC-105528,Starter,3,59.88,GBP,0,Monthly,Credit Card,03/11/2023,03-Feb-2024
SUB-004619,ACC-105425,Starter,2,59.57,USD,0,Monthly,Credit Card,2023-08-14,03/23/2026
SUB-004620,ACC-105425,Enterprise,3,"$ 2,640",USD,0,Monthly,Credit Card,03/23/2026,
SUB-004621,ACC-102727,Business,2,£768.96,GBP,0,Annual,Invoice,05/30/2023,2025-05-03
SUB-004622,ACC-102727,Pro,3,235,GBP,0,Monthly,Credit Card,2025-05-03,
SUB-004623,ACC-103048,Pro,2,€213.99,EUR,0,Monthly,Credit Card,2024-12-28,
SUB-004624,ACC-100781,Pro,2,$ 210,USD,0,Monthly,Invoice,2023-02-25,2026-04-25
SUB-004625,ACC-102651,Starter,1,49.49,USD,0,Annual,Credit Card,01/12/2023,
SUB-004626,ACC-105914,Business,1,€ 735,EUR,-10,Monthly,Credit Card,2024/07/30,2024-11-30
SUB-004627,ACC-101749,Pro,3,237.88,USD,0,Monthly,Credit Card,2024-08-09,
SUB-004628,ACC-102126,Pro,2,208,USD,0,Annual,Credit Card,2022-02-23,22-Jul-2024
SUB-004629,ACC-102126,Enterprise,6,"$3,449.21",USD,0,Monthly,Credit Card,22-Jul-2024,2025-02-23
SUB-004630,ACC-103783,Starter,2,63,EUR,0,Monthly,Credit Card,2024-12-05,
SUB-004631,ACC-102791,Starter,1,55.91,USD,0,Annual,Credit Card,20/10/2022,2023-10-20
SUB-004632,ACC-102423,Pro,3,$192.58,USD,20,Annual,Credit Card,2023-04-01,05/07/2024
SUB-004633,ACC-102423,Business,3,$ 675,USD,20,Monthly,ACH,05/07/2024,
SUB-004634,ACC-105945,Business,1,619.07,USD,0,Monthly,Credit Card,2023-05-10,2025-07-19
SUB-004635,ACC-105945,Starter,4,78.52,USD,0,Annual,Invoice,2025-07-19,
SUB-004636,ACC-105241,Starter,2,$ 40,USD,25,Monthly,Credit Card,2025-03-30,13/07/2025
SUB-004637,ACC-105241,Enterprise,4,3328,USD,0,Monthly,Credit Card,07/13/2025,2025-11-30
SUB-004638,ACC-100883,Business,4,937,USD,0,Monthly,credit card,2024-02-03,
SUB-004639,ACC-103455,Starter,8,£114.90,GBP,0,Monthly,Credit Card,07/03/2022,10/25/2025
SUB-004640,ACC-103455,Business,2,£ 786,GBP,-10,Monthly,credit card,10/25/2025,25-May-2026
SUB-004641,ACC-103455,Enterprise,1,"£1,864.69",GBP,0,Annual,Credit Card,25/05/2026,
SUB-004642,ACC-101091,Business,3,708.44,USD,0,Monthly,Credit Card,07-Jul-2024,2025-05-25
SUB-004643,ACC-101091,Enterprise,3,"$2,759.97",USD,0,Monthly,Credit Card,2025-05-25,
SUB-004644,ACC-104400,Business,5,906.21,USD,0,Monthly,Credit Card,2023-09-12,
SUB-004645,ACC-104183,Starter,4,58.45,USD,25,Monthly,Credit Card,2024-03-20,2024-08-20
SUB-004646,ACC-100531,Starter,2,$61.07,USD,0,Annual,Invoice,07/05/2025,2026-01-22
SUB-004647,ACC-100531,Enterprise,3,"2,260.18",USD,10,Monthly,Credit Card,22/01/2026,
SUB-004648,ACC-103694,Enterprise,11,"£4,668.40",GBP,0,Monthly,Credit Card,2022-09-26,2024-10-15
SUB-004649,ACC-103694,Starter,1,£ 50,GBP,0,Monthly,Credit Card,10/15/2024,
SUB-004650,ACC-102438,Enterprise,3,"$1,780.18",USD,25,Monthly,Credit Card,22-May-2025,
SUB-004651,ACC-104932,Starter,2,56.13,EUR,0,Monthly,Invoice,22/11/2023,
SUB-004652,ACC-104475,Enterprise,2,"2,567.22",USD,0,Monthly,credit card,2022-04-09,2022/09/09
SUB-004653,ACC-104071,Business,4,815,USD,0,Monthly,Credit Card,2023-12-07,
SUB-004654,ACC-104982,Starter,1,52.20,USD,0,Annual,credit card,27/06/2025,
SUB-004655,ACC-102290,Business,1,651,USD,0,Annual,Credit Card,15/10/2022,2024-05-31
SUB-004656,ACC-102290,Pro,1,166.43,USD,10,Monthly,credit card,2024-05-31,2024-10-15
SUB-004657,ACC-101727,Pro,2,$ 224,USD,0,Monthly,Credit Card,2023-02-28,2026/02/19
SUB-004658,ACC-101727,Starter,4,69,USD,0,Monthly,credit card,2026/02/19,2026-04-03
SUB-004659,ACC-101727,Pro,4,325.19,USD,0,Monthly,Credit Card,2026-04-03,
SUB-004660,ACC-100610,Pro,1,213,USD,0,Monthly,credit card,09/09/2024,10/01/2025
SUB-004661,ACC-100610,Starter,3,61,USD,0,Monthly,Credit Card,01/10/2025,
SUB-004662,ACC-100570,Starter,1,34.18,USD,25,Annual,ACH,24/01/2025,24/03/2025
SUB-004663,ACC-103886,Pro,7,430.57,USD,0,Annual,ACH,06/06/2022,2022/11/06
SUB-004664,ACC-101317,Pro,2,$220.54,USD,0,Monthly,Credit Card,2022-08-31,2023-05-31
SUB-004665,ACC-101317,Enterprise,2,"2,320.25",USD,0,Monthly,Credit Card,2023-05-31,2024-12-31
SUB-004666,ACC-100343,Business,2,753.23,USD,0,Monthly,ACH,31-Jan-2023,
SUB-004667,ACC-100587,Pro,2,$ 193,USD,15,Monthly,Credit Card,2024-02-12,2026-02-12
SUB-004668,ACC-104742,Business,4,633.70,USD,25,Monthly,ACH,2022-08-17,2023-02-17
SUB-004669,ACC-100636,Pro,5,$ 363,USD,0,Monthly,ACH,02/02/2023,08/21/2025
SUB-004670,ACC-100636,Business,2,729.63,USD,5,Monthly,Credit Card,08/21/2025,
SUB-004671,ACC-100434,Starter,1,51,USD,0,Annual,Credit Card,2022-08-29,
SUB-004672,ACC-101903,Starter,3,$58.61,USD,0,Annual,Credit Card,27-Sep-2022,05-Jun-2024
SUB-004673,ACC-101903,Business,4,995.95,USD,0,Monthly,Credit Card,06/05/2024,2024-07-10
SUB-004674,ACC-101903,Enterprise,3,"2,428.50",USD,5,Monthly,Credit Card,2024-07-10,2024-10-27
SUB-004675,ACC-103215,Enterprise,4,"$2,439.16",USD,10,Annual,Invoice,2024-04-17,
SUB-004676,ACC-100097,Business,2,503,USD,25,Monthly,ACH,2024-07-07,07/05/2025
SUB-004677,ACC-103268,Business,7,"€ 1,294",EUR,0,Monthly,Credit Card,20/03/2023,2023/04/20
SUB-004678,ACC-103527,Enterprise,1,"1,641.39",USD,25,Monthly,ACH,2023-12-14,
SUB-004679,ACC-103479,Pro,3,$238.69,USD,0,Monthly,Credit Card,14-Jun-2022,06/01/2024
SUB-004680,ACC-103479,Starter,2,$ 61,USD,0,Monthly,Credit Card,2024/01/06,
SUB-004681,ACC-105796,Starter,1,$38.34,USD,25,Monthly,,2024-02-24,2026-02-15
SUB-004682,ACC-105796,Enterprise,5,"$3,487.52",USD,0,Monthly,credit card,2026-02-15,
SUB-004683,ACC-102069,Pro,4,279.49,USD,0,Monthly,,02/01/2024,
SUB-004684,ACC-101537,Business,5,"€ 1,014",EUR,0,Monthly,Credit Card,2024-10-22,
SUB-004685,ACC-103754,Business,2,€ 622,EUR,0,Monthly,Invoice,11/10/2022,2024-05-03
SUB-004686,ACC-103754,Enterprise,2,2375,EUR,0,Monthly,Invoice,05/03/2024,
SUB-004687,ACC-104192,Starter,1,49.34,USD,0,Annual,Credit Card,2022-08-26,11/26/2022
SUB-004688,ACC-104838,Starter,3,$60.23,USD,0,Monthly,ACH,2024-06-12,05/18/2025
SUB-004689,ACC-104838,Business,4,970,USD,0,Monthly,ACH,2025-05-18,07/12/2025
SUB-004690,ACC-105170,Pro,1,203,USD,10,Monthly,Credit Card,2024-05-06,
SUB-004691,ACC-101517,Pro,2,247,EUR,0,Monthly,Invoice,2023-07-18,
SUB-004692,ACC-100965,Enterprise,1,2076,USD,0,Annual,Credit Card,2023-01-08,05/08/2024
SUB-004693,ACC-105351,Business,1,$ 616,USD,0,Monthly,Credit Card,04/11/2025,
SUB-004694,ACC-100528,Pro,2,249.06,EUR,0,Monthly,Invoice,02/08/2022,09/08/2023
SUB-004695,ACC-100176,Starter,4,81.54,GBP,0,Monthly,Credit Card,03/14/2023,
SUB-004696,ACC-102470,Pro,12,574.24,USD,0,Annual,Credit Card,22/10/2024,2025-06-02
SUB-004697,ACC-102470,Business,4,856.55,USD,0,Monthly,Credit Card,02/06/2025,
SUB-004698,ACC-104584,Starter,11,87,USD,25,Monthly,ACH,2022-04-30,2022-10-16
SUB-004699,ACC-104584,Pro,4,$282.34,USD,0,Monthly,Credit Card,2022-10-16,2025-04-30
SUB-004700,ACC-104928,Pro,6,£266.21,GBP,25,Annual,Credit Card,2023-06-21,2024-05-21
SUB-004701,ACC-103001,Pro,4,$328.36,USD,0,Monthly,Credit Card,04/09/2024,
SUB-004702,ACC-105206,Business,4,$ 5,USD,150,Annual,Invoice,2023-05-20,
SUB-004703,ACC-100572,Pro,4,€237.47,EUR,25,Monthly,Credit Card,2022-01-25,23-Apr-2022
SUB-004704,ACC-100572,Enterprise,4,"2,966.07",EUR,0,Monthly,Invoice,04/23/2022,05/25/2022
SUB-004705,ACC-100572,Pro,1,€ 209,EUR,0,Annual,Credit Card,2022-05-25,2022-05-25
SUB-004706,ACC-103360,Pro,8,$411.89,USD,0,Monthly,ACH,09/16/2023,16/11/2024
SUB-004707,ACC-100592,Pro,4,315.24,USD,0,Monthly,Credit Card,2024-06-12,
SUB-004708,ACC-105046,Starter,3,66,EUR,0,Monthly,Invoice,2024/03/17,17-Mar-2025
SUB-004709,ACC-103062,Starter,1,47.59,USD,0,Monthly,ACH,2022-08-26,2022-11-17
SUB-004710,ACC-103062,Enterprise,10,"$4,615.90",USD,0,Monthly,Credit Card,17/11/2022,26-Dec-2022
SUB-004711,ACC-103585,Pro,3,$ 226,USD,15,Annual,Credit Card,2025-08-02,
SUB-004712,ACC-102374,Pro,1,£194.42,GBP,0,Monthly,Credit Card,08/05/2025,2026-03-04
SUB-004713,ACC-102374,Enterprise,9,"£5,017.05",GBP,0,Monthly,Invoice,2026/03/04,
SUB-004714,ACC-103064,Business,2,$ 671,USD,0,Monthly,ACH,2022-12-02,03/02/2025
SUB-004715,ACC-105709,Pro,6,353.86,USD,0,Monthly,credit card,14-Jun-2025,
SUB-004716,ACC-104391,Starter,3,72,USD,0,Annual,Credit Card,02/06/2025,
SUB-004717,ACC-104441,Starter,1,47.92,USD,0,Annual,Credit Card,02/15/2025,
SUB-004718,ACC-104257,Starter,2,$51.95,USD,0,Monthly,Credit Card,08/03/2023,
SUB-004719,ACC-102208,Starter,4,71.00,EUR,0,Monthly,Invoice,2025-02-24,24/01/2026
SUB-004720,ACC-103739,Starter,3,67.46,EUR,0,Monthly,Credit Card,2022-11-06,2023-07-06
SUB-004721,ACC-102492,Starter,6,74,USD,20,Monthly,credit card,2023-03-31,2023-10-31
SUB-004722,ACC-104017,Starter,1,$39.76,USD,10,Annual,ACH,2025/05/05,
SUB-004723,ACC-100383,Business,11,"$1,555.80",USD,0,Monthly,credit card,2025-05-31,
SUB-004724,ACC-100852,Starter,8,$ 114,USD,0,Monthly,credit card,2025-01-31,12/02/2026
SUB-004725,ACC-100852,Enterprise,1,"$ 1,991",USD,0,Monthly,Credit Card,2026-02-12,
SUB-004726,ACC-101880,Enterprise,3,"€ 2,988",EUR,0,Monthly,Credit Card,10/16/2024,
SUB-004727,ACC-100370,Pro,4,$278.36,USD,0,Monthly,Credit Card,2024-11-22,2026-01-22
SUB-004728,ACC-104395,Starter,4,$ 68,USD,0,Monthly,Credit Card,2023-01-09,2024-05-09
SUB-004729,ACC-105815,Pro,2,238,EUR,0,Monthly,Invoice,2025-07-22,2026-05-26
SUB-004730,ACC-105815,Enterprise,2,"€2,402.19",EUR,0,Annual,Credit Card,05/26/2026,
SUB-004731,ACC-105244,Pro,6,$ 288,USD,15,Annual,Invoice,2022-07-07,2025-12-07
SUB-004732,ACC-103175,Pro,1,212.60,USD,0,Monthly,Credit Card,2024-04-07,04/07/2025
SUB-004733,ACC-101105,Starter,3,59.48,USD,0,Annual,Credit Card,01/19/2022,03/28/2022
SUB-004734,ACC-101105,Business,1,$ 614,USD,0,Monthly,Credit Card,2022/03/28,06/19/2023
SUB-004735,ACC-105905,Pro,2,$197.16,USD,25,Annual,Invoice,01-Aug-2025,
SUB-004736,ACC-102361,Business,4,809.40,USD,0,Monthly,Credit Card,2022-10-06,2024-06-06
SUB-004737,ACC-104890,Enterprise,3,"2,814.62",USD,0,Monthly,ACH,2022-12-23,
SUB-004738,ACC-101336,Business,5,872.27,GBP,0,Annual,credit card,21-Jul-2025,
SUB-004739,ACC-102189,Starter,2,53,USD,0,Monthly,Invoice,2023-02-17,
SUB-004740,ACC-105583,Pro,3,$ 249,USD,5,Annual,Credit Card,2022-08-23,23/09/2023
SUB-004741,ACC-105482,Pro,7,406.88,USD,0,Monthly,Credit Card,04/14/2024,2024-07-17
SUB-004742,ACC-105482,Enterprise,1,"2,121.44",USD,0,Monthly,Credit Card,2024-07-17,2025-04-14
SUB-004743,ACC-105097,Enterprise,4,"2,409.88",USD,25,Annual,,03/22/2022,
SUB-004744,ACC-104176,Starter,5,73.68,EUR,0,Monthly,Credit Card,2022-06-26,2026-02-26
SUB-004745,ACC-105897,Business,2,$739.19,USD,0,Annual,Credit Card,04-Feb-2024,
SUB-004746,ACC-101171,Starter,2,59,EUR,0,Monthly,Credit Card,2024-10-14,
SUB-004747,ACC-103274,Business,2,636.54,EUR,0,Monthly,Credit Card,01/13/2024,
SUB-004748,ACC-104318,Enterprise,3,"1,881.52",USD,25,Monthly,Credit Card,2025-02-09,2026-01-25
SUB-004749,ACC-104318,Business,2,663.79,USD,0,Monthly,Credit Card,2026-01-25,
SUB-004750,ACC-103921,Business,1,570.55,USD,5,Monthly,Credit Card,2025-06-18,
SUB-004751,ACC-101422,Enterprise,4,2824,USD,0,Monthly,Credit Card,2023/09/15,2024-03-15
SUB-004752,ACC-102686,Starter,1,$ 50,USD,5,Monthly,Credit Card,03/24/2024,2024-09-28
SUB-004753,ACC-102686,Enterprise,1,"1,867.97",USD,0,Annual,Invoice,09/28/2024,2024-11-29
SUB-004754,ACC-102686,Business,2,$751.26,USD,0,Monthly,ACH,2024-11-29,2024-12-24
SUB-004755,ACC-105459,Pro,3,193.54,USD,25,Annual,Credit Card,2024-12-13,
SUB-004756,ACC-104795,Starter,2,$62.80,USD,0,Monthly,Credit Card,2023-12-04,
SUB-004757,ACC-105045,Starter,4,$ 77,USD,5,Annual,Credit Card,2024-03-02,03/06/2026
SUB-004758,ACC-105045,Enterprise,3,"$2,946.35",USD,0,Annual,Credit Card,06-Mar-2026,
SUB-004759,ACC-101464,Pro,1,$ 177,USD,20,Monthly,ACH,30-Sep-2023,08/30/2025
SUB-004760,ACC-100874,Starter,2,€ 56,EUR,0,Monthly,Credit Card,2024-12-19,2025-08-19
SUB-004761,ACC-102297,Pro,8,392.55,USD,0,Monthly,ACH,2024-12-21,
SUB-004762,ACC-102643,Starter,5,$ 78,USD,0,Annual,credit card,04/03/2025,07-Jun-2025
SUB-004763,ACC-102643,Pro,3,$270.90,USD,0,Monthly,Invoice,2025-06-07,10/03/2025
SUB-004764,ACC-103399,Starter,2,$61.34,USD,5,Monthly,Invoice,2025-08-12,2026-05-12
SUB-004765,ACC-105265,Business,6,"1,054.09",USD,0,Monthly,,2024-05-19,
SUB-004766,ACC-101251,Starter,5,75.26,USD,0,Monthly,Credit Card,2023-02-08,2025-12-08
SUB-004767,ACC-103424,Pro,3,$ 276,USD,0,Annual,ACH,17-Jan-2023,17/06/2024
SUB-004768,ACC-100840,Pro,1,217.74,USD,0,Monthly,ACH,2024-07-06,
SUB-004769,ACC-104287,Starter,2,€58.80,EUR,0,Annual,Credit Card,2023-08-15,2024-08-15
SUB-004770,ACC-100581,Pro,3,269.66,USD,0,Annual,Credit Card,2022-03-03,2025-01-03
SUB-004771,ACC-100204,Starter,7,102.14,EUR,0,Monthly,Invoice,2024-03-20,14-May-2024
SUB-004772,ACC-100204,Enterprise,1,1846,EUR,5,Annual,,2024-05-14,2025-08-20
SUB-004773,ACC-101641,Pro,8,441.50,USD,0,Monthly,Invoice,02-Oct-2024,2026-01-20
SUB-004774,ACC-101641,Business,3,810.87,USD,0,Monthly,,2026-01-20,22/05/2026
SUB-004775,ACC-101641,Enterprise,6,"$3,224.76",USD,0,Monthly,Credit Card,22-May-2026,
SUB-004776,ACC-102014,Business,1,567,EUR,0,Annual,ACH,2024-12-06,2026-03-17
SUB-004777,ACC-102014,Pro,2,252,EUR,0,Annual,ACH,2026-03-17,2026-05-10
SUB-004778,ACC-102014,Starter,2,€ 54,EUR,0,Annual,Credit Card,,
SUB-004779,ACC-103253,Starter,3,62,USD,0,Monthly,Credit Card,2024-09-16,
SUB-004780,ACC-100905,Pro,2,229,USD,0,Monthly,Credit Card,2022-12-15,01/30/2025
SUB-004781,ACC-100905,Business,2,787.39,USD,0,Annual,Credit Card,2025-01-30,
SUB-004782,ACC-100631,Pro,2,212.53,USD,0,Monthly,Credit Card,2024-12-09,
SUB-004783,ACC-104303,Pro,5,$ 301,USD,0,Annual,credit card,2024-05-04,
SUB-004784,ACC-103668,Starter,1,£53.70,GBP,0,Monthly,ACH,2023-03-21,
SUB-004785,ACC-101974,Business,1,565.14,EUR,0,Monthly,Credit Card,2023-01-25,
SUB-004786,ACC-100162,Pro,2,€233.45,EUR,0,Monthly,Invoice,2023-11-05,2024-10-24
SUB-004787,ACC-100162,Business,13,"€1,840.11",EUR,0,Monthly,Invoice,2024-10-24,
SUB-004788,ACC-105318,Pro,2,215.87,USD,0,Monthly,Credit Card,2024-09-04,
SUB-004789,ACC-105925,Enterprise,3,2399,USD,0,Monthly,ACH,2024-12-17,2025-07-17
SUB-004790,ACC-105467,Enterprise,4,"$2,507.59",USD,20,Monthly,Credit Card,2025-03-06,
SUB-004791,ACC-103616,Business,3,$569.44,USD,20,Monthly,Credit Card,06/10/2023,03/10/2026
SUB-004792,ACC-100617,Starter,3,57,EUR,0,Monthly,ACH,10/08/2023,
SUB-004793,ACC-100875,Enterprise,2,2314,USD,0,Monthly,credit card,08/08/2024,
SUB-004794,ACC-101431,Business,3,877.33,USD,0,Monthly,Credit Card,05-Oct-2024,
SUB-004795,ACC-102973,Business,2,$ 699,USD,5,Annual,Credit Card,2024-10-30,
SUB-004796,ACC-104205,Pro,1,190.63,EUR,0,Monthly,Invoice,06/23/2025,
SUB-004797,ACC-100547,Business,1,$566.62,USD,0,Monthly,ACH,04/11/2025,2026-04-07
SUB-004798,ACC-100547,Enterprise,3,"2,688.15",USD,0,Monthly,Credit Card,07-Apr-2026,05/08/2026
SUB-004799,ACC-100547,Pro,5,332.31,USD,0,Monthly,Credit Card,2026-05-08,
SUB-004800,ACC-104483,Starter,6,69,USD,15,Annual,ACH,2024-12-13,2025-03-11
SUB-004801,ACC-104483,Business,3,757,USD,0,Monthly,Invoice,2025-03-11,2025-10-03
SUB-004802,ACC-104483,Pro,2,224.99,USD,0,Monthly,Invoice,2025-10-03,
SUB-004803,ACC-105529,Starter,1,55.34,GBP,0,Monthly,credit card,2022-06-25,2022-09-25
SUB-004804,ACC-105120,Starter,1,$49.05,USD,0,Monthly,ACH,2023-11-29,
SUB-004805,ACC-103480,Pro,2,$250.19,USD,0,Annual,Credit Card,06/16/2022,
SUB-004806,ACC-105531,Pro,3,€259.78,EUR,0,Annual,ACH,2023-09-26,
SUB-004807,ACC-104260,Pro,1,$ 180,USD,15,Monthly,Invoice,2024-07-01,2024-10-29
SUB-004808,ACC-104260,Business,1,$5.00,USD,150,Annual,ACH,2024-10-29,
SUB-004809,ACC-104962,Starter,4,$ 78,USD,0,Monthly,Credit Card,2025-08-10,21-Apr-2026
SUB-004810,ACC-104962,Business,1,595.16,USD,0,Annual,Credit Card,2026-04-21,2026-05-10
SUB-004811,ACC-104962,Enterprise,2,"$2,635.32",USD,0,Monthly,Credit Card,2026-05-10,2026-05-10
SUB-004812,ACC-102856,Starter,2,$51.35,USD,10,Monthly,Invoice,27-Jan-2024,2024-02-26
SUB-004813,ACC-102856,Pro,3,215.77,USD,10,Monthly,Credit Card,2024-02-26,2024-02-27
SUB-004814,ACC-101861,Pro,3,218.47,EUR,10,Monthly,Credit Card,27-Jun-2023,10/08/2024
SUB-004815,ACC-101861,Business,2,743,EUR,0,Monthly,credit card,08-Oct-2024,
SUB-004816,ACC-102659,Starter,6,90.47,USD,0,Annual,credit card,10/06/2025,2025-09-24
SUB-004817,ACC-102659,Pro,2,262,USD,0,Monthly,Credit Card,2025-09-24,10/02/2026
SUB-004818,ACC-102659,Enterprise,3,"2,324.72",USD,20,Annual,ACH,02/10/2026,
SUB-004819,ACC-105586,Pro,4,265,USD,0,Annual,ACH,06/03/2025,
SUB-004820,ACC-100640,Starter,2,$ 61,USD,0,Monthly,Invoice,2025-07-04,
SUB-004821,ACC-105354,Pro,1,191.51,EUR,0,Annual,Credit Card,2022-08-18,18-Nov-2024
SUB-004822,ACC-101009,Pro,6,361,USD,0,Monthly,credit card,13-May-2024,2026-03-13
SUB-004823,ACC-103366,Pro,1,200.87,USD,5,Monthly,credit card,11-Jun-2022,01/12/2022
SUB-004824,ACC-103366,Business,8,"1,335.44",USD,0,Monthly,Invoice,2022-12-01,09/11/2023
SUB-004825,ACC-105950,Business,3,773.44,USD,0,Monthly,ACH,2023-11-02,2025-12-15
SUB-004826,ACC-105950,Starter,8,112.79,USD,0,Monthly,credit card,15/12/2025,2026/04/09
SUB-004827,ACC-105950,Enterprise,3,"2,406.16",USD,0,Monthly,Credit Card,2026/04/09,
SUB-004828,ACC-100637,Enterprise,9,"4,169.67",EUR,0,Annual,credit card,21-Jan-2025,
SUB-004829,ACC-103833,Pro,1,174.02,USD,5,Monthly,,2022-08-20,10-Jan-2023
SUB-004830,ACC-103833,Starter,2,$ 58,USD,0,Monthly,ACH,01/10/2023,05/20/2023
SUB-004831,ACC-104971,Business,3,880.35,EUR,0,Annual,Credit Card,2025-02-21,
SUB-004832,ACC-104870,Business,6,970,USD,0,Annual,Credit Card,2023-10-14,
SUB-004833,ACC-102308,Pro,1,180,USD,0,Monthly,Credit Card,2022-12-03,2023-09-03
SUB-004834,ACC-105086,Enterprise,7,"3,640.28",GBP,0,Monthly,Credit Card,24-Feb-2024,2025/10/24
SUB-004835,ACC-103145,Starter,9,122.98,GBP,0,Annual,Credit Card,08/02/2024,
SUB-004836,ACC-103893,Business,3,833.19,USD,0,Annual,Credit Card,2023-07-20,
SUB-004837,ACC-102096,Starter,4,77.73,USD,0,Monthly,Credit Card,2022-12-03,
SUB-004838,ACC-103615,Enterprise,1,2183,USD,0,Monthly,Credit Card,2023/12/16,2025-07-01
SUB-004839,ACC-103615,Starter,2,$61.44,USD,0,Monthly,Invoice,2025-07-01,05/21/2026
SUB-004840,ACC-103615,Pro,2,$ 236,USD,0,Monthly,Invoice,2026-05-21,
SUB-004841,ACC-101956,Pro,5,$ 347,USD,0,Monthly,Invoice,03/03/2025,2025-12-03
SUB-004842,ACC-101372,Starter,2,$64.53,USD,0,Monthly,Credit Card,2023-05-09,09/09/2023
SUB-004843,ACC-105624,Starter,1,$40.54,USD,25,Monthly,Invoice,2022-01-28,2022-12-25
SUB-004844,ACC-105624,Pro,4,$ 324,USD,0,Monthly,ACH,2022-12-25,2025-09-28
SUB-004845,ACC-100921,Business,3,$ 661,USD,15,Monthly,Credit Card,2024/01/11,
SUB-004846,ACC-105563,Pro,7,393.69,USD,0,Monthly,Credit Card,2022-08-03,10/29/2023
SUB-004847,ACC-105563,Business,2,720.86,USD,0,Monthly,Invoice,29/10/2023,03-Mar-2026
SUB-004848,ACC-100546,Starter,3,$65.19,USD,0,Monthly,Credit Card,2022-11-21,
SUB-004849,ACC-101449,Starter,1,45.61,USD,0,Monthly,ACH,14/08/2023,14/11/2024
SUB-004850,ACC-102804,Business,3,$859.97,USD,0,Monthly,ACH,2024-02-16,
SUB-004851,ACC-102610,Starter,2,44.29,USD,25,Annual,Credit Card,2022-10-20,2025-05-20
SUB-004852,ACC-101900,Starter,3,$51.86,USD,15,Monthly,ACH,2025/07/01,2025-11-19
SUB-004853,ACC-101900,Pro,2,196.79,USD,20,Annual,Credit Card,2025-11-19,2026-05-01
SUB-004854,ACC-102757,Business,1,614,USD,0,Monthly,Credit Card,07-Jan-2025,
SUB-004855,ACC-102028,Pro,11,€ 457,EUR,0,Monthly,Credit Card,2022-01-21,06/21/2024
SUB-004856,ACC-102301,Starter,1,55.58,USD,0,Monthly,Credit Card,19/11/2024,27-Feb-2026
SUB-004857,ACC-102301,Business,4,$ 850,USD,0,Monthly,Credit Card,2026-02-27,
SUB-004858,ACC-101885,Starter,1,$ 48,USD,0,Monthly,Credit Card,04/18/2024,2024-08-19
SUB-004859,ACC-101885,Enterprise,2,"$2,556.80",USD,0,Annual,,2024-08-19,
SUB-004860,ACC-101642,Starter,5,$ 74,USD,0,Annual,Credit Card,2022-06-21,11/04/2022
SUB-004861,ACC-101642,Enterprise,3,"$2,592.40",USD,0,Monthly,Credit Card,04/11/2022,
SUB-004862,ACC-100972,Business,2,782.35,USD,0,Annual,Credit Card,09/19/2024,2024-12-20
SUB-004863,ACC-100972,Starter,3,$51.37,USD,15,Monthly,Credit Card,2024-12-20,2025-02-15
SUB-004864,ACC-100972,Pro,9,367.95,USD,25,Annual,Invoice,2025/02/15,2025-04-19
SUB-004865,ACC-105848,Starter,1,56,USD,0,Monthly,Credit Card,12/04/2022,
SUB-004866,ACC-102097,Pro,1,223.38,USD,0,Annual,Credit Card,07/01/2022,2025-10-01
SUB-004867,ACC-105283,Business,2,$ 758,USD,0,Annual,Credit Card,04/03/2023,2025-12-03
SUB-004868,ACC-104640,Starter,2,£55.30,GBP,0,Monthly,Credit Card,2025-02-02,02/04/2025
SUB-004869,ACC-105466,Starter,6,82,USD,0,Monthly,,05/13/2024,2025-04-13
SUB-004870,ACC-103531,Pro,3,247.18,USD,0,Annual,Credit Card,06-Dec-2023,
SUB-004871,ACC-100836,Enterprise,2,"2,517.41",USD,0,Monthly,ACH,2023-01-26,
SUB-004872,ACC-100601,Business,3,865.04,USD,0,Monthly,Invoice,2022-11-23,2023/06/21
SUB-004873,ACC-100601,Pro,3,285.48,USD,0,Monthly,Credit Card,06/21/2023,08/23/2023
SUB-004874,ACC-100601,Enterprise,2,"$2,266.73",USD,0,Monthly,Credit Card,2023-08-23,2023-09-23
SUB-004875,ACC-102184,Business,2,668.50,USD,0,Monthly,Invoice,2022-04-03,16-Jul-2023
SUB-004876,ACC-102184,Pro,2,252,USD,0,Monthly,Invoice,2023-07-16,
SUB-004877,ACC-105383,Pro,1,$180.15,USD,0,Annual,ACH,2022-07-01,2025-07-25
SUB-004878,ACC-105383,Starter,2,51.05,USD,0,Monthly,Credit Card,2025-07-25,2026-02-21
SUB-004879,ACC-105383,Pro,1,204,USD,0,Annual,,2026-02-21,
SUB-004880,ACC-104035,Starter,6,$98.09,USD,0,Monthly,ACH,04/15/2022,
SUB-004881,ACC-105221,Business,1,540,USD,0,Monthly,Credit Card,2023-07-11,
SUB-004882,ACC-101582,Starter,1,€50.69,EUR,0,Monthly,Credit Card,06/05/2025,2025-10-07
SUB-004883,ACC-101582,Business,6,"1,006.62",EUR,0,Monthly,Credit Card,2025-10-07,
SUB-004884,ACC-105670,Business,2,768.89,EUR,0,Monthly,Credit Card,2022-01-26,12/12/2023
SUB-004885,ACC-105670,Starter,2,€53.01,EUR,0,Monthly,,2023-12-12,
SUB-004886,ACC-105064,Starter,5,72,USD,5,Annual,Credit Card,2022-06-19,
SUB-004887,ACC-104609,Pro,2,$ 191,USD,10,Annual,Invoice,2025-07-30,
SUB-004888,ACC-101070,Enterprise,1,"2,126.99",USD,0,Annual,ACH,24-Jan-2022,06/04/2025
SUB-004889,ACC-101070,Starter,3,72,USD,0,Monthly,ACH,04/06/2025,2025-11-02
SUB-004890,ACC-101070,Pro,2,221.00,USD,0,Annual,Credit Card,2025-11-02,
SUB-004891,ACC-101775,Starter,5,74,USD,0,Monthly,Credit Card,2024-03-27,
SUB-004892,ACC-105968,Starter,2,$60.81,USD,0,Annual,Credit Card,2023-04-19,2024-07-27
SUB-004893,ACC-105968,Enterprise,1,"$1,982.39",USD,0,Monthly,Credit Card,2024-07-27,
SUB-004894,ACC-101283,Pro,9,433,USD,0,Monthly,,29-Apr-2023,2023-10-29
SUB-004895,ACC-105059,Starter,3,63.15,EUR,0,Annual,Credit Card,09/19/2022,
SUB-004896,ACC-104439,Enterprise,2,"$ 2,438",USD,0,Annual,ACH,12/08/2023,
SUB-004897,ACC-105782,Pro,5,337.18,USD,0,Monthly,Credit Card,2023-05-01,2023-06-29
SUB-004898,ACC-105782,Enterprise,1,"1,748.99",USD,15,Monthly,,2023-06-29,
SUB-004899,ACC-101836,Pro,6,319.64,USD,0,Monthly,Credit Card,03/19/2024,2025-11-19
SUB-004900,ACC-105233,Pro,14,575.57,USD,10,Monthly,,03/08/2024,
SUB-004901,ACC-101019,Starter,8,89.98,USD,5,Annual,Credit Card,16/08/2025,
SUB-004902,ACC-100970,Business,3,729.65,USD,0,Monthly,Credit Card,08-Jan-2023,09/08/2024
SUB-004903,ACC-101326,Starter,1,45.03,USD,0,Annual,Credit Card,2025-06-16,2025-07-16
SUB-004904,ACC-103593,Business,3,692.73,USD,15,Monthly,credit card,2025-01-24,
SUB-004905,ACC-100475,Pro,5,$306.33,USD,0,Monthly,Invoice,24/08/2023,
SUB-004906,ACC-102810,Pro,1,$225.31,USD,0,Annual,Credit Card,2025-04-05,
SUB-004907,ACC-104557,Starter,4,$ 76,USD,0,Monthly,Invoice,2023-01-18,2023-08-19
SUB-004908,ACC-104557,Pro,1,$ 224,USD,0,Monthly,Credit Card,19-Aug-2023,2025/01/18
SUB-004909,ACC-101651,Pro,5,$290.89,USD,0,Annual,,2024-08-02,
SUB-004910,ACC-105650,Starter,3,$ 64,USD,0,Annual,ACH,2023-08-08,2023-10-08
SUB-004911,ACC-105193,Starter,1,$ 45,USD,0,Monthly,Credit Card,11/16/2022,20/12/2022
SUB-004912,ACC-105193,Business,1,$611.42,USD,0,Monthly,ACH,2022-12-20,2023-01-16
SUB-004913,ACC-102528,Starter,9,$ 109,USD,-10,Monthly,Credit Card,11/23/2024,
SUB-004914,ACC-104837,Enterprise,4,"$3,270.88",USD,0,Annual,Credit Card,2024-12-30,
SUB-004915,ACC-104573,Pro,5,€307.34,EUR,0,Monthly,Credit Card,2024-03-07,07/03/2025
SUB-004916,ACC-105895,Pro,1,€219.88,EUR,0,Monthly,Credit Card,2024-01-04,2026-05-22
SUB-004917,ACC-105895,Starter,1,€51.42,EUR,0,Monthly,Invoice,2026/05/22,
SUB-004918,ACC-101373,Starter,2,$46.46,USD,10,Monthly,ACH,09/17/2023,2024-03-21
SUB-004919,ACC-101373,Business,3,778.34,USD,0,Monthly,Credit Card,2024-03-21,08/17/2024
SUB-004920,ACC-100739,Enterprise,3,"1,942.00",USD,25,Monthly,credit card,2025-06-06,
SUB-004921,ACC-105304,Starter,2,53.19,USD,0,Annual,Invoice,29/08/2025,
SUB-004922,ACC-103559,Pro,3,$220.31,USD,15,Monthly,ACH,16-Feb-2023,2025-10-16
SUB-004923,ACC-100867,Enterprise,1,"1,827.62",USD,0,Annual,Credit Card,2024-09-30,
SUB-004924,ACC-102974,Business,5,€865.27,EUR,0,Monthly,Credit Card,04-Jun-2023,
SUB-004925,ACC-101140,Business,3,$760.51,USD,15,Annual,Credit Card,06/04/2024,
SUB-004926,ACC-100997,Enterprise,4,"3,223.91",USD,0,Monthly,Credit Card,2024-03-29,
SUB-004927,ACC-101337,Business,1,595.51,USD,0,Annual,Credit Card,07/05/2022,2024-01-26
SUB-004928,ACC-101337,Starter,6,95.30,USD,0,Monthly,Credit Card,26/01/2024,
SUB-004929,ACC-100541,Pro,2,217,USD,0,Monthly,ACH,13/04/2025,11/12/2025
SUB-004930,ACC-100541,Enterprise,3,"$ 2,964",USD,0,Monthly,,12-Nov-2025,
SUB-004931,ACC-101099,Pro,2,250,USD,0,Monthly,ACH,2024-02-26,26/07/2024
SUB-004932,ACC-101132,Pro,6,$ 317,USD,0,Monthly,Credit Card,2025-02-04,
SUB-004933,ACC-105902,Starter,1,53,USD,0,Monthly,credit card,2023-04-28,28-Sep-2025
SUB-004934,ACC-104141,Starter,5,88.76,USD,0,Monthly,Credit Card,2023-11-04,
SUB-004935,ACC-102258,Business,6,$950.65,USD,0,Monthly,Invoice,02/16/2025,
SUB-004936,ACC-104912,Pro,6,380.62,USD,0,Monthly,Credit Card,2022-08-02,09/07/2022
SUB-004937,ACC-104912,Starter,3,$66.54,USD,0,Annual,Invoice,07-Sep-2022,02-Sep-2023
SUB-004938,ACC-104912,Business,3,699.90,USD,10,Annual,ACH,09/02/2023,2026-02-02
SUB-004939,ACC-103390,Starter,4,£74.77,GBP,0,Monthly,ACH,2023-09-21,21/11/2023
SUB-004940,ACC-102962,Business,4,$767.60,USD,20,Monthly,credit card,2023-12-02,2025-11-02
SUB-004941,ACC-100059,Pro,2,263,USD,0,Annual,Invoice,2022-07-01,
SUB-004942,ACC-103259,Starter,1,46,USD,0,Annual,Credit Card,2025/03/16,
SUB-004943,ACC-102206,Starter,2,62.80,USD,0,Monthly,ACH,02/04/2024,2025-01-02
SUB-004944,ACC-101938,Starter,2,$ 50,USD,20,Monthly,Credit Card,02/02/2025,
SUB-004945,ACC-105032,Starter,2,$ 59,USD,0,Monthly,Credit Card,2024-11-29,
SUB-004946,ACC-103494,Pro,3,258.06,USD,0,Monthly,credit card,22-May-2022,
SUB-004947,ACC-102813,Enterprise,1,"2,224.96",USD,0,Monthly,Invoice,04/20/2022,
SUB-004948,ACC-105266,Pro,5,£308.85,GBP,0,Monthly,Credit Card,2024-04-16,
SUB-004949,ACC-105449,Business,1,567,USD,0,Annual,ACH,2023-09-09,01/09/2024
SUB-004950,ACC-101078,Pro,3,237.64,USD,0,Monthly,Credit Card,30/05/2022,18-Feb-2026
SUB-004951,ACC-101078,Enterprise,2,"2,405.45",USD,0,Monthly,Credit Card,18-Feb-2026,
SUB-004952,ACC-104595,Business,3,$ 735,USD,0,Monthly,Credit Card,2024-04-11,26/05/2024
SUB-004953,ACC-104595,Starter,3,$ 67,USD,0,Monthly,Credit Card,26-May-2024,23-Jan-2025
SUB-004954,ACC-104595,Business,2,704.79,USD,0,Monthly,Credit Card,2025-01-23,
SUB-004955,ACC-105585,Business,4,$943.52,USD,0,Annual,credit card,2022-05-29,2024-01-29
SUB-004956,ACC-104331,Starter,2,£63.84,GBP,0,Monthly,Invoice,09/02/2024,
SUB-004957,ACC-103824,Business,3,$740.94,USD,0,Annual,Credit Card,2022-06-08,2023-03-08
SUB-004958,ACC-105171,Pro,3,$ 243,USD,0,Annual,credit card,15-Jan-2023,03/15/2023
SUB-004959,ACC-102630,Pro,1,191.49,USD,0,Monthly,Credit Card,2023-10-25,29/11/2023
SUB-004960,ACC-102630,Enterprise,5,"$2,192.89",USD,25,Monthly,Credit Card,11/29/2023,12/25/2023
SUB-004961,ACC-102630,Business,9,1345,USD,0,Monthly,Credit Card,2023-12-25,2023/12/25
SUB-004962,ACC-105662,Pro,1,228.42,USD,0,Monthly,Credit Card,2022-04-22,13-Jul-2022
SUB-004963,ACC-105662,Business,3,712.86,USD,0,Monthly,,2022-07-13,2024/09/22
SUB-004964,ACC-105424,Pro,4,266.70,EUR,0,Monthly,Invoice,08/18/2023,
SUB-004965,ACC-103903,Starter,2,$ 59,USD,0,Monthly,Credit Card,12/28/2023,09/28/2024
SUB-004966,ACC-100940,Starter,1,$ 42,USD,15,Monthly,Credit Card,,21/02/2025
SUB-004967,ACC-101080,Pro,7,$332.20,USD,5,Monthly,credit card,01/17/2023,
SUB-004968,ACC-100187,Business,6,1113,EUR,0,Monthly,ACH,04/28/2022,17-Nov-2022
SUB-004969,ACC-100187,Enterprise,17,"€5,577.35",EUR,20,Monthly,,2022-11-17,2023-02-28
SUB-004970,ACC-103832,Business,2,746.57,USD,0,Monthly,credit card,11/25/2022,
SUB-004971,ACC-104190,Business,4,$932.62,USD,0,Monthly,Credit Card,03/13/2022,
SUB-004972,ACC-102085,Starter,1,51.16,USD,5,Annual,credit card,16/06/2024,16/08/2024
SUB-004973,ACC-102249,Starter,4,74.54,USD,0,Annual,Credit Card,2022-09-14,2024-10-14
SUB-004974,ACC-103795,Business,1,669.73,USD,0,Monthly,Credit Card,2025-03-25,25-Apr-2025
SUB-004975,ACC-105956,Pro,2,253.14,EUR,0,Monthly,Invoice,2024-01-11,2026-01-17
SUB-004976,ACC-105956,Enterprise,5,"€3,554.06",EUR,0,Monthly,Credit Card,17-Jan-2026,
SUB-004977,ACC-102023,Starter,2,42.81,USD,20,Monthly,Credit Card,2022-11-06,2023-03-02
SUB-004978,ACC-102023,Enterprise,3,"2,528.84",USD,0,Monthly,Credit Card,2023-03-02,2023-10-28
SUB-004979,ACC-102023,Business,6,"$ 1,133",USD,0,Monthly,ACH,28-Oct-2023,06-Nov-2023
SUB-004980,ACC-104100,Pro,2,228,USD,0,Annual,Credit Card,2024-10-12,2025-05-31
SUB-004981,ACC-104100,Enterprise,6,"3,926.03",USD,0,Annual,Credit Card,2025-05-31,
SUB-004982,ACC-101492,Pro,4,$326.61,USD,0,Monthly,ACH,08/17/2025,
SUB-004983,ACC-104666,Pro,1,188,USD,0,Monthly,Credit Card,12/04/2024,
SUB-004984,ACC-104126,Starter,3,$70.35,USD,0,Annual,Credit Card,07-Jan-2022,2022-11-10
SUB-004985,ACC-104126,Business,2,740.07,USD,0,Monthly,Credit Card,10/11/2022,2023-06-09
SUB-004986,ACC-104126,Starter,2,59,USD,0,Annual,,06/09/2023,07/09/2023
SUB-004987,ACC-100226,Pro,2,226,GBP,0,Monthly,Credit Card,2022-07-08,
SUB-004988,ACC-101013,Pro,1,$228.31,USD,0,Monthly,Invoice,29-Aug-2022,11/05/2023
SUB-004989,ACC-101013,Starter,2,$54.66,USD,0,Annual,credit card,2023-11-05,2024-06-29
SUB-004990,ACC-102583,Pro,1,190.01,USD,0,Monthly,credit card,02/20/2025,
SUB-004991,ACC-101929,Business,2,€683.02,EUR,0,Monthly,Invoice,03/17/2022,24/06/2023
SUB-004992,ACC-101929,Pro,3,215,EUR,15,Annual,credit card,2023-06-24,
SUB-004993,ACC-104274,Business,5,965,USD,0,Monthly,Credit Card,2025-06-06,
SUB-004994,ACC-105461,Starter,10,109.33,USD,10,Monthly,credit card,10-Feb-2022,06/10/2022
SUB-004995,ACC-105461,Business,1,561.59,USD,0,Annual,ACH,10-Jun-2022,2022-08-10
SUB-004996,ACC-101404,Enterprise,1,"$1,673.81",USD,20,Monthly,ACH,18/10/2024,
SUB-004997,ACC-102179,Starter,3,$66.07,USD,0,Annual,Credit Card,2024-08-10,2026-03-16
SUB-004998,ACC-102179,Business,3,827.76,USD,0,Annual,Credit Card,16-Mar-2026,
SUB-004999,ACC-100697,Starter,2,53,GBP,0,Monthly,Credit Card,24-Mar-2024,2025-02-03
SUB-005000,ACC-100697,Pro,2,£235.23,GBP,0,Monthly,Credit Card,2025-02-03,12/24/2025
SUB-005001,ACC-101124,Pro,4,231.18,USD,20,Annual,Invoice,09-Apr-2025,2026/02/23
SUB-005002,ACC-101124,Enterprise,1,"2,250.41",USD,0,Monthly,Credit Card,23-Feb-2026,
SUB-005003,ACC-103282,Business,2,727.08,USD,0,Monthly,Credit Card,2022-12-17,2023-11-17
SUB-005004,ACC-104076,Pro,4,314.50,USD,0,Monthly,Credit Card,2023-04-20,
SUB-005005,ACC-104169,Pro,4,£ 292,GBP,0,Annual,Credit Card,2022-06-07,2022-11-12
SUB-005006,ACC-104169,Starter,6,£71.89,GBP,15,Monthly,Credit Card,2022-11-12,2023-01-09
SUB-005007,ACC-104169,Enterprise,1,"2,215.25",GBP,0,Monthly,credit card,2023-01-09,07-Jun-2023
SUB-005008,ACC-101778,Pro,1,203.71,USD,10,Monthly,Credit Card,2023-11-13,2025-03-17
SUB-005009,ACC-101778,Business,6,"$ 1,095",USD,0,Monthly,ACH,2025-03-17,
SUB-005010,ACC-102634,Pro,1,179.22,USD,0,Monthly,credit card,2025-08-10,2026-01-09
SUB-005011,ACC-102634,Enterprise,2,1755,USD,25,Monthly,Credit Card,01/09/2026,
SUB-005012,ACC-103091,Pro,4,$ 332,USD,0,Annual,Credit Card,2023-02-07,08/11/2023
SUB-005013,ACC-103091,Business,1,683.48,USD,0,Monthly,Credit Card,11/08/2023,
SUB-005014,ACC-105178,Pro,1,180.83,USD,20,Monthly,ACH,08/05/2024,09/05/2025
SUB-005015,ACC-105345,Pro,4,$297.14,USD,0,Annual,Credit Card,2024-08-09,2025-08-05
SUB-005016,ACC-105345,Business,1,471,USD,20,Annual,,08/05/2025,2025-09-11
SUB-005017,ACC-105345,Enterprise,5,"$ 3,112",USD,0,Monthly,Credit Card,09/11/2025,
SUB-005018,ACC-103489,Starter,11,$125.15,USD,0,Annual,Credit Card,2023-10-06,2026-02-06
SUB-005019,ACC-101656,Pro,1,€226.58,EUR,0,Monthly,Credit Card,2024-05-15,2024-10-15
SUB-005020,ACC-101037,Pro,1,176,USD,20,Annual,ACH,2022-07-14,2022-10-30
SUB-005021,ACC-101037,Starter,2,$62.12,USD,0,Monthly,Credit Card,2022-10-30,01/14/2025
SUB-005022,ACC-105066,Starter,2,58,EUR,0,Monthly,Credit Card,2024-12-05,
SUB-005023,ACC-102256,Business,5,1076,USD,0,Annual,Credit Card,11/20/2024,
SUB-005024,ACC-103885,Enterprise,2,"$ 2,611",USD,0,Annual,Credit Card,24/03/2023,21/04/2024
SUB-005025,ACC-103885,Pro,1,$ 182,USD,0,Annual,Invoice,21/04/2024,07/27/2024
SUB-005026,ACC-103885,Enterprise,9,"$4,626.67",USD,0,Monthly,ACH,07/27/2024,08/24/2024
SUB-005027,ACC-100313,Starter,3,$69.01,USD,0,Monthly,Invoice,2022-08-31,
SUB-005028,ACC-102649,Pro,6,344,USD,0,Annual,Credit Card,01/12/2025,11/05/2026
SUB-005029,ACC-102649,Enterprise,4,"$3,147.92",USD,0,Monthly,ACH,2026-05-11,
SUB-005030,ACC-102281,Enterprise,3,2573,EUR,0,Monthly,Invoice,2024-03-17,2024-11-27
SUB-005031,ACC-102281,Starter,2,60.18,EUR,5,Annual,ACH,11/27/2024,
SUB-005032,ACC-103801,Starter,4,$ 66,USD,0,Monthly,Credit Card,2023-12-24,2024-06-23
SUB-005033,ACC-103801,Pro,6,316,USD,20,Monthly,ACH,06/23/2024,2024-07-24
SUB-005034,ACC-104702,Business,4,$983.63,USD,0,Monthly,ACH,27-Sep-2024,2025-07-27
SUB-005035,ACC-102547,Starter,3,65.78,USD,0,Monthly,Invoice,2025-06-19,
SUB-005036,ACC-101416,Pro,6,357.61,USD,0,Annual,Credit Card,27/07/2023,2023-12-22
SUB-005037,ACC-101416,Starter,12,$133.70,USD,0,Monthly,Credit Card,2023-12-22,
SUB-005038,ACC-101036,Starter,2,53,USD,0,Monthly,Invoice,2022-12-21,2025-07-21
SUB-005039,ACC-102159,Starter,1,51,USD,0,Annual,Invoice,27/04/2024,27-Feb-2025
SUB-005040,ACC-102984,Starter,1,€ 42,EUR,10,Annual,Credit Card,05/16/2023,09/16/2024
SUB-005041,ACC-103137,Business,3,668.86,EUR,15,Monthly,,05/25/2025,12/25/2025
SUB-005042,ACC-105609,Pro,8,409.45,EUR,0,Monthly,,2025-04-26,
SUB-005043,ACC-101754,Starter,1,48.17,USD,0,Monthly,Credit Card,2024-03-28,2024-08-07
SUB-005044,ACC-101754,Enterprise,3,"$2,529.08",USD,15,Annual,Invoice,2024-08-07,2025-02-28
SUB-005045,ACC-104653,Starter,3,$ 63,USD,0,Annual,Credit Card,2024-04-21,10/21/2025
SUB-005046,ACC-104096,Pro,2,$ 161,USD,25,Monthly,Invoice,2022-02-25,2022-12-03
SUB-005047,ACC-104096,Business,3,635,USD,15,Monthly,ACH,03/12/2022,
SUB-005048,ACC-105584,Starter,1,47,USD,15,Monthly,ACH,2022-03-18,
SUB-005049,ACC-103732,Starter,1,47,USD,15,Monthly,Credit Card,2023-12-08,2024-06-08
SUB-005050,ACC-102520,Enterprise,6,"$3,441.78",USD,0,Annual,Credit Card,11/11/2022,2024-08-26
SUB-005051,ACC-102520,Starter,6,79.82,USD,0,Monthly,Credit Card,2024-08-26,2025-01-05
SUB-005052,ACC-102520,Pro,3,278.71,USD,0,Annual,Credit Card,2025-01-05,2025-02-11
SUB-005053,ACC-100873,Business,3,$723.34,USD,0,Annual,Credit Card,09/22/2022,2024-07-12
SUB-005054,ACC-100873,Pro,2,$ 238,USD,0,Monthly,Credit Card,07/12/2024,22/03/2025
SUB-005055,ACC-104868,Pro,1,€ 192,EUR,0,Monthly,Invoice,29/03/2023,
SUB-005056,ACC-104550,Starter,2,53.86,USD,0,Annual,credit card,05/05/2025,2026-03-06
SUB-005057,ACC-104550,Enterprise,1,1918,USD,0,Monthly,Invoice,03/06/2026,
SUB-005058,ACC-101506,Starter,2,$ 51,USD,0,Annual,Invoice,09-Jun-2025,
SUB-005059,ACC-105613,Pro,6,331.97,USD,0,Annual,Credit Card,13-Jan-2024,2025-10-16
SUB-005060,ACC-105613,Starter,3,69,USD,0,Monthly,credit card,2025-10-16,2026-03-13
SUB-005061,ACC-101923,Starter,3,69,USD,0,Monthly,Credit Card,2025-02-11,
SUB-005062,ACC-100448,Business,2,$777.72,USD,0,Monthly,Credit Card,2022-06-19,
SUB-005063,ACC-104219,Pro,1,€170.85,EUR,15,Annual,Credit Card,03/11/2022,2022-12-20
SUB-005064,ACC-104219,Business,1,583,EUR,0,Annual,Credit Card,2022-12-20,2025-01-03
SUB-005065,ACC-103882,Business,2,620.18,USD,10,Monthly,credit card,28/08/2023,2023/11/28
SUB-005066,ACC-104578,Pro,2,$ 221,USD,0,Monthly,Credit Card,2023-10-13,2025-03-13
SUB-005067,ACC-103257,Starter,1,53.30,USD,0,Monthly,Credit Card,2023-06-27,
SUB-005068,ACC-100361,Pro,13,518.13,USD,0,Annual,Credit Card,2022-08-22,2024-08-16
SUB-005069,ACC-100361,Business,5,$873.45,USD,5,Monthly,,2024-08-16,12/06/2025
SUB-005070,ACC-100361,Enterprise,1,"$ 1,814",USD,0,Annual,Credit Card,2025-12-06,
SUB-005071,ACC-102183,Starter,1,56.01,EUR,0,Monthly,ACH,2022-04-11,11-Dec-2024
SUB-005072,ACC-101134,Enterprise,1,"$ 2,138",USD,0,Monthly,Credit Card,2023-07-13,13-Aug-2024
SUB-005073,ACC-104899,Business,2,$767.91,USD,0,Monthly,Credit Card,2025-07-18,
SUB-005074,ACC-103199,Starter,2,$52.08,USD,0,Monthly,Credit Card,01/24/2023,
SUB-005075,ACC-105484,Starter,1,€48.25,EUR,0,Monthly,Credit Card,2023-07-21,
SUB-005076,ACC-103438,Enterprise,4,"3,168.77",USD,0,Annual,Credit Card,2024-01-17,03/02/2025
SUB-005077,ACC-103438,Business,12,"1,462.67",USD,0,Annual,ACH,2025-03-02,
SUB-005078,ACC-102155,Business,2,$708.86,USD,0,Monthly,Credit Card,2024-05-03,26-Jun-2024
SUB-005079,ACC-102155,Starter,9,110.50,USD,0,Monthly,credit card,06/26/2024,2024-09-03
SUB-005080,ACC-101830,Starter,4,72.82,USD,0,Monthly,ACH,2023-07-08,
SUB-005081,ACC-101053,Pro,2,186,USD,10,Monthly,Credit Card,2024-08-09,09/09/2024
SUB-005082,ACC-102460,Business,7,"$1,295.35",USD,0,Annual,Invoice,2025-06-26,
SUB-005083,ACC-100022,Starter,2,59.77,USD,0,Monthly,Credit Card,03/30/2023,2024-03-30
SUB-005084,ACC-102066,Business,6,"1,145.48",USD,0,Monthly,Credit Card,12/14/2024,2025-05-21
SUB-005085,ACC-102066,Pro,2,190.85,USD,25,Annual,Credit Card,2025-05-21,14-Dec-2025
SUB-005086,ACC-101653,Enterprise,1,"$1,891.62",USD,0,Monthly,,12-Sep-2023,2025/02/21
SUB-005087,ACC-101653,Starter,3,66,USD,0,Annual,Credit Card,2025-02-21,
SUB-005088,ACC-103767,Business,2,$759.32,USD,0,Monthly,credit card,2024/01/04,
SUB-005089,ACC-104390,Starter,1,47.05,USD,0,Monthly,credit card,2025-04-06,
SUB-005090,ACC-102743,Pro,1,228,USD,0,Monthly,ACH,2023-10-23,01-Feb-2024
SUB-005091,ACC-102743,Enterprise,4,"2,640.75",USD,0,Monthly,credit card,02/01/2024,04/23/2024
SUB-005092,ACC-104078,Pro,2,235.44,USD,0,Monthly,,03/07/2022,
SUB-005093,ACC-104943,Pro,3,232.90,USD,0,Annual,Credit Card,2023-05-19,2025-09-23
SUB-005094,ACC-104943,Business,2,729,USD,0,Annual,ACH,23-Sep-2025,2025-11-26
SUB-005095,ACC-104943,Starter,1,54,USD,0,Annual,Credit Card,2025-11-26,
SUB-005096,ACC-102468,Pro,2,227.55,USD,0,Monthly,Credit Card,2024-04-03,
SUB-005097,ACC-102325,Pro,2,$ 196,USD,25,Annual,ACH,2024-01-14,
SUB-005098,ACC-100460,Pro,1,173.81,USD,15,Monthly,credit card,2024-03-06,
SUB-005099,ACC-101067,Enterprise,3,"2,559.61",USD,0,Annual,Credit Card,2024-07-02,2025-01-04
SUB-005100,ACC-101067,Business,9,"1,100.82",USD,15,Monthly,Credit Card,04-Jan-2025,2025-06-02
SUB-005101,ACC-100087,Enterprise,3,"2,743.80",USD,0,Monthly,Invoice,2022-02-20,2023-03-20
SUB-005102,ACC-101430,Pro,3,$270.50,USD,0,Monthly,Credit Card,13-Feb-2025,09/13/2025
SUB-005103,ACC-103849,Pro,1,222.61,EUR,0,Annual,Credit Card,2022-06-07,07-Dec-2024
SUB-005104,ACC-100282,Business,1,€539.31,EUR,0,Monthly,,2022-11-20,
SUB-005105,ACC-102483,Business,6,"$1,126.99",USD,0,Annual,Credit Card,2022-06-11,2022-08-11
SUB-005106,ACC-100462,Pro,1,226,USD,0,Monthly,Invoice,2023-08-02,
SUB-005107,ACC-100212,Business,2,$694.19,USD,0,Monthly,Credit Card,10/11/2022,2025-11-17
SUB-005108,ACC-100212,Pro,5,$ 320,USD,0,Monthly,Credit Card,17-Nov-2025,
SUB-005109,ACC-104763,Pro,2,226.67,USD,10,Annual,Credit Card,2024-01-03,2026-04-03
SUB-005110,ACC-104833,Pro,3,248.94,USD,0,Annual,ACH,22/11/2024,22-Mar-2026
SUB-005111,ACC-102907,Starter,2,$ 63,USD,0,Monthly,Credit Card,2022-10-15,2024-03-15
SUB-005112,ACC-102581,Business,2,655.26,USD,0,Monthly,Credit Card,2023-02-24,2024-09-03
SUB-005113,ACC-102581,Enterprise,2,"2,534.67",USD,0,Monthly,Credit Card,03/09/2024,
SUB-005114,ACC-101368,Pro,2,255.59,USD,0,Annual,Credit Card,07-Feb-2025,2025-08-30
SUB-005115,ACC-101368,Business,6,"$ 1,080",USD,0,Monthly,Credit Card,2025/08/30,2026-02-14
SUB-005116,ACC-101368,Starter,4,71.45,USD,0,Annual,Credit Card,2026-02-14,
SUB-005117,ACC-100234,Starter,1,49.17,GBP,0,Monthly,ACH,2025-07-16,03/04/2026
SUB-005118,ACC-100234,Business,1,632.98,GBP,0,Monthly,Credit Card,04-Mar-2026,
SUB-005119,ACC-104038,Pro,2,217.26,USD,10,Monthly,Credit Card,2024-02-10,11/10/2024
SUB-005120,ACC-100597,Business,2,770.14,USD,0,Monthly,ACH,2023-05-12,
SUB-005121,ACC-105372,Pro,2,226.68,USD,0,Monthly,credit card,02/04/2025,
SUB-005122,ACC-102250,Pro,2,224.51,USD,0,Monthly,Credit Card,2023/07/12,2024-04-18
SUB-005123,ACC-102250,Enterprise,2,"$1,932.90",USD,10,Annual,Credit Card,18-Apr-2024,12/05/2024
SUB-005124,ACC-104940,Business,4,837,USD,15,Monthly,ACH,2024/10/02,
SUB-005125,ACC-102283,Starter,1,53.08,USD,0,Annual,Credit Card,2023-03-22,
SUB-005126,ACC-100662,Pro,2,$ 193,USD,15,Monthly,ACH,02/10/2022,2024-08-03
SUB-005127,ACC-100662,Business,1,$550.06,USD,0,Monthly,Credit Card,2024-08-03,2025-01-10
SUB-005128,ACC-101959,Enterprise,7,4335,USD,0,Monthly,Credit Card,30/01/2023,08/12/2023
SUB-005129,ACC-101959,Pro,1,192.53,USD,0,Monthly,Credit Card,2023-08-12,
SUB-005130,ACC-102285,Business,5,935.23,USD,0,Monthly,Credit Card,2024-07-04,2024-10-22
SUB-005131,ACC-102285,Pro,4,302.44,USD,0,Monthly,Credit Card,10/22/2024,2025-05-08
SUB-005132,ACC-102285,Enterprise,6,"$2,810.77",USD,15,Monthly,credit card,2025-05-08,2025-08-04
SUB-005133,ACC-103431,Business,3,$ 739,USD,0,Monthly,Credit Card,2022-03-21,
SUB-005134,ACC-105737,Starter,2,60.17,EUR,0,Monthly,ACH,2023-09-14,
SUB-005135,ACC-104379,Starter,10,108.03,USD,15,Monthly,Credit Card,2022-01-22,22/08/2022
SUB-005136,ACC-105785,Starter,3,79,USD,-10,Annual,credit card,2023-10-19,09/19/2025
SUB-005137,ACC-105553,Starter,1,$ 50,USD,0,Monthly,Credit Card,2024-08-09,
SUB-005138,ACC-103468,Pro,3,206,USD,20,Annual,Credit Card,2024-04-13,
SUB-005139,ACC-105235,Business,3,€ 855,EUR,0,Monthly,Credit Card,2025-03-09,
SUB-005140,ACC-102990,Starter,4,$79.08,USD,0,Annual,Credit Card,2025-08-27,
SUB-005141,ACC-105411,Starter,1,50.33,USD,0,Monthly,Credit Card,10/27/2022,2023-05-10
SUB-005142,ACC-105411,Enterprise,1,1729,USD,5,Monthly,Credit Card,2023-05-10,
SUB-005143,ACC-100779,Pro,2,$249.15,USD,0,Annual,Credit Card,02/09/2023,2025-01-10
SUB-005144,ACC-100779,Starter,1,47.74,USD,0,Annual,Credit Card,10-Jan-2025,2025-04-26
SUB-005145,ACC-100779,Enterprise,2,"$2,372.42",USD,0,Monthly,credit card,2025-04-26,
SUB-005146,ACC-102544,Business,2,742,USD,0,Monthly,Credit Card,2023-05-10,
SUB-005147,ACC-104516,Pro,1,$ 188,USD,0,Annual,ACH,17/02/2025,
SUB-005148,ACC-104545,Enterprise,3,"2,475.44",USD,0,Monthly,ACH,2022-08-30,2023/12/10
SUB-005149,ACC-104545,Starter,2,$44.51,USD,25,Monthly,ACH,2023-12-10,30-Mar-2025
SUB-005150,ACC-104448,Business,4,$ 802,USD,10,Monthly,Credit Card,2024-10-14,
SUB-005151,ACC-104383,Starter,5,$ 74,USD,0,Annual,Invoice,2024-08-17,2024-10-05
SUB-005152,ACC-104383,Business,2,678.04,USD,0,Monthly,Credit Card,2024-10-05,2025-03-29
SUB-005153,ACC-104383,Enterprise,3,"$2,753.49",USD,0,Monthly,Credit Card,29-Mar-2025,
SUB-005154,ACC-105003,Business,1,$646.94,USD,0,Monthly,Credit Card,2025-03-22,02/22/2026
SUB-005155,ACC-105882,Starter,1,48,USD,0,Monthly,Credit Card,08/09/2024,04/03/2026
SUB-005156,ACC-105882,Enterprise,4,"$2,884.26",USD,0,Monthly,Credit Card,03-Apr-2026,
SUB-005157,ACC-100685,Business,1,$688.21,USD,0,Monthly,ACH,08/18/2025,
SUB-005158,ACC-104945,Business,1,$ 668,USD,0,Annual,Credit Card,2023-01-08,2023-03-31
SUB-005159,ACC-104945,Starter,3,$60.13,USD,0,Annual,Credit Card,2023-03-31,2024-02-08
SUB-005160,ACC-104477,Business,4,589,USD,25,Monthly,Credit Card,2025-08-15,2025/12/30
SUB-005161,ACC-104477,Starter,3,64.29,USD,10,Monthly,Credit Card,2025-12-30,
SUB-005162,ACC-103243,Starter,2,52.39,USD,0,Annual,ACH,2022-10-06,
SUB-005163,ACC-101748,Starter,1,$55.87,USD,0,Monthly,Credit Card,2024-11-01,2026-04-01
SUB-005164,ACC-104004,Enterprise,6,"$4,014.54",USD,0,Monthly,Invoice,,
SUB-005165,ACC-104703,Starter,1,45.93,USD,10,Monthly,,2022-01-09,2022-11-09
SUB-005166,ACC-102837,Pro,2,€ 256,EUR,0,Monthly,Credit Card,2023-01-22,
SUB-005167,ACC-103032,Business,2,539,USD,20,Monthly,Credit Card,2022-12-17,
SUB-005168,ACC-102171,Starter,3,72.90,EUR,0,Monthly,Credit Card,07/25/2022,2023-07-25
SUB-005169,ACC-103878,Starter,1,$52.15,USD,0,Monthly,Credit Card,2025-02-13,2025-11-13
SUB-005170,ACC-101850,Business,1,561.42,USD,15,Annual,ACH,09/16/2024,16/08/2025
SUB-005171,ACC-100487,Starter,1,50.10,USD,0,Monthly,Credit Card,2022-03-12,09/12/2022
SUB-005172,ACC-101688,Starter,2,54,EUR,0,Monthly,Credit Card,2025-06-14,
SUB-005173,ACC-102230,Starter,1,36.93,USD,20,Annual,Credit Card,2024-12-20,
SUB-005174,ACC-103473,Starter,3,$60.93,USD,0,Monthly,Credit Card,01/13/2024,2025-04-13
SUB-005175,ACC-105598,Starter,1,48.31,USD,0,Monthly,Credit Card,08/04/2022,
SUB-005176,ACC-102320,Starter,3,€ 65,EUR,0,Annual,Credit Card,2024-06-03,
SUB-005177,ACC-100782,Pro,6,368.79,USD,0,Annual,credit card,03-Apr-2025,05/16/2025
SUB-005178,ACC-100782,Business,1,$ 657,USD,0,Monthly,ACH,16/05/2025,24/01/2026
SUB-005179,ACC-100782,Pro,4,299,USD,0,Monthly,ACH,2026-01-24,
SUB-005180,ACC-100521,Pro,2,221.76,USD,0,Monthly,credit card,2024-07-30,
SUB-005181,ACC-100522,Starter,3,63.67,USD,5,Monthly,,2024-03-17,
SUB-005182,ACC-104500,Business,5,877.01,USD,0,Monthly,ACH,2024-08-25,
SUB-005183,ACC-102939,Pro,1,184.29,EUR,0,Monthly,Credit Card,2023-04-12,2025-09-12
SUB-005184,ACC-104745,Pro,2,$248.42,USD,0,Monthly,Credit Card,01/18/2022,
SUB-005185,ACC-104915,Business,6,"1,013.64",USD,0,Monthly,Invoice,2023-01-08,
SUB-005186,ACC-102398,Business,2,$772.24,USD,0,Monthly,Invoice,2025-04-28,
SUB-005187,ACC-102207,Enterprise,2,"$2,641.83",USD,0,Annual,Credit Card,2024-07-31,2024-12-19
SUB-005188,ACC-102207,Business,5,896,USD,0,Monthly,Credit Card,19-Dec-2024,
SUB-005189,ACC-104581,Enterprise,3,"2,719.08",USD,0,Monthly,Credit Card,2022-04-10,2023-03-13
SUB-005190,ACC-104581,Starter,5,85.75,USD,0,Annual,Credit Card,2023-03-13,2023-05-05
SUB-005191,ACC-104581,Enterprise,3,"2,632.57",USD,10,Annual,Credit Card,2023-05-05,2023-05-10
SUB-005192,ACC-100780,Starter,1,55,USD,0,Monthly,Credit Card,2024-11-24,
SUB-005193,ACC-105652,Starter,3,70,GBP,0,Annual,Credit Card,17/04/2025,2025-07-20
SUB-005194,ACC-105652,Pro,1,190.61,GBP,0,Monthly,Credit Card,2025-07-20,05/17/2026
SUB-005195,ACC-104103,Enterprise,2,2035,USD,10,Monthly,Credit Card,2024-08-20,14-Feb-2026
SUB-005196,ACC-104103,Pro,1,$ 211,USD,0,Monthly,Credit Card,2026-02-14,
SUB-005197,ACC-101511,Starter,2,57,USD,0,Annual,ACH,2024-02-13,2024-07-09
SUB-005198,ACC-101511,Pro,1,$175.69,USD,10,Monthly,Credit Card,2024-07-09,03/13/2025
SUB-005199,ACC-101882,Enterprise,1,"$2,118.89",USD,0,Annual,ACH,2024-11-05,
SUB-005200,ACC-100651,Business,4,871.21,USD,0,Monthly,Credit Card,12/28/2024,
SUB-005201,ACC-104063,Pro,1,161.52,USD,10,Annual,ACH,01/20/2024,
SUB-005202,ACC-101801,Starter,1,49.89,EUR,0,Annual,ACH,2023-11-12,2025-08-12
SUB-005203,ACC-100369,Starter,3,70,USD,0,Monthly,ACH,2022-10-15,2023-06-15
SUB-005204,ACC-105309,Enterprise,6,"3,479.41",USD,10,Annual,Credit Card,12/08/2023,
SUB-005205,ACC-103841,Business,1,572,USD,10,Monthly,Credit Card,25/03/2025,25/04/2026
SUB-005206,ACC-103841,Starter,1,51.89,USD,0,Monthly,Credit Card,04/25/2026,2026-05-25
SUB-005207,ACC-103841,Enterprise,7,"3,383.52",USD,10,Annual,Credit Card,05/25/2026,
SUB-005208,ACC-100118,Pro,2,$ 191,USD,10,Monthly,Credit Card,2022-12-30,
SUB-005209,ACC-100377,Starter,3,64.07,GBP,5,Monthly,Invoice,2023-08-23,
SUB-005210,ACC-100216,Starter,4,€78.41,EUR,0,Monthly,credit card,2024-06-01,2025-12-01
SUB-005211,ACC-102216,Enterprise,3,"£2,060.85",GBP,20,Monthly,Credit Card,2023-08-06,
SUB-005212,ACC-104623,Starter,10,123,USD,0,Monthly,ACH,2023-08-28,10/28/2025
SUB-005213,ACC-101613,Pro,3,294.88,USD,0,Monthly,Credit Card,06-Jun-2023,
SUB-005214,ACC-102883,Pro,3,$ 250,USD,15,Monthly,Credit Card,2024/01/03,
SUB-005215,ACC-104354,Pro,2,223,USD,5,Monthly,credit card,2023-09-04,08/04/2025
SUB-005216,ACC-105460,Starter,3,64,USD,0,Monthly,Invoice,23/09/2024,2024-10-23
SUB-005217,ACC-103632,Pro,2,€232.73,EUR,10,Monthly,Credit Card,2022-02-15,
SUB-005218,ACC-100962,Starter,1,48.67,USD,0,Annual,Credit Card,13/06/2025,
SUB-005219,ACC-105476,Business,13,1771,EUR,0,Monthly,Credit Card,2024-01-08,
SUB-005220,ACC-102510,Pro,1,169.68,USD,10,Monthly,ACH,08/02/2024,2025-12-17
SUB-005221,ACC-102510,Starter,1,45.93,USD,0,Monthly,Credit Card,2025-12-17,
SUB-005222,ACC-105711,Starter,1,$51.62,USD,0,Annual,credit card,10/28/2023,2024-09-28
SUB-005223,ACC-104628,Starter,3,60.71,GBP,0,Monthly,,2023/05/15,
SUB-005224,ACC-104686,Business,7,1074,USD,10,Annual,credit card,2024-03-13,
SUB-005225,ACC-100359,Pro,2,€ 243,EUR,0,Monthly,ACH,2023-03-09,2024-05-23
SUB-005226,ACC-100359,Business,6,"€1,021.47",EUR,0,Monthly,ACH,2024-05-23,2024-11-09
SUB-005227,ACC-101246,Starter,3,$62.17,USD,0,Monthly,ACH,2025-06-27,
SUB-005228,ACC-103408,Pro,4,324.82,USD,0,Monthly,Credit Card,17-Nov-2024,
SUB-005229,ACC-104229,Business,1,575.26,USD,0,Annual,Credit Card,01/26/2025,
SUB-005230,ACC-102415,Pro,2,229,USD,0,Monthly,Credit Card,2022-09-11,
SUB-005231,ACC-105660,Enterprise,8,"3,714.52",USD,0,Annual,Credit Card,06/20/2023,
SUB-005232,ACC-105135,Enterprise,1,"$ 1,947",USD,0,Monthly,Invoice,2024-09-01,18-Jan-2026
SUB-005233,ACC-105135,Business,1,598.03,USD,0,Monthly,Credit Card,2026/01/18,03/04/2026
SUB-005234,ACC-105135,Starter,4,73.70,USD,0,Annual,credit card,2026-03-04,
SUB-005235,ACC-102185,Starter,4,$73.16,USD,0,Monthly,Credit Card,2025-06-26,
SUB-005236,ACC-104102,Business,4,902.81,USD,0,Monthly,ACH,2024/02/24,
SUB-005237,ACC-102567,Pro,1,$162.50,USD,20,Annual,ACH,18/05/2025,
SUB-005238,ACC-103423,Pro,1,200.94,USD,0,Monthly,,27-Apr-2022,01/14/2023
SUB-005239,ACC-103423,Starter,4,79.86,USD,0,Monthly,Invoice,2023-01-14,2026-04-27
SUB-005240,ACC-102037,Starter,1,52,USD,0,Annual,,2025-04-26,03/25/2026
SUB-005241,ACC-102037,Enterprise,4,"3,158.95",USD,0,Monthly,Invoice,2026-03-25,
SUB-005242,ACC-105168,Business,5,864.46,USD,0,Annual,ACH,2023-07-10,2024-04-29
SUB-005243,ACC-105168,Starter,2,48,USD,25,Monthly,ACH,29-Apr-2024,2025-03-10
SUB-005244,ACC-100772,Business,3,$710.51,USD,10,Annual,Credit Card,2024-05-06,
SUB-005245,ACC-101284,Starter,3,64,USD,0,Monthly,ACH,2022-02-24,2024-07-19
SUB-005246,ACC-101284,Business,2,624.12,USD,0,Annual,,07/19/2024,2024-08-18
SUB-005247,ACC-101284,Enterprise,2,$5.00,USD,150,Monthly,Credit Card,2024-08-18,08/24/2024
SUB-005248,ACC-105593,Business,6,"1,109.37",USD,0,Monthly,Credit Card,2022-03-19,2023-03-20
SUB-005249,ACC-105593,Enterprise,4,2695,USD,5,Monthly,ACH,2023-03-20,
SUB-005250,ACC-103562,Pro,5,337.87,USD,0,Annual,Credit Card,2022-05-16,01/16/2024
SUB-005251,ACC-105761,Starter,2,53,USD,0,Monthly,Credit Card,2023-05-27,2024/04/26
SUB-005252,ACC-105761,Pro,2,$236.61,USD,0,Monthly,,26-Apr-2024,2024-05-27
SUB-005253,ACC-102587,Business,3,€ 630,EUR,15,Annual,ACH,02/09/2024,02/04/2026
SUB-005254,ACC-105561,Starter,4,76.54,EUR,0,Monthly,Credit Card,2024-11-24,
SUB-005255,ACC-101414,Starter,5,€71.67,EUR,5,Monthly,,08/01/2024,24/11/2024
SUB-005256,ACC-101414,Business,6,"€1,073.04",EUR,0,Monthly,ACH,2024-11-24,2024-12-01
SUB-005257,ACC-101234,Starter,2,5.00,USD,150,Monthly,Credit Card,2023-03-09,04/08/2023
SUB-005258,ACC-101234,Business,1,618.58,USD,0,Monthly,,2023-04-08,10/09/2023
SUB-005259,ACC-103931,Starter,1,$ 51,USD,0,Monthly,credit card,03-Nov-2022,
SUB-005260,ACC-100435,Enterprise,12,"5,592.06",USD,0,Annual,Invoice,06/08/2023,11/29/2023
SUB-005261,ACC-100435,Starter,1,50.59,USD,0,Monthly,Credit Card,2023/11/29,03-Jun-2025
SUB-005262,ACC-100435,Pro,4,$260.24,USD,0,Monthly,Credit Card,03/06/2025,
SUB-005263,ACC-101674,Pro,2,238.90,EUR,0,Monthly,Credit Card,2022-03-05,
SUB-005264,ACC-103299,Pro,1,€217.49,EUR,0,Monthly,Credit Card,04/09/2023,2026-03-30
SUB-005265,ACC-103299,Enterprise,5,"€3,649.64",EUR,-10,Monthly,Credit Card,2026-03-30,
SUB-005266,ACC-100365,Business,1,600.65,USD,0,Monthly,Credit Card,2023-08-22,2023-10-13
SUB-005267,ACC-100365,Pro,3,$201.64,USD,25,Annual,credit card,2023-10-13,2023-10-22
SUB-005268,ACC-105527,Starter,1,$46.09,USD,0,Monthly,Credit Card,2024-11-22,2025-10-21
SUB-005269,ACC-105527,Business,2,$685.22,USD,0,Monthly,Credit Card,2025-10-21,2026-05-28
SUB-005270,ACC-105527,Enterprise,10,"$5,161.04",USD,0,Monthly,Credit Card,,
SUB-005271,ACC-100231,Starter,2,$41.68,USD,25,Monthly,,2025/08/11,07/01/2026
SUB-005272,ACC-100231,Business,3,$709.93,USD,0,Annual,Invoice,01/07/2026,
SUB-005273,ACC-105174,Business,3,$ 838,USD,0,Monthly,ACH,2025-02-15,
SUB-005274,ACC-100147,Starter,11,127,USD,0,Monthly,Credit Card,2022-08-24,24/12/2022
SUB-005275,ACC-105342,Starter,1,$ 45,USD,0,Annual,credit card,2025/08/02,
SUB-005276,ACC-103088,Starter,1,52.24,USD,5,Annual,Credit Card,11/27/2023,2024-04-25
SUB-005277,ACC-103088,Enterprise,3,2709,USD,0,Annual,Credit Card,2024/04/25,
SUB-005278,ACC-104794,Business,7,"$1,090.11",USD,0,Monthly,Invoice,2025-01-21,
SUB-005279,ACC-103554,Pro,5,323,GBP,0,Monthly,Invoice,2025/04/11,2025-07-11
SUB-005280,ACC-100407,Pro,3,€286.37,EUR,0,Monthly,Credit Card,02/18/2024,18-Jun-2024
SUB-005281,ACC-105619,Business,1,649,USD,0,Monthly,Invoice,04/15/2022,07/15/2022
SUB-005282,ACC-103692,Starter,6,80,USD,0,Annual,credit card,2025-08-27,
SUB-005283,ACC-103456,Starter,6,84.51,USD,0,Annual,Invoice,2024-08-11,12/11/2024
SUB-005284,ACC-102090,Starter,2,$52.67,USD,0,Monthly,Credit Card,2022-07-01,2022-09-11
SUB-005285,ACC-102090,Pro,2,219.18,USD,0,Annual,Credit Card,11-Sep-2022,2023-02-01
SUB-005286,ACC-100086,Starter,4,80.78,USD,0,Monthly,ACH,06/25/2023,13-May-2026
SUB-005287,ACC-100086,Enterprise,2,"2,455.18",USD,0,Monthly,Credit Card,2026-05-13,
SUB-005288,ACC-103576,Business,3,841.99,USD,0,Monthly,Credit Card,01/22/2024,
SUB-005289,ACC-103271,Business,5,857.05,USD,20,Annual,Credit Card,04/14/2022,05/14/2022
SUB-005290,ACC-100844,Starter,2,49,USD,20,Monthly,credit card,25/12/2023,02/18/2026
SUB-005291,ACC-100844,Business,2,$749.04,USD,0,Monthly,Credit Card,2026-02-18,
SUB-005292,ACC-101031,Starter,3,$62.15,USD,0,Monthly,Credit Card,05-Dec-2022,05-Jun-2025
SUB-005293,ACC-104857,Pro,6,$392.30,USD,0,Annual,Credit Card,28-May-2023,01/19/2024
SUB-005294,ACC-104857,Enterprise,1,"1,957.42",USD,0,Monthly,Credit Card,2024-01-19,
SUB-005295,ACC-104674,Enterprise,3,"2,438.26",EUR,0,Monthly,,2022-09-25,09/05/2024
SUB-005296,ACC-104674,Business,3,€735.01,EUR,0,Monthly,Credit Card,2024-05-09,
SUB-005297,ACC-105562,Business,3,€831.15,EUR,0,Monthly,Invoice,2025-03-18,2026-04-11
SUB-005298,ACC-105562,Enterprise,1,"2,208.64",EUR,0,Monthly,Invoice,2026-04-11,
SUB-005299,ACC-102987,Enterprise,2,"$2,213.83",USD,0,Monthly,Credit Card,12/10/2023,
SUB-005300,ACC-104409,Starter,4,75.63,USD,0,Monthly,Credit Card,2025-02-24,2026-04-24
SUB-005301,ACC-102628,Business,2,620.71,USD,0,Monthly,Credit Card,2024-07-12,12-Sep-2024
SUB-005302,ACC-103864,Starter,7,105.81,USD,0,Monthly,Credit Card,28-May-2023,
SUB-005303,ACC-103887,Business,5,888,USD,0,Annual,ACH,2024-02-22,20-Nov-2025
SUB-005304,ACC-103887,Enterprise,2,"2,381.24",USD,0,Monthly,credit card,2025/11/20,
SUB-005305,ACC-100855,Pro,5,330.08,USD,0,Monthly,Credit Card,2022/11/19,2024-02-19
SUB-005306,ACC-103003,Pro,1,187,USD,0,Monthly,,2025-08-31,2026-03-28
SUB-005307,ACC-103003,Business,1,603,USD,5,Monthly,credit card,2026-03-28,
SUB-005308,ACC-100078,Starter,3,£ 57,GBP,5,Monthly,,2023-02-23,
SUB-005309,ACC-102992,Business,2,720,USD,0,Monthly,Credit Card,2023-03-23,
SUB-005310,ACC-102247,Starter,1,40,USD,10,Annual,Credit Card,2024-08-01,
SUB-005311,ACC-105965,Enterprise,3,"2,668.07",USD,0,Monthly,Credit Card,08/05/2024,
SUB-005312,ACC-105555,Starter,6,97.78,USD,0,Monthly,Credit Card,28/01/2024,2024-06-02
SUB-005313,ACC-105555,Enterprise,1,"$ 2,288",USD,0,Monthly,ACH,02-Jun-2024,
SUB-005314,ACC-105703,Enterprise,1,"2,187.46",USD,0,Annual,Credit Card,2024-05-17,2025-02-07
SUB-005315,ACC-105703,Pro,3,268,USD,0,Monthly,Credit Card,07-Feb-2025,2025-06-17
SUB-005316,ACC-100758,Pro,13,553.97,USD,0,Monthly,Invoice,2022-01-04,2022-11-16
SUB-005317,ACC-100758,Enterprise,3,"2,709.98",USD,0,Annual,ACH,2022-11-16,04/12/2022
SUB-005318,ACC-104166,Starter,3,68.41,USD,0,Monthly,ACH,2025-02-14,
SUB-005319,ACC-103355,Starter,3,58,GBP,0,Annual,Credit Card,2025-06-06,
SUB-005320,ACC-100788,Starter,3,$69.28,USD,0,Monthly,Credit Card,2024-12-15,15-Jan-2026
SUB-005321,ACC-102279,Starter,2,62,USD,0,Monthly,Credit Card,05/24/2023,2023-08-24
SUB-005322,ACC-103781,Pro,2,246.99,USD,0,Annual,Credit Card,2024-04-06,
SUB-005323,ACC-104306,Pro,2,$167.94,USD,25,Monthly,Credit Card,2025-06-27,
SUB-005324,ACC-105049,Starter,2,$64.55,USD,0,Monthly,credit card,22/10/2024,2026-03-29
SUB-005325,ACC-105049,Business,2,$788.17,USD,0,Monthly,Credit Card,2026-03-29,
SUB-005326,ACC-104840,Pro,1,196.47,GBP,0,Annual,credit card,19-Jul-2023,19-Jun-2024
SUB-005327,ACC-103631,Pro,2,242.50,USD,0,Monthly,Credit Card,2023-09-04,
SUB-005328,ACC-105931,Business,7,"$1,073.95",USD,0,Monthly,credit card,03/04/2022,2024/08/04
SUB-005329,ACC-103867,Pro,5,$241.75,USD,25,Annual,Credit Card,2023-09-06,
SUB-005330,ACC-102176,Business,1,$545.22,USD,0,Monthly,Credit Card,05/05/2024,10-Aug-2024
SUB-005331,ACC-102176,Starter,1,$45.86,USD,10,Monthly,Credit Card,2024-08-10,2026-05-28
SUB-005332,ACC-102176,Pro,5,339,USD,0,Annual,Credit Card,2026-05-28,
SUB-005333,ACC-100424,Enterprise,3,2945,GBP,0,Annual,Invoice,2023-03-17,2024-12-17
SUB-005334,ACC-100392,Pro,1,185,USD,0,Annual,credit card,01-Jan-2024,
SUB-005335,ACC-104535,Pro,2,230,USD,0,Annual,Credit Card,2022-08-12,2024-04-12
SUB-005336,ACC-104535,Starter,1,$ 48,USD,0,Monthly,Credit Card,12-Apr-2024,07/12/2024
SUB-005337,ACC-105747,Pro,2,197.95,USD,15,Monthly,Credit Card,2023-08-25,02/25/2024
SUB-005338,ACC-102239,Business,4,892,USD,0,Annual,Credit Card,2023-09-04,2025-09-04
SUB-005339,ACC-100104,Business,1,$523.86,USD,5,Monthly,Credit Card,2023-09-01,
SUB-005340,ACC-102672,Enterprise,1,"$ 1,843",USD,10,Monthly,Credit Card,2025-08-30,2026-04-30
SUB-005341,ACC-105565,Business,1,$633.98,USD,0,Monthly,ACH,22-Aug-2023,
SUB-005342,ACC-103749,Starter,1,51.16,USD,0,Monthly,credit card,11/25/2023,2025-10-19
SUB-005343,ACC-103749,Business,2,616,USD,20,Monthly,Credit Card,2025-10-19,2026-05-25
SUB-005344,ACC-102068,Business,2,722,GBP,0,Monthly,Credit Card,06/10/2023,
SUB-005345,ACC-104091,Starter,2,61.25,USD,0,Monthly,ACH,21-Mar-2025,2026-01-24
SUB-005346,ACC-104091,Enterprise,3,"2,583.42",USD,0,Annual,,01/24/2026,05/19/2026
SUB-005347,ACC-104091,Pro,2,233,USD,0,Monthly,Credit Card,19-May-2026,
SUB-005348,ACC-103493,Starter,3,$55.29,USD,10,Annual,ACH,03/02/2022,02-Apr-2022
SUB-005349,ACC-103493,Business,4,842.82,USD,0,Monthly,Credit Card,2022-04-02,2022-04-02
SUB-005350,ACC-101948,Pro,2,241.46,USD,0,Monthly,Invoice,2024-05-06,
SUB-005351,ACC-101459,Business,1,610.29,USD,0,Monthly,Credit Card,07/01/2024,
SUB-005352,ACC-101768,Starter,3,55.83,GBP,5,Monthly,credit card,2024-06-05,2025/02/05
SUB-005353,ACC-103298,Business,4,946.38,GBP,0,Annual,Credit Card,2023-05-09,15-Oct-2025
SUB-005354,ACC-103298,Enterprise,2,"2,182.98",GBP,0,Monthly,Credit Card,2025-10-15,
SUB-005355,ACC-104085,Starter,3,64.03,GBP,0,Annual,Credit Card,01/09/2022,08/04/2022
SUB-005356,ACC-104085,Pro,2,£216.44,GBP,0,Monthly,Credit Card,2022-04-08,2024-05-09
SUB-005357,ACC-103945,Pro,3,263.17,USD,0,Monthly,Credit Card,2023-04-28,2023-05-28
SUB-005358,ACC-103945,Business,4,977,USD,0,Monthly,Credit Card,2023-05-28,2023-05-28
SUB-005359,ACC-103945,Pro,1,$ 200,USD,0,Monthly,Credit Card,2023-05-28,05/28/2023
SUB-005360,ACC-105824,Business,4,968.34,USD,0,Annual,credit card,2023-12-29,2026-02-01
SUB-005361,ACC-105824,Enterprise,2,2091,USD,15,Annual,Invoice,2026-02-01,
SUB-005362,ACC-101587,Business,3,£842.15,GBP,0,Monthly,Invoice,2023-02-22,
SUB-005363,ACC-104704,Starter,4,$59.71,USD,10,Annual,Credit Card,2022-04-10,
SUB-005364,ACC-101731,Starter,1,39.21,USD,20,Monthly,Credit Card,2024-08-02,2024-09-02
SUB-005365,ACC-105795,Pro,2,$216.31,USD,0,Monthly,Invoice,2025-04-24,12/06/2025
SUB-005366,ACC-105795,Enterprise,2,"2,418.44",USD,0,Annual,Credit Card,2025-12-06,
SUB-005367,ACC-105880,Enterprise,3,"2,660.68",GBP,0,Monthly,Credit Card,01/22/2025,
SUB-005368,ACC-100182,Starter,3,55,USD,15,Annual,Invoice,02-Nov-2023,2024-08-21
SUB-005369,ACC-100182,Pro,1,205,USD,0,Annual,Invoice,2024-08-21,02/10/2024
SUB-005370,ACC-101791,Starter,2,63.25,USD,0,Monthly,credit card,06-Dec-2024,2025-11-10
SUB-005371,ACC-101791,Enterprise,2,2315,USD,0,Annual,Invoice,11/10/2025,2026-06-01
SUB-005372,ACC-101791,Pro,2,$245.40,USD,0,Monthly,ACH,01-Jun-2026,
SUB-005373,ACC-102355,Pro,3,$ 219,USD,20,Annual,Invoice,2024-07-28,
SUB-005374,ACC-101940,Pro,4,272,USD,0,Monthly,Credit Card,05-May-2024,
SUB-005375,ACC-100702,Enterprise,1,"1,657.70",GBP,20,Monthly,Credit Card,2025-03-15,
SUB-005376,ACC-102442,Business,2,778.73,USD,0,Annual,Credit Card,2024-02-18,
SUB-005377,ACC-105733,Enterprise,1,2084,USD,0,Monthly,ACH,04/10/2022,
SUB-005378,ACC-100496,Starter,1,$52.81,USD,0,Monthly,Credit Card,03/27/2025,2026-02-27
SUB-005379,ACC-104728,Business,2,$701.63,USD,0,Monthly,Credit Card,2025-06-14,
SUB-005380,ACC-100464,Starter,8,$95.70,USD,0,Monthly,Credit Card,29/10/2023,11/08/2024
SUB-005381,ACC-100464,Pro,3,$275.53,USD,0,Monthly,Credit Card,08/11/2024,29-May-2025
SUB-005382,ACC-103912,Business,1,617,USD,0,Monthly,Credit Card,2024-05-05,
SUB-005383,ACC-105985,Starter,2,63.62,EUR,0,Monthly,Credit Card,10/08/2023,10-Apr-2025
SUB-005384,ACC-100172,Pro,2,213.99,USD,0,Monthly,Credit Card,2024-06-26,08/14/2025
SUB-005385,ACC-100172,Starter,5,77,USD,0,Monthly,Credit Card,14-Aug-2025,
SUB-005386,ACC-102020,Starter,2,50.66,USD,10,Monthly,credit card,13/10/2024,
SUB-005387,ACC-105833,Enterprise,9,"4,363.55",USD,0,Monthly,Credit Card,01/25/2023,
SUB-005388,ACC-103764,Enterprise,2,1747,USD,25,Annual,ACH,2022-09-24,
SUB-005389,ACC-105417,Starter,1,47,USD,0,Monthly,Credit Card,2025-02-12,2025-05-20
SUB-005390,ACC-105417,Pro,1,180,USD,0,Annual,Credit Card,2025-05-20,12-Oct-2025
SUB-005391,ACC-102540,Enterprise,1,"2,156.87",USD,0,Annual,ACH,2024-01-28,
SUB-005392,ACC-102009,Starter,2,57,USD,0,Annual,Invoice,2024/11/23,23-Oct-2025
SUB-005393,ACC-102260,Business,3,$ 681,USD,20,Monthly,ACH,03-Aug-2022,
SUB-005394,ACC-103084,Enterprise,7,"3,713.51",USD,0,Monthly,Credit Card,2025-08-29,
SUB-005395,ACC-102112,Pro,2,$ 261,USD,0,Annual,ACH,2022-05-26,
SUB-005396,ACC-100900,Pro,2,211,USD,10,Monthly,Credit Card,19-Jan-2022,
SUB-005397,ACC-101446,Starter,2,$61.18,USD,0,Monthly,Credit Card,12/03/2024,2025-09-09
SUB-005398,ACC-101446,Pro,13,550.71,USD,0,Monthly,ACH,2025-09-09,
SUB-005399,ACC-101911,Enterprise,2,"2,642.84",USD,0,Annual,Invoice,2024-03-04,01/04/2025
SUB-005400,ACC-103542,Starter,11,$132.59,USD,5,Monthly,ACH,2025-03-08,
SUB-005401,ACC-102697,Starter,5,£ 72,GBP,0,Annual,Credit Card,08/01/2024,
SUB-005402,ACC-104755,Pro,6,331.59,EUR,0,Annual,,2023-06-28,07/10/2024
SUB-005403,ACC-104755,Enterprise,6,"€3,378.14",EUR,15,Monthly,ACH,10/07/2024,2025-02-28
SUB-005404,ACC-103662,Enterprise,2,"£2,367.46",GBP,0,Monthly,Credit Card,2024-11-19,
SUB-005405,ACC-100741,Enterprise,1,"1,908.38",USD,0,Monthly,Credit Card,2025-06-23,
SUB-005406,ACC-102293,Enterprise,7,"4,231.23",EUR,0,Monthly,credit card,04-Apr-2025,
SUB-005407,ACC-102452,Starter,3,$59.76,USD,5,Monthly,ACH,10-Jun-2023,2025-01-24
SUB-005408,ACC-102452,Business,3,$823.01,USD,0,Monthly,ACH,2025-01-24,2026-05-08
SUB-005409,ACC-102452,Starter,1,51.85,USD,0,Monthly,Invoice,2026-05-08,
SUB-005410,ACC-103813,Starter,9,$114.28,USD,0,Monthly,Credit Card,2023-08-17,17/12/2025
SUB-005411,ACC-104969,Pro,4,283,USD,0,Monthly,Credit Card,2022-01-26,2024-12-08
SUB-005412,ACC-104969,Business,4,$ 880,USD,0,Monthly,Credit Card,2024-12-08,
SUB-005413,ACC-101206,Starter,3,£53.04,GBP,10,Monthly,Credit Card,27-Jul-2025,
SUB-005414,ACC-100509,Business,1,597.54,USD,0,Annual,Credit Card,2022-08-13,2023-11-13
SUB-005415,ACC-103716,Pro,1,$173.31,USD,5,Monthly,Credit Card,2024-09-30,
SUB-005416,ACC-105044,Starter,2,55,EUR,0,Annual,Credit Card,2022-02-16,
SUB-005417,ACC-104350,Pro,1,183.67,USD,0,Annual,credit card,16-Oct-2023,2024-12-16
SUB-005418,ACC-104084,Pro,1,215.72,USD,0,Monthly,Credit Card,2023-05-06,
SUB-005419,ACC-105775,Pro,1,$ 228,USD,0,Monthly,Credit Card,2024-09-23,2026-05-23
SUB-005420,ACC-101549,Starter,5,82,USD,0,Monthly,Credit Card,2022-01-19,2023-07-19
SUB-005421,ACC-103029,Pro,14,555,USD,0,Annual,Invoice,2024-06-08,
SUB-005422,ACC-104585,Starter,4,81.24,USD,0,Annual,Credit Card,08/14/2024,
SUB-005423,ACC-102202,Starter,5,57.95,USD,20,Monthly,Credit Card,2022-01-19,09/13/2025
SUB-005424,ACC-102202,Pro,3,280.00,USD,0,Monthly,Invoice,2025-09-13,
SUB-005425,ACC-102566,Starter,7,£80.34,GBP,5,Monthly,Credit Card,,09/22/2025
SUB-005426,ACC-103901,Starter,3,64.26,USD,0,Monthly,ACH,2022-12-03,02/08/2023
SUB-005427,ACC-103901,Pro,5,$ 355,USD,0,Monthly,Invoice,2023-02-08,2023-07-03
SUB-005428,ACC-102044,Business,2,£ 726,GBP,0,Monthly,Invoice,22-May-2024,2026-03-22
SUB-005429,ACC-100767,Starter,2,51.57,USD,0,Annual,Invoice,2024-05-11,11/05/2025
SUB-005430,ACC-105934,Enterprise,1,2018,USD,0,Monthly,ACH,2025-06-23,
SUB-005431,ACC-103774,Business,2,618.44,USD,10,Monthly,Credit Card,12/01/2024,
SUB-005432,ACC-103699,Pro,1,151.98,GBP,20,Monthly,Invoice,2022/08/07,2023-06-07
SUB-005433,ACC-101508,Starter,4,€ 65,EUR,0,Monthly,Credit Card,2023-12-22,2024-02-22
SUB-005434,ACC-103134,Pro,1,$ 205,USD,0,Monthly,ACH,2022-02-12,2025-01-12
SUB-005435,ACC-103761,Business,3,868.40,USD,0,Monthly,ACH,2024-02-28,2026-05-16
SUB-005436,ACC-103761,Starter,6,89.29,USD,0,Monthly,credit card,16-May-2026,01/06/2026
SUB-005437,ACC-103761,Enterprise,1,1978,USD,5,Annual,Credit Card,2026-06-01,
SUB-005438,ACC-105920,Starter,1,46,GBP,0,Annual,Invoice,2022-08-04,2024-05-09
SUB-005439,ACC-105920,Pro,5,364.30,GBP,0,Annual,credit card,09/05/2024,2025-04-04
SUB-005440,ACC-100421,Pro,4,273.71,EUR,0,Monthly,credit card,2025-07-07,
SUB-005441,ACC-100123,Starter,1,54,USD,0,Monthly,Credit Card,15-Apr-2022,2024-01-15
SUB-005442,ACC-105574,Business,1,665,USD,0,Monthly,Credit Card,2025-07-06,2026-05-25
SUB-005443,ACC-105574,Enterprise,6,3599,USD,0,Monthly,Credit Card,25-May-2026,
SUB-005444,ACC-103825,Starter,1,47.63,USD,0,Annual,ACH,10/29/2022,
SUB-005445,ACC-103292,Starter,1,44,USD,0,Monthly,Invoice,06-Nov-2024,2025-06-09
SUB-005446,ACC-103292,Pro,3,234.14,USD,0,Monthly,Credit Card,2025-06-09,
SUB-005447,ACC-100819,Starter,1,46.02,USD,0,Annual,Credit Card,2023-12-10,10/05/2025
SUB-005448,ACC-101403,Starter,1,56,EUR,0,Monthly,Invoice,2022-12-24,
SUB-005449,ACC-101382,Starter,2,59.74,USD,0,Monthly,credit card,07/11/2024,
SUB-005450,ACC-102148,Starter,1,€ 50,EUR,0,Monthly,Credit Card,2025-02-10,2026-05-10
SUB-005451,ACC-105948,Starter,3,68.96,USD,0,Annual,credit card,09/16/2022,05-Jan-2024
SUB-005452,ACC-105948,Enterprise,2,"2,446.75",USD,0,Annual,credit card,2024-01-05,16/03/2025
SUB-005453,ACC-101575,Pro,2,$ 260,USD,0,Monthly,Credit Card,2023-05-19,2026-05-19
SUB-005454,ACC-101638,Pro,1,191,USD,0,Monthly,Credit Card,08/08/2023,
SUB-005455,ACC-101795,Starter,7,$88.34,USD,0,Monthly,Credit Card,2022-12-13,13/05/2026
SUB-005456,ACC-103331,Pro,4,$324.59,USD,0,Monthly,Credit Card,2022-09-04,08-Oct-2022
SUB-005457,ACC-103331,Starter,2,$62.48,USD,0,Monthly,ACH,2022-10-08,02/04/2023
SUB-005458,ACC-105854,Pro,2,196.43,USD,10,Annual,Credit Card,05-Jun-2024,12-Jul-2025
SUB-005459,ACC-105854,Business,4,834,USD,0,Monthly,Credit Card,2025-07-12,
SUB-005460,ACC-105415,Enterprise,7,"$ 3,865",USD,0,Monthly,Credit Card,2022-07-31,2024-11-19
SUB-005461,ACC-105415,Pro,1,220,USD,0,Monthly,Credit Card,2024-11-19,2024/11/30
SUB-005462,ACC-103151,Business,5,950,USD,0,Monthly,Invoice,07/06/2025,
SUB-005463,ACC-102310,Pro,3,240,USD,0,Monthly,ACH,02/06/2024,
SUB-005464,ACC-100882,Enterprise,2,"€2,536.87",EUR,0,Monthly,,2024-03-03,
SUB-005465,ACC-103565,Starter,5,80.34,USD,0,Annual,Credit Card,2024-04-26,26-Jan-2025
SUB-005466,ACC-101179,Pro,2,$224.09,USD,0,Monthly,Invoice,2022-07-08,2022-12-08
SUB-005467,ACC-101352,Pro,4,$279.32,USD,0,Monthly,Credit Card,2022/10/28,
SUB-005468,ACC-103997,Business,10,"$ 1,384",USD,0,Annual,Credit Card,23/05/2023,2023-06-23
SUB-005469,ACC-105868,Business,2,677.76,USD,0,Annual,Credit Card,2023-02-18,2025-10-18
SUB-005470,ACC-102130,Starter,3,47.68,USD,20,Monthly,Credit Card,01/29/2024,2024-03-22
SUB-005471,ACC-102130,Enterprise,6,"3,218.37",USD,5,Monthly,,22-Mar-2024,2024-03-29
SUB-005472,ACC-100982,Pro,3,$282.61,USD,0,Monthly,Credit Card,03/04/2025,2025-05-12
SUB-005473,ACC-100982,Business,1,$ 684,USD,0,Monthly,Credit Card,05/12/2025,2025-08-03
SUB-005474,ACC-100456,Pro,2,$ 236,USD,0,Monthly,Credit Card,2025-05-30,
SUB-005475,ACC-101486,Starter,7,$103.77,USD,0,Annual,Credit Card,2022-11-22,2023-02-25
SUB-005476,ACC-101486,Enterprise,1,"$1,995.49",USD,0,Monthly,credit card,2023-02-25,2023-05-22
SUB-005477,ACC-101079,Business,5,£886.37,GBP,10,Monthly,Invoice,2025-01-10,2025-02-12
SUB-005478,ACC-101079,Starter,1,£46.12,GBP,0,Monthly,,2025-02-12,
SUB-005479,ACC-101950,Starter,8,$ 106,USD,0,Monthly,Credit Card,2024-10-05,03/05/2026
SUB-005480,ACC-105230,Starter,2,€56.20,EUR,0,Monthly,Credit Card,01/26/2022,2023-03-06
SUB-005481,ACC-105230,Business,2,778.27,EUR,0,Monthly,Invoice,2023-03-06,
SUB-005482,ACC-100689,Business,2,674.41,USD,0,Monthly,Credit Card,2023-11-07,
SUB-005483,ACC-104803,Pro,6,360.65,GBP,0,Annual,Credit Card,2025-08-30,10/30/2025
SUB-005484,ACC-102429,Enterprise,3,"$2,963.40",USD,0,Monthly,Invoice,2024-10-18,
SUB-005485,ACC-100641,Business,7,"1,024.68",USD,15,Monthly,Credit Card,2024-07-11,09/16/2025
SUB-005486,ACC-100641,Enterprise,1,1964,USD,0,Annual,Credit Card,09/16/2025,2025-12-02
SUB-005487,ACC-100641,Business,5,5.00,USD,150,Monthly,Credit Card,12/02/2025,
SUB-005488,ACC-102392,Pro,4,$274.05,USD,0,Annual,Credit Card,24-Dec-2024,
SUB-005489,ACC-102825,Pro,2,155,EUR,25,Monthly,ACH,2024-01-02,2025-10-06
SUB-005490,ACC-102825,Business,4,€873.62,EUR,0,Annual,Credit Card,2025-10-06,
SUB-005491,ACC-101953,Starter,1,$ 48,USD,0,Annual,Credit Card,2024-10-04,2026/01/17
SUB-005492,ACC-101953,Business,10,1434,USD,0,Monthly,Credit Card,01/17/2026,
SUB-005493,ACC-103538,Pro,1,€ 200,EUR,0,Monthly,Invoice,10/28/2022,
SUB-005494,ACC-104327,Starter,4,79,USD,0,Monthly,Credit Card,12/01/2024,
SUB-005495,ACC-103058,Pro,2,258.68,USD,0,Monthly,Credit Card,01/28/2022,2023-02-28
SUB-005496,ACC-104031,Pro,1,212.07,USD,0,Monthly,Invoice,24-Feb-2024,2024-04-24
SUB-005497,ACC-104552,Starter,2,56.38,GBP,0,Monthly,ACH,2024-09-01,
SUB-005498,ACC-102710,Starter,2,53.75,USD,0,Monthly,Credit Card,2025-04-29,
SUB-005499,ACC-101083,Pro,3,$ 278,USD,0,Monthly,Credit Card,03/11/2025,
SUB-005500,ACC-104509,Starter,3,53,GBP,15,Monthly,Invoice,07/29/2025,10/03/2026
SUB-005501,ACC-104509,Enterprise,2,"2,300.38",GBP,0,Annual,ACH,2026-03-10,
SUB-005502,ACC-105797,Starter,2,$63.95,USD,0,Annual,Credit Card,2023-01-17,01-Apr-2024
SUB-005503,ACC-105797,Business,2,$761.23,USD,0,Monthly,Credit Card,2024-04-01,
SUB-005504,ACC-104877,Starter,4,64,USD,5,Monthly,ACH,2023-11-24,
SUB-005505,ACC-101884,Starter,7,5,EUR,150,Annual,Credit Card,06/06/2022,
SUB-005506,ACC-104695,Pro,3,$ 239,USD,0,Monthly,ACH,2025-08-26,
SUB-005507,ACC-100389,Business,1,675,USD,0,Monthly,Credit Card,26/03/2025,
SUB-005508,ACC-102494,Starter,5,$87.98,USD,0,Monthly,,05-Oct-2022,2023-06-05
SUB-005509,ACC-101851,Pro,1,€ 200,EUR,0,Annual,Credit Card,2023-08-13,
SUB-005510,ACC-103036,Pro,3,220,USD,20,Monthly,Credit Card,04/02/2022,2024-11-02
SUB-005511,ACC-104155,Business,3,717.66,USD,0,Annual,Credit Card,2022-11-19,
SUB-005512,ACC-103603,Starter,1,53.71,USD,0,Annual,Credit Card,2024-05-20,2024/07/28
SUB-005513,ACC-103603,Business,1,546,USD,0,Monthly,credit card,2024-07-28,2025-06-25
SUB-005514,ACC-103603,Enterprise,5,"$ 3,661",USD,0,Monthly,ACH,2025-06-25,
SUB-005515,ACC-100845,Pro,2,$227.37,USD,0,Monthly,ACH,2023-10-19,
SUB-005516,ACC-100542,Starter,4,80.74,USD,0,Monthly,Credit Card,14-Sep-2023,2025-05-27
SUB-005517,ACC-100542,Business,2,$ 479,USD,25,Monthly,Credit Card,05/27/2025,
SUB-005518,ACC-103724,Pro,4,$295.94,USD,0,Monthly,Credit Card,2022-05-01,
SUB-005519,ACC-100091,Pro,2,$188.22,USD,10,Monthly,Credit Card,2022-08-04,2023-09-26
SUB-005520,ACC-100091,Business,1,500,USD,15,Monthly,Credit Card,2023-09-26,
SUB-005521,ACC-103679,Pro,3,295.69,USD,0,Annual,Credit Card,18-Jun-2023,2024-01-18
SUB-005522,ACC-105723,Starter,1,48.47,USD,0,Monthly,Invoice,2025-06-07,2026-03-30
SUB-005523,ACC-105723,Pro,1,221.88,USD,0,Monthly,Invoice,03/30/2026,
SUB-005524,ACC-103871,Enterprise,1,"2,211.84",USD,0,Monthly,Invoice,2022-02-05,2023-03-29
SUB-005525,ACC-103871,Pro,1,226.59,USD,0,Monthly,Credit Card,2023/03/29,2024/12/15
SUB-005526,ACC-103871,Enterprise,3,"$2,897.58",USD,0,Annual,Credit Card,15-Dec-2024,
SUB-005527,ACC-104020,Business,1,$557.02,USD,0,Monthly,Invoice,10/17/2024,2026-04-18
SUB-005528,ACC-104020,Starter,1,$55.59,USD,0,Monthly,ACH,18-Apr-2026,
SUB-005529,ACC-101979,Starter,4,$67.56,USD,0,Monthly,ACH,2022-01-13,2024-11-25
SUB-005530,ACC-101979,Enterprise,1,1995,USD,0,Monthly,Credit Card,25/11/2024,2026-01-12
SUB-005531,ACC-101979,Starter,1,48,USD,0,Annual,Invoice,01/12/2026,
SUB-005532,ACC-103244,Starter,1,53.79,USD,0,Monthly,Credit Card,2022-05-09,12/09/2024
SUB-005533,ACC-104094,Starter,3,66.27,USD,5,Monthly,Credit Card,06/08/2024,
SUB-005534,ACC-103150,Pro,6,325,USD,0,Monthly,,03/12/2023,2023-04-25
SUB-005535,ACC-103150,Enterprise,2,"$ 1,842",USD,20,Monthly,Invoice,2023-04-25,
SUB-005536,ACC-105365,Starter,2,$49.95,USD,15,Monthly,ACH,06/30/2025,2026-02-28
SUB-005537,ACC-104162,Business,1,$505.75,USD,10,Monthly,Invoice,12/18/2022,2024-02-08
SUB-005538,ACC-104162,Enterprise,2,"$2,084.38",USD,0,Monthly,Credit Card,02/08/2024,2025-08-18
SUB-005539,ACC-104420,Starter,1,45,USD,0,Monthly,Credit Card,2022-08-11,10/01/2023
SUB-005540,ACC-104420,Business,5,962,USD,0,Monthly,,2023-10-01,
SUB-005541,ACC-102964,Starter,1,€36.56,EUR,25,Annual,Invoice,08/11/2024,12/21/2025
SUB-005542,ACC-102964,Pro,4,224,EUR,25,Annual,Credit Card,2025-12-21,
SUB-005543,ACC-103463,Starter,2,$47.28,USD,20,Monthly,Invoice,2022-12-18,2023-08-06
SUB-005544,ACC-103463,Business,2,$ 767,USD,0,Monthly,ACH,06/08/2023,2023-09-11
SUB-005545,ACC-103463,Enterprise,1,"$ 2,287",USD,0,Monthly,ACH,2023/09/11,2023-10-18
SUB-005546,ACC-102529,Starter,6,93.70,USD,0,Annual,credit card,2022-03-03,2022-08-28
SUB-005547,ACC-102529,Enterprise,4,"2,795.41",USD,0,Monthly,,2022-08-28,2024-02-16
SUB-005548,ACC-102529,Starter,4,66.61,USD,0,Monthly,Credit Card,2024-02-16,05/03/2024
SUB-005549,ACC-104456,Pro,3,240,USD,5,Annual,Invoice,2024-05-01,01/01/2026
SUB-005550,ACC-101676,Business,5,915.67,USD,0,Monthly,Credit Card,09/03/2025,
SUB-005551,ACC-101048,Pro,3,269,USD,0,Monthly,Credit Card,28/08/2025,14/01/2026
SUB-005552,ACC-101048,Starter,2,55,USD,0,Monthly,ACH,14-Jan-2026,05/05/2026
SUB-005553,ACC-101048,Business,4,931.84,USD,0,Annual,Invoice,2026-05-05,
SUB-005554,ACC-102949,Starter,2,$48.60,USD,25,Monthly,ACH,2023-09-18,2024-03-18
SUB-005555,ACC-101960,Enterprise,4,"$3,132.55",USD,0,Annual,Credit Card,29-Jan-2024,
SUB-005556,ACC-102530,Starter,4,59,USD,10,Monthly,Credit Card,23/08/2025,14-Nov-2025
SUB-005557,ACC-102530,Enterprise,1,"$1,883.45",USD,0,Monthly,Credit Card,14-Nov-2025,
SUB-005558,ACC-104472,Starter,4,79,USD,0,Monthly,Invoice,24/11/2023,
SUB-005559,ACC-104975,Pro,3,$ 282,USD,0,Annual,Credit Card,2023-05-12,2023-11-12
SUB-005560,ACC-104055,Business,1,642.52,GBP,0,Monthly,Credit Card,10/03/2023,
SUB-005561,ACC-100237,Enterprise,2,2518,GBP,0,Annual,Credit Card,11-Nov-2022,
SUB-005562,ACC-105140,Enterprise,1,"$ 2,026",USD,0,Monthly,credit card,2024-02-22,
SUB-005563,ACC-104587,Starter,3,63,USD,0,Monthly,Credit Card,23/08/2024,
SUB-005564,ACC-101133,Starter,12,144.04,USD,0,Annual,Credit Card,2024-11-14,2026-03-12
SUB-005565,ACC-101133,Pro,2,$ 244,USD,0,Monthly,Credit Card,03/12/2026,
SUB-005566,ACC-102880,Business,1,$623.32,USD,5,Annual,Credit Card,12/04/2023,08/16/2024
SUB-005567,ACC-102880,Enterprise,2,"$1,952.09",USD,20,Monthly,Credit Card,16-Aug-2024,
SUB-005568,ACC-101805,Starter,10,$109.62,USD,0,Annual,Credit Card,07/13/2025,
SUB-005569,ACC-105030,Business,3,764,USD,0,Annual,Invoice,11/01/2023,2023-08-25
SUB-005570,ACC-105030,Starter,3,$ 68,USD,0,Annual,,25/08/2023,2024-10-02
SUB-005571,ACC-105030,Business,3,$ 847,USD,0,Monthly,Credit Card,2024-10-02,
SUB-005572,ACC-100163,Pro,9,422.06,USD,0,Annual,ACH,01/11/2024,06/11/2024
SUB-005573,ACC-104590,Business,1,535,USD,10,Annual,Invoice,2023-10-20,11/24/2023
SUB-005574,ACC-104590,Pro,4,237,USD,10,Monthly,Invoice,2023-11-24,20-Jan-2024
SUB-005575,ACC-105787,Pro,11,541.08,USD,5,Monthly,Credit Card,17/04/2025,
SUB-005576,ACC-105729,Starter,1,38,USD,20,Annual,Invoice,03/24/2022,
SUB-005577,ACC-104489,Starter,3,$ 66,USD,5,Annual,credit card,2024-01-11,
SUB-005578,ACC-104560,Starter,1,$54.80,USD,0,Monthly,Credit Card,02/20/2024,2025-04-20
SUB-005579,ACC-104385,Starter,8,$97.45,USD,0,Monthly,Credit Card,2022-11-15,
SUB-005580,ACC-100265,Pro,5,250.20,USD,25,Monthly,Credit Card,2022-05-29,2022-12-29
SUB-005581,ACC-103839,Starter,1,49.49,USD,0,Monthly,ACH,04-Apr-2025,
SUB-005582,ACC-102001,Starter,3,61,EUR,0,Monthly,,,2025-08-10
SUB-005583,ACC-101811,Pro,4,301,USD,0,Monthly,ACH,2024-12-26,2025-09-26
SUB-005584,ACC-103277,Business,1,$578.22,USD,0,Annual,Credit Card,07-Dec-2024,
SUB-005585,ACC-103961,Starter,4,64,USD,0,Monthly,Credit Card,08/10/2024,05/03/2025
SUB-005586,ACC-103961,Pro,4,263.99,USD,0,Annual,Credit Card,2025-03-05,2026-01-16
SUB-005587,ACC-103961,Starter,1,49.31,USD,0,Monthly,Credit Card,2026-01-16,
SUB-005588,ACC-102978,Starter,4,$67.09,USD,0,Monthly,ACH,05/10/2022,11/10/2022
SUB-005589,ACC-104319,Enterprise,7,"2,604.20",USD,25,Annual,Credit Card,12/01/2024,
SUB-005590,ACC-102906,Business,4,5.00,USD,150,Monthly,Credit Card,05/17/2022,
SUB-005591,ACC-104349,Pro,5,289.13,USD,0,Annual,ACH,2024-10-27,
SUB-005592,ACC-101050,Business,4,$940.02,USD,0,Monthly,Invoice,2025-08-06,
SUB-005593,ACC-101428,Pro,1,202,USD,0,Annual,Credit Card,14-Jun-2023,02/14/2025
SUB-005594,ACC-100398,Starter,4,66.93,USD,0,Monthly,Credit Card,06/26/2025,
SUB-005595,ACC-104080,Starter,1,55.24,USD,0,Monthly,Credit Card,2023-08-13,
SUB-005596,ACC-105077,Enterprise,4,"$3,013.34",USD,0,Monthly,Invoice,2022-03-03,
SUB-005597,ACC-100947,Starter,1,44.73,USD,0,Monthly,Credit Card,2022-04-01,01/08/2023
SUB-005598,ACC-100947,Enterprise,1,"2,270.84",USD,0,Annual,Invoice,01/08/2023,
SUB-005599,ACC-103078,Pro,2,231.76,USD,0,Monthly,ACH,2022-11-19,
SUB-005600,ACC-103919,Pro,3,$ 206,USD,15,Monthly,Credit Card,2023-04-08,2023-08-08
SUB-005601,ACC-103138,Starter,5,€70.67,EUR,0,Monthly,Invoice,2025-01-13,
SUB-005602,ACC-105426,Starter,1,55.35,USD,0,Monthly,Invoice,,
SUB-005603,ACC-104995,Enterprise,4,3226,USD,0,Annual,Credit Card,02-Jul-2024,
SUB-005604,ACC-105654,Starter,2,51.65,USD,15,Annual,credit card,2024/04/24,24-Oct-2025
SUB-005605,ACC-105220,Starter,4,76,USD,0,Annual,credit card,02-Nov-2023,
SUB-005606,ACC-103229,Starter,4,$79.30,USD,0,Monthly,ACH,08/26/2024,2025-05-13
SUB-005607,ACC-103229,Business,3,578.13,USD,25,Monthly,,2025-05-13,2025-12-26
SUB-005608,ACC-103229,Enterprise,2,2114,USD,15,Monthly,Credit Card,2025-12-26,
SUB-005609,ACC-101826,Starter,2,€ 64,EUR,0,Annual,ACH,2025-01-13,2025-08-23
SUB-005610,ACC-101826,Pro,2,€210.11,EUR,0,Monthly,credit card,2025-08-23,
SUB-005611,ACC-101452,Starter,1,54.37,USD,0,Monthly,Credit Card,06-Nov-2024,
SUB-005612,ACC-100593,Starter,3,$ 73,USD,0,Monthly,Credit Card,12/15/2024,
SUB-005613,ACC-102725,Pro,8,$421.58,USD,0,Monthly,credit card,08/17/2024,2025-11-22
SUB-005614,ACC-102725,Business,5,860.64,USD,10,Monthly,Credit Card,2025-11-22,
SUB-005615,ACC-100041,Starter,3,66.92,USD,5,Annual,Invoice,14-Jul-2025,
SUB-005616,ACC-100560,Pro,5,$ 342,USD,-10,Annual,Credit Card,2024-02-14,2025-08-14
SUB-005617,ACC-104900,Pro,4,$311.05,USD,0,Annual,,2022-06-16,
SUB-005618,ACC-104182,Pro,2,250.22,USD,0,Annual,Credit Card,2022-01-03,29-Oct-2022
SUB-005619,ACC-104182,Enterprise,1,"$1,832.12",USD,0,Monthly,Credit Card,2022-10-29,2023-04-03
SUB-005620,ACC-100489,Business,1,$ 667,USD,0,Annual,Credit Card,2025/01/24,
SUB-005621,ACC-100243,Starter,3,$55.34,USD,10,Monthly,Credit Card,07/04/2025,
SUB-005622,ACC-103172,Starter,1,$45.01,USD,0,Monthly,Invoice,2024-01-20,2025-10-20
SUB-005623,ACC-101339,Starter,4,75.67,EUR,0,Annual,Credit Card,2025-06-08,2026-01-24
SUB-005624,ACC-101339,Enterprise,2,"€2,369.54",EUR,0,Monthly,Credit Card,2026-01-24,
SUB-005625,ACC-104826,Starter,5,$ 68,USD,5,Monthly,Invoice,08/30/2024,31/10/2024
SUB-005626,ACC-104826,Business,2,661.19,USD,0,Annual,Credit Card,2024-10-31,2025-01-30
SUB-005627,ACC-104826,Enterprise,8,"$3,994.80",USD,0,Monthly,credit card,2025-01-30,2025-01-30
SUB-005628,ACC-104201,Starter,2,41.60,USD,25,Annual,credit card,01/12/2025,2025-11-12
SUB-005629,ACC-100405,Business,2,683.90,USD,10,Annual,Credit Card,2025-07-22,12/22/2025
SUB-005630,ACC-101442,Enterprise,8,"€3,747.39",EUR,0,Monthly,,2023-10-29,04/13/2026
SUB-005631,ACC-101442,Business,3,761,EUR,0,Monthly,Credit Card,04/13/2026,
SUB-005632,ACC-100261,Starter,3,67.71,USD,0,Annual,Credit Card,2024-02-01,
SUB-005633,ACC-104028,Starter,5,78,USD,0,Monthly,Credit Card,2023-08-30,30-Jan-2026
SUB-005634,ACC-103537,Business,6,"1,184.29",USD,0,Monthly,Invoice,2024-01-07,
SUB-005635,ACC-105548,Starter,7,87.24,USD,0,Monthly,Credit Card,08-Apr-2025,
SUB-005636,ACC-101689,Pro,2,224.27,USD,5,Monthly,Credit Card,2022-09-11,2024-08-15
SUB-005637,ACC-101689,Enterprise,1,"2,232.61",USD,0,Monthly,Credit Card,2024-08-15,21/02/2026
SUB-005638,ACC-101689,Starter,3,61.57,USD,15,Monthly,Credit Card,2026-02-21,
SUB-005639,ACC-103478,Pro,1,€ 197,EUR,0,Monthly,Credit Card,2025-01-17,
SUB-005640,ACC-101725,Business,3,853.83,USD,0,Monthly,Credit Card,09/05/2025,
SUB-005641,ACC-101203,Starter,3,71,USD,0,Monthly,Credit Card,25-Jun-2024,07/25/2024
SUB-005642,ACC-101203,Business,7,$951.28,USD,25,Monthly,Credit Card,,2025-03-25
SUB-005643,ACC-101203,Enterprise,4,"$ 2,631",USD,0,Monthly,Credit Card,2025-03-25,
SUB-005644,ACC-100834,Business,3,$573.35,USD,20,Annual,Credit Card,06/02/2024,
SUB-005645,ACC-101866,Business,4,$928.31,USD,0,Annual,Credit Card,2022-07-04,
SUB-005646,ACC-102496,Starter,2,56.14,GBP,0,Monthly,,2025-08-29,2025/11/04
SUB-005647,ACC-102496,Business,1,617,GBP,0,Monthly,Credit Card,2025-11-04,
SUB-005648,ACC-103016,Business,3,$890.55,USD,-10,Monthly,,2022-04-18,2022-08-27
SUB-005649,ACC-103016,Pro,5,248,USD,20,Monthly,Credit Card,2022-08-27,2022-09-18
SUB-005650,ACC-104574,Business,2,$788.41,USD,0,Monthly,Credit Card,17/09/2024,2026-01-17
SUB-005651,ACC-102010,Business,3,$ 766,USD,0,Annual,Credit Card,2023-03-22,2024-06-12
SUB-005652,ACC-102010,Starter,2,$52.08,USD,5,Monthly,ACH,2024-06-12,2024-10-29
SUB-005653,ACC-102010,Pro,1,$ 183,USD,15,Monthly,Invoice,29-Oct-2024,2024-12-22
SUB-005654,ACC-104047,Pro,10,423,USD,20,Monthly,ACH,2024-01-28,
SUB-005655,ACC-100340,Starter,5,90,USD,0,Monthly,Credit Card,2023-01-14,2024-01-14
SUB-005656,ACC-104231,Starter,7,$97.99,USD,0,Monthly,Invoice,07/27/2023,2026-04-01
SUB-005657,ACC-104231,Enterprise,5,"3,126.98",USD,0,Monthly,Credit Card,2026-04-01,2026/05/26
SUB-005658,ACC-104231,Starter,7,88.27,USD,0,Monthly,Credit Card,2026-05-26,
SUB-005659,ACC-101601,Starter,2,58,USD,0,Annual,ACH,2025-03-07,
SUB-005660,ACC-102796,Starter,3,52.58,EUR,20,Monthly,Credit Card,2022-08-28,28-Apr-2026
SUB-005661,ACC-104920,Starter,1,53.09,USD,0,Monthly,ACH,04/29/2022,2023-05-21
SUB-005662,ACC-104920,Enterprise,4,2968,USD,0,Monthly,Credit Card,2023-05-21,
SUB-005663,ACC-105712,Pro,4,328,USD,0,Monthly,Invoice,2022-02-19,
SUB-005664,ACC-100480,Enterprise,2,2579,USD,0,Monthly,credit card,2025-03-27,2025-12-12
SUB-005665,ACC-100480,Starter,2,$53.82,USD,15,Monthly,Credit Card,12-Dec-2025,2026/02/27
SUB-005666,ACC-103875,Pro,2,€232.09,EUR,0,Monthly,credit card,2022-12-09,2024-01-18
SUB-005667,ACC-103875,Starter,1,51.45,EUR,0,Monthly,Credit Card,2024/01/18,
SUB-005668,ACC-103725,Starter,4,74,USD,0,Annual,Credit Card,02/07/2024,07/03/2024
SUB-005669,ACC-100774,Starter,4,76.29,USD,0,Monthly,credit card,2023-11-29,19-Dec-2024
SUB-005670,ACC-100774,Pro,6,350.77,USD,0,Monthly,Credit Card,2024-12-19,2025-04-29
SUB-005671,ACC-102785,Starter,1,52.44,EUR,0,Monthly,Credit Card,24/04/2023,2024-03-29
SUB-005672,ACC-102785,Pro,2,€213.34,EUR,0,Annual,credit card,2024-03-29,21-Oct-2024
SUB-005673,ACC-102785,Starter,1,€50.70,EUR,0,Annual,credit card,21-Oct-2024,
SUB-005674,ACC-101523,Starter,1,46.06,USD,0,Monthly,Credit Card,01-Mar-2025,03/01/2026
SUB-005675,ACC-103621,Pro,1,$223.20,USD,0,Annual,Credit Card,2024-02-10,2025-08-04
SUB-005676,ACC-103621,Enterprise,1,"2,068.38",USD,0,Monthly,Credit Card,2025-08-04,2025-09-10
SUB-005677,ACC-104528,Starter,4,$76.85,USD,0,Monthly,Credit Card,2023-05-22,26/10/2023
SUB-005678,ACC-104528,Pro,1,193.85,USD,0,Annual,Credit Card,10/26/2023,
SUB-005679,ACC-105398,Starter,1,$50.19,USD,5,Annual,Credit Card,2024-09-30,11/09/2025
SUB-005680,ACC-105398,Pro,9,$428.71,USD,0,Annual,Credit Card,2025-11-09,2026-02-28
SUB-005681,ACC-105641,Business,1,639.17,USD,0,Annual,Credit Card,2025-06-05,10/20/2025
SUB-005682,ACC-105641,Starter,3,$71.42,USD,0,Monthly,Invoice,2025-10-20,12/05/2025
SUB-005683,ACC-105726,Pro,2,215.00,USD,15,Annual,Credit Card,16/05/2024,16-Apr-2025
SUB-005684,ACC-100799,Starter,5,67.17,USD,5,Monthly,ACH,11/04/2024,2025/01/04
SUB-005685,ACC-101766,Pro,3,$257.69,USD,5,Monthly,Credit Card,15-Jun-2022,
SUB-005686,ACC-105719,Starter,5,72,USD,0,Monthly,Invoice,18/11/2024,2025-12-14
SUB-005687,ACC-105719,Business,7,"$1,139.43",USD,0,Annual,ACH,14-Dec-2025,
SUB-005688,ACC-103025,Business,1,$ 637,USD,0,Annual,Invoice,03/06/2023,06-Jul-2024
SUB-005689,ACC-102453,Starter,3,$60.30,USD,0,Monthly,Invoice,22-Jun-2023,22/08/2025
SUB-005690,ACC-104403,Business,1,652,USD,0,Annual,credit card,2025-05-23,
SUB-005691,ACC-105371,Starter,4,$ 74,USD,0,Monthly,ACH,2024-08-31,16-May-2025
SUB-005692,ACC-105371,Business,5,994.49,USD,0,Annual,ACH,16/05/2025,
SUB-005693,ACC-104926,Starter,3,$64.79,USD,0,Monthly,ACH,2023-10-30,2023-11-30
SUB-005694,ACC-104926,Enterprise,4,"3,137.01",USD,0,Monthly,Credit Card,30/11/2023,11/30/2023
SUB-005695,ACC-104926,Pro,3,251.64,USD,0,Annual,Credit Card,2023-11-30,2023-11-30
SUB-005696,ACC-103704,Business,18,"$ 1,946",USD,0,Monthly,ACH,2022-12-30,30-Jun-2023
SUB-005697,ACC-105691,Enterprise,1,"$ 2,285",USD,0,Monthly,Invoice,2022-02-26,
SUB-005698,ACC-100363,Starter,3,62.37,USD,0,Monthly,credit card,05/17/2023,
SUB-005699,ACC-101271,Enterprise,1,"$2,067.92",USD,-10,Annual,Credit Card,11/01/2023,
SUB-005700,ACC-102003,Business,2,719,USD,0,Monthly,Credit Card,11/21/2023,
SUB-005701,ACC-105473,Starter,7,£ 101,GBP,0,Monthly,,12/08/2023,07/12/2025
SUB-005702,ACC-104304,Starter,4,65.18,USD,15,Monthly,Credit Card,30/10/2022,2023-06-30
SUB-005703,ACC-105705,Business,1,576,GBP,0,Annual,credit card,24-Sep-2023,
SUB-005704,ACC-105428,Starter,3,69,USD,0,Monthly,Credit Card,2025-01-26,26-Jan-2026
SUB-005705,ACC-100347,Pro,1,137.51,GBP,25,Annual,Credit Card,17/11/2024,2025-11-17
SUB-005706,ACC-103350,Starter,1,50.33,USD,0,Annual,Credit Card,18/03/2022,2023-06-12
SUB-005707,ACC-103350,Business,3,$803.18,USD,0,Monthly,Credit Card,2023-06-12,18/10/2024
SUB-005708,ACC-104847,Starter,1,56.29,USD,0,Monthly,Credit Card,04/08/2023,2026-01-08
SUB-005709,ACC-103613,Starter,5,$ 83,USD,0,Monthly,Credit Card,12/13/2023,
SUB-005710,ACC-105620,Starter,2,59,USD,0,Monthly,Invoice,12/21/2023,2025-05-16
SUB-005711,ACC-105620,Business,3,$662.12,USD,10,Annual,Credit Card,05/16/2025,
SUB-005712,ACC-102562,Starter,1,$ 52,USD,0,Monthly,ACH,2022-04-13,
SUB-005713,ACC-103027,Pro,6,$328.08,USD,0,Annual,ACH,2024-06-06,2024-07-06
SUB-005714,ACC-103027,Business,3,828.19,USD,0,Annual,Credit Card,2024-07-06,2024-07-06
SUB-005715,ACC-103027,Starter,3,64.34,USD,0,Annual,Invoice,2024-07-06,2024-07-06
SUB-005716,ACC-104239,Pro,2,$258.62,USD,0,Monthly,Invoice,2022-07-17,17-Dec-2025
SUB-005717,ACC-105579,Starter,4,$67.65,USD,0,Monthly,Credit Card,2022-01-31,2022-06-20
SUB-005718,ACC-105579,Business,4,$ 823,USD,0,Monthly,Credit Card,2022-06-20,24/07/2022
SUB-005719,ACC-105579,Enterprise,1,"$2,242.12",USD,0,Monthly,Credit Card,07/24/2022,2022/07/31
SUB-005720,ACC-101423,Starter,5,$75.94,USD,0,Annual,Credit Card,2024-04-13,
SUB-005721,ACC-100656,Starter,5,72.94,USD,10,Monthly,Credit Card,2022-02-08,08-Mar-2023
SUB-005722,ACC-103083,Pro,5,$356.11,USD,0,Monthly,ACH,21-Feb-2025,2025-11-21
SUB-005723,ACC-105605,Pro,3,295.78,USD,0,Monthly,Invoice,31/07/2023,04/29/2025
SUB-005724,ACC-105605,Enterprise,2,"$2,256.88",USD,0,Monthly,Credit Card,2025-04-29,2026-03-04
SUB-005725,ACC-105605,Business,2,747.75,USD,0,Monthly,ACH,03/04/2026,
SUB-005726,ACC-102102,Enterprise,2,"$ 1,847",USD,25,Monthly,Credit Card,07/07/2023,
SUB-005727,ACC-100632,Starter,1,$ 48,USD,0,Annual,,2024-05-31,2024/10/06
SUB-005728,ACC-100632,Pro,6,$ 351,USD,0,Monthly,Credit Card,2024-10-06,31-Jan-2025
SUB-005729,ACC-105867,Business,2,507.79,EUR,20,Annual,Credit Card,2025-01-26,2026-03-05
SUB-005730,ACC-105867,Enterprise,4,"3,288.62",EUR,0,Annual,Credit Card,2026-03-05,
SUB-005731,ACC-102493,Business,1,$678.50,USD,0,Annual,ACH,2023-01-12,
SUB-005732,ACC-102665,Pro,4,283.56,USD,0,Monthly,Credit Card,2025-04-07,2026-03-07
SUB-005733,ACC-102665,Business,3,$ 754,USD,0,Monthly,Credit Card,2026-03-07,2026-05-13
SUB-005734,ACC-102665,Enterprise,4,3291,USD,0,Annual,Invoice,2026-05-13,
SUB-005735,ACC-104397,Pro,1,213.46,EUR,0,Monthly,Invoice,22-Mar-2024,
SUB-005736,ACC-104707,Starter,1,44.00,USD,20,Annual,Credit Card,2022-03-25,2023-08-25
SUB-005737,ACC-104463,Starter,5,81.08,USD,0,Monthly,Credit Card,21/12/2024,2025-06-03
SUB-005738,ACC-104463,Enterprise,1,"$ 1,967",USD,0,Monthly,Credit Card,2025-06-03,
SUB-005739,ACC-104308,Enterprise,1,2094,USD,5,Monthly,Credit Card,,
SUB-005740,ACC-102334,Pro,3,261,USD,0,Monthly,Invoice,2022-07-22,
SUB-005741,ACC-103548,Pro,2,218,USD,0,Annual,credit card,2022-04-02,2023-04-02
SUB-005742,ACC-102500,Starter,3,66.87,USD,0,Monthly,ACH,2022-06-05,01/05/2025
SUB-005743,ACC-103619,Starter,1,$45.59,USD,0,Annual,Credit Card,2023-10-15,2025-03-15
SUB-005744,ACC-101465,Pro,8,413.80,USD,0,Monthly,Invoice,19-Dec-2022,2024-07-19
SUB-005745,ACC-104056,Starter,2,$51.75,USD,0,Monthly,Credit Card,2023-12-18,
SUB-005746,ACC-104215,Pro,1,182.28,USD,0,Annual,Invoice,2025-04-21,
SUB-005747,ACC-104917,Starter,1,47,USD,0,Monthly,credit card,2024-11-14,
SUB-005748,ACC-100115,Starter,2,53,USD,0,Monthly,Credit Card,2025-01-27,
SUB-005749,ACC-101821,Starter,7,$ 106,USD,0,Annual,ACH,2022-05-28,2024-11-28
SUB-005750,ACC-101494,Starter,2,57.42,USD,0,Monthly,Credit Card,12/16/2022,2024-11-25
SUB-005751,ACC-101494,Enterprise,1,2285,USD,0,Annual,Credit Card,2024-11-25,
SUB-005752,ACC-102401,Business,2,765.93,USD,0,Monthly,Credit Card,2022-02-14,04/26/2022
SUB-005753,ACC-102401,Enterprise,2,2128,USD,0,Monthly,Invoice,26/04/2022,2022-05-14
SUB-005754,ACC-103874,Business,1,$581.90,USD,0,Monthly,credit card,2022-03-24,2022-07-12
SUB-005755,ACC-103874,Enterprise,1,"2,200.30",USD,0,Monthly,Credit Card,12-Jul-2022,2022-11-05
SUB-005756,ACC-103874,Starter,3,60.30,USD,0,Monthly,Credit Card,2022-11-05,24/04/2023
SUB-005757,ACC-101232,Pro,7,365.78,USD,0,Monthly,,2023/08/12,2023-10-24
SUB-005758,ACC-101232,Business,1,$671.30,USD,0,Monthly,Credit Card,10/24/2023,2025-07-12
SUB-005759,ACC-102661,Business,5,$ 849,USD,5,Monthly,ACH,2024-12-09,2025-09-05
SUB-005760,ACC-102661,Enterprise,1,1597,USD,15,Annual,Invoice,2025-09-05,
SUB-005761,ACC-102817,Starter,4,$73.88,USD,0,Monthly,Credit Card,2022-10-13,
SUB-005762,ACC-101195,Starter,10,$129.61,USD,0,Annual,Credit Card,2022-02-19,2022-08-29
SUB-005763,ACC-101195,Pro,4,324,USD,0,Monthly,ACH,2022-08-29,2022-11-19
SUB-005764,ACC-105558,Business,1,605.76,USD,0,Monthly,ACH,02/05/2022,
SUB-005765,ACC-101153,Pro,3,€239.31,EUR,0,Annual,Credit Card,01-Dec-2024,2025-11-28
SUB-005766,ACC-101153,Starter,4,€72.20,EUR,0,Monthly,Credit Card,2025-11-28,
SUB-005767,ACC-103909,Pro,2,218.64,USD,0,Monthly,Credit Card,20-Apr-2022,2023-10-20
SUB-005768,ACC-104827,Pro,1,211.10,USD,0,Annual,Invoice,23-Aug-2024,
SUB-005769,ACC-105404,Starter,2,56.43,USD,0,Annual,ACH,21-Aug-2022,04/21/2023
SUB-005770,ACC-105404,Business,1,572.73,USD,0,Annual,ACH,04/21/2023,2024-03-21
SUB-005771,ACC-100057,Business,1,$550.66,USD,0,Monthly,Credit Card,03-Oct-2022,
SUB-005772,ACC-104529,Starter,2,61.77,USD,0,Monthly,Invoice,2025-08-12,
SUB-005773,ACC-103883,Starter,3,69.63,USD,0,Annual,Credit Card,2023/10/17,2023-12-01
SUB-005774,ACC-103883,Enterprise,8,"3,843.89",USD,0,Monthly,ACH,2023-12-01,2024-06-17
SUB-005775,ACC-103061,Starter,7,80.18,EUR,10,Monthly,Invoice,2024/01/23,17-Jul-2025
SUB-005776,ACC-103061,Pro,2,253.60,EUR,0,Annual,credit card,2025/07/17,
SUB-005777,ACC-105196,Pro,3,$ 253,USD,0,Annual,Credit Card,2023-09-18,
SUB-005778,ACC-101735,Pro,2,231.56,USD,0,Monthly,Credit Card,09/02/2024,
SUB-005779,ACC-105480,Business,2,618.35,USD,5,Monthly,,2022-11-20,
SUB-005780,ACC-102823,Pro,1,184.84,USD,0,Monthly,Credit Card,2024-10-04,05/04/2025
SUB-005781,ACC-102196,Pro,2,247.50,EUR,0,Monthly,Credit Card,2023-09-14,
SUB-005782,ACC-100159,Pro,4,263.39,USD,0,Monthly,Credit Card,2022-10-14,2024-08-14
SUB-005783,ACC-104955,Pro,3,240,GBP,0,Annual,Invoice,2024/02/18,2024-10-31
SUB-005784,ACC-104955,Starter,1,£45.37,GBP,5,Monthly,Credit Card,10/31/2024,
SUB-005785,ACC-102475,Starter,1,$44.19,USD,0,Monthly,Credit Card,08/14/2024,11/08/2024
SUB-005786,ACC-102475,Pro,2,$238.72,USD,0,Annual,Credit Card,08/11/2024,02/14/2026
SUB-005787,ACC-102564,Starter,1,$ 50,USD,0,Monthly,ACH,04/17/2024,2024-06-30
SUB-005788,ACC-102564,Business,2,723.65,USD,0,Annual,Credit Card,2024-06-30,20/08/2024
SUB-005789,ACC-102564,Enterprise,2,2168,USD,0,Monthly,Credit Card,2024-08-20,17/09/2024
SUB-005790,ACC-104353,Business,6,"$1,179.21",USD,0,Annual,ACH,2025-02-15,2025-09-15
SUB-005791,ACC-105121,Starter,1,52.93,USD,0,Annual,ACH,,
SUB-005792,ACC-104198,Enterprise,5,"$3,044.39",USD,0,Annual,Invoice,30-Dec-2024,2025-06-30
SUB-005793,ACC-102608,Business,1,562.49,USD,10,Monthly,ACH,2023-02-16,
SUB-005794,ACC-104701,Starter,3,61,USD,10,Monthly,Credit Card,26/12/2023,
SUB-005795,ACC-100707,Business,2,$770.91,USD,0,Monthly,Invoice,2023-07-01,
SUB-005796,ACC-103046,Enterprise,8,"$4,003.83",USD,0,Monthly,Credit Card,17-Mar-2024,
SUB-005797,ACC-105187,Pro,20,799.92,USD,5,Monthly,Credit Card,2024-08-22,
SUB-005798,ACC-101093,Starter,7,$ 104,USD,0,Annual,Credit Card,2024-10-09,
SUB-005799,ACC-104639,Starter,3,58.01,USD,0,Monthly,credit card,17/04/2024,2024-05-17
SUB-005800,ACC-101376,Pro,1,250,EUR,-10,Monthly,credit card,2022-08-10,2024-12-10
SUB-005801,ACC-105987,Starter,4,64.73,USD,0,Monthly,Credit Card,08/31/2025,
SUB-005802,ACC-100072,Starter,1,46.54,USD,0,Monthly,Credit Card,11/20/2022,2023-07-23
SUB-005803,ACC-100072,Pro,1,201.29,USD,5,Monthly,Credit Card,2023-07-23,2026-05-20
SUB-005804,ACC-101922,Pro,3,$294.04,USD,0,Monthly,credit card,2023-03-01,
SUB-005805,ACC-104531,Starter,3,71.89,USD,0,Annual,Invoice,13-Dec-2024,2025-08-13
SUB-005806,ACC-105658,Starter,5,81,USD,0,Annual,Credit Card,02/01/2025,
SUB-005807,ACC-101764,Pro,3,284.20,GBP,0,Monthly,ACH,2024-11-02,
SUB-005808,ACC-100743,Enterprise,1,"£1,938.70",GBP,0,Annual,Credit Card,2025-05-03,
SUB-005809,ACC-105427,Pro,1,$199.92,USD,0,Monthly,Credit Card,01-Aug-2022,
SUB-005810,ACC-101005,Starter,1,$44.18,USD,5,Annual,ACH,2025-07-17,
SUB-005811,ACC-102668,Starter,3,67.56,USD,5,Monthly,credit card,2023-10-16,2024-02-16
SUB-005812,ACC-101190,Pro,3,$ 241,USD,0,Monthly,Credit Card,2022-10-24,01/16/2023
SUB-005813,ACC-101190,Starter,6,92,USD,0,Annual,Credit Card,2023-01-16,2023-01-24
SUB-005814,ACC-101190,Pro,10,$394.63,USD,15,Monthly,ACH,24/01/2023,24/01/2023
SUB-005815,ACC-104375,Starter,1,$45.81,USD,15,Annual,Credit Card,2024-06-23,
SUB-005816,ACC-102601,Pro,3,$257.88,USD,0,Monthly,Credit Card,2022-10-23,2022-11-23
SUB-005817,ACC-102601,Enterprise,3,"$ 2,492",USD,0,Monthly,,2022-11-23,2023-05-12
SUB-005818,ACC-102601,Starter,8,$ 92,USD,0,Monthly,Invoice,2023-05-12,2023-08-23
SUB-005819,ACC-101125,Pro,2,190.35,USD,25,Annual,Credit Card,16-Jul-2024,
SUB-005820,ACC-101241,Pro,3,$238.23,USD,0,Monthly,Credit Card,08/24/2022,27-Feb-2023
SUB-005821,ACC-101241,Enterprise,4,"$3,192.81",USD,0,Monthly,credit card,2023-02-27,2023-12-09
SUB-005822,ACC-101241,Business,1,591,USD,0,Monthly,Credit Card,2023-12-09,24-Apr-2025
SUB-005823,ACC-105245,Enterprise,2,"2,115.83",EUR,0,Monthly,Credit Card,29-Nov-2024,2026-05-29
SUB-005824,ACC-105451,Pro,5,$ 226,USD,25,Annual,ACH,05/31/2024,2024/08/20
SUB-005825,ACC-105451,Starter,2,52.43,USD,0,Annual,credit card,2024-08-20,2024-12-07
SUB-005826,ACC-105451,Pro,2,$261.96,USD,0,Monthly,ACH,2024-12-07,2025-08-31
SUB-005827,ACC-105781,Business,2,$643.87,USD,0,Monthly,Credit Card,2022-08-16,2022-10-16
SUB-005828,ACC-103351,Starter,3,71.81,EUR,0,Monthly,Credit Card,01/14/2024,06/14/2024
SUB-005829,ACC-104008,Pro,1,176,USD,20,Monthly,Invoice,06/21/2022,
SUB-005830,ACC-101577,Starter,3,$ 67,USD,0,Monthly,ACH,2022-12-11,08/12/2025
SUB-005831,ACC-101577,Pro,2,210.14,USD,0,Monthly,Credit Card,12/08/2025,
SUB-005832,ACC-103906,Business,3,$ 754,USD,0,Monthly,Credit Card,2022-07-02,
SUB-005833,ACC-103729,Pro,1,$ 222,USD,0,Annual,Credit Card,2025/02/09,2026-02-16
SUB-005834,ACC-103729,Business,2,$632.89,USD,20,Annual,ACH,2026-02-16,
SUB-005835,ACC-101343,Pro,1,198.16,GBP,0,Monthly,Credit Card,2025-06-19,
SUB-005836,ACC-100440,Pro,3,€ 295,EUR,0,Monthly,Credit Card,2023-07-05,05/09/2024
SUB-005837,ACC-101100,Pro,2,$229.82,USD,0,Monthly,Credit Card,2024-07-29,2026-05-15
SUB-005838,ACC-101100,Business,3,$738.12,USD,0,Monthly,Credit Card,2026-05-15,
SUB-005839,ACC-102637,Starter,2,41.18,USD,20,Monthly,Credit Card,2022-06-02,2023-02-19
SUB-005840,ACC-102637,Enterprise,1,"$2,116.09",USD,0,Annual,ACH,2023-02-19,2023-07-02
SUB-005841,ACC-105736,Starter,1,$50.40,USD,0,Annual,Credit Card,2023-09-20,
SUB-005842,ACC-100649,Pro,2,261.05,EUR,0,Monthly,Credit Card,2022/11/06,
SUB-005843,ACC-101546,Pro,2,217.99,USD,0,Annual,Credit Card,2022-11-16,2025-07-16
SUB-005844,ACC-105218,Business,4,$893.97,USD,0,Monthly,Credit Card,2022-12-14,2023-05-10
SUB-005845,ACC-105218,Enterprise,4,"$ 2,952",USD,0,Monthly,credit card,2023-05-10,2025-04-14
SUB-005846,ACC-104638,Pro,1,$213.38,USD,0,Annual,Credit Card,04/13/2022,2024-01-24
SUB-005847,ACC-104638,Enterprise,1,1831,USD,0,Annual,ACH,24-Jan-2024,
SUB-005848,ACC-102852,Starter,2,$ 54,USD,0,Monthly,Credit Card,2022-09-07,07-Jan-2023
SUB-005849,ACC-103503,Starter,2,59,USD,0,Monthly,credit card,21/04/2024,2025-11-21
SUB-005850,ACC-104371,Business,2,$ 756,USD,0,Monthly,credit card,17/04/2024,2024-12-17
SUB-005851,ACC-100630,Pro,7,$434.15,USD,0,Monthly,ACH,2025-04-03,2025-06-03
SUB-005852,ACC-101249,Business,1,617,USD,0,Monthly,Invoice,2025/01/27,2025-10-05
SUB-005853,ACC-101249,Enterprise,3,"2,621.31",USD,0,Monthly,Credit Card,05/10/2025,
SUB-005854,ACC-104147,Pro,9,$349.06,USD,20,Monthly,credit card,2024-02-28,2024-12-28
SUB-005855,ACC-100482,Pro,4,$ 280,USD,0,Monthly,Invoice,2022-04-11,2022/09/11
SUB-005856,ACC-101584,Pro,3,260.90,GBP,0,Monthly,Credit Card,14/05/2024,20/01/2025
SUB-005857,ACC-101584,Starter,5,97.87,GBP,-10,Monthly,Credit Card,01/20/2025,
SUB-005858,ACC-101462,Starter,1,$53.40,USD,0,Monthly,Invoice,2023-12-04,
SUB-005859,ACC-103040,Enterprise,4,"3,163.50",USD,0,Annual,Credit Card,03-Sep-2022,
SUB-005860,ACC-104675,Pro,4,270,USD,0,Monthly,Credit Card,2023-03-16,07/01/2024
SUB-005861,ACC-104675,Starter,7,$ 98,USD,0,Monthly,credit card,2024-01-07,2024-01-16
SUB-005862,ACC-104675,Business,1,557.60,USD,15,Annual,Invoice,16/01/2024,2024-01-16
SUB-005863,ACC-103273,Pro,5,291.42,USD,0,Monthly,Invoice,09-Nov-2022,
SUB-005864,ACC-103683,Starter,5,75.36,USD,0,Monthly,Credit Card,2024-03-26,
SUB-005865,ACC-104275,Enterprise,5,"3,615.85",USD,-10,Monthly,Credit Card,2023-01-27,2025-03-13
SUB-005866,ACC-104275,Business,3,742,USD,0,Annual,Credit Card,2025-03-13,2025-10-27
SUB-005867,ACC-103225,Starter,1,49,USD,0,Annual,Invoice,09/26/2022,2023-06-26
SUB-005868,ACC-101072,Starter,1,48.26,USD,0,Monthly,ACH,25-Mar-2022,08/18/2024
SUB-005869,ACC-101072,Pro,4,263,USD,0,Annual,ACH,2024-08-18,2024-09-25
SUB-005870,ACC-102631,Pro,9,330.80,USD,20,Annual,credit card,2022-06-18,31-May-2023
SUB-005871,ACC-102631,Starter,4,68.34,USD,0,Monthly,Credit Card,2023-05-31,2025-06-18
SUB-005872,ACC-101660,Pro,2,234.00,USD,0,Monthly,,12/11/2022,
SUB-005873,ACC-102425,Starter,6,66.10,USD,25,Monthly,Credit Card,2022/09/25,
SUB-005874,ACC-105216,Starter,3,$67.94,USD,0,Monthly,Credit Card,2023-03-26,
SUB-005875,ACC-103097,Starter,2,$ 56,USD,0,Monthly,Credit Card,07/19/2024,2024-10-08
SUB-005876,ACC-103097,Pro,2,254,USD,0,Monthly,Invoice,2024-10-08,06/19/2025
SUB-005877,ACC-103976,Pro,3,291.08,EUR,0,Monthly,Credit Card,2025-05-06,
SUB-005878,ACC-105779,Pro,8,435,USD,0,Annual,Credit Card,2023-12-28,2024-09-06
SUB-005879,ACC-105779,Starter,4,64.92,USD,0,Monthly,Credit Card,2024-09-06,04/28/2025
SUB-005880,ACC-104316,Pro,2,225.22,USD,0,Annual,Invoice,22/03/2023,2024-02-27
SUB-005881,ACC-104316,Starter,6,90.83,USD,0,Monthly,Invoice,27/02/2024,
SUB-005882,ACC-104819,Starter,2,$ 53,USD,0,Monthly,ACH,2023-07-03,2024-07-03
SUB-005883,ACC-101408,Enterprise,1,"1,560.77",EUR,25,Monthly,Credit Card,10/08/2022,2023-07-07
SUB-005884,ACC-101408,Starter,2,56.44,EUR,0,Monthly,Credit Card,2023-07-07,2026/01/03
SUB-005885,ACC-101408,Pro,1,€ 198,EUR,0,Monthly,Credit Card,2026-01-03,
SUB-005886,ACC-101845,Pro,4,$ 278,USD,15,Annual,ACH,2025-08-19,2026-05-13
SUB-005887,ACC-101845,Enterprise,3,"2,440.54",USD,0,Monthly,credit card,2026-05-13,2026-06-01
SUB-005888,ACC-101845,Pro,3,263,USD,0,Annual,Invoice,2026-06-01,
SUB-005889,ACC-101798,Business,1,548.85,USD,0,Monthly,,2025-02-21,21/03/2025
SUB-005890,ACC-101798,Pro,1,156.04,USD,20,Monthly,Credit Card,21/03/2025,21-Mar-2025
SUB-005891,ACC-103957,Business,3,795.81,EUR,0,Monthly,,01/19/2022,03/27/2025
SUB-005892,ACC-103957,Starter,1,€54.66,EUR,0,Monthly,Invoice,2025-03-27,
SUB-005893,ACC-101475,Business,2,716,USD,0,Monthly,Credit Card,02-Sep-2023,02/14/2026
SUB-005894,ACC-101475,Enterprise,2,"$2,095.67",USD,0,Monthly,,2026-02-14,
SUB-005895,ACC-100035,Starter,1,47.79,USD,0,Monthly,credit card,2022-07-01,
SUB-005896,ACC-100444,Starter,2,40.70,USD,20,Monthly,ACH,2025-04-19,
SUB-005897,ACC-102359,Enterprise,4,"2,870.20",EUR,0,Monthly,Credit Card,23/12/2023,2025/03/08
SUB-005898,ACC-102359,Business,3,795,EUR,0,Monthly,Invoice,2025-03-08,
SUB-005899,ACC-103654,Pro,9,€471.16,EUR,0,Monthly,credit card,2024-03-22,2024-07-31
SUB-005900,ACC-103654,Business,2,€ 764,EUR,0,Monthly,,2024-07-31,2025-03-13
SUB-005901,ACC-103654,Pro,2,€191.23,EUR,25,Monthly,credit card,13-Mar-2025,
SUB-005902,ACC-103179,Business,2,629,EUR,0,Monthly,Credit Card,08/02/2024,
SUB-005903,ACC-101286,Pro,6,361.70,USD,0,Monthly,Credit Card,2023-01-05,28-Sep-2023
SUB-005904,ACC-101286,Starter,3,62.33,USD,0,Monthly,ACH,2023-09-28,2024-02-05
SUB-005905,ACC-104506,Pro,2,240.43,GBP,0,Monthly,Invoice,11/18/2023,2024-06-18
SUB-005906,ACC-103416,Starter,2,52.71,USD,0,Monthly,Credit Card,2022-05-07,2025-02-07
SUB-005907,ACC-102137,Starter,1,$54.03,USD,0,Annual,Invoice,15/04/2025,
SUB-005908,ACC-102636,Starter,3,$72.52,USD,0,Monthly,ACH,20-Feb-2025,04-Sep-2025
SUB-005909,ACC-102636,Enterprise,1,"2,280.28",USD,0,Monthly,,2025-09-04,
SUB-005910,ACC-104016,Enterprise,4,"2,620.22",USD,0,Monthly,Credit Card,2025-06-30,
SUB-005911,ACC-105881,Enterprise,1,"$2,205.40",USD,0,Annual,Credit Card,17-Jul-2024,
SUB-005912,ACC-101681,Starter,3,$59.15,USD,0,Monthly,ACH,01/24/2025,
SUB-005913,ACC-104419,Pro,2,189.71,EUR,25,Monthly,Credit Card,04-Jan-2023,2023-09-04
SUB-005914,ACC-101692,Starter,5,75.34,USD,0,Monthly,Credit Card,10-Oct-2024,2025-01-10
SUB-005915,ACC-105373,Pro,1,$225.67,USD,0,Monthly,ACH,2025-07-26,2025/10/24
SUB-005916,ACC-105373,Business,5,684.85,USD,25,Monthly,credit card,10/24/2025,2026-03-26
SUB-005917,ACC-103635,Starter,1,50.90,USD,0,Monthly,credit card,2023-11-26,2025-01-01
SUB-005918,ACC-103635,Pro,3,264,USD,10,Monthly,Credit Card,2025-01-01,
SUB-005919,ACC-100372,Business,1,$657.22,USD,0,Monthly,Credit Card,17-Jul-2024,
SUB-005920,ACC-104669,Business,4,945,USD,0,Monthly,Credit Card,22/11/2024,03/17/2025
SUB-005921,ACC-104669,Starter,1,54.32,USD,0,Monthly,Credit Card,2025-03-17,05/22/2025
SUB-005922,ACC-100140,Starter,4,69.66,USD,10,Annual,ACH,05/30/2022,2022-06-30
SUB-005923,ACC-105671,Pro,9,453,USD,5,Monthly,Credit Card,2024-03-17,
SUB-005924,ACC-104996,Starter,2,€54.70,EUR,0,Annual,Invoice,09/07/2022,10/04/2024
SUB-005925,ACC-104996,Business,4,€988.57,EUR,0,Monthly,Credit Card,04-Oct-2024,
SUB-005926,ACC-100714,Business,1,$605.48,USD,0,Annual,Invoice,2025/06/17,2025-12-24
SUB-005927,ACC-100714,Enterprise,3,"$2,564.04",USD,0,Monthly,,2025-12-24,
SUB-005928,ACC-103188,Business,11,"1,648.52",USD,0,Monthly,Credit Card,10/02/2023,
SUB-005929,ACC-105370,Starter,7,91.58,USD,0,Monthly,Credit Card,20/05/2024,
SUB-005930,ACC-104248,Pro,8,$ 449,USD,0,Monthly,Credit Card,2022-02-04,06/04/2022
SUB-005931,ACC-100406,Pro,2,€ 245,EUR,0,Annual,Credit Card,2024-07-07,07-Mar-2025
SUB-005932,ACC-100020,Pro,2,208.13,USD,0,Monthly,Invoice,2023-05-24,
SUB-005933,ACC-101004,Starter,3,63.23,GBP,0,Monthly,ACH,2023-02-12,2024-10-12
SUB-005934,ACC-102545,Business,9,"$ 1,368",USD,0,Monthly,Credit Card,2022-10-28,08/13/2023
SUB-005935,ACC-102545,Enterprise,1,"2,190.05",USD,0,Monthly,Credit Card,2023-08-13,2023/10/28
SUB-005936,ACC-102390,Pro,1,$179.60,USD,0,Monthly,ACH,14/07/2025,2025-10-14
SUB-005937,ACC-104029,Starter,1,54.13,USD,0,Annual,Invoice,2022-05-04,2022-11-26
SUB-005938,ACC-104029,Business,3,705.95,USD,0,Monthly,credit card,2022-11-26,2023-11-04
SUB-005939,ACC-100042,Enterprise,3,"$2,541.58",USD,0,Monthly,Credit Card,2023-09-19,
SUB-005940,ACC-102830,Business,1,$545.31,USD,0,Annual,,2023-05-16,16/12/2023
SUB-005941,ACC-102830,Pro,1,188.40,USD,0,Monthly,Credit Card,16-Dec-2023,
SUB-005942,ACC-103371,Starter,5,€78.64,EUR,0,Monthly,Invoice,04/16/2024,2024-07-15
SUB-005943,ACC-103371,Pro,2,€251.26,EUR,0,Monthly,Invoice,15-Jul-2024,
SUB-005944,ACC-103022,Starter,3,€ 65,EUR,5,Monthly,Credit Card,03/03/2022,2026-05-03
SUB-005945,ACC-103364,Starter,2,$60.91,USD,0,Monthly,Invoice,2023-11-18,2024-07-19
SUB-005946,ACC-103364,Business,2,659.95,USD,0,Monthly,Credit Card,19/07/2024,
SUB-005947,ACC-100011,Pro,1,184.06,USD,0,Monthly,Invoice,2022-10-21,2026-02-18
SUB-005948,ACC-100011,Starter,1,$45.91,USD,0,Monthly,Credit Card,2026-02-18,
SUB-005949,ACC-101177,Pro,1,188.99,USD,0,Monthly,Credit Card,2022-08-25,2023-10-25
SUB-005950,ACC-101947,Pro,1,194.93,USD,0,Monthly,Credit Card,07/24/2022,
SUB-005951,ACC-102501,Pro,4,229,USD,15,Monthly,Credit Card,2023/10/05,2024-03-13
SUB-005952,ACC-102501,Starter,3,61,USD,0,Annual,,2024-03-13,
SUB-005953,ACC-102863,Starter,1,34.53,USD,25,Monthly,ACH,29-Apr-2022,29/08/2025
SUB-005954,ACC-103865,Pro,1,213.56,USD,0,Monthly,Credit Card,29-Sep-2024,2024-12-11
SUB-005955,ACC-103865,Business,5,"1,187.46",USD,-10,Monthly,Credit Card,12/11/2024,
SUB-005956,ACC-101026,Pro,2,212.79,USD,0,Annual,Credit Card,2022-01-25,
SUB-005957,ACC-103848,Starter,1,$ 54,USD,0,Monthly,Credit Card,2022-08-26,26-Oct-2023
SUB-005958,ACC-102989,Starter,3,$70.67,USD,0,Annual,Invoice,2024-10-27,
SUB-005959,ACC-100961,Pro,2,260.05,USD,0,Monthly,Credit Card,05/22/2024,
SUB-005960,ACC-102889,Business,6,"1,099.48",USD,0,Monthly,Credit Card,19-Apr-2024,2025-08-25
SUB-005961,ACC-102889,Starter,4,69.94,USD,0,Monthly,Credit Card,2025/08/25,
SUB-005962,ACC-103015,Pro,2,229.10,USD,0,Monthly,Invoice,03/05/2022,07/28/2022
SUB-005963,ACC-103015,Starter,3,$64.74,USD,0,Monthly,Credit Card,28/07/2022,
SUB-005964,ACC-103338,Enterprise,3,"2,553.45",EUR,0,Monthly,Credit Card,2022-06-17,
SUB-005965,ACC-104921,Enterprise,1,1976,USD,0,Monthly,Credit Card,12/22/2023,
SUB-005966,ACC-100735,Starter,3,$ 60,USD,0,Monthly,Credit Card,2023-04-13,13/11/2025
SUB-005967,ACC-101440,Enterprise,4,2789,USD,0,Monthly,,2023/05/09,2025-05-10
SUB-005968,ACC-101440,Pro,2,$222.40,USD,0,Monthly,Credit Card,2025-05-10,
SUB-005969,ACC-102875,Pro,2,$210.56,USD,0,Annual,credit card,2023-08-29,2023-11-29
SUB-005970,ACC-103986,Business,1,590.00,USD,0,Annual,credit card,2024-11-01,
SUB-005971,ACC-100916,Starter,6,67.85,USD,20,Monthly,Credit Card,2025-04-18,
SUB-005972,ACC-105074,Business,4,889.04,USD,0,Monthly,Credit Card,23-Jan-2024,
SUB-005973,ACC-104089,Business,2,703,USD,0,Annual,Credit Card,2024-04-22,2024-06-02
SUB-005974,ACC-104089,Starter,3,62.14,USD,15,Annual,Credit Card,2024-06-02,22-May-2025
SUB-005975,ACC-105622,Pro,1,204,USD,0,Monthly,Credit Card,23-May-2023,23-Nov-2023
SUB-005976,ACC-104750,Enterprise,2,"€ 2,211",EUR,0,Annual,Credit Card,11-Mar-2025,
SUB-005977,ACC-102772,Starter,4,69.66,GBP,0,Annual,ACH,14/03/2024,2024-08-11
SUB-005978,ACC-102772,Enterprise,1,"2,038.00",GBP,0,Annual,credit card,11/08/2024,2024-09-14
SUB-005979,ACC-101624,Starter,9,99,USD,0,Monthly,Invoice,2023-10-14,2024-06-30
SUB-005980,ACC-101624,Enterprise,4,"$3,160.43",USD,0,Monthly,,2024-06-30,
SUB-005981,ACC-105655,Starter,4,67,USD,0,Monthly,Credit Card,09-Jul-2022,09/09/2024
SUB-005982,ACC-100821,Starter,2,60.81,USD,0,Monthly,Credit Card,10/06/2023,2023-11-30
SUB-005983,ACC-100821,Pro,3,278.81,USD,0,Monthly,ACH,11/30/2023,01/07/2024
SUB-005984,ACC-100821,Business,1,$630.90,USD,0,Monthly,ACH,07/01/2024,2024-01-10
SUB-005985,ACC-101367,Pro,1,$191.43,USD,15,Annual,Credit Card,2025-05-28,
SUB-005986,ACC-103712,Enterprise,1,"$ 1,710",USD,25,Monthly,Credit Card,2022-02-18,
SUB-005987,ACC-105469,Pro,5,€349.60,EUR,0,Monthly,credit card,2024/03/12,
SUB-005988,ACC-100850,Pro,2,258,USD,0,Monthly,Credit Card,2025-06-09,2025-08-14
SUB-005989,ACC-100850,Starter,3,$ 67,USD,0,Monthly,ACH,2025-08-14,09/12/2025
SUB-005990,ACC-101000,Pro,3,$175.25,USD,25,Annual,Credit Card,17-Apr-2022,
SUB-005991,ACC-104520,Starter,4,74,USD,0,Monthly,Credit Card,2025-01-31,31/01/2026
SUB-005992,ACC-104520,Enterprise,2,"$2,636.35",USD,0,Monthly,credit card,31-Jan-2026,
SUB-005993,ACC-104114,Pro,3,234.48,GBP,20,Monthly,Credit Card,2023-04-07,
SUB-005994,ACC-101637,Business,8,"1,123.40",GBP,0,Monthly,Credit Card,05/06/2024,2025/05/05
SUB-005995,ACC-101667,Pro,1,228.18,USD,0,Monthly,Invoice,2024-08-07,
SUB-005996,ACC-103173,Business,3,811.70,USD,0,Monthly,Invoice,2022-04-26,26/03/2023
SUB-005997,ACC-104625,Starter,6,$90.42,USD,5,Annual,Credit Card,2024-07-08,11/08/2025
SUB-005998,ACC-101347,Pro,2,232.23,USD,0,Monthly,Credit Card,2024-07-07,12/21/2024
SUB-005999,ACC-101347,Business,2,690.29,USD,0,Annual,Credit Card,2024-12-21,
SUB-006000,ACC-104747,Starter,4,61.12,USD,15,Monthly,credit card,26-Jun-2024,
SUB-006001,ACC-103230,Pro,6,$336.35,USD,0,Annual,,2023-09-11,2023-12-03
SUB-006002,ACC-103230,Starter,3,72.55,USD,0,Monthly,Invoice,12/03/2023,2023-12-11
SUB-006003,ACC-103230,Business,6,944,USD,10,Monthly,Invoice,2023-12-11,2023-12-11
SUB-006004,ACC-104269,Starter,4,78.68,USD,0,Monthly,,2024-01-01,2024-09-01
SUB-006005,ACC-104671,Pro,2,243,USD,0,Monthly,Credit Card,03-Jun-2025,
SUB-006006,ACC-103232,Starter,2,58.77,EUR,5,Monthly,Invoice,2023-08-29,2025-12-29
SUB-006007,ACC-100703,Pro,2,244.25,USD,0,Monthly,Credit Card,24-Jul-2025,2026-02-23
SUB-006008,ACC-100703,Business,1,682.73,USD,0,Monthly,Credit Card,02/23/2026,
SUB-006009,ACC-104848,Enterprise,1,"$ 2,077",USD,0,Annual,Credit Card,2025-08-29,
SUB-006010,ACC-103291,Starter,3,70.85,USD,0,Monthly,Credit Card,2023-12-25,2025-04-25
SUB-006011,ACC-103673,Starter,1,34.91,USD,25,Monthly,Credit Card,09/23/2022,2025-06-23
SUB-006012,ACC-103673,Pro,1,187,USD,0,Monthly,Credit Card,2025-06-23,2025-09-21
SUB-006013,ACC-103673,Enterprise,5,2513,USD,25,Annual,Invoice,21/09/2025,
SUB-006014,ACC-102408,Pro,3,$5.00,USD,150,Annual,Credit Card,2023-08-07,2025-06-04
SUB-006015,ACC-102408,Starter,5,$71.59,USD,0,Monthly,Invoice,2025-06-04,
SUB-006016,ACC-101327,Enterprise,2,"2,280.63",USD,0,Monthly,Invoice,2023-05-03,
SUB-006017,ACC-105667,Pro,1,241,USD,-10,Monthly,Credit Card,2024-03-13,2024-05-13
SUB-006018,ACC-104983,Starter,1,52,USD,0,Annual,Credit Card,2025-03-07,2026-02-09
SUB-006019,ACC-104983,Pro,1,207.72,USD,0,Monthly,Invoice,09-Feb-2026,
SUB-006020,ACC-105080,Starter,3,62.02,USD,0,Monthly,Credit Card,30-Sep-2024,2025-11-30
SUB-006021,ACC-100986,Pro,5,304,GBP,0,Monthly,Credit Card,2023/03/28,
SUB-006022,ACC-105520,Starter,8,109.82,USD,0,Annual,Credit Card,2024-12-03,2026-02-03
SUB-006023,ACC-105228,Pro,1,181.87,USD,0,Monthly,ACH,28-May-2022,02/15/2023
SUB-006024,ACC-105228,Starter,2,54.54,USD,0,Annual,Credit Card,2023-02-15,2025-05-28
SUB-006025,ACC-105036,Business,7,1159,USD,0,Annual,ACH,2023-08-28,03/25/2025
SUB-006026,ACC-105036,Enterprise,4,3156,USD,0,Monthly,Credit Card,2025-03-25,
SUB-006027,ACC-104049,Enterprise,3,2142,USD,15,Annual,Credit Card,2022-07-23,
SUB-006028,ACC-103485,Business,5,895.08,USD,0,Monthly,Credit Card,09/21/2024,03/10/2026
SUB-006029,ACC-103485,Pro,10,339.19,USD,20,Annual,Credit Card,2026-03-10,
SUB-006030,ACC-102474,Pro,2,211,USD,0,Annual,Credit Card,2024-07-25,2024-09-25
SUB-006031,ACC-103873,Starter,5,84.86,USD,0,Monthly,Credit Card,2024-11-08,2024-12-08
SUB-006032,ACC-101198,Pro,5,€349.19,EUR,0,Monthly,ACH,2024-05-27,
SUB-006033,ACC-104181,Enterprise,1,1671,USD,25,Annual,Invoice,2024-08-02,
SUB-006034,ACC-101518,Starter,1,50,EUR,0,Monthly,Credit Card,2023/11/30,2023-12-30
SUB-006035,ACC-101518,Business,3,€701.81,EUR,0,Monthly,Credit Card,2023-12-30,2023-12-30
SUB-006036,ACC-101799,Business,3,709,EUR,0,Monthly,Invoice,2023-03-09,
SUB-006037,ACC-101014,Business,1,640.48,USD,0,Annual,Invoice,2022-12-25,
SUB-006038,ACC-100128,Starter,1,48.99,EUR,0,Monthly,Credit Card,2022-08-19,2025-10-19
SUB-006039,ACC-101364,Business,2,629.39,USD,0,Annual,,26/05/2022,26-Sep-2025
SUB-006040,ACC-104676,Starter,4,62.62,USD,10,Monthly,ACH,04/14/2023,
SUB-006041,ACC-100891,Pro,2,233.48,USD,0,Annual,Credit Card,08/08/2022,29-Mar-2025
SUB-006042,ACC-100891,Enterprise,1,2244,USD,0,Monthly,Credit Card,2025/03/29,
SUB-006043,ACC-102793,Pro,2,$237.03,USD,0,Monthly,Invoice,2025-04-02,02-Jul-2025
SUB-006044,ACC-102793,Business,1,$644.24,USD,0,Annual,Invoice,2025-07-02,
SUB-006045,ACC-105105,Starter,7,$ 74,USD,20,Monthly,,2025-06-21,
SUB-006046,ACC-105798,Pro,2,234.17,USD,10,Monthly,ACH,2024-06-15,02/25/2026
SUB-006047,ACC-105798,Enterprise,4,"$2,893.60",USD,0,Monthly,Credit Card,25/02/2026,04/06/2026
SUB-006048,ACC-105798,Pro,3,270.44,USD,0,Monthly,Credit Card,2026-04-06,
SUB-006049,ACC-105213,Starter,2,49.53,USD,15,Monthly,Credit Card,2025-08-12,12/09/2025
SUB-006050,ACC-103249,Starter,5,69,EUR,20,Monthly,ACH,2022-07-17,09/10/2024
SUB-006051,ACC-103249,Enterprise,2,"2,162.12",EUR,0,Annual,Credit Card,2024-09-10,2025-06-17
SUB-006052,ACC-101208,Business,2,673,USD,0,Monthly,Credit Card,2025-08-27,
SUB-006053,ACC-103868,Starter,1,$ 37,USD,20,Monthly,Credit Card,13-Sep-2022,2023-02-13
SUB-006054,ACC-104065,Starter,2,$54.80,USD,5,Monthly,Credit Card,31-May-2025,2025-07-08
SUB-006055,ACC-104065,Enterprise,1,"2,232.02",USD,0,Monthly,ACH,2025-07-08,31-Oct-2025
SUB-006056,ACC-105201,Business,2,531.97,USD,25,Annual,Credit Card,12/02/2022,31-Oct-2023
SUB-006057,ACC-105201,Starter,2,44,USD,15,Annual,credit card,2023-10-31,
SUB-006058,ACC-101239,Pro,4,269,USD,0,Monthly,credit card,03/13/2023,
SUB-006059,ACC-102289,Pro,5,327,USD,0,Monthly,,2022-02-24,05/24/2025
SUB-006060,ACC-102740,Enterprise,1,1908,USD,0,Monthly,Credit Card,2025-02-08,
SUB-006061,ACC-100275,Business,4,$899.26,USD,0,Annual,ACH,2022/09/01,
SUB-006062,ACC-101035,Starter,4,68.63,USD,0,Monthly,ACH,03/09/2023,
SUB-006063,ACC-101229,Starter,1,$ 56,USD,0,Monthly,,2022-01-27,2023-11-23
SUB-006064,ACC-101229,Enterprise,3,"2,169.79",USD,20,Monthly,Credit Card,2023-11-23,2025-11-27
SUB-006065,ACC-101229,Starter,4,75,USD,0,Monthly,Invoice,2025-11-27,
SUB-006066,ACC-101008,Business,4,$ 867,USD,0,Annual,Credit Card,,
SUB-006067,ACC-103828,Business,1,558.24,USD,0,Annual,,2022/08/09,
SUB-006068,ACC-102532,Pro,1,139,USD,25,Monthly,ACH,2022-10-31,31/01/2026
SUB-006069,ACC-101058,Starter,4,68.85,USD,0,Monthly,Credit Card,2024-06-24,02/17/2025
SUB-006070,ACC-101058,Pro,4,276.73,USD,0,Annual,Invoice,02/17/2025,2025-08-24
SUB-006071,ACC-104513,Starter,1,51.62,USD,5,Annual,Credit Card,2023-05-18,2024-04-18
SUB-006072,ACC-100281,Business,2,$ 645,USD,0,Monthly,Credit Card,02-Mar-2024,2025-12-03
SUB-006073,ACC-100281,Enterprise,1,"$2,251.45",USD,0,Annual,ACH,2025-12-03,
SUB-006074,ACC-101043,Pro,4,281,USD,0,Annual,Credit Card,2023-09-06,06-Apr-2024
SUB-006075,ACC-101316,Pro,3,230.47,USD,20,Annual,Credit Card,03/28/2025,10/21/2025
SUB-006076,ACC-101316,Enterprise,2,2336,USD,0,Monthly,Invoice,2025-10-21,
SUB-006077,ACC-100968,Pro,1,$192.52,USD,0,Monthly,Credit Card,2022-11-10,
SUB-006078,ACC-102381,Enterprise,2,"€ 1,977",EUR,5,Annual,Credit Card,2023-05-26,2025-07-26
SUB-006079,ACC-105164,Pro,3,234.27,USD,0,Monthly,Invoice,2025-07-25,2026-03-25
SUB-006080,ACC-105164,Starter,2,$ 47,USD,20,Monthly,credit card,2026-03-25,
SUB-006081,ACC-101939,Business,4,938,GBP,0,Monthly,Credit Card,07/04/2023,2026-05-08
SUB-006082,ACC-101939,Pro,1,£ 211,GBP,0,Annual,credit card,2026-05-08,
SUB-006083,ACC-104359,Starter,4,74.43,USD,0,Monthly,Invoice,2025-08-16,
SUB-006084,ACC-101274,Business,6,1008,USD,0,Monthly,Credit Card,2025-04-01,2025-07-04
SUB-006085,ACC-101274,Pro,2,210.15,USD,0,Annual,Credit Card,2025-07-04,
SUB-006086,ACC-100619,Enterprise,1,"$ 2,002",USD,0,Monthly,ACH,2022-07-09,
SUB-006087,ACC-104694,Business,3,756.33,EUR,0,Monthly,credit card,09/02/2024,2026-01-02
SUB-006088,ACC-101742,Starter,2,56.98,USD,0,Annual,Credit Card,03/07/2024,2025-02-14
SUB-006089,ACC-101742,Business,2,$ 714,USD,0,Monthly,Credit Card,2025-02-14,
SUB-006090,ACC-101390,Enterprise,3,"2,771.68",USD,0,Monthly,Credit Card,2022-01-04,2022-09-19
SUB-006091,ACC-101390,Pro,2,$ 252,USD,0,Annual,Credit Card,19-Sep-2022,2023-09-15
SUB-006092,ACC-101390,Enterprise,4,2863,USD,0,Monthly,ACH,2023-09-15,02/04/2024
SUB-006093,ACC-104952,Starter,2,$ 58,USD,0,Monthly,ACH,26/10/2024,26-Jan-2026
SUB-006094,ACC-101579,Pro,1,222.31,USD,0,Monthly,ACH,2023-07-14,2026-02-14
SUB-006095,ACC-101655,Starter,1,€ 45,EUR,0,Monthly,Invoice,06/25/2022,2025-12-25
SUB-006096,ACC-103568,Pro,2,256.57,USD,0,Annual,Invoice,2023-12-08,
SUB-006097,ACC-102352,Starter,1,45,USD,0,Annual,Credit Card,2022-08-30,
SUB-006098,ACC-102212,Pro,1,192.41,USD,0,Monthly,Credit Card,2023-08-16,2024-02-28
SUB-006099,ACC-102212,Business,1,543.81,USD,0,Annual,ACH,02/28/2024,2024-04-14
SUB-006100,ACC-102212,Enterprise,3,"2,408.90",USD,0,Annual,ACH,04/14/2024,06/16/2024
SUB-006101,ACC-103178,Pro,3,$ 275,USD,0,Monthly,credit card,2024-06-30,28/02/2025
SUB-006102,ACC-103192,Enterprise,1,"$2,043.19",USD,0,Monthly,credit card,2023-03-21,
SUB-006103,ACC-101307,Enterprise,4,"$ 2,984",USD,0,Monthly,Credit Card,2023-04-06,10-May-2026
SUB-006104,ACC-101307,Business,4,867.31,USD,0,Annual,credit card,2026-05-10,06/01/2026
SUB-006105,ACC-101307,Enterprise,7,3945,USD,0,Monthly,Invoice,2026-06-01,
SUB-006106,ACC-100575,Pro,2,261,USD,0,Monthly,Credit Card,07/12/2023,29-Jan-2024
SUB-006107,ACC-100575,Starter,6,85.88,USD,0,Monthly,Credit Card,2024-01-29,2024-06-12
SUB-006108,ACC-102360,Enterprise,8,"3,664.37",USD,10,Monthly,ACH,2023-09-21,
SUB-006109,ACC-101280,Business,2,768.44,USD,0,Monthly,ACH,2025-07-28,
SUB-006110,ACC-105357,Starter,2,62.77,USD,0,Annual,Credit Card,08/03/2024,2025-03-12
SUB-006111,ACC-105357,Enterprise,2,"2,295.01",USD,0,Monthly,Credit Card,03/12/2025,2025-11-18
SUB-006112,ACC-105357,Starter,2,$ 54,USD,0,Annual,Invoice,,
SUB-006113,ACC-105033,Pro,2,188.70,EUR,15,Annual,Credit Card,21-Feb-2024,2024-04-05
SUB-006114,ACC-105033,Business,1,628.26,EUR,0,Annual,Credit Card,2024-04-05,21/04/2024
SUB-006115,ACC-101993,Starter,5,82.16,USD,0,Annual,Credit Card,09/25/2024,02/20/2025
SUB-006116,ACC-101993,Enterprise,2,"$2,466.81",USD,0,Monthly,Invoice,2025-02-20,2025-03-25
SUB-006117,ACC-102639,Starter,1,43.42,EUR,10,Annual,Credit Card,2022-09-24,16/01/2023
SUB-006118,ACC-102639,Enterprise,4,"€3,152.90",EUR,0,Monthly,,2023-01-16,24-Jan-2024
SUB-006119,ACC-100269,Pro,1,187.57,USD,0,Monthly,Invoice,12/03/2024,2025-09-20
SUB-006120,ACC-100269,Business,5,$ 932,USD,10,Annual,Invoice,20/09/2025,
SUB-006121,ACC-100629,Business,1,505,GBP,10,Monthly,Credit Card,,11/04/2024
SUB-006122,ACC-104505,Starter,2,54,USD,0,Monthly,Credit Card,11-Jul-2025,
SUB-006123,ACC-103081,Pro,5,318.69,USD,0,Monthly,Credit Card,2022-07-30,2022-10-09
SUB-006124,ACC-103081,Enterprise,5,"$ 3,358",USD,0,Monthly,Credit Card,2022-10-09,30/03/2023
SUB-006125,ACC-103466,Pro,1,181.95,USD,0,Monthly,Credit Card,2024-04-14,2025-12-14
SUB-006126,ACC-105628,Starter,3,69.08,EUR,0,Monthly,Credit Card,2024-01-09,2025-10-09
SUB-006127,ACC-104023,Enterprise,2,"2,503.64",USD,5,Monthly,Credit Card,29-Sep-2023,23-Nov-2024
SUB-006128,ACC-104023,Starter,3,$69.48,USD,0,Monthly,credit card,11/23/2024,
SUB-006129,ACC-102046,Business,2,$631.43,USD,0,Monthly,Credit Card,2024-01-10,06/10/2024
SUB-006130,ACC-104775,Business,6,1057,USD,0,Monthly,Credit Card,2022-03-18,
SUB-006131,ACC-102113,Enterprise,1,"2,078.16",USD,0,Monthly,credit card,23/05/2025,
SUB-006132,ACC-100027,Pro,2,$238.45,USD,0,Monthly,Credit Card,29/05/2022,30-Nov-2023
SUB-006133,ACC-100027,Enterprise,8,"3,647.41",USD,5,Monthly,credit card,11/30/2023,
SUB-006134,ACC-102040,Starter,3,66.53,USD,0,Monthly,Credit Card,2022-12-13,2023/10/04
SUB-006135,ACC-102040,Pro,5,$269.69,USD,20,Monthly,Credit Card,2023/10/04,06/13/2024
SUB-006136,ACC-103928,Pro,4,$312.33,USD,0,Monthly,Credit Card,27-Jun-2023,01/27/2026
SUB-006137,ACC-105500,Starter,3,61,GBP,0,Monthly,Invoice,11-Feb-2025,
SUB-006138,ACC-103216,Starter,2,39.89,EUR,25,Monthly,ACH,05/19/2022,2023-04-19
SUB-006139,ACC-103814,Starter,5,$ 79,USD,0,Monthly,Credit Card,08/01/2022,2022-07-08
SUB-006140,ACC-100129,Pro,6,$ 343,USD,10,Monthly,ACH,2024-03-30,2025-10-17
SUB-006141,ACC-100129,Business,2,$771.17,USD,0,Monthly,Credit Card,2025-10-17,2026-04-03
SUB-006142,ACC-100129,Enterprise,1,"$1,810.33",USD,0,Monthly,ACH,2026-04-03,
SUB-006143,ACC-104508,Pro,3,$242.30,USD,0,Monthly,Invoice,04-Mar-2022,2024-01-04
SUB-006144,ACC-105977,Pro,2,$247.49,USD,0,Monthly,Credit Card,2024-02-16,
SUB-006145,ACC-100013,Pro,3,195.57,EUR,25,Annual,,02/22/2023,
SUB-006146,ACC-105214,Enterprise,5,"€ 2,908",EUR,0,Monthly,Credit Card,2022-07-11,2026-01-12
SUB-006147,ACC-105214,Starter,10,€127.70,EUR,0,Annual,Credit Card,2026-01-12,2026-04-08
SUB-006148,ACC-105214,Pro,2,236.93,EUR,0,Monthly,Credit Card,2026-04-08,11-May-2026
SUB-006149,ACC-101525,Business,1,685,USD,0,Monthly,ACH,10/23/2024,12/13/2025
SUB-006150,ACC-101525,Pro,1,212,USD,0,Monthly,credit card,12/13/2025,
SUB-006151,ACC-102365,Pro,3,274.09,USD,0,Monthly,ACH,07/13/2023,
SUB-006152,ACC-103052,Starter,4,77.06,EUR,0,Monthly,credit card,03/22/2025,05/22/2026
SUB-006153,ACC-103052,Business,1,675,EUR,0,Monthly,,05/22/2026,
SUB-006154,ACC-104005,Starter,2,48,USD,10,Monthly,ACH,2022-01-04,
SUB-006155,ACC-102340,Enterprise,1,2221,USD,0,Monthly,Credit Card,2023-11-15,
SUB-006156,ACC-100374,Enterprise,2,"$ 1,889",USD,20,Monthly,Invoice,2022/06/05,2024-04-30
SUB-006157,ACC-100374,Business,1,$627.34,USD,0,Monthly,ACH,04/30/2024,2025-05-12
SUB-006158,ACC-100374,Pro,3,$ 259,USD,0,Annual,Credit Card,2025-05-12,
SUB-006159,ACC-104431,Enterprise,7,"$ 3,611",USD,0,Monthly,Credit Card,2023-10-09,03/16/2024
SUB-006160,ACC-104431,Pro,1,183.61,USD,0,Monthly,Credit Card,2024-03-16,09-May-2025
SUB-006161,ACC-105224,Starter,1,45.02,USD,20,Monthly,,02/09/2023,
SUB-006162,ACC-100939,Business,2,739.37,USD,0,Monthly,Credit Card,06/05/2022,12-Dec-2022
SUB-006163,ACC-100939,Starter,2,63,USD,0,Monthly,Credit Card,12/12/2022,
SUB-006164,ACC-105827,Starter,4,69.09,USD,0,Annual,credit card,2024-12-01,2025-01-16
SUB-006165,ACC-105827,Enterprise,1,"$1,778.42",USD,5,Annual,credit card,2025-01-16,2025/02/20
SUB-006166,ACC-105827,Starter,4,67.72,USD,15,Annual,ACH,02/20/2025,2025-03-01
SUB-006167,ACC-102147,Starter,3,65.90,USD,5,Monthly,Credit Card,2022-09-25,25/02/2025
SUB-006168,ACC-103591,Starter,1,46.38,USD,0,Annual,Credit Card,2022-06-13,
SUB-006169,ACC-105523,Starter,5,£78.78,GBP,0,Monthly,Invoice,2024-03-07,
SUB-006170,ACC-105113,Business,2,623.53,USD,0,Monthly,Credit Card,2025-04-23,
SUB-006171,ACC-103623,Business,1,620,EUR,0,Monthly,Credit Card,14-Jan-2023,
SUB-006172,ACC-100529,Starter,4,76.45,USD,0,Monthly,Invoice,2023-10-16,2023-12-16
SUB-006173,ACC-103714,Starter,4,76.50,USD,0,Monthly,Invoice,2023-06-17,2023-07-23
SUB-006174,ACC-103714,Business,2,469.77,USD,25,Monthly,credit card,07/23/2023,17/08/2025
SUB-006175,ACC-101269,Starter,4,69.69,USD,0,Monthly,Credit Card,2023-05-29,2023-09-12
SUB-006176,ACC-101269,Pro,2,$215.81,USD,10,Monthly,ACH,2023-09-12,
SUB-006177,ACC-104281,Enterprise,2,"2,501.43",USD,0,Monthly,Credit Card,15-Dec-2024,2025-03-21
SUB-006178,ACC-104281,Business,1,$642.59,USD,0,Monthly,Credit Card,2025-03-21,2025-08-02
SUB-006179,ACC-104281,Enterprise,3,"2,546.03",USD,0,Annual,Invoice,2025-08-02,
SUB-006180,ACC-101394,Starter,6,84.68,USD,0,Monthly,ACH,11/27/2023,27-Apr-2024
SUB-006181,ACC-104009,Starter,2,51,USD,0,Monthly,credit card,2025-05-07,
SUB-006182,ACC-101797,Starter,3,$68.04,USD,0,Monthly,Credit Card,2025-08-19,
SUB-006183,ACC-102979,Pro,1,191.72,USD,0,Monthly,Credit Card,2023-03-18,
SUB-006184,ACC-101441,Enterprise,2,"2,180.10",USD,0,Monthly,Credit Card,2023-05-08,
SUB-006185,ACC-104546,Starter,3,64.92,USD,0,Annual,Credit Card,03/14/2025,2025-08-04
SUB-006186,ACC-104546,Pro,1,$194.12,USD,0,Annual,Credit Card,08/04/2025,
SUB-006187,ACC-105936,Pro,4,318,USD,0,Monthly,Credit Card,17/09/2024,
SUB-006188,ACC-103811,Business,8,"1,348.16",USD,0,Annual,ACH,07/08/2022,
SUB-006189,ACC-101273,Starter,4,£68.28,GBP,0,Monthly,Credit Card,2024-01-25,
SUB-006190,ACC-101712,Pro,1,$191.86,USD,0,Monthly,Credit Card,,2026-03-02
SUB-006191,ACC-100955,Starter,3,66.89,USD,0,Monthly,Credit Card,2024-03-20,2026-04-20
SUB-006192,ACC-104503,Pro,5,£ 282,GBP,5,Monthly,,2022-04-03,2023-06-03
SUB-006193,ACC-104862,Pro,2,241.53,USD,0,Annual,Invoice,2022-03-17,
SUB-006194,ACC-105378,Pro,4,327.10,USD,0,Annual,Credit Card,16-Jun-2024,2024-10-27
SUB-006195,ACC-105378,Enterprise,3,"$2,144.37",USD,10,Monthly,Credit Card,2024-10-27,2025-04-16
SUB-006196,ACC-100403,Pro,5,242.67,USD,20,Monthly,Credit Card,2023-03-16,2024-07-16
SUB-006197,ACC-102071,Business,5,"1,049.45",USD,0,Monthly,Credit Card,23-Jun-2023,
SUB-006198,ACC-105784,Starter,6,88,USD,0,Monthly,ACH,2024-05-07,
SUB-006199,ACC-101977,Starter,6,82.28,USD,10,Annual,credit card,2025-08-21,2026-05-22
SUB-006200,ACC-101977,Enterprise,4,"$3,072.81",USD,0,Monthly,ACH,2026-05-22,2026-06-01
SUB-006201,ACC-101977,Starter,2,56.74,USD,0,Annual,Invoice,06/01/2026,
SUB-006202,ACC-100158,Pro,4,314.89,USD,0,Monthly,Credit Card,08/18/2022,
SUB-006203,ACC-103888,Enterprise,1,"$2,046.03",USD,0,Annual,credit card,2023-09-01,04/06/2024
SUB-006204,ACC-103888,Pro,2,262.28,USD,0,Monthly,Credit Card,2024/06/04,05/01/2025
SUB-006205,ACC-100352,Pro,1,$ 203,USD,10,Annual,ACH,2022-04-13,
SUB-006206,ACC-104130,Business,2,$719.63,USD,0,Monthly,Credit Card,04-Aug-2022,
SUB-006207,ACC-100754,Starter,1,45.35,GBP,10,Monthly,ACH,2024-06-17,
SUB-006208,ACC-102971,Pro,5,333.70,USD,0,Monthly,Credit Card,04/16/2022,2022/10/16
SUB-006209,ACC-103762,Starter,1,53.85,USD,0,Monthly,credit card,2025-08-05,12/25/2025
SUB-006210,ACC-103762,Business,1,646.73,USD,0,Monthly,,2025/12/25,
SUB-006211,ACC-102920,Starter,5,$ 86,USD,0,Annual,Credit Card,2024-03-15,
SUB-006212,ACC-100311,Starter,3,58,GBP,10,Annual,,08/30/2023,2023/12/30
SUB-006213,ACC-100661,Business,4,826,USD,0,Monthly,Invoice,2023-04-19,2024-08-19
SUB-006214,ACC-101989,Starter,5,$66.72,USD,15,Monthly,Credit Card,21-Dec-2023,
SUB-006215,ACC-103665,Starter,1,54.37,EUR,0,Monthly,Credit Card,20/11/2022,08/20/2023
SUB-006216,ACC-100306,Business,2,$ 682,USD,0,Annual,Credit Card,10/06/2024,
SUB-006217,ACC-102335,Business,2,724.40,USD,0,Monthly,Credit Card,09/07/2023,07/08/2025
SUB-006218,ACC-102335,Enterprise,4,"2,879.46",USD,0,Monthly,credit card,07/08/2025,07/12/2025
SUB-006219,ACC-102356,Starter,5,$84.60,USD,0,Monthly,Credit Card,2025-02-14,14-May-2026
SUB-006220,ACC-103702,Pro,1,186.69,USD,0,Annual,ACH,2024-02-16,06/16/2024
SUB-006221,ACC-103804,Starter,4,65.35,USD,15,Monthly,Credit Card,2025-03-30,
SUB-006222,ACC-101927,Pro,5,$322.96,USD,0,Monthly,Credit Card,2025-01-02,02/04/2025
SUB-006223,ACC-103427,Business,2,790.76,EUR,0,Monthly,Credit Card,2024-09-13,
SUB-006224,ACC-100749,Business,2,727.79,USD,0,Annual,ACH,05-Sep-2022,2022-10-05
SUB-006225,ACC-100749,Starter,2,55.66,USD,0,Monthly,Credit Card,05/10/2022,05-Oct-2022
SUB-006226,ACC-104942,Pro,1,200.09,USD,0,Annual,Invoice,2024-05-06,
SUB-006227,ACC-104615,Pro,2,227,USD,0,Monthly,Credit Card,19-Jul-2022,2022-09-09
SUB-006228,ACC-104615,Enterprise,3,"2,425.21",USD,0,Monthly,ACH,09-Sep-2022,09/19/2022
SUB-006229,ACC-104615,Business,1,$ 629,USD,0,Monthly,Invoice,2022-09-19,2022-09-19
SUB-006230,ACC-105376,Pro,1,182.57,USD,0,Monthly,Credit Card,20/03/2025,
SUB-006231,ACC-103595,Business,3,748.73,USD,0,Annual,Credit Card,2023-12-17,17/03/2024
SUB-006232,ACC-102134,Starter,1,$47.63,USD,0,Monthly,credit card,2025-07-31,
SUB-006233,ACC-104109,Enterprise,4,2831,EUR,0,Monthly,credit card,2025-08-06,
SUB-006234,ACC-100514,Pro,2,235.70,USD,0,Annual,Invoice,2024-12-01,
SUB-006235,ACC-105440,Starter,5,68.53,EUR,5,Monthly,Credit Card,11/10/2022,02/11/2025
SUB-006236,ACC-100409,Starter,2,63,USD,0,Monthly,Credit Card,03/24/2023,2024-05-14
SUB-006237,ACC-100409,Business,2,633.03,USD,10,Monthly,ACH,2024-05-14,2024-12-17
SUB-006238,ACC-100409,Pro,3,$272.68,USD,0,Monthly,Credit Card,2024-12-17,2024/12/24
SUB-006239,ACC-104536,Starter,6,97.25,USD,0,Monthly,credit card,2023-07-22,
SUB-006240,ACC-103730,Business,3,$681.34,USD,10,Monthly,Invoice,2023-04-24,
SUB-006241,ACC-105420,Business,2,755,USD,0,Monthly,Credit Card,2025-06-20,
SUB-006242,ACC-100207,Starter,1,$55.13,USD,0,Monthly,Invoice,10/02/2023,2024-07-08
SUB-006243,ACC-100207,Business,5,"1,046.22",USD,0,Monthly,Credit Card,07/08/2024,02/02/2025
SUB-006244,ACC-100458,Starter,1,54.78,USD,0,Monthly,Credit Card,25/06/2024,11/02/2025
SUB-006245,ACC-100458,Enterprise,5,"3,233.63",USD,0,Annual,Credit Card,2025-11-02,
SUB-006246,ACC-102054,Starter,2,62,USD,0,Monthly,Credit Card,05/10/2023,2024-02-13
SUB-006247,ACC-102054,Pro,3,245.35,USD,10,Monthly,,13/02/2024,05/05/2024
SUB-006248,ACC-102430,Pro,2,$ 191,USD,10,Monthly,,2024-03-18,03/23/2025
SUB-006249,ACC-102430,Business,5,$825.08,USD,20,Monthly,ACH,23-Mar-2025,2025-04-18
SUB-006250,ACC-101107,Starter,2,$60.37,USD,0,Monthly,Credit Card,03/05/2025,
SUB-006251,ACC-105672,Starter,8,112,USD,0,Annual,Credit Card,2022-03-13,07/13/2025
SUB-006252,ACC-101713,Starter,1,47,USD,0,Monthly,Invoice,01-Oct-2024,2025-10-26
SUB-006253,ACC-101713,Pro,7,$ 397,USD,0,Annual,Credit Card,10/26/2025,
SUB-006254,ACC-103911,Starter,3,67.16,USD,0,Monthly,Credit Card,04/01/2023,2023-08-25
SUB-006255,ACC-103911,Business,3,755.94,USD,0,Monthly,Credit Card,08/25/2023,2024/01/01
SUB-006256,ACC-100715,Business,1,557.89,USD,0,Annual,Credit Card,2023-01-11,2025-01-11
SUB-006257,ACC-100552,Starter,2,48,USD,20,Monthly,Credit Card,02/05/2022,
SUB-006258,ACC-101439,Starter,6,84.48,USD,0,Annual,ACH,2025-02-16,2025-06-16
SUB-006259,ACC-102270,Business,2,€692.54,EUR,0,Monthly,Credit Card,2024/12/09,
SUB-006260,ACC-103144,Starter,4,66.67,USD,5,Monthly,ACH,2023-08-28,2025/01/28
SUB-006261,ACC-105813,Pro,2,213.54,USD,0,Monthly,Credit Card,2025-04-26,05/06/2025
SUB-006262,ACC-105813,Starter,6,86.18,USD,0,Annual,Credit Card,2025/06/05,
SUB-006263,ACC-101925,Starter,2,56.69,USD,5,Annual,credit card,11/10/2023,2024-03-08
SUB-006264,ACC-101925,Business,3,$ 759,USD,0,Monthly,Credit Card,2024-03-08,11-Jun-2024
SUB-006265,ACC-100634,Pro,1,$ 187,USD,15,Monthly,Invoice,06/09/2025,
SUB-006266,ACC-100316,Pro,2,262,USD,0,Monthly,Invoice,13-Mar-2024,2025-10-30
SUB-006267,ACC-100316,Enterprise,1,"1,982.89",USD,0,Annual,Credit Card,10/30/2025,
SUB-006268,ACC-105718,Enterprise,3,"2,596.66",GBP,0,Annual,Credit Card,31-May-2023,05/01/2024
SUB-006269,ACC-105718,Starter,1,£46.98,GBP,0,Annual,Credit Card,05/01/2024,10/31/2024
SUB-006270,ACC-100427,Starter,1,46.31,USD,0,Monthly,Credit Card,2022-02-27,
SUB-006271,ACC-105981,Business,3,$820.34,USD,0,Monthly,credit card,2025-01-03,
SUB-006272,ACC-100105,Business,1,524.23,EUR,5,Annual,Credit Card,01/22/2025,
SUB-006273,ACC-103041,Business,5,988.50,USD,0,Monthly,Credit Card,2024-03-25,2024-10-04
SUB-006274,ACC-103041,Enterprise,2,"2,117.54",USD,0,Annual,Credit Card,10/04/2024,
SUB-006275,ACC-104238,Starter,1,$ 48,USD,0,Annual,ACH,2024-11-27,
SUB-006276,ACC-102169,Pro,7,347.13,GBP,0,Annual,Credit Card,01/06/2025,
SUB-006277,ACC-101709,Starter,5,$73.99,USD,0,Monthly,ACH,2022/02/02,2022-12-02
SUB-006278,ACC-100089,Starter,2,49.10,USD,15,Monthly,Credit Card,08-Apr-2022,2025-07-06
SUB-006279,ACC-100089,Business,1,626,USD,0,Monthly,Credit Card,2025-07-06,
SUB-006280,ACC-102241,Pro,5,361,USD,0,Monthly,ACH,2022-12-10,2023-10-30
SUB-006281,ACC-102241,Starter,5,$76.00,USD,0,Monthly,ACH,2023-10-30,2024-07-10
SUB-006282,ACC-103174,Starter,5,75,USD,0,Monthly,Credit Card,2023-06-15,11-Feb-2026
SUB-006283,ACC-103174,Business,3,$791.99,USD,0,Monthly,Invoice,2026-02-11,20-Mar-2026
SUB-006284,ACC-103174,Enterprise,1,"2,222.99",USD,0,Monthly,credit card,03/20/2026,
SUB-006285,ACC-104539,Starter,2,40.23,EUR,25,Annual,Credit Card,2025-02-16,
SUB-006286,ACC-101949,Business,3,754,USD,5,Monthly,Credit Card,2025-07-15,11/02/2025
SUB-006287,ACC-101949,Pro,2,$222.28,USD,0,Annual,Credit Card,2025-11-02,15-Apr-2026
SUB-006288,ACC-104044,Enterprise,1,"1,824.81",USD,0,Monthly,Credit Card,2023-08-24,07/24/2024
SUB-006289,ACC-102848,Pro,4,305,USD,0,Monthly,,2024/11/21,
SUB-006290,ACC-100001,Enterprise,2,"2,178.63",USD,0,Monthly,credit card,2024-02-13,
SUB-006291,ACC-104337,Enterprise,3,"$ 2,079",USD,15,Annual,Credit Card,2024-04-15,
SUB-006292,ACC-100935,Pro,4,295.68,USD,0,Monthly,Credit Card,01/19/2025,2025-10-04
SUB-006293,ACC-100935,Business,3,$752.16,USD,0,Monthly,credit card,2025-10-04,02/10/2026
SUB-006294,ACC-100935,Enterprise,1,"$ 1,814",USD,0,Monthly,Credit Card,2026-02-10,2026-02-19
SUB-006295,ACC-105205,Starter,7,95.76,USD,10,Monthly,credit card,2024-03-21,08/24/2024
SUB-006296,ACC-105205,Pro,2,$242.16,USD,0,Monthly,ACH,08/24/2024,2025-09-21
SUB-006297,ACC-102720,Starter,3,€ 62,EUR,0,Annual,Credit Card,2024-01-30,2025-12-14
SUB-006298,ACC-102720,Business,4,981.76,EUR,0,Monthly,ACH,2025-12-14,
SUB-006299,ACC-100591,Business,2,$716.92,USD,5,Annual,ACH,2023-01-24,24-Dec-2024
SUB-006300,ACC-104559,Pro,1,$161.26,USD,20,Annual,Credit Card,2024-10-10,2025-08-26
SUB-006301,ACC-104559,Enterprise,1,"2,127.21",USD,0,Monthly,ACH,08/26/2025,
SUB-006302,ACC-102936,Enterprise,1,"2,072.68",USD,0,Monthly,ACH,20/12/2024,2026-04-20
SUB-006303,ACC-102448,Starter,4,$72.23,USD,-10,Monthly,Invoice,2024-10-15,
SUB-006304,ACC-101576,Business,7,"1,030.48",USD,0,Monthly,Credit Card,02/06/2025,2025-07-09
SUB-006305,ACC-101576,Pro,1,184.90,USD,0,Monthly,Credit Card,2025-07-09,2025-12-06
SUB-006306,ACC-105076,Business,1,549.76,USD,0,Annual,Credit Card,2025-05-31,
SUB-006307,ACC-100213,Business,3,930,USD,-10,Monthly,ACH,10/08/2022,
SUB-006308,ACC-100778,Pro,1,167.68,USD,20,Monthly,Invoice,01-Mar-2022,01-Feb-2024
SUB-006309,ACC-103496,Pro,11,512.39,USD,0,Monthly,Credit Card,2023-09-08,
SUB-006310,ACC-104770,Business,2,$787.61,USD,0,Monthly,Credit Card,2024-03-03,
SUB-006311,ACC-102043,Starter,1,53,GBP,0,Annual,Credit Card,2023-10-08,2026/05/01
SUB-006312,ACC-102043,Business,10,"£1,447.39",GBP,0,Monthly,Credit Card,2026-05-01,06/01/2026
SUB-006313,ACC-102043,Enterprise,2,"2,488.66",GBP,0,Monthly,Credit Card,01-Jun-2026,
SUB-006314,ACC-105518,Business,1,660.90,USD,0,Annual,Credit Card,14/08/2024,31/12/2024
SUB-006315,ACC-105518,Enterprise,2,"2,149.46",USD,0,Monthly,ACH,2024-12-31,2025-02-14
SUB-006316,ACC-101567,Business,3,$714.60,USD,0,Annual,ACH,2024/04/09,2024-12-31
SUB-006317,ACC-101567,Pro,2,$165.50,USD,20,Monthly,Credit Card,31-Dec-2024,
SUB-006318,ACC-100165,Pro,3,240.67,USD,0,Monthly,,2024-04-30,05/30/2025
SUB-006319,ACC-103566,Starter,8,98,USD,0,Monthly,Credit Card,2025-05-29,2025-12-18
SUB-006320,ACC-103566,Pro,2,$253.40,USD,0,Monthly,Credit Card,12/18/2025,
SUB-006321,ACC-104655,Business,1,677.72,USD,0,Monthly,Credit Card,2024/12/25,2026-04-23
SUB-006322,ACC-104655,Enterprise,1,"2,019.34",USD,0,Monthly,,04/23/2026,
SUB-006323,ACC-105789,Starter,2,59.94,USD,0,Annual,Credit Card,14/07/2024,14-Oct-2025
SUB-006324,ACC-102013,Pro,1,214.81,USD,0,Monthly,Invoice,2025-01-04,
SUB-006325,ACC-103860,Business,2,750,USD,0,Monthly,credit card,04/04/2024,
SUB-006326,ACC-104167,Pro,3,$280.78,USD,0,Monthly,Credit Card,2023-01-27,2023-10-15
SUB-006327,ACC-104167,Business,1,443.06,USD,20,Monthly,,10/15/2023,12-Feb-2026
SUB-006328,ACC-104167,Enterprise,2,2438,USD,0,Monthly,credit card,02/12/2026,
SUB-006329,ACC-104855,Enterprise,2,"2,607.63",USD,0,Monthly,Credit Card,08/15/2022,
SUB-006330,ACC-103788,Starter,1,€50.66,EUR,0,Monthly,Credit Card,04/18/2022,2024-10-18
SUB-006331,ACC-100394,Pro,2,212,USD,0,Monthly,Credit Card,20/01/2022,2022-07-13
SUB-006332,ACC-100394,Starter,3,72.22,USD,0,Annual,Invoice,2022-07-13,
SUB-006333,ACC-100583,Business,1,682,USD,0,Monthly,credit card,02/19/2023,13-Nov-2025
SUB-006334,ACC-100583,Starter,2,57.82,USD,0,Monthly,,2025-11-13,
SUB-006335,ACC-105645,Enterprise,1,"2,276.57",USD,0,Monthly,ACH,2025-03-14,
SUB-006336,ACC-105823,Starter,2,48.49,USD,5,Monthly,Credit Card,2024-06-14,
SUB-006337,ACC-100520,Starter,9,112.16,EUR,0,Annual,Credit Card,2022-05-04,2024-05-04
SUB-006338,ACC-101763,Business,1,$663.16,USD,0,Monthly,credit card,2023-12-22,04/11/2025
SUB-006339,ACC-101763,Enterprise,7,"$2,761.81",USD,25,Monthly,ACH,2025-11-04,
SUB-006340,ACC-101875,Business,9,"$ 1,211",USD,0,Annual,Invoice,17/12/2023,02/12/2024
SUB-006341,ACC-101875,Pro,8,$463.60,USD,0,Annual,Credit Card,12-Feb-2024,2024-02-17
SUB-006342,ACC-101875,Enterprise,1,"2,049.74",USD,0,Monthly,,02/17/2024,2024-02-17
SUB-006343,ACC-103965,Pro,3,$ 253,USD,0,Monthly,Invoice,2023-10-25,2025-01-07
SUB-006344,ACC-103965,Enterprise,1,"$ 2,087",USD,5,Annual,Credit Card,07/01/2025,
SUB-006345,ACC-103344,Business,1,€604.69,EUR,0,Monthly,Credit Card,27-Dec-2022,2024-07-27
SUB-006346,ACC-102253,Business,2,$671.55,USD,0,Monthly,credit card,13/04/2022,09/13/2022
SUB-006347,ACC-103224,Starter,1,47.59,GBP,0,Monthly,ACH,2023-01-04,2026-01-04
SUB-006348,ACC-100526,Starter,1,$ 49,USD,0,Monthly,ACH,2024/08/09,
SUB-006349,ACC-102946,Business,3,$745.36,USD,0,Monthly,Credit Card,04-Jun-2022,
SUB-006350,ACC-103899,Starter,6,$71.02,USD,15,Monthly,Credit Card,09/11/2022,2025-07-21
SUB-006351,ACC-103899,Pro,2,224,USD,5,Annual,Credit Card,2025-07-21,2026-01-11
SUB-006352,ACC-100692,Pro,6,397,USD,0,Monthly,Credit Card,2023-10-23,
SUB-006353,ACC-105756,Pro,3,$297.10,USD,0,Monthly,Invoice,2023-10-01,01/01/2026
SUB-006354,ACC-104444,Starter,4,$ 76,USD,0,Annual,ACH,2025/03/03,
SUB-006355,ACC-103633,Pro,2,£ 245,GBP,0,Monthly,Invoice,,06-Oct-2023
SUB-006356,ACC-103633,Business,6,"£1,104.56",GBP,0,Annual,Credit Card,2023-10-06,
SUB-006357,ACC-100590,Pro,2,$ 205,USD,5,Annual,Invoice,07/28/2023,
SUB-006358,ACC-100519,Starter,4,75.27,USD,0,Annual,Credit Card,2022-01-02,17-Mar-2023
SUB-006359,ACC-100519,Business,5,890,USD,15,Monthly,ACH,2023-03-17,
SUB-006360,ACC-103380,Pro,1,208.02,USD,0,Monthly,Credit Card,07/30/2022,
SUB-006361,ACC-103676,Business,7,"1,046.64",USD,0,Monthly,Invoice,16/07/2023,2024-04-02
SUB-006362,ACC-103676,Pro,1,220.42,USD,0,Monthly,Credit Card,02-Apr-2024,2025-08-16
SUB-006363,ACC-105009,Pro,1,212,USD,0,Monthly,Invoice,07/03/2022,2022-08-08
SUB-006364,ACC-105009,Enterprise,2,"2,398.26",USD,0,Annual,Credit Card,2022-08-08,2022-10-03
SUB-006365,ACC-101607,Starter,2,$52.90,USD,0,Annual,ACH,27/06/2024,2025-03-02
SUB-006366,ACC-101607,Pro,1,$ 228,USD,0,Annual,Invoice,02/03/2025,
SUB-006367,ACC-103610,Business,2,$ 716,USD,0,Monthly,credit card,2023-02-08,08/10/2025
SUB-006368,ACC-105810,Pro,9,452.20,USD,0,Monthly,ACH,25/02/2024,2026-04-12
SUB-006369,ACC-105810,Enterprise,1,"$2,244.87",USD,0,Monthly,,12/04/2026,2026-05-20
SUB-006370,ACC-105810,Starter,1,$61.81,USD,-10,Monthly,,05/20/2026,
SUB-006371,ACC-101809,Enterprise,3,"2,792.68",EUR,0,Monthly,ACH,2024-01-24,
SUB-006372,ACC-100791,Enterprise,8,3971,USD,0,Monthly,,2024-11-03,2025/11/11
SUB-006373,ACC-100791,Pro,2,218.97,USD,10,Monthly,credit card,11/11/2025,2026-02-15
SUB-006374,ACC-100791,Enterprise,7,3804,USD,0,Monthly,Credit Card,15-Feb-2026,
SUB-006375,ACC-100792,Starter,2,$60.70,USD,0,Annual,Credit Card,2025-04-12,2025-08-29
SUB-006376,ACC-100792,Business,1,$ 545,USD,0,Annual,Credit Card,2025-08-29,
SUB-006377,ACC-104999,Pro,1,193,USD,10,Monthly,Credit Card,28-Jul-2022,2024-03-28
SUB-006378,ACC-101855,Starter,3,59.93,USD,0,Monthly,,20-Sep-2024,2025-06-13
SUB-006379,ACC-101855,Enterprise,4,"$2,906.43",USD,0,Monthly,Credit Card,13-Jun-2025,2025-11-20
SUB-006380,ACC-101980,Pro,6,$317.25,USD,20,Monthly,credit card,2023-05-25,25/05/2024
SUB-006381,ACC-103233,Starter,4,€ 75,EUR,0,Annual,,05/19/2025,
SUB-006382,ACC-103598,Starter,1,56.30,USD,0,Monthly,Credit Card,2024-09-07,2026/05/13
SUB-006383,ACC-103598,Pro,3,$279.12,USD,0,Monthly,Credit Card,2026-05-13,
SUB-006384,ACC-100933,Starter,3,50.41,USD,20,Monthly,Credit Card,30-Sep-2024,30-Nov-2025
SUB-006385,ACC-103963,Starter,4,65.95,USD,0,Annual,Credit Card,2024-11-27,2026-03-06
SUB-006386,ACC-103963,Enterprise,2,"$2,443.06",USD,0,Monthly,Credit Card,03/06/2026,
SUB-006387,ACC-105653,Enterprise,1,"$ 1,887",USD,0,Monthly,ACH,2025/04/25,
SUB-006388,ACC-104179,Pro,2,$ 228,USD,0,Monthly,Credit Card,2024-06-08,
SUB-006389,ACC-104026,Starter,2,$ 65,USD,0,Monthly,Credit Card,2023-04-13,
SUB-006390,ACC-104116,Business,1,$ 601,USD,0,Monthly,Credit Card,05/11/2024,
SUB-006391,ACC-100988,Pro,6,358.31,USD,0,Annual,Credit Card,2024-04-21,
SUB-006392,ACC-104691,Business,2,716,USD,0,Monthly,Credit Card,06/29/2023,2024-05-11
SUB-006393,ACC-104691,Enterprise,2,2221,USD,10,Monthly,Credit Card,2024-05-11,
SUB-006394,ACC-103453,Starter,1,50,USD,5,Monthly,Credit Card,04/13/2025,05/13/2026
SUB-006395,ACC-105557,Starter,3,63.32,USD,0,Annual,ACH,06/21/2022,
SUB-006396,ACC-103778,Pro,2,227.78,USD,0,Monthly,Credit Card,2022-05-21,2025-01-22
SUB-006397,ACC-103778,Enterprise,5,"$3,550.89",USD,0,Annual,Credit Card,01/22/2025,2025-08-21
SUB-006398,ACC-105101,Starter,8,112,EUR,0,Monthly,,06-Mar-2025,
SUB-006399,ACC-103093,Enterprise,3,"2,952.70",USD,0,Monthly,Credit Card,2023-10-17,
SUB-006400,ACC-103155,Business,8,$ 854,USD,25,Monthly,Credit Card,01/13/2025,2025-08-01
SUB-006401,ACC-103155,Starter,4,$77.74,USD,0,Annual,Credit Card,08/01/2025,08/13/2025
SUB-006402,ACC-103201,Business,11,"1,215.71",USD,10,Monthly,Credit Card,05/06/2022,
SUB-006403,ACC-104908,Starter,1,48.64,USD,0,Monthly,Invoice,2024-04-09,09/10/2025
SUB-006404,ACC-101098,Business,1,495,USD,10,Annual,Credit Card,03/12/2022,25/07/2023
SUB-006405,ACC-101098,Pro,2,241.20,USD,0,Monthly,Credit Card,25/07/2023,03/01/2024
SUB-006406,ACC-102844,Pro,1,$192.02,USD,0,Annual,Credit Card,2025-07-06,2025-08-06
SUB-006407,ACC-100886,Starter,2,54.85,USD,0,Monthly,Credit Card,2023-10-31,
SUB-006408,ACC-105600,Starter,3,65,EUR,0,Monthly,ACH,06/24/2024,2025-09-16
SUB-006409,ACC-105600,Business,6,"1,015.31",EUR,0,Monthly,Credit Card,2025-09-16,
SUB-006410,ACC-104716,Pro,1,€222.93,EUR,0,Monthly,,2023-10-11,
SUB-006411,ACC-100515,Starter,2,$ 51,USD,0,Monthly,credit card,2022-10-25,02/25/2024
SUB-006412,ACC-105979,Starter,2,$56.37,USD,0,Annual,,04/25/2025,
SUB-006413,ACC-101453,Starter,3,61.87,GBP,0,Annual,Credit Card,2023-10-31,2025-06-28
SUB-006414,ACC-101453,Business,4,£776.86,GBP,20,Monthly,ACH,2025/06/28,
SUB-006415,ACC-103553,Starter,1,45,EUR,0,Monthly,Invoice,2023-03-04,
SUB-006416,ACC-103609,Starter,3,£65.74,GBP,0,Monthly,Invoice,08/02/2024,02/08/2025
SUB-006417,ACC-102506,Pro,6,371,USD,0,Monthly,,2022-01-27,
SUB-006418,ACC-102994,Starter,2,$54.41,USD,0,Annual,Credit Card,03/04/2025,2025-11-09
SUB-006419,ACC-102994,Pro,2,227.54,USD,0,Monthly,Credit Card,09/11/2025,12/04/2025
SUB-006420,ACC-103999,Starter,2,47,USD,10,Monthly,,17/12/2023,26/04/2024
SUB-006421,ACC-103999,Enterprise,2,"2,291.18",USD,10,Monthly,ACH,2024-04-26,2024-05-17
SUB-006422,ACC-103999,Business,6,"$1,073.12",USD,0,Monthly,Credit Card,2024-05-17,2024/05/17
SUB-006423,ACC-105770,Pro,1,$227.04,USD,0,Monthly,Credit Card,02/01/2024,2025-12-14
SUB-006424,ACC-105770,Starter,1,48.62,USD,0,Monthly,Credit Card,12/14/2025,
SUB-006425,ACC-100906,Starter,10,£121.15,GBP,0,Monthly,ACH,2024-10-18,2024-12-24
SUB-006426,ACC-100906,Enterprise,1,"£1,544.69",GBP,15,Annual,Invoice,12/24/2024,03/18/2025
SUB-006427,ACC-100028,Pro,1,193.59,GBP,0,Monthly,Credit Card,2024-07-01,03/10/2025
SUB-006428,ACC-100028,Starter,1,£ 44,GBP,20,Monthly,Credit Card,03/10/2025,
SUB-006429,ACC-102507,Pro,9,€ 496,EUR,0,Monthly,Credit Card,2023-04-10,
SUB-006430,ACC-102428,Pro,1,188.10,USD,0,Monthly,Credit Card,2023-12-04,
SUB-006431,ACC-100762,Business,1,617.26,USD,0,Monthly,ACH,09/05/2024,
SUB-006432,ACC-103747,Pro,2,245.68,USD,0,Annual,Credit Card,2024-04-13,
SUB-006433,ACC-100284,Starter,3,58.52,GBP,0,Annual,Credit Card,16-May-2022,22/05/2026
SUB-006434,ACC-100284,Business,1,664,GBP,0,Annual,credit card,2026-05-22,01/06/2026
SUB-006435,ACC-100284,Starter,1,£48.13,GBP,0,Monthly,ACH,2026/06/01,
SUB-006436,ACC-100686,Business,1,686,USD,0,Annual,credit card,2023-12-27,19/02/2024
SUB-006437,ACC-100686,Enterprise,2,"2,235.23",USD,0,Monthly,Credit Card,2024-02-19,01/15/2025
SUB-006438,ACC-100686,Business,1,645.18,USD,0,Annual,Credit Card,2025-01-15,27-Apr-2025
SUB-006439,ACC-102353,Pro,5,325,USD,0,Annual,Invoice,2023-10-07,
SUB-006440,ACC-104894,Pro,3,296.89,USD,0,Monthly,Invoice,2023-04-07,07-Oct-2024
SUB-006441,ACC-100021,Starter,6,$81.67,USD,0,Monthly,credit card,2024-02-09,
SUB-006442,ACC-102752,Pro,8,345.24,USD,25,Monthly,ACH,05/27/2024,2025/06/21
SUB-006443,ACC-102752,Enterprise,5,"$ 3,562",USD,0,Annual,Credit Card,2025-06-21,22-Jul-2025
SUB-006444,ACC-102752,Pro,1,197.00,USD,0,Annual,credit card,2025-07-22,2025-07-27
SUB-006445,ACC-100885,Enterprise,4,"£2,797.04",GBP,5,Monthly,ACH,2025-05-12,
SUB-006446,ACC-100917,Starter,2,$ 60,USD,0,Monthly,Credit Card,2025-01-09,18-Jan-2026
SUB-006447,ACC-100917,Business,1,$557.94,USD,0,Monthly,Credit Card,18-Jan-2026,
SUB-006448,ACC-101040,Business,2,633.96,USD,0,Monthly,ACH,2024-09-16,
SUB-006449,ACC-101265,Pro,1,205.14,USD,0,Monthly,Credit Card,12/18/2022,2023-12-18
SUB-006450,ACC-105409,Pro,4,281.78,GBP,5,Annual,Credit Card,2023-07-06,
SUB-006451,ACC-100277,Business,1,647,USD,0,Monthly,Invoice,2022-02-10,2024-07-01
SUB-006452,ACC-100277,Pro,1,206.28,USD,0,Monthly,ACH,2024-07-01,10/07/2024
SUB-006453,ACC-102084,Business,1,$ 597,USD,0,Monthly,,27-Aug-2023,2023-09-27
SUB-006454,ACC-102382,Starter,5,60.91,USD,25,Annual,credit card,2024-03-29,
SUB-006455,ACC-100571,Starter,4,75,USD,0,Monthly,ACH,2025-06-24,2026-02-14
SUB-006456,ACC-100571,Business,2,584,USD,15,Annual,Credit Card,2026-02-14,
SUB-006457,ACC-101435,Pro,1,$ 180,USD,0,Monthly,ACH,2024-04-23,08/16/2024
SUB-006458,ACC-101435,Enterprise,11,5394,USD,0,Monthly,ACH,08/16/2024,2024-08-23
SUB-006459,ACC-103902,Starter,2,48,USD,25,Annual,ACH,2022-09-06,
SUB-006460,ACC-101247,Business,1,$ 588,USD,0,Monthly,Credit Card,09/12/2022,2022-12-12
SUB-006461,ACC-103526,Enterprise,5,"€ 3,109",EUR,0,Monthly,ACH,2025-02-26,
SUB-006462,ACC-102514,Pro,1,181.96,USD,0,Monthly,ACH,2025-03-19,2026-05-19
SUB-006463,ACC-101007,Pro,14,648,USD,0,Annual,Credit Card,12/07/2024,
SUB-006464,ACC-104543,Starter,4,70.27,GBP,0,Monthly,Credit Card,2024-12-29,
SUB-006465,ACC-105267,Business,1,592.15,USD,0,Monthly,credit card,03/09/2023,
SUB-006466,ACC-102064,Pro,1,$217.11,USD,0,Annual,ACH,2022-09-30,30/01/2025
SUB-006467,ACC-104801,Pro,1,$ 195,USD,5,Monthly,ACH,2025-07-09,06/11/2025
SUB-006468,ACC-104801,Business,2,778.20,USD,0,Monthly,Credit Card,2025/11/06,
SUB-006469,ACC-101690,Starter,4,74.40,USD,0,Annual,credit card,05/24/2025,
SUB-006470,ACC-105989,Pro,7,431,USD,0,Monthly,Credit Card,15/04/2025,2025-10-11
SUB-006471,ACC-105989,Starter,4,71.22,USD,5,Monthly,credit card,2025-10-11,2026-01-27
SUB-006472,ACC-105989,Enterprise,2,"$ 2,304",USD,0,Annual,Credit Card,27-Jan-2026,
SUB-006473,ACC-101985,Pro,3,$293.63,USD,0,Monthly,Credit Card,11/12/2022,04/27/2025
SUB-006474,ACC-101985,Enterprise,4,"$2,305.92",USD,25,Monthly,Credit Card,2025-04-27,
SUB-006475,ACC-100294,Starter,6,86,USD,0,Monthly,ACH,2022-12-01,
SUB-006476,ACC-101547,Business,8,$990.78,USD,25,Annual,Credit Card,22/05/2025,
SUB-006477,ACC-102012,Pro,2,$ 209,USD,0,Annual,Credit Card,2025-02-06,2025-05-27
SUB-006478,ACC-102012,Business,17,"2,154.98",USD,0,Monthly,ACH,2025-05-27,06/04/2026
SUB-006479,ACC-100588,Starter,5,86.50,USD,0,Monthly,Credit Card,2022-03-18,07/05/2022
SUB-006480,ACC-100588,Business,2,$647.81,USD,0,Annual,Credit Card,2022-07-05,2025-02-17
SUB-006481,ACC-100588,Pro,3,292.24,USD,0,Monthly,Credit Card,02/17/2025,
SUB-006482,ACC-103329,Starter,7,87,USD,0,Monthly,,2023-02-07,
SUB-006483,ACC-102403,Pro,2,$ 222,USD,0,Monthly,Invoice,2024-03-22,
SUB-006484,ACC-102129,Pro,2,232,GBP,0,Monthly,ACH,2025-02-15,
SUB-006485,ACC-103998,Pro,1,€ 185,EUR,0,Monthly,Invoice,2024-01-03,
SUB-006486,ACC-105325,Business,4,787,USD,0,Monthly,,2023-07-19,08-Mar-2025
SUB-006487,ACC-105325,Pro,1,223,USD,0,Annual,credit card,2025-03-08,
SUB-006488,ACC-103741,Pro,2,£ 209,GBP,0,Annual,Invoice,2023-07-27,09/29/2023
SUB-006489,ACC-103741,Enterprise,1,"£ 1,801",GBP,5,Monthly,Credit Card,2023-09-29,2023-12-27
SUB-006490,ACC-103508,Pro,3,€285.60,EUR,0,Annual,Invoice,2023-03-22,22/05/2025
SUB-006491,ACC-102719,Starter,4,61.12,USD,15,Monthly,Credit Card,2023/10/01,2024-09-01
SUB-006492,ACC-104521,Business,3,$ 790,USD,10,Monthly,ACH,02-Jun-2022,02/02/2023
SUB-006493,ACC-104521,Enterprise,1,"$ 2,059",USD,5,Annual,Credit Card,2023-02-02,2023/11/02
SUB-006494,ACC-105541,Pro,11,532,USD,0,Annual,credit card,2023-04-15,2024-11-25
SUB-006495,ACC-105541,Starter,4,80.85,USD,0,Monthly,Credit Card,2024-11-25,
SUB-006496,ACC-105547,Pro,2,$245.88,USD,0,Monthly,Credit Card,2022-12-17,
SUB-006497,ACC-100556,Starter,2,€53.02,EUR,0,Monthly,Credit Card,09/16/2022,09/16/2024
SUB-006498,ACC-102469,Starter,1,$40.98,USD,20,Monthly,Credit Card,2025-08-04,2025-11-07
SUB-006499,ACC-102469,Business,5,$892.95,USD,0,Annual,Invoice,2025-11-07,
SUB-006500,ACC-103738,Starter,1,$ 55,USD,0,Monthly,Credit Card,2022-11-07,07/05/2023
SUB-006501,ACC-104286,Business,1,583.99,USD,0,Monthly,Credit Card,2024-01-11,
SUB-006502,ACC-105004,Starter,11,128.29,USD,0,Monthly,Invoice,2023-06-13,
SUB-006503,ACC-101716,Starter,7,$93.20,USD,0,Monthly,Credit Card,2023-10-24,
SUB-006504,ACC-102604,Pro,1,$ 221,USD,0,Annual,credit card,2025-04-22,2025-05-22
SUB-006505,ACC-105015,Starter,4,76.20,GBP,0,Annual,,2023-07-21,10/21/2023
SUB-006506,ACC-101704,Pro,3,$272.31,USD,0,Monthly,Credit Card,2022-03-06,09/17/2024
SUB-006507,ACC-101704,Business,3,$ 844,USD,0,Monthly,Credit Card,2024-09-17,
SUB-006508,ACC-102139,Starter,4,€64.30,EUR,10,Annual,credit card,2023-01-12,2023-06-30
SUB-006509,ACC-102139,Pro,4,€273.08,EUR,0,Monthly,Credit Card,2023-06-30,11/12/2023
SUB-006510,ACC-103239,Pro,2,$ 240,USD,0,Annual,Credit Card,2022-08-03,04/03/2025
SUB-006511,ACC-102383,Enterprise,6,"3,279.62",USD,0,Monthly,Credit Card,2025-07-26,
SUB-006512,ACC-104311,Starter,1,36.38,USD,25,Monthly,,2022-02-27,06/13/2023
SUB-006513,ACC-104311,Pro,1,$226.68,USD,0,Annual,Credit Card,2023-06-13,2024-03-27
SUB-006514,ACC-101285,Business,4,830,USD,0,Monthly,Invoice,2023-10-09,
SUB-006515,ACC-105648,Starter,1,$ 48,USD,0,Monthly,Credit Card,05/08/2025,
SUB-006516,ACC-105436,Business,1,£ 593,GBP,10,Annual,ACH,2023-10-18,
SUB-006517,ACC-103930,Starter,4,69.05,EUR,0,Monthly,Credit Card,2024-10-29,
SUB-006518,ACC-104600,Starter,1,$47.19,USD,15,Monthly,Credit Card,2024-10-17,2025-06-17
SUB-006519,ACC-101591,Starter,2,52.60,EUR,0,Monthly,Invoice,2023-11-03,01/03/2024
SUB-006520,ACC-105388,Pro,7,$ 272,USD,25,Monthly,Credit Card,2024-02-19,2024-04-07
SUB-006521,ACC-105388,Business,3,712.08,USD,0,Monthly,ACH,07-Apr-2024,
SUB-006522,ACC-102162,Starter,2,63.73,USD,0,Monthly,Credit Card,2024-06-17,
SUB-006523,ACC-102396,Pro,5,€356.95,EUR,0,Annual,Credit Card,03/30/2022,30-Oct-2023
SUB-006524,ACC-100317,Enterprise,1,1892,GBP,0,Monthly,Credit Card,2023/01/08,
SUB-006525,ACC-105462,Enterprise,1,"€1,920.19",EUR,0,Monthly,Credit Card,12/16/2024,
SUB-006526,ACC-103111,Starter,1,€ 37,EUR,20,Monthly,Invoice,2022/11/08,01/08/2023
SUB-006527,ACC-104036,Pro,1,$198.98,USD,0,Monthly,Invoice,23-Jun-2024,
SUB-006528,ACC-100795,Pro,4,268,EUR,0,Monthly,ACH,26-Dec-2023,2024-02-26
SUB-006529,ACC-103020,Pro,5,€ 293,EUR,0,Annual,Invoice,2022-07-25,2022-10-13
SUB-006530,ACC-103020,Starter,1,55,EUR,0,Monthly,Credit Card,13/10/2022,2023-05-25
SUB-006531,ACC-101711,Pro,1,$195.18,USD,0,Annual,Credit Card,04/29/2025,
SUB-006532,ACC-103387,Pro,5,$ 321,USD,5,Monthly,Credit Card,04/01/2023,2024-04-01
SUB-006533,ACC-100036,Starter,2,€53.52,EUR,10,Monthly,Invoice,2022-05-06,2026-03-10
SUB-006534,ACC-100036,Pro,3,€ 260,EUR,0,Monthly,Credit Card,2026-03-10,
SUB-006535,ACC-104549,Starter,3,70.85,USD,0,Monthly,Credit Card,,03-Apr-2025
SUB-006536,ACC-100913,Business,1,611.49,USD,0,Annual,Credit Card,08/20/2022,2023-03-13
SUB-006537,ACC-100913,Pro,4,$331.79,USD,0,Annual,Credit Card,2023-03-13,
SUB-006538,ACC-103972,Starter,2,$63.74,USD,0,Monthly,Credit Card,26-Apr-2025,2025-05-26
SUB-006539,ACC-104133,Enterprise,7,"3,970.05",USD,0,Annual,Invoice,2025-07-16,12-Feb-2026
SUB-006540,ACC-104133,Starter,1,52.95,USD,0,Annual,Credit Card,2026-02-12,2026-04-21
SUB-006541,ACC-104133,Pro,2,209.56,USD,0,Monthly,Credit Card,21/04/2026,
SUB-006542,ACC-100974,Starter,1,55,USD,0,Annual,Credit Card,2022/09/08,08/04/2023
SUB-006543,ACC-100983,Business,5,"€ 1,003",EUR,0,Annual,Credit Card,2023-06-14,
SUB-006544,ACC-105385,Starter,6,87.91,USD,0,Monthly,Credit Card,08/01/2024,2026-05-08
SUB-006545,ACC-101418,Starter,1,$52.43,USD,0,Monthly,ACH,2022-06-17,
SUB-006546,ACC-101560,Business,10,"1,115.14",USD,20,Annual,credit card,2023-02-21,2023-03-21
SUB-006547,ACC-101560,Starter,5,72,USD,0,Monthly,Credit Card,2023-03-21,03/21/2023
SUB-006548,ACC-101560,Enterprise,3,"2,572.86",USD,10,Annual,Credit Card,2023-03-21,2023-03-21
SUB-006549,ACC-104135,Pro,3,$296.47,USD,0,Monthly,Credit Card,04/21/2024,
SUB-006550,ACC-104850,Business,3,$726.48,USD,0,Monthly,Invoice,2024-10-20,11/20/2024
SUB-006551,ACC-104265,Starter,3,57.85,USD,0,Monthly,Credit Card,2023-01-13,2023-11-04
SUB-006552,ACC-104265,Business,5,"1,042.57",USD,0,Monthly,Credit Card,2023-11-04,2024/02/02
SUB-006553,ACC-104265,Pro,10,$453.75,USD,0,Monthly,Credit Card,02/02/2024,2024-04-13
SUB-006554,ACC-101355,Starter,1,51,USD,5,Annual,Credit Card,28/11/2022,2024-05-28
SUB-006555,ACC-105773,Starter,3,58.56,USD,0,Annual,Invoice,2023/12/10,2024-09-10
SUB-006556,ACC-100987,Starter,4,$74.83,USD,0,Monthly,Credit Card,2022-12-23,
SUB-006557,ACC-102682,Business,2,$ 627,USD,10,Monthly,Credit Card,2024-05-05,
SUB-006558,ACC-101640,Pro,2,€ 260,EUR,0,Monthly,Credit Card,2024-07-16,
SUB-006559,ACC-101290,Starter,7,$101.92,USD,0,Annual,Credit Card,,03-Aug-2024
SUB-006560,ACC-101290,Enterprise,2,"$2,345.09",USD,0,Annual,Invoice,2024-08-03,2025-02-18
SUB-006561,ACC-103681,Pro,2,$ 254,USD,0,Annual,,03/18/2025,
SUB-006562,ACC-101380,Pro,3,246.70,USD,10,Monthly,Credit Card,04/12/2022,
SUB-006563,ACC-101933,Starter,2,59.23,USD,0,Monthly,Credit Card,12-May-2023,2024-02-08
SUB-006564,ACC-101933,Business,2,766.03,USD,0,Monthly,Credit Card,08/02/2024,
SUB-006565,ACC-105117,Pro,3,$ 259,USD,0,Monthly,Credit Card,08/03/2025,2025-09-22
SUB-006566,ACC-105117,Enterprise,2,"2,345.76",USD,0,Monthly,Credit Card,09/22/2025,03-Nov-2025
SUB-006567,ACC-103160,Enterprise,2,"$2,262.47",USD,10,Monthly,Invoice,2024-08-13,
SUB-006568,ACC-102030,Starter,2,$ 53,USD,0,Monthly,,11-Sep-2023,
SUB-006569,ACC-100892,Pro,3,221.20,USD,10,Monthly,Credit Card,19/06/2022,2026-05-19
SUB-006570,ACC-104069,Starter,1,51.14,USD,0,Monthly,Credit Card,2022-08-13,
SUB-006571,ACC-104255,Business,1,645,USD,0,Monthly,ACH,02/26/2023,2024/12/28
SUB-006572,ACC-104255,Starter,3,$63.53,USD,0,Monthly,Credit Card,2024-12-28,05/03/2026
SUB-006573,ACC-104255,Enterprise,1,1924,USD,0,Monthly,ACH,03/05/2026,
SUB-006574,ACC-100002,Starter,3,€67.81,EUR,0,Monthly,ACH,17/04/2025,06-Sep-2025
SUB-006575,ACC-100002,Enterprise,4,"€2,880.10",EUR,5,Monthly,ACH,2025-09-06,
SUB-006576,ACC-102109,Pro,2,€ 261,EUR,0,Monthly,Invoice,2024-09-18,2025-05-07
SUB-006577,ACC-102109,Enterprise,2,"2,071.97",EUR,0,Monthly,Credit Card,2025-05-07,
SUB-006578,ACC-100849,Pro,3,€ 264,EUR,0,Annual,Credit Card,02/18/2023,
SUB-006579,ACC-102737,Starter,1,48.20,USD,5,Monthly,,2022-01-13,2024-11-02
SUB-006580,ACC-102737,Business,5,1019,USD,0,Annual,Credit Card,02/11/2024,2025-05-13
SUB-006581,ACC-102466,Enterprise,2,"$2,373.38",USD,0,Monthly,Credit Card,2023-06-17,17/07/2023
SUB-006582,ACC-101914,Starter,9,€107.51,EUR,0,Monthly,Credit Card,06/04/2024,2026/05/09
SUB-006583,ACC-101914,Business,1,€ 471,EUR,20,Monthly,credit card,2026-05-09,01/06/2026
SUB-006584,ACC-101914,Enterprise,6,"€ 3,761",EUR,5,Annual,Credit Card,2026-06-01,
SUB-006585,ACC-101596,Starter,1,55.34,USD,0,Monthly,ACH,2023-11-10,2024-01-17
SUB-006586,ACC-101596,Business,6,1086,USD,0,Monthly,credit card,01/17/2024,2024-02-10
SUB-006587,ACC-101913,Pro,2,166,EUR,25,Annual,Credit Card,01/18/2022,2025-04-18
SUB-006588,ACC-100924,Starter,1,52.31,EUR,0,Monthly,Credit Card,12/23/2023,23/05/2025
SUB-006589,ACC-102736,Starter,1,36,USD,20,Monthly,Credit Card,2022-07-30,19/01/2026
SUB-006590,ACC-102736,Business,1,$543.89,USD,5,Annual,Credit Card,19/01/2026,2026-03-30
SUB-006591,ACC-102736,Starter,1,52,USD,0,Monthly,,30-Mar-2026,
SUB-006592,ACC-100726,Starter,1,40.33,USD,10,Monthly,Credit Card,2023-09-10,2025-03-10
SUB-006593,ACC-100053,Pro,2,242.51,USD,0,Monthly,Credit Card,08/23/2024,2024-12-17
SUB-006594,ACC-100053,Business,5,"1,004.52",USD,0,Monthly,credit card,2024-12-17,2025-01-17
SUB-006595,ACC-100053,Starter,4,70.30,USD,0,Monthly,Credit Card,2025-01-17,01/23/2025
SUB-006596,ACC-101796,Starter,3,70.10,USD,0,Monthly,,07/13/2025,2025-11-04
SUB-006597,ACC-101796,Enterprise,3,"$ 2,660",USD,0,Monthly,Invoice,04/11/2025,
SUB-006598,ACC-103845,Enterprise,3,"$ 2,930",USD,0,Annual,ACH,2022-05-06,2025-10-23
SUB-006599,ACC-103845,Pro,2,252.77,USD,0,Annual,Invoice,10/23/2025,
SUB-006600,ACC-102553,Business,3,701,USD,10,Monthly,Credit Card,05/12/2022,02/27/2024
SUB-006601,ACC-102553,Enterprise,5,"$3,635.04",USD,0,Monthly,Credit Card,2024-02-27,
SUB-006602,ACC-102800,Business,16,"$2,164.85",USD,0,Monthly,Credit Card,2024-03-23,
SUB-006603,ACC-100936,Starter,2,$ 48,USD,25,Annual,credit card,2024-01-29,2024/06/21
SUB-006604,ACC-100936,Pro,3,270,USD,0,Annual,credit card,06/21/2024,
SUB-006605,ACC-105013,Pro,4,$301.00,USD,0,Monthly,Credit Card,2022-12-15,15/03/2025
SUB-006606,ACC-100824,Pro,1,214,USD,0,Monthly,Invoice,16/03/2025,2025-04-28
SUB-006607,ACC-100824,Starter,4,$ 69,USD,0,Monthly,Credit Card,2025-04-28,
SUB-006608,ACC-104321,Starter,4,€68.54,EUR,0,Monthly,Credit Card,2024-05-28,2026-02-28
SUB-006609,ACC-103401,Business,7,"1,177.07",USD,0,Monthly,Credit Card,2024-03-20,2024-05-20
SUB-006610,ACC-101389,Starter,1,48.46,USD,0,Annual,Invoice,10/01/2022,2023-01-27
SUB-006611,ACC-101389,Enterprise,2,"$2,414.29",USD,0,Monthly,Credit Card,,08/01/2023
SUB-006612,ACC-103564,Pro,2,$ 229,USD,0,Annual,credit card,02/17/2024,
SUB-006613,ACC-100884,Pro,5,317,GBP,0,Monthly,,04/14/2023,05/14/2026
SUB-006614,ACC-101868,Pro,7,360.31,USD,0,Monthly,Credit Card,2023-09-14,
SUB-006615,ACC-100010,Pro,2,246,USD,0,Monthly,Invoice,07/09/2025,
SUB-006616,ACC-103415,Pro,2,210.27,USD,0,Monthly,Credit Card,11/20/2022,2023/05/23
SUB-006617,ACC-103415,Starter,2,$ 62,USD,0,Annual,credit card,05/23/2023,
SUB-006618,ACC-101463,Pro,8,367.69,USD,0,Monthly,Credit Card,2023-09-21,2024-06-21
SUB-006619,ACC-100806,Starter,1,€48.63,EUR,0,Monthly,ACH,2025-03-23,2025-11-17
SUB-006620,ACC-100806,Business,3,5,EUR,150,Monthly,Credit Card,17-Nov-2025,
SUB-006621,ACC-105333,Starter,3,62,USD,0,Monthly,Credit Card,11/26/2023,
SUB-006622,ACC-104068,Pro,2,$218.43,USD,10,Monthly,Credit Card,24/10/2024,
SUB-006623,ACC-102108,Business,2,$597.00,USD,20,Monthly,Invoice,2023-06-12,
SUB-006624,ACC-105953,Business,3,563.58,USD,25,Monthly,Credit Card,23/08/2022,
SUB-006625,ACC-104659,Starter,1,$44.13,USD,0,Annual,credit card,2023/05/03,2023-06-03
SUB-006626,ACC-104659,Enterprise,3,"2,970.99",USD,0,Annual,Credit Card,2023-06-03,06/03/2023
SUB-006627,ACC-102234,Pro,2,206,USD,20,Monthly,Credit Card,2022-12-21,2024-05-21
SUB-006628,ACC-100963,Business,2,$677.73,USD,0,Annual,Credit Card,07-Jan-2022,2022-11-07
SUB-006629,ACC-104494,Pro,2,236.37,USD,0,Monthly,ACH,2024-02-24,2025-05-24
SUB-006630,ACC-102632,Starter,5,72.84,USD,5,Monthly,ACH,2023-02-19,
SUB-006631,ACC-100704,Starter,2,58.53,USD,0,Annual,ACH,10/08/2025,11-Sep-2025
SUB-006632,ACC-100704,Pro,3,$284.35,USD,0,Monthly,credit card,2025-09-11,2026-01-09
SUB-006633,ACC-100704,Starter,2,51.73,USD,0,Monthly,ACH,01/09/2026,
SUB-006634,ACC-100431,Business,15,1785,USD,0,Monthly,credit card,09-Jan-2025,
SUB-006635,ACC-104388,Starter,3,$ 70,USD,0,Annual,Credit Card,2025-03-27,
SUB-006636,ACC-100145,Pro,2,$224.85,USD,0,Monthly,ACH,27/02/2024,
SUB-006637,ACC-102033,Starter,1,48.97,USD,0,Monthly,Credit Card,2022-03-05,2025-09-05
SUB-006638,ACC-105102,Pro,3,270,USD,0,Annual,ACH,2022-09-18,2023-12-18
SUB-006639,ACC-101165,Pro,6,€370.17,EUR,0,Annual,Credit Card,17/08/2022,
SUB-006640,ACC-103500,Pro,1,$208.35,USD,0,Monthly,ACH,16/06/2022,12-Nov-2024
SUB-006641,ACC-103500,Enterprise,6,3311,USD,0,Annual,Credit Card,11/12/2024,
SUB-006642,ACC-102050,Starter,5,76,USD,0,Monthly,Credit Card,2024-10-28,04/27/2025
SUB-006643,ACC-102050,Business,2,$ 612,USD,20,Monthly,Credit Card,2025-04-27,28/10/2025
SUB-006644,ACC-103760,Starter,2,51.56,USD,0,Monthly,ACH,04-Apr-2023,2023-06-16
SUB-006645,ACC-103760,Pro,3,$272.08,USD,0,Annual,Credit Card,2023-06-16,2024-01-20
SUB-006646,ACC-103760,Enterprise,3,2857,USD,0,Monthly,Credit Card,2024-01-20,2024-06-04
SUB-006647,ACC-102624,Starter,1,$ 56,USD,0,Annual,Credit Card,2024-08-26,2024-10-26
SUB-006648,ACC-104484,Business,1,$537.38,USD,20,Monthly,credit card,2023-03-15,05/22/2025
SUB-006649,ACC-104484,Enterprise,8,"$4,437.63",USD,0,Monthly,Credit Card,05/22/2025,2026-01-15
SUB-006650,ACC-104435,Business,2,771.16,USD,0,Monthly,Credit Card,06/05/2025,
SUB-006651,ACC-104845,Starter,2,41.57,EUR,20,Monthly,ACH,2024-12-17,
SUB-006652,ACC-104713,Starter,2,56.62,USD,0,Monthly,,2024-06-22,2025-06-22
SUB-006653,ACC-104361,Business,3,771,USD,0,Annual,Invoice,2023-07-21,
SUB-006654,ACC-102424,Pro,6,362,USD,0,Monthly,ACH,2023-02-22,
SUB-006655,ACC-101262,Starter,3,65,USD,0,Annual,Credit Card,04/26/2025,
SUB-006656,ACC-101771,Enterprise,2,2236,USD,0,Monthly,Credit Card,01-Jan-2025,
SUB-006657,ACC-103511,Starter,2,£62.54,GBP,0,Annual,credit card,08/06/2023,2024/06/06
SUB-006658,ACC-100271,Starter,6,$94.97,USD,0,Monthly,ACH,2022-07-30,09/30/2024
SUB-006659,ACC-100244,Business,7,973,USD,25,Monthly,Credit Card,18/03/2025,14-Oct-2025
SUB-006660,ACC-100244,Enterprise,2,"$ 2,309",USD,0,Monthly,credit card,2025-10-14,07-Dec-2025
SUB-006661,ACC-100244,Business,5,$956.77,USD,0,Monthly,ACH,2025/12/07,2025-12-18
SUB-006662,ACC-105906,Business,7,894.54,USD,25,Annual,ACH,2022-12-13,17/05/2023
SUB-006663,ACC-105906,Pro,1,167.47,USD,15,Monthly,ACH,2023-05-17,2023-09-13
SUB-006664,ACC-104572,Pro,4,£ 269,GBP,0,Monthly,Credit Card,01/01/2025,2025-03-12
SUB-006665,ACC-104572,Enterprise,2,"£2,255.43",GBP,0,Monthly,Credit Card,12-Mar-2025,2025/06/01
SUB-006666,ACC-102032,Pro,3,$201.26,USD,15,Annual,ACH,2025-05-10,
SUB-006667,ACC-104958,Starter,1,50.33,USD,0,Monthly,Credit Card,2022-04-30,
SUB-006668,ACC-100813,Starter,2,$ 56,USD,0,Annual,Credit Card,08/01/2023,2023-10-01
SUB-006669,ACC-103810,Pro,1,184.99,USD,0,Monthly,Credit Card,01-Jun-2024,03-Jan-2025
SUB-006670,ACC-103810,Business,5,"1,066.79",USD,0,Monthly,Credit Card,2025-01-03,2025-02-01
SUB-006671,ACC-104939,Business,2,650,USD,0,Monthly,Credit Card,07/18/2024,2024-12-13
SUB-006672,ACC-104939,Enterprise,4,"3,269.44",USD,0,Monthly,Credit Card,12/13/2024,
SUB-006673,ACC-101804,Starter,9,5.00,USD,150,Monthly,Credit Card,2025-08-23,
SUB-006674,ACC-104346,Pro,2,231.64,USD,10,Annual,Credit Card,2023-04-22,
SUB-006675,ACC-102461,Pro,2,$255.05,USD,0,Monthly,Invoice,2022/03/18,2025-03-09
SUB-006676,ACC-102461,Starter,1,50,USD,0,Monthly,Invoice,2025/03/09,09-Jan-2026
SUB-006677,ACC-102461,Pro,12,575.79,USD,0,Monthly,Invoice,2026-01-09,
SUB-006678,ACC-100545,Business,2,582,USD,20,Monthly,Credit Card,2022-01-05,2024-06-18
SUB-006679,ACC-100545,Pro,7,350.05,USD,0,Monthly,,06/18/2024,
SUB-006680,ACC-103241,Enterprise,1,"$1,893.23",USD,0,Monthly,Invoice,2022-03-03,
SUB-006681,ACC-100738,Starter,3,$ 70,USD,0,Annual,Credit Card,2024-12-18,
SUB-006682,ACC-100310,Pro,1,£151.99,GBP,20,Monthly,ACH,2023-08-31,2023-12-31
SUB-006683,ACC-103521,Starter,3,52.12,USD,10,Monthly,Credit Card,2023-11-07,07-Mar-2024
SUB-006684,ACC-101131,Business,3,$614.33,USD,15,Monthly,Invoice,04-Oct-2022,2023/07/15
SUB-006685,ACC-101131,Pro,4,263.06,USD,0,Monthly,credit card,07/15/2023,2023-09-10
SUB-006686,ACC-101131,Enterprise,10,"3,430.91",USD,25,Annual,credit card,2023/09/10,04-Dec-2023
SUB-006687,ACC-105996,Starter,2,$54.49,USD,10,Monthly,ACH,2025-03-14,16/10/2025
SUB-006688,ACC-105996,Enterprise,1,"$ 1,835",USD,0,Monthly,ACH,16/10/2025,
SUB-006689,ACC-104111,Pro,3,€282.01,EUR,0,Monthly,Credit Card,2023/03/04,01-Feb-2024
SUB-006690,ACC-104111,Starter,3,61,EUR,0,Annual,Credit Card,01-Feb-2024,2024-11-04
SUB-006691,ACC-102769,Business,1,668.67,EUR,0,Annual,Credit Card,2024-08-12,2025-09-18
SUB-006692,ACC-102769,Starter,1,€44.91,EUR,0,Monthly,ACH,2025-09-18,2026-02-25
SUB-006693,ACC-102769,Pro,4,€ 267,EUR,0,Monthly,Credit Card,2026-02-25,
SUB-006694,ACC-100920,Pro,3,5.00,USD,150,Monthly,Credit Card,12/31/2023,
SUB-006695,ACC-103587,Starter,1,43,USD,10,Annual,Credit Card,01/08/2025,01/23/2026
SUB-006696,ACC-103587,Pro,3,$ 266,USD,0,Annual,Credit Card,2026/01/23,2026-04-08
SUB-006697,ACC-103959,Pro,1,214,USD,0,Monthly,Credit Card,2022-11-17,20/05/2025
SUB-006698,ACC-103959,Starter,2,52,USD,0,Monthly,Invoice,05/20/2025,
SUB-006699,ACC-100038,Pro,8,$402.31,USD,0,Annual,Credit Card,05/09/2023,10/10/2023
SUB-006700,ACC-100038,Enterprise,1,"$ 2,133",USD,0,Monthly,Credit Card,10/10/2023,2023-12-09
SUB-006701,ACC-104459,Pro,5,$346.85,USD,0,Annual,Credit Card,2023-09-13,06-Apr-2024
SUB-006702,ACC-104459,Enterprise,6,"$3,585.89",USD,0,Monthly,credit card,06-Apr-2024,2024-08-13
SUB-006703,ACC-104278,Pro,4,282,USD,0,Monthly,ACH,2024-08-30,2025-11-30
SUB-006704,ACC-102983,Business,5,982,USD,0,Monthly,Invoice,03/24/2025,
SUB-006705,ACC-103373,Business,3,760.85,USD,0,Monthly,Credit Card,2023-07-11,
SUB-006706,ACC-102667,Pro,3,$236.18,USD,0,Monthly,credit card,2025-08-05,2025-11-05
SUB-006707,ACC-103223,Business,1,$428.80,USD,25,Monthly,Credit Card,05/31/2023,2024-06-30
SUB-006708,ACC-101182,Starter,1,53.81,USD,0,Monthly,ACH,2024-08-20,2024-11-14
SUB-006709,ACC-101182,Pro,1,226.46,USD,0,Monthly,Credit Card,2024-11-14,12/20/2024
SUB-006710,ACC-100614,Starter,2,$ 52,USD,15,Annual,Credit Card,04/21/2022,
SUB-006711,ACC-105978,Business,2,779.36,USD,0,Monthly,Credit Card,2023-06-27,
SUB-006712,ACC-101466,Pro,7,365,USD,0,Monthly,Invoice,2024-01-15,2025-11-02
SUB-006713,ACC-101466,Enterprise,1,2251,USD,0,Annual,Credit Card,2025-11-02,
SUB-006714,ACC-104497,Starter,2,€ 51,EUR,0,Monthly,Invoice,2025-07-28,2025-08-28
SUB-006715,ACC-103042,Starter,1,51,USD,0,Monthly,Invoice,2023-07-29,2024-05-29
SUB-006716,ACC-100934,Pro,4,304.86,USD,0,Monthly,Credit Card,2022-05-09,01-Mar-2023
SUB-006717,ACC-100934,Starter,1,$34.63,USD,25,Monthly,Credit Card,2023/03/01,
SUB-006718,ACC-102419,Pro,2,232,USD,0,Monthly,Invoice,2022-11-04,12/04/2023
SUB-006719,ACC-105490,Starter,1,52.62,USD,0,Monthly,Credit Card,2022-08-28,10/28/2022
SUB-006720,ACC-104927,Starter,3,$70.90,USD,0,Monthly,Credit Card,2025-04-13,2026-03-13
SUB-006721,ACC-100826,Starter,1,51.68,USD,0,Monthly,Invoice,2023-05-02,
SUB-006722,ACC-101521,Starter,2,€55.99,EUR,0,Monthly,Credit Card,2024-08-16,
SUB-006723,ACC-102930,Pro,5,296,USD,0,Annual,ACH,06/12/2023,
SUB-006724,ACC-104232,Pro,2,$243.46,USD,0,Monthly,,09/15/2023,2025/07/28
SUB-006725,ACC-104232,Enterprise,4,2737,USD,0,Annual,ACH,2025-07-28,
SUB-006726,ACC-100628,Enterprise,2,"2,284.39",USD,0,Monthly,ACH,20-Nov-2022,2024-03-20
SUB-006727,ACC-104430,Starter,3,$ 71,USD,0,Monthly,Credit Card,2022/11/29,12/29/2025
SUB-006728,ACC-103853,Business,4,882.98,EUR,0,Monthly,Credit Card,2024/07/30,10-Nov-2024
SUB-006729,ACC-103853,Pro,1,209.03,EUR,0,Annual,Credit Card,2024-11-10,30-Dec-2024
SUB-006730,ACC-100390,Pro,2,$242.26,USD,0,Annual,Credit Card,18-Aug-2023,2023/10/18
SUB-006731,ACC-104345,Business,4,964,EUR,0,Annual,Credit Card,08/05/2024,2025-12-21
SUB-006732,ACC-104345,Starter,6,93,EUR,0,Monthly,Credit Card,21/12/2025,
SUB-006733,ACC-105938,Business,1,$ 604,USD,0,Monthly,Credit Card,18-May-2023,
SUB-006734,ACC-103990,Business,3,792.31,USD,0,Monthly,Credit Card,08/14/2022,07/14/2024
SUB-006735,ACC-100400,Starter,3,$69.14,USD,0,Monthly,ACH,2024-03-05,03-May-2024
SUB-006736,ACC-100400,Enterprise,2,"$ 2,587",USD,0,Monthly,Credit Card,05/03/2024,05/05/2024
SUB-006737,ACC-103359,Business,4,909,EUR,0,Annual,credit card,2025-08-21,2025-11-21
SUB-006738,ACC-100046,Starter,1,$56.31,USD,0,Annual,ACH,2025-03-10,2025-06-01
SUB-006739,ACC-100046,Enterprise,2,"2,179.71",USD,0,Annual,,2025-06-01,2025-06-10
SUB-006740,ACC-105837,Starter,1,44.31,USD,0,Monthly,Credit Card,2023-08-12,2023-12-15
SUB-006741,ACC-105837,Enterprise,2,"1,884.19",USD,25,Monthly,Invoice,2023-12-15,08/12/2025
SUB-006742,ACC-105999,Starter,2,56,USD,0,Annual,Credit Card,07/09/2024,08/09/2024
SUB-006743,ACC-103726,Pro,5,$ 301,USD,5,Monthly,ACH,06/01/2023,
SUB-006744,ACC-105910,Business,1,630.24,USD,0,Annual,ACH,04-Aug-2023,
SUB-006745,ACC-102421,Business,2,673.41,GBP,0,Annual,Credit Card,2022-04-18,2024-01-12
SUB-006746,ACC-102421,Pro,1,202,GBP,0,Annual,Credit Card,2024-01-12,2024/12/18
SUB-006747,ACC-101750,Business,6,"1,088.41",USD,0,Monthly,Credit Card,2022-03-17,11/25/2022
SUB-006748,ACC-101750,Enterprise,2,"2,176.14",USD,5,Monthly,ACH,2022-11-25,2023/02/17
SUB-006749,ACC-105884,Pro,4,331,GBP,0,Annual,ACH,31-Oct-2023,21-Jan-2024
SUB-006750,ACC-105884,Business,1,656.87,GBP,0,Monthly,Credit Card,01/21/2024,2024-01-31
SUB-006751,ACC-104979,Starter,1,56,EUR,0,Monthly,Credit Card,10/03/2023,16/12/2023
SUB-006752,ACC-104979,Business,5,921.03,EUR,0,Annual,ACH,12/16/2023,2025-07-03
SUB-006753,ACC-104062,Pro,6,$324.62,USD,15,Monthly,Credit Card,06/03/2025,12/31/2025
SUB-006754,ACC-104062,Enterprise,5,"3,270.79",USD,0,Monthly,Credit Card,2025/12/31,
SUB-006755,ACC-100338,Pro,1,213,USD,0,Monthly,Credit Card,2024-06-10,2024-12-10
SUB-006756,ACC-100215,Pro,3,252.05,USD,5,Monthly,Credit Card,06/07/2023,12/07/2024
SUB-006757,ACC-103663,Enterprise,3,"$2,628.51",USD,5,Monthly,Credit Card,2025/05/27,11/27/2025
SUB-006758,ACC-101341,Starter,2,$52.28,USD,15,Monthly,Credit Card,2023/03/28,
SUB-006759,ACC-105564,Starter,2,54.14,USD,0,Monthly,Credit Card,2022-03-15,
SUB-006760,ACC-103894,Enterprise,4,"$2,630.81",USD,0,Monthly,Invoice,10-Nov-2024,
SUB-006761,ACC-103640,Starter,1,€ 54,EUR,0,Monthly,Credit Card,2023-10-27,2024-10-26
SUB-006762,ACC-103640,Pro,1,€204.47,EUR,0,Annual,Credit Card,10/26/2024,2024-10-27
SUB-006763,ACC-100329,Pro,1,228.79,USD,0,Monthly,Credit Card,30-Oct-2024,01/08/2025
SUB-006764,ACC-100329,Enterprise,1,"2,287.94",USD,0,Monthly,Credit Card,08/01/2025,08/31/2025
SUB-006765,ACC-100329,Pro,2,203.11,USD,20,Monthly,ACH,2025-08-31,
SUB-006766,ACC-103004,Pro,5,306.84,EUR,0,Monthly,,11/02/2024,
SUB-006767,ACC-105814,Pro,10,488.67,USD,0,Monthly,Credit Card,20-Mar-2023,06/20/2025
SUB-006768,ACC-103115,Pro,6,319.01,EUR,0,Annual,Invoice,2023-10-22,
SUB-006769,ACC-105887,Business,7,"1,127.98",USD,0,Annual,,2024/03/07,05/27/2024
SUB-006770,ACC-105887,Enterprise,3,"2,366.44",USD,0,Monthly,Credit Card,2024-05-27,
SUB-006771,ACC-102322,Starter,4,78.47,EUR,0,Monthly,ACH,2025-07-27,
SUB-006772,ACC-104197,Business,1,$ 680,USD,0,Monthly,Credit Card,2023-07-19,2024-03-21
SUB-006773,ACC-104197,Starter,1,$ 54,USD,0,Monthly,Credit Card,2024-03-21,19/11/2024
SUB-006774,ACC-103549,Starter,2,52.21,USD,0,Monthly,credit card,11/09/2023,
SUB-006775,ACC-101458,Starter,1,$44.83,USD,0,Monthly,Invoice,2025-03-23,
SUB-006776,ACC-100171,Pro,1,146,USD,25,Monthly,Credit Card,05/19/2023,08/19/2023
SUB-006777,ACC-104203,Pro,1,226.59,USD,0,Monthly,Credit Card,17-Nov-2022,17/12/2024
SUB-006778,ACC-105984,Starter,6,$97.36,USD,0,Monthly,Credit Card,2023-06-25,
SUB-006779,ACC-103569,Starter,3,€66.38,EUR,0,Monthly,ACH,04/02/2022,08/18/2022
SUB-006780,ACC-103569,Business,4,892.24,EUR,0,Annual,ACH,2022-08-18,2024-12-02
SUB-006781,ACC-104226,Starter,1,$ 49,USD,0,Monthly,credit card,2023-02-13,
SUB-006782,ACC-104960,Starter,1,$ 49,USD,0,Monthly,Invoice,2024-01-23,
SUB-006783,ACC-105008,Enterprise,3,"$2,505.67",USD,0,Annual,Credit Card,14-Sep-2022,01/05/2023
SUB-006784,ACC-105008,Starter,5,75.27,USD,0,Monthly,Credit Card,2023-01-05,01/14/2023
SUB-006785,ACC-100938,Starter,3,59.07,USD,0,Annual,Invoice,2022-02-13,2024-10-13
SUB-006786,ACC-100060,Enterprise,3,"$2,782.07",USD,0,Monthly,ACH,15-Jun-2023,12/15/2023
SUB-006787,ACC-101240,Pro,2,259.31,GBP,0,Monthly,ACH,15-Jan-2025,
SUB-006788,ACC-105081,Starter,3,$57.39,USD,0,Annual,Invoice,2024-05-22,
SUB-006789,ACC-102120,Starter,2,$63.85,USD,0,Monthly,Invoice,2025-02-09,
SUB-006790,ACC-101524,Starter,2,59.45,USD,0,Monthly,Credit Card,2025-04-03,06/12/2025
SUB-006791,ACC-101524,Business,1,$ 571,USD,0,Annual,Credit Card,06-Dec-2025,03/03/2026
SUB-006792,ACC-100153,Business,4,823,EUR,0,Monthly,Credit Card,2022-08-27,
SUB-006793,ACC-100481,Business,1,685.01,USD,0,Monthly,ACH,2024/12/18,
SUB-006794,ACC-104460,Starter,3,58.84,USD,0,Annual,Credit Card,19-Aug-2025,
SUB-006795,ACC-103920,Pro,1,225.76,GBP,0,Annual,Credit Card,20-Aug-2023,2026-01-01
SUB-006796,ACC-103920,Business,3,892,GBP,0,Monthly,Credit Card,2026-01-01,
SUB-006797,ACC-101762,Starter,7,99.17,USD,0,Annual,ACH,01/12/2024,2026-04-16
SUB-006798,ACC-101762,Enterprise,3,"2,525.97",USD,0,Annual,,2026-04-16,2026-05-12
SUB-006799,ACC-101762,Pro,5,244.55,USD,25,Monthly,,2026-05-12,05/12/2026
SUB-006800,ACC-100750,Starter,3,65.79,USD,0,Monthly,Credit Card,01-Jan-2023,04/01/2023
SUB-006801,ACC-101785,Business,3,€ 709,EUR,5,Annual,Invoice,08/14/2023,14/04/2025
SUB-006802,ACC-104501,Business,11,"1,703.42",USD,0,Annual,ACH,2025-07-28,2026-01-27
SUB-006803,ACC-104501,Pro,3,259.67,USD,0,Monthly,Invoice,2026/01/27,
SUB-006804,ACC-102711,Pro,2,€215.99,EUR,5,Monthly,credit card,2022-06-04,
SUB-006805,ACC-105065,Starter,1,$ 41,USD,15,Monthly,,2023-04-23,03/23/2026
SUB-006806,ACC-104193,Starter,2,51.42,USD,0,Monthly,Invoice,2023-11-03,2024-04-09
SUB-006807,ACC-104193,Pro,2,226,USD,0,Monthly,ACH,2024-04-09,03-Feb-2025
SUB-006808,ACC-101333,Business,2,645,USD,5,Annual,Credit Card,2023-11-20,2024-09-20
SUB-006809,ACC-105413,Starter,7,95.52,USD,0,Monthly,Credit Card,2022-12-19,2024-06-29
SUB-006810,ACC-105413,Business,5,1084,USD,0,Monthly,credit card,2024-06-29,
SUB-006811,ACC-102854,Pro,1,$ 222,USD,0,Monthly,,2022-01-19,
SUB-006812,ACC-100186,Starter,2,53,GBP,0,Monthly,Credit Card,03-Mar-2022,
SUB-006813,ACC-101136,Pro,1,210.08,USD,0,Monthly,Invoice,2025-06-04,
SUB-006814,ACC-102058,Starter,3,50,USD,15,Monthly,Credit Card,07/18/2025,03-Jan-2026
SUB-006815,ACC-102058,Enterprise,3,"$ 2,967",USD,0,Monthly,Credit Card,2026-01-03,
SUB-006816,ACC-105094,Business,3,$ 849,USD,0,Monthly,Credit Card,2024-03-07,
SUB-006817,ACC-100148,Pro,2,221.42,EUR,0,Monthly,ACH,2022-12-04,2025-06-14
SUB-006818,ACC-100148,Starter,4,64.80,EUR,0,Monthly,credit card,14-Jun-2025,
SUB-006819,ACC-104124,Pro,3,205.76,USD,15,Monthly,Credit Card,2024-03-29,
SUB-006820,ACC-103363,Pro,2,212,USD,0,Annual,Invoice,2024-09-09,28/01/2025
SUB-006821,ACC-103363,Starter,1,$41.18,USD,20,Annual,Credit Card,2025-01-28,09/07/2025
SUB-006822,ACC-104788,Starter,2,$59.15,USD,0,Monthly,Credit Card,,2025-10-22
SUB-006823,ACC-102866,Starter,3,60.99,USD,0,Monthly,Credit Card,2025-04-07,
SUB-006824,ACC-103776,Business,1,€ 572,EUR,0,Monthly,ACH,09/26/2023,
SUB-006825,ACC-101386,Starter,1,44.30,USD,0,Monthly,ACH,08/05/2023,03/30/2025
SUB-006826,ACC-101386,Enterprise,3,"$2,571.15",USD,0,Monthly,Credit Card,30-Mar-2025,
SUB-006827,ACC-105753,Starter,3,$ 63,USD,0,Monthly,Credit Card,01/19/2024,2025-03-19
SUB-006828,ACC-105031,Business,3,824.43,USD,0,Annual,Credit Card,31/07/2024,2025/05/19
SUB-006829,ACC-105031,Starter,1,$49.90,USD,0,Annual,Credit Card,05/19/2025,
SUB-006830,ACC-103629,Enterprise,2,"$1,788.88",USD,25,Monthly,Credit Card,2023-06-08,
SUB-006831,ACC-105475,Starter,5,$ 78,USD,0,Monthly,Credit Card,2025-04-22,
SUB-006832,ACC-104797,Starter,4,71.27,USD,5,Annual,Credit Card,23/11/2023,2023-12-23
SUB-006833,ACC-103028,Pro,1,198.86,USD,0,Monthly,ACH,30-Oct-2024,2026-02-24
SUB-006834,ACC-103028,Starter,3,$ 72,USD,0,Monthly,Credit Card,2026-02-24,04/07/2026
SUB-006835,ACC-103028,Enterprise,1,"2,161.21",USD,0,Monthly,Credit Card,07/04/2026,2026-05-30
SUB-006836,ACC-102969,Starter,3,€65.13,EUR,0,Monthly,Invoice,2023-03-24,
SUB-006837,ACC-105282,Starter,1,€48.86,EUR,0,Annual,Credit Card,2024-04-05,
SUB-006838,ACC-101708,Starter,4,€ 76,EUR,0,Monthly,Credit Card,2023-05-04,2023-07-09
SUB-006839,ACC-101708,Pro,2,€206.79,EUR,0,Monthly,Credit Card,09-Jul-2023,2024-03-04
SUB-006840,ACC-102953,Pro,1,164.12,USD,15,Annual,Credit Card,2023-11-15,
SUB-006841,ACC-100454,Starter,4,80,USD,0,Monthly,Credit Card,25/08/2023,2025-11-25
SUB-006842,ACC-100609,Starter,2,57,EUR,0,Annual,Credit Card,2022/06/21,2025-03-21
SUB-006843,ACC-104263,Pro,3,285,USD,0,Annual,Credit Card,2023-11-24,07/24/2025
SUB-006844,ACC-105153,Pro,2,259.48,GBP,0,Monthly,Credit Card,2024-02-14,2026-05-13
SUB-006845,ACC-105153,Business,2,£772.56,GBP,0,Annual,Credit Card,05/13/2026,
SUB-006846,ACC-102074,Business,3,$ 783,USD,0,Monthly,Credit Card,09/04/2022,10/04/2023
SUB-006847,ACC-104052,Pro,3,293.47,USD,0,Monthly,Invoice,16/08/2025,
SUB-006848,ACC-104949,Pro,2,211.34,USD,0,Annual,Credit Card,2024-12-26,
SUB-006849,ACC-101622,Starter,1,45.26,USD,0,Monthly,Credit Card,2022-05-24,2024-09-24
SUB-006850,ACC-104683,Pro,1,179.95,USD,20,Monthly,Credit Card,2023-01-10,2025-06-10
SUB-006851,ACC-105327,Business,5,966,USD,5,Monthly,ACH,2022-11-09,2022-12-27
SUB-006852,ACC-105327,Enterprise,1,"1,648.22",USD,10,Monthly,Credit Card,27-Dec-2022,2023-05-09
SUB-006853,ACC-100040,Enterprise,2,"$2,596.75",USD,0,Monthly,Credit Card,2024-12-31,
SUB-006854,ACC-102089,Pro,2,262,USD,0,Annual,ACH,2023-12-09,08/11/2024
SUB-006855,ACC-102089,Enterprise,1,"2,185.26",USD,0,Monthly,Credit Card,11/08/2024,2025-05-18
SUB-006856,ACC-102089,Starter,2,48.56,USD,20,Monthly,Credit Card,05/18/2025,
SUB-006857,ACC-103924,Business,1,498,USD,10,Annual,Credit Card,2025-04-29,
SUB-006858,ACC-102175,Starter,3,61.99,USD,0,Monthly,Credit Card,,
SUB-006859,ACC-100074,Starter,7,$100.04,USD,0,Monthly,Credit Card,12/03/2025,2025-10-12
SUB-006860,ACC-104866,Enterprise,5,3123,USD,0,Annual,credit card,12/01/2022,03/12/2025
SUB-006861,ACC-102657,Pro,6,$ 357,USD,0,Monthly,ACH,2022-09-29,2024-01-29
SUB-006862,ACC-103180,Pro,9,$398.97,USD,5,Monthly,Credit Card,2023-07-17,
SUB-006863,ACC-102076,Enterprise,3,"2,351.55",USD,0,Annual,Credit Card,2025-06-10,02/20/2026
SUB-006864,ACC-102076,Pro,2,$217.05,USD,0,Monthly,Credit Card,2026-02-20,
SUB-006865,ACC-100441,Starter,1,$55.19,USD,0,Monthly,Credit Card,2025-01-21,
SUB-006866,ACC-102051,Starter,8,$99.73,USD,0,Monthly,Credit Card,06/03/2022,
SUB-006867,ACC-102541,Starter,1,€ 55,EUR,0,Annual,ACH,2024-05-25,2024-12-25
SUB-006868,ACC-101301,Pro,1,204.65,USD,0,Monthly,Credit Card,11-Aug-2025,01/04/2026
SUB-006869,ACC-101301,Enterprise,6,"3,647.48",USD,0,Annual,credit card,01/04/2026,
SUB-006870,ACC-103430,Business,2,$ 709,USD,0,Monthly,Credit Card,2022-05-03,
SUB-006871,ACC-101304,Business,2,$673.26,USD,5,Annual,Credit Card,28-Apr-2022,
SUB-006872,ACC-100236,Starter,3,68.89,USD,0,Monthly,Credit Card,2024/03/25,07-May-2025
SUB-006873,ACC-100236,Pro,2,220.28,USD,0,Annual,Credit Card,07/05/2025,
SUB-006874,ACC-105067,Business,1,€520.97,EUR,20,Monthly,Invoice,2025-01-11,19-Oct-2025
SUB-006875,ACC-105067,Pro,2,182.02,EUR,25,Monthly,Credit Card,2025/10/19,2025-12-07
SUB-006876,ACC-105067,Business,4,€ 744,EUR,20,Annual,Credit Card,2025-12-07,
SUB-006877,ACC-102599,Business,4,988.81,USD,0,Annual,Credit Card,2022-09-25,30/01/2023
SUB-006878,ACC-102599,Starter,8,88,USD,15,Monthly,Credit Card,2023-01-30,
SUB-006879,ACC-104616,Starter,1,$55.07,USD,0,Annual,Credit Card,08/19/2024,05/19/2026
SUB-006880,ACC-102573,Enterprise,2,"2,550.48",USD,0,Monthly,Invoice,2023-03-19,2024-08-24
SUB-006881,ACC-102573,Business,2,$693.35,USD,0,Annual,Credit Card,24-Aug-2024,
SUB-006882,ACC-103280,Pro,4,265.90,USD,0,Annual,Invoice,2022-11-03,
SUB-006883,ACC-103186,Pro,1,$189.35,USD,0,Monthly,Credit Card,19-Mar-2024,2025-06-15
SUB-006884,ACC-103186,Starter,3,65,USD,0,Monthly,ACH,06/15/2025,19/06/2025
SUB-006885,ACC-103186,Business,3,881.63,USD,0,Annual,ACH,06/19/2025,2025-06-19
SUB-006886,ACC-103953,Enterprise,3,"2,541.63",GBP,0,Monthly,credit card,2025-03-12,
SUB-006887,ACC-102768,Starter,3,71,EUR,0,Annual,Credit Card,2022-07-21,21/02/2023
SUB-006888,ACC-102768,Pro,6,353.37,EUR,0,Annual,,2023-02-21,19-Dec-2023
SUB-006889,ACC-102768,Business,9,"€ 1,315",EUR,0,Monthly,ACH,2023/12/19,21/04/2024
SUB-006890,ACC-104831,Business,3,753.76,GBP,0,Monthly,Credit Card,2024/03/19,2025-12-19
SUB-006891,ACC-104223,Pro,3,230,USD,20,Annual,Invoice,04/25/2022,
SUB-006892,ACC-102106,Business,3,$864.81,USD,0,Annual,Credit Card,2025-01-21,
SUB-006893,ACC-102679,Pro,1,198.77,USD,0,Monthly,Invoice,2023-05-18,
SUB-006894,ACC-102761,Enterprise,3,"$2,615.18",USD,0,Monthly,ACH,18/05/2023,03/16/2026
SUB-006895,ACC-102761,Business,2,658,USD,0,Monthly,Invoice,2026/03/16,
SUB-006896,ACC-104688,Pro,1,224.42,EUR,0,Annual,Invoice,19/08/2025,26-Dec-2025
SUB-006897,ACC-104688,Business,4,908.83,EUR,5,Annual,Credit Card,12/26/2025,
SUB-006898,ACC-101387,Starter,4,66,USD,0,Annual,ACH,27-Apr-2025,
SUB-006899,ACC-105713,Enterprise,3,"2,384.43",USD,0,Monthly,Credit Card,2023-08-29,29-Dec-2024
SUB-006900,ACC-105506,Pro,2,228.41,USD,0,Annual,Credit Card,2023-06-29,2023-09-29
SUB-006901,ACC-101279,Pro,4,279.26,USD,0,Annual,ACH,07/01/2023,2026-02-07
SUB-006902,ACC-105967,Starter,3,49.21,USD,15,Annual,ACH,2023-05-21,07/03/2024
SUB-006903,ACC-105967,Pro,10,421.61,USD,0,Monthly,Credit Card,03/07/2024,
SUB-006904,ACC-101555,Starter,1,$44.60,USD,0,Monthly,credit card,2022/06/29,04/29/2025
SUB-006905,ACC-105501,Pro,6,$360.98,USD,0,Monthly,Credit Card,2022-11-07,05/22/2023
SUB-006906,ACC-105501,Business,4,$871.11,USD,5,Monthly,Credit Card,22/05/2023,2023-08-07
SUB-006907,ACC-103190,Pro,3,$ 232,USD,15,Monthly,Credit Card,2023-11-13,
SUB-006908,ACC-104566,Pro,2,249.43,USD,5,Monthly,Credit Card,11/27/2022,2023-11-04
SUB-006909,ACC-104566,Business,1,552.55,USD,0,Monthly,credit card,04-Nov-2023,2026-03-19
SUB-006910,ACC-104566,Enterprise,3,"2,863.20",USD,0,Monthly,Credit Card,03/19/2026,
SUB-006911,ACC-104802,Starter,2,52.39,USD,5,Monthly,Credit Card,23/05/2022,06/23/2022
SUB-006912,ACC-105708,Starter,1,51.45,USD,0,Annual,Invoice,11-Jun-2025,
SUB-006913,ACC-104841,Business,1,542.64,USD,0,Annual,Credit Card,2025-03-18,2026-04-01
SUB-006914,ACC-104841,Enterprise,6,"$3,939.98",USD,0,Monthly,credit card,01/04/2026,
SUB-006915,ACC-103594,Starter,17,163.05,USD,0,Monthly,credit card,2023/08/20,
SUB-006916,ACC-101920,Pro,3,$ 250,USD,0,Monthly,Credit Card,24-Oct-2024,
SUB-006917,ACC-100513,Pro,1,208.55,USD,0,Monthly,Credit Card,2023-02-24,2024-02-24
SUB-006918,ACC-104177,Pro,3,202.34,USD,20,Annual,Credit Card,2022-10-13,13-Feb-2025
SUB-006919,ACC-101308,Pro,3,293,USD,0,Monthly,Credit Card,2023-10-01,2025-05-07
SUB-006920,ACC-101308,Starter,4,80.02,USD,0,Annual,ACH,2025-05-07,
SUB-006921,ACC-100914,Starter,3,$58.99,USD,0,Annual,Credit Card,2024-05-05,2025-03-05
SUB-006922,ACC-103452,Business,5,715.20,USD,20,Monthly,ACH,2024-08-10,2025-02-18
SUB-006923,ACC-103452,Enterprise,1,"$ 2,203",USD,0,Monthly,Invoice,2025-02-18,
SUB-006924,ACC-103695,Starter,1,$ 50,USD,0,Monthly,Credit Card,10/11/2022,
SUB-006925,ACC-104242,Starter,1,51.17,USD,0,Monthly,ACH,2024-09-06,
SUB-006926,ACC-103156,Starter,5,$ 72,USD,0,Monthly,Credit Card,2023-08-01,2023-11-29
SUB-006927,ACC-103156,Pro,2,233,USD,0,Monthly,Credit Card,2023-11-29,18-Apr-2024
SUB-006928,ACC-103156,Enterprise,4,"3,145.74",USD,0,Annual,Credit Card,2024-04-18,
SUB-006929,ACC-102198,Pro,3,281,EUR,0,Monthly,Credit Card,13/05/2022,2022-06-13
SUB-006930,ACC-102198,Business,1,€ 564,EUR,0,Annual,Invoice,2022-06-13,06/13/2022
SUB-006931,ACC-104425,Enterprise,5,"3,404.73",USD,0,Monthly,Credit Card,02-May-2025,2026-03-21
SUB-006932,ACC-104425,Pro,1,$5.00,USD,150,Monthly,credit card,2026-03-21,
SUB-006933,ACC-100943,Business,3,883.79,USD,0,Monthly,Credit Card,2022-09-09,09-Dec-2025
SUB-006934,ACC-100822,Starter,2,$ 44,USD,25,Annual,Invoice,2023/07/26,
SUB-006935,ACC-104277,Business,1,$ 621,USD,5,Monthly,Credit Card,2025-06-01,2026/02/21
SUB-006936,ACC-104277,Pro,1,180.51,USD,0,Monthly,Credit Card,02/21/2026,
SUB-006937,ACC-100164,Pro,3,274,USD,0,Annual,Credit Card,2025-07-10,2025-09-18
SUB-006938,ACC-100164,Starter,1,$ 47,USD,0,Annual,Credit Card,2025-09-18,
SUB-006939,ACC-104547,Starter,1,50,GBP,0,Monthly,ACH,2023-01-06,
SUB-006940,ACC-103983,Pro,3,£268.88,GBP,0,Annual,,2025-06-14,
SUB-006941,ACC-102538,Pro,1,213.40,USD,0,Monthly,Credit Card,2025-01-03,
SUB-006942,ACC-105807,Business,4,945.12,USD,0,Monthly,Credit Card,25/08/2024,2026-04-13
SUB-006943,ACC-105807,Starter,2,61.12,USD,5,Annual,Credit Card,13/04/2026,
SUB-006944,ACC-101311,Starter,5,79.99,USD,0,Monthly,Credit Card,01/06/2022,
SUB-006945,ACC-105908,Business,4,£960.27,GBP,0,Monthly,Invoice,04/08/2022,
SUB-006946,ACC-105069,Enterprise,4,"2,245.88",USD,20,Monthly,Credit Card,2025-05-22,
SUB-006947,ACC-105649,Starter,2,70,EUR,-10,Monthly,Invoice,2024-10-04,23/11/2024
SUB-006948,ACC-105649,Enterprise,3,"2,723.09",EUR,0,Monthly,Credit Card,2024-11-23,2024/12/04
SUB-006949,ACC-103300,Pro,6,$397.92,USD,0,Monthly,Credit Card,2023-10-23,01-Oct-2024
SUB-006950,ACC-103300,Business,2,519,USD,20,Annual,Credit Card,2024-10-01,23/10/2024
SUB-006951,ACC-103310,Pro,2,229.59,USD,0,Monthly,Invoice,2023-12-13,
SUB-006952,ACC-100327,Pro,3,€ 275,EUR,0,Annual,Credit Card,06/11/2023,
SUB-006953,ACC-102490,Starter,2,54.90,USD,0,Annual,Invoice,18-Jun-2024,
SUB-006954,ACC-105702,Enterprise,1,"$1,391.02",USD,25,Annual,Credit Card,2024-12-10,2025-12-09
SUB-006955,ACC-105702,Pro,2,215,USD,10,Annual,credit card,2025-12-09,
SUB-006956,ACC-104408,Business,5,876.86,USD,0,Monthly,Credit Card,03/02/2024,
SUB-006957,ACC-100832,Starter,3,63.55,USD,0,Monthly,Invoice,2022-11-04,02/26/2023
SUB-006958,ACC-100832,Business,4,952.10,USD,0,Monthly,,2023-02-26,04/04/2023
SUB-006959,ACC-103079,Pro,3,$ 257,USD,5,Monthly,credit card,2022-09-22,2023-06-24
SUB-006960,ACC-103079,Business,3,$749.18,USD,0,Monthly,Invoice,24/06/2023,11/22/2024
SUB-006961,ACC-103462,Starter,10,$108.59,USD,0,Annual,ACH,2025-04-04,
SUB-006962,ACC-105328,Starter,2,€63.52,EUR,0,Monthly,Credit Card,12/27/2024,
SUB-006963,ACC-100054,Starter,1,€48.77,EUR,0,Monthly,Invoice,19/07/2025,
SUB-006964,ACC-104064,Starter,2,63.43,USD,0,Monthly,Invoice,2024-11-01,
SUB-006965,ACC-103451,Starter,3,69,USD,0,Monthly,Invoice,04-Apr-2023,2023-06-21
SUB-006966,ACC-103451,Enterprise,1,"$ 1,945",USD,0,Monthly,Credit Card,2023-06-21,2023-07-04
SUB-006967,ACC-101901,Pro,6,368,USD,0,Monthly,credit card,2024-07-06,
SUB-006968,ACC-101481,Starter,1,£39.31,GBP,20,Monthly,Credit Card,05/06/2023,
SUB-006969,ACC-104873,Starter,3,72.61,USD,0,Monthly,Credit Card,2022-05-30,
SUB-006970,ACC-104895,Pro,1,191.66,EUR,0,Monthly,ACH,2025-08-18,
SUB-006971,ACC-104150,Starter,4,75,USD,0,Monthly,Credit Card,2022-11-07,02/03/2023
SUB-006972,ACC-104150,Pro,5,315,USD,0,Monthly,ACH,2023-02-03,2023-02-07
SUB-006973,ACC-104150,Business,6,$904.15,USD,5,Monthly,ACH,2023-02-07,07/02/2023
SUB-006974,ACC-103335,Pro,4,282.43,USD,0,Annual,,2022-03-23,
SUB-006975,ACC-100946,Starter,3,63.28,USD,0,Annual,Credit Card,2022-12-05,2023-07-05
SUB-006976,ACC-103293,Starter,4,69.69,EUR,0,Monthly,Credit Card,03/05/2023,2023-07-23
SUB-006977,ACC-103293,Pro,2,214,EUR,0,Monthly,Credit Card,23/07/2023,2024-02-03
SUB-006978,ACC-102161,Starter,4,$59.40,USD,15,Monthly,Credit Card,23/03/2024,2024-12-23
SUB-006979,ACC-105148,Starter,3,53.87,USD,20,Monthly,credit card,07/18/2025,2025-08-17
SUB-006980,ACC-105148,Business,1,$ 597,USD,0,Monthly,Credit Card,17/08/2025,2025-08-18
SUB-006981,ACC-103057,Pro,5,$ 285,USD,15,Monthly,ACH,2024/04/06,2024-05-06
SUB-006982,ACC-100768,Pro,1,5.00,USD,150,Annual,Credit Card,12/09/2024,2026-03-04
SUB-006983,ACC-100768,Business,2,702,USD,0,Monthly,ACH,03/04/2026,
SUB-006984,ACC-105722,Starter,4,$ 78,USD,0,Monthly,Invoice,2023-05-27,2026-01-04
SUB-006985,ACC-105722,Pro,3,$277.57,USD,0,Monthly,Credit Card,2026/01/04,
SUB-006986,ACC-103495,Starter,14,$146.15,USD,10,Annual,Credit Card,2024-05-29,
SUB-006987,ACC-100285,Enterprise,3,"$2,592.61",USD,5,Monthly,Invoice,08/04/2025,
SUB-006988,ACC-103746,Starter,4,67,USD,0,Annual,Credit Card,2024-02-27,2024-04-27
SUB-006989,ACC-104524,Business,1,626,USD,0,Annual,Credit Card,2023-04-05,2024-10-04
SUB-006990,ACC-104524,Enterprise,2,2429,USD,0,Monthly,Credit Card,2024-10-04,
SUB-006991,ACC-105410,Enterprise,1,"$1,922.22",USD,0,Monthly,Credit Card,2022-11-03,2026-01-12
SUB-006992,ACC-105410,Pro,1,$196.20,USD,10,Monthly,Credit Card,2026-01-12,
SUB-006993,ACC-102332,Starter,1,$46.02,USD,0,Annual,Credit Card,2024/09/04,04/11/2024
SUB-006994,ACC-102717,Business,5,"1,070.60",USD,0,Monthly,Credit Card,2023-12-10,
SUB-006995,ACC-102079,Pro,4,261.75,USD,0,Monthly,ACH,2024-02-15,
SUB-006996,ACC-103389,Business,2,662,GBP,0,Annual,Credit Card,2023-05-27,
SUB-006997,ACC-100722,Starter,2,52,USD,0,Monthly,ACH,2024-10-26,
SUB-006998,ACC-100951,Pro,1,194,USD,0,Monthly,Credit Card,2022/09/02,2024-02-02
SUB-006999,ACC-105297,Pro,4,£ 317,GBP,0,Monthly,,2022-12-27,
SUB-007000,ACC-102262,Pro,6,346.20,USD,5,Monthly,Credit Card,10/07/2023,2024/08/01
SUB-007001,ACC-102262,Business,2,$690.64,USD,0,Monthly,Invoice,2024-08-01,12/30/2024
SUB-007002,ACC-102262,Pro,4,297.93,USD,0,Monthly,ACH,30-Dec-2024,
SUB-007003,ACC-100989,Starter,5,$83.63,USD,0,Monthly,Credit Card,21-Jul-2024,2025-11-21
SUB-007004,ACC-103212,Pro,4,$ 285,USD,0,Annual,Credit Card,,
SUB-007005,ACC-101759,Enterprise,2,"$2,106.04",USD,20,Monthly,credit card,2024-07-20,
SUB-007006,ACC-104991,Starter,3,69.65,USD,0,Annual,,2023-10-16,2024-08-22
SUB-007007,ACC-104991,Enterprise,2,"$ 2,304",USD,0,Monthly,Credit Card,2024/08/22,06/01/2026
SUB-007008,ACC-104991,Business,2,$716.06,USD,0,Annual,Credit Card,01-Jun-2026,
SUB-007009,ACC-104422,Pro,7,434.63,USD,0,Monthly,ACH,2025-06-29,
SUB-007010,ACC-101724,Starter,2,$63.97,USD,0,Monthly,ACH,2025/07/28,28/09/2025
SUB-007011,ACC-100341,Pro,9,417.36,USD,0,Monthly,Credit Card,2022-09-20,06/04/2023
SUB-007012,ACC-100341,Enterprise,1,2037,USD,0,Monthly,ACH,06/04/2023,2023-06-20
SUB-007013,ACC-100341,Business,2,$ 705,USD,0,Monthly,Credit Card,2023-06-20,2023-06-20
SUB-007014,ACC-103701,Starter,1,46,EUR,0,Monthly,ACH,2022-02-14,05/14/2025
SUB-007015,ACC-104243,Starter,2,$60.25,USD,0,Monthly,Credit Card,2025-04-05,2026-02-22
SUB-007016,ACC-104243,Pro,2,253,USD,0,Monthly,Credit Card,02/22/2026,
SUB-007017,ACC-100688,Enterprise,1,"2,093.84",USD,0,Annual,Credit Card,27-Apr-2023,07-Dec-2025
SUB-007018,ACC-100688,Business,4,980,USD,0,Monthly,ACH,2025-12-07,
SUB-007019,ACC-103432,Pro,2,251.67,USD,0,Monthly,Invoice,2024/11/22,
SUB-007020,ACC-104944,Starter,3,63,USD,0,Annual,Invoice,2025-06-06,
SUB-007021,ACC-100966,Enterprise,5,"2,559.83",USD,20,Annual,Credit Card,11/26/2024,01/28/2026
SUB-007022,ACC-100966,Starter,2,64.73,USD,0,Monthly,Credit Card,2026-01-28,
SUB-007023,ACC-105748,Business,4,$718.46,USD,20,Monthly,Credit Card,12-Jan-2023,2023-05-12
SUB-007024,ACC-102203,Business,3,838.66,USD,0,Monthly,Credit Card,2025-07-20,2025-12-13
SUB-007025,ACC-102203,Pro,4,$322.99,USD,0,Monthly,Invoice,2025-12-13,05/10/2026
SUB-007026,ACC-102203,Starter,1,$55.83,USD,0,Monthly,Credit Card,10/05/2026,
SUB-007027,ACC-102713,Pro,1,$202.83,USD,0,Monthly,credit card,2022-01-08,
SUB-007028,ACC-104757,Business,1,$602.12,USD,0,Monthly,ACH,01/03/2024,
SUB-007029,ACC-105356,Pro,11,458.96,EUR,0,Annual,Credit Card,12-Sep-2022,2024-04-18
SUB-007030,ACC-105356,Starter,2,61.45,EUR,0,Monthly,ACH,18/04/2024,
SUB-007031,ACC-105566,Starter,6,63.49,EUR,20,Monthly,Credit Card,12/01/2023,2024-05-01
SUB-007032,ACC-103572,Enterprise,1,"2,204.38",USD,0,Monthly,Credit Card,01/17/2024,
SUB-007033,ACC-104805,Pro,3,$ 268,USD,0,Annual,Credit Card,2023-01-10,2025-04-10
SUB-007034,ACC-101990,Pro,4,313.22,USD,0,Monthly,ACH,08/04/2025,
SUB-007035,ACC-104759,Business,2,740.86,USD,0,Monthly,credit card,19/11/2022,
SUB-007036,ACC-104986,Enterprise,5,"$3,102.38",USD,0,Monthly,Credit Card,03/02/2023,08/10/2023
SUB-007037,ACC-104986,Starter,2,$51.26,USD,0,Monthly,Invoice,2023-10-08,2024-11-18
SUB-007038,ACC-104986,Enterprise,3,"2,571.22",USD,0,Monthly,ACH,2024-11-18,
SUB-007039,ACC-105312,Starter,2,53.23,USD,0,Monthly,Credit Card,2024-01-14,2024-12-14
SUB-007040,ACC-105767,Pro,2,208.45,USD,0,Annual,Credit Card,2025/05/21,
SUB-007041,ACC-103600,Enterprise,3,"2,921.48",USD,0,Monthly,Credit Card,2024-08-21,
SUB-007042,ACC-105552,Enterprise,2,"2,304.71",USD,0,Monthly,Credit Card,2022-04-19,
SUB-007043,ACC-105010,Business,2,$638.53,USD,0,Monthly,credit card,02/12/2022,01/05/2024
SUB-007044,ACC-105010,Enterprise,3,"$2,422.86",USD,10,Annual,Invoice,05/01/2024,
SUB-007045,ACC-100385,Business,2,€619.78,EUR,5,Monthly,Credit Card,2025-08-30,
SUB-007046,ACC-105303,Pro,4,€262.96,EUR,0,Monthly,Invoice,11/13/2024,
SUB-007047,ACC-105554,Pro,2,$248.95,USD,0,Monthly,Invoice,31/08/2022,2024-04-30
SUB-007048,ACC-100536,Enterprise,2,"$2,185.49",USD,0,Annual,credit card,23/07/2024,
SUB-007049,ACC-105677,Pro,3,196,USD,20,Monthly,Invoice,2025-02-27,2025-11-27
SUB-007050,ACC-104212,Pro,2,234.67,USD,0,Monthly,Credit Card,15-Feb-2024,
SUB-007051,ACC-103507,Pro,5,362.77,USD,0,Monthly,Invoice,2025-04-16,2026-06-01
SUB-007052,ACC-103507,Enterprise,4,"$3,059.66",USD,0,Monthly,Invoice,2026-06-01,
SUB-007053,ACC-100201,Starter,2,63.79,USD,0,Annual,Credit Card,2022-03-10,2023-08-10
SUB-007054,ACC-101332,Starter,2,58.88,USD,0,Annual,Credit Card,08-Jun-2025,
SUB-007055,ACC-103502,Starter,1,56,USD,0,Annual,ACH,2023-03-01,2023-12-01
SUB-007056,ACC-102708,Pro,2,$235.20,USD,0,Annual,ACH,2023-06-06,02-Aug-2023
SUB-007057,ACC-102708,Starter,2,48.63,USD,5,Monthly,Credit Card,08/02/2023,
SUB-007058,ACC-104662,Pro,1,191.57,USD,0,Monthly,ACH,2025-07-15,2025/11/15
SUB-007059,ACC-104021,Enterprise,1,"$ 2,182",USD,0,Monthly,credit card,09/07/2023,
SUB-007060,ACC-101854,Starter,2,52,USD,0,Monthly,Credit Card,03/06/2024,11/05/2024
SUB-007061,ACC-101854,Pro,4,$ 319,USD,0,Monthly,Credit Card,11/05/2024,
SUB-007062,ACC-105437,Starter,1,52.61,USD,0,Monthly,Invoice,03/03/2025,
SUB-007063,ACC-102872,Pro,3,277.68,USD,0,Monthly,,2024-08-19,2026-02-19
SUB-007064,ACC-103030,Business,3,$710.10,USD,0,Monthly,ACH,2023-04-26,2025-06-03
SUB-007065,ACC-103030,Starter,2,52.95,USD,0,Monthly,Credit Card,03-Jun-2025,
SUB-007066,ACC-101205,Starter,1,53.38,USD,0,Annual,Credit Card,2023-10-13,07/16/2025
SUB-007067,ACC-101205,Enterprise,1,"$ 2,180",USD,0,Annual,Credit Card,07/16/2025,
SUB-007068,ACC-101645,Business,5,$ 888,USD,0,Monthly,credit card,2023-11-23,
SUB-007069,ACC-103417,Starter,2,62.17,USD,0,Monthly,credit card,11/30/2024,
SUB-007070,ACC-103476,Starter,1,£49.38,GBP,0,Annual,Credit Card,04/11/2022,
SUB-007071,ACC-102861,Pro,2,260,USD,0,Monthly,Invoice,2023-09-11,2024-03-11
SUB-007072,ACC-101792,Starter,1,$40.62,USD,20,Monthly,Credit Card,2022-07-16,2022-08-30
SUB-007073,ACC-101792,Enterprise,6,"3,743.94",USD,0,Monthly,Credit Card,30/08/2022,2022-10-05
SUB-007074,ACC-101792,Starter,2,63.13,USD,0,Monthly,,2022-10-05,2022-10-16
SUB-007075,ACC-103797,Business,2,686,USD,0,Annual,Invoice,2025-03-23,08/19/2025
SUB-007076,ACC-103797,Starter,5,85,USD,0,Monthly,Credit Card,2025-08-19,2026-05-23
SUB-007077,ACC-103368,Starter,4,72,USD,0,Monthly,Credit Card,2024-02-11,
SUB-007078,ACC-103367,Enterprise,2,2343,USD,0,Annual,Credit Card,07/26/2025,
SUB-007079,ACC-103533,Pro,4,$ 316,USD,0,Monthly,Invoice,2025-02-23,
SUB-007080,ACC-105487,Pro,3,216,EUR,15,Annual,credit card,10/16/2022,16/03/2023
SUB-007081,ACC-103449,Starter,1,47.87,EUR,0,Monthly,Invoice,2022-07-31,07/31/2023
SUB-007082,ACC-100603,Enterprise,2,"2,544.11",USD,0,Monthly,credit card,25-Sep-2023,
SUB-007083,ACC-103056,Pro,1,$214.88,USD,0,Monthly,Credit Card,2023-08-29,2025-04-29
SUB-007084,ACC-105569,Business,1,$ 545,USD,0,Monthly,Credit Card,2024-02-29,2025/07/25
SUB-007085,ACC-105569,Starter,2,53,USD,0,Annual,Invoice,25-Jul-2025,2025-08-29
SUB-007086,ACC-100126,Starter,6,$ 91,USD,0,Annual,Credit Card,2023-11-22,2024/07/22
SUB-007087,ACC-103876,Business,2,732.03,USD,0,Annual,ACH,2022-03-02,2022/08/03
SUB-007088,ACC-103876,Starter,3,72.38,USD,0,Monthly,Credit Card,03-Aug-2022,2023-09-22
SUB-007089,ACC-103876,Enterprise,4,"$2,939.92",USD,5,Monthly,credit card,09/22/2023,
SUB-007090,ACC-102935,Starter,2,52.76,EUR,0,Monthly,,09/01/2022,2024-06-01
SUB-007091,ACC-104451,Business,4,748.52,USD,15,Annual,credit card,2024-12-16,
SUB-007092,ACC-102730,Starter,8,113.19,USD,0,Annual,Credit Card,06/11/2025,
SUB-007093,ACC-100827,Starter,2,£43.67,GBP,20,Annual,Credit Card,2025-08-07,
SUB-007094,ACC-101639,Pro,2,$216.70,USD,0,Monthly,Credit Card,29-Nov-2024,01/19/2025
SUB-007095,ACC-101639,Business,3,608.40,USD,25,Monthly,Credit Card,2025-01-19,2025-07-10
SUB-007096,ACC-101639,Starter,1,$46.26,USD,0,Monthly,Credit Card,2025-07-10,
SUB-007097,ACC-100984,Pro,3,243.56,USD,0,Monthly,Credit Card,20/03/2022,09/20/2022
SUB-007098,ACC-103281,Business,3,845.48,USD,0,Monthly,credit card,2023-11-01,
SUB-007099,ACC-102188,Business,2,694,USD,0,Annual,ACH,,
SUB-007100,ACC-105604,Business,9,"1,340.10",EUR,0,Annual,ACH,29-Apr-2024,
SUB-007101,ACC-102443,Business,3,759.35,USD,0,Monthly,Credit Card,2024-04-25,2025-03-31
SUB-007102,ACC-102443,Pro,4,316,USD,0,Annual,ACH,2025-03-31,
SUB-007103,ACC-100362,Starter,3,61,USD,10,Monthly,Invoice,07/20/2022,20/09/2023
SUB-007104,ACC-102349,Starter,1,55.80,USD,0,Monthly,Credit Card,2024-08-18,2024-09-24
SUB-007105,ACC-102349,Enterprise,1,2029,USD,0,Monthly,credit card,2024-09-24,10/18/2025
SUB-007106,ACC-100345,Starter,2,46.29,USD,20,Monthly,credit card,2022-04-30,2023-04-30
SUB-007107,ACC-100814,Pro,2,262.13,USD,0,Monthly,Credit Card,2025-05-07,
SUB-007108,ACC-104807,Business,1,515.13,USD,25,Monthly,ACH,05/07/2023,
SUB-007109,ACC-103205,Starter,4,64,GBP,0,Monthly,ACH,2025-08-04,02/28/2026
SUB-007110,ACC-103205,Pro,2,231.94,GBP,0,Monthly,ACH,2026-02-28,05/28/2026
SUB-007111,ACC-103205,Business,4,£ 884,GBP,0,Annual,Credit Card,2026-05-28,
SUB-007112,ACC-105050,Enterprise,2,2437,EUR,0,Monthly,Credit Card,2023-06-22,2025-06-22
SUB-007113,ACC-105832,Enterprise,4,"2,755.52",USD,0,Annual,Credit Card,2024-02-19,
SUB-007114,ACC-103325,Pro,3,233.82,USD,0,Monthly,Credit Card,10/06/2023,
SUB-007115,ACC-104106,Starter,2,5,GBP,150,Monthly,Credit Card,2022-06-24,03/22/2025
SUB-007116,ACC-104106,Pro,5,355,GBP,0,Monthly,Credit Card,2025-03-22,
SUB-007117,ACC-102116,Business,1,630,USD,0,Annual,Invoice,16/10/2022,
SUB-007118,ACC-101834,Pro,2,$242.25,USD,0,Monthly,Credit Card,09/15/2023,01/15/2026
SUB-007119,ACC-100793,Starter,1,49,USD,0,Monthly,Credit Card,2022-06-24,2024-01-24
SUB-007120,ACC-102674,Pro,1,195.01,USD,0,Annual,Credit Card,22-Nov-2024,
SUB-007121,ACC-100094,Pro,1,226.02,EUR,0,Monthly,Credit Card,15-Nov-2024,09/09/2025
SUB-007122,ACC-100094,Business,2,€558.89,EUR,20,Monthly,Credit Card,2025-09-09,15-Jan-2026
SUB-007123,ACC-104225,Business,2,$741.14,USD,0,Monthly,Credit Card,2022-03-07,
SUB-007124,ACC-103756,Pro,1,207.48,USD,0,Monthly,ACH,2024-12-06,06-May-2026
SUB-007125,ACC-102891,Starter,4,70.85,USD,5,Annual,,05/15/2022,2022-06-24
SUB-007126,ACC-102891,Business,5,"1,001.93",USD,0,Annual,Credit Card,24/06/2022,2022-07-15
SUB-007127,ACC-102371,Pro,3,$237.81,USD,0,Annual,credit card,10/29/2024,
SUB-007128,ACC-105037,Starter,3,$ 65,USD,0,Monthly,Credit Card,2025-07-31,31-May-2026
SUB-007129,ACC-105389,Pro,5,$295.94,USD,0,Monthly,Invoice,2024-10-12,12/08/2025
SUB-007130,ACC-103228,Business,5,$950.94,USD,0,Monthly,Credit Card,2025-06-23,
SUB-007131,ACC-105421,Enterprise,1,"2,084.02",USD,0,Monthly,Credit Card,11-May-2023,2026-05-11
SUB-007132,ACC-102853,Pro,1,€222.44,EUR,0,Monthly,Credit Card,2023-12-05,
SUB-007133,ACC-102912,Starter,1,€ 55,EUR,0,Monthly,Credit Card,2022-03-15,05/10/2023
SUB-007134,ACC-102912,Pro,3,296.74,EUR,0,Annual,,2023-05-10,06/21/2023
SUB-007135,ACC-102912,Enterprise,1,1917,EUR,0,Annual,Credit Card,2023-06-21,2025-06-15
SUB-007136,ACC-101865,Pro,6,$333.88,USD,0,Monthly,Invoice,20/11/2022,08/20/2025
SUB-007137,ACC-104612,Business,3,$733.34,USD,0,Annual,Credit Card,09/23/2023,
SUB-007138,ACC-101857,Business,3,737,USD,0,Monthly,Credit Card,2024-10-10,
SUB-007139,ACC-102645,Pro,1,191,GBP,0,Monthly,Credit Card,2022-04-11,2025-02-11
SUB-007140,ACC-102243,Pro,2,$229.31,USD,0,Monthly,credit card,2024-04-05,2024-10-18
SUB-007141,ACC-102243,Enterprise,6,"3,535.55",USD,5,Annual,credit card,10/18/2024,2025-01-05
SUB-007142,ACC-102336,Business,3,887,USD,0,Monthly,,05-May-2025,2025-11-05
SUB-007143,ACC-100950,Pro,4,305,USD,5,Monthly,credit card,11/07/2023,2026-03-07
SUB-007144,ACC-103068,Business,2,£ 780,GBP,0,Monthly,Credit Card,2025-06-13,
SUB-007145,ACC-101120,Pro,2,£ 217,GBP,0,Monthly,,06-Sep-2022,2024-01-06
SUB-007146,ACC-102597,Pro,4,243.31,USD,25,Monthly,ACH,02/18/2023,
SUB-007147,ACC-102204,Pro,3,265.85,USD,0,Monthly,Credit Card,27/04/2022,2022-08-21
SUB-007148,ACC-102204,Starter,4,$ 58,USD,10,Annual,ACH,2022-08-21,2024-05-27
SUB-007149,ACC-100419,Starter,8,111.06,USD,0,Monthly,ACH,2022-02-18,
SUB-007150,ACC-100922,Enterprise,2,2478,USD,0,Monthly,Credit Card,2024-12-21,
SUB-007151,ACC-101254,Enterprise,7,"$3,833.50",USD,0,Monthly,credit card,2022-06-21,2023-07-16
SUB-007152,ACC-101254,Business,1,687,USD,0,Monthly,Credit Card,2023-07-16,
SUB-007153,ACC-100477,Starter,1,54.51,USD,0,Annual,Credit Card,12/26/2022,2023-08-26
SUB-007154,ACC-102035,Business,2,713.62,GBP,0,Annual,Credit Card,2025/03/22,
SUB-007155,ACC-101202,Starter,1,35.70,USD,20,Monthly,Invoice,03/15/2025,22/06/2025
SUB-007156,ACC-101202,Pro,2,$207.28,USD,0,Monthly,ACH,06/22/2025,03/15/2026
SUB-007157,ACC-102626,Business,5,$977.67,USD,0,Monthly,credit card,02-May-2024,2026-04-28
SUB-007158,ACC-102626,Pro,3,187.31,USD,25,Monthly,Credit Card,2026-04-28,2026-05-31
SUB-007159,ACC-102626,Starter,3,49,USD,25,Annual,credit card,2026-05-31,
SUB-007160,ACC-105857,Business,6,1060,USD,0,Monthly,ACH,2024-08-17,30-Jun-2025
SUB-007161,ACC-105857,Enterprise,5,"3,569.90",USD,0,Monthly,Invoice,30/06/2025,
SUB-007162,ACC-101970,Business,1,546.74,USD,0,Annual,Credit Card,2023-09-29,
SUB-007163,ACC-103110,Starter,16,107.90,USD,25,Monthly,ACH,2024-11-27,10-Aug-2025
SUB-007164,ACC-103110,Enterprise,5,2959,USD,0,Annual,Credit Card,10-Aug-2025,2025-11-27
SUB-007165,ACC-104018,Starter,3,61.78,USD,0,Monthly,Credit Card,08/19/2025,2025-09-30
SUB-007166,ACC-104018,Enterprise,3,"2,453.27",USD,0,Monthly,Invoice,2025-09-30,
SUB-007167,ACC-102151,Starter,4,77.17,USD,0,Monthly,Credit Card,2022-09-10,
SUB-007168,ACC-103687,Starter,1,45.20,USD,0,Monthly,ACH,09/28/2024,
SUB-007169,ACC-104916,Starter,4,$67.88,USD,0,Annual,ACH,07/12/2023,
SUB-007170,ACC-101997,Pro,1,179.79,GBP,15,Monthly,Credit Card,2024-09-03,2025-07-10
SUB-007171,ACC-101997,Business,2,£789.34,GBP,0,Monthly,Credit Card,2025-07-10,2026-05-03
SUB-007172,ACC-104033,Business,5,948.09,USD,0,Monthly,ACH,02/21/2022,19-Aug-2022
SUB-007173,ACC-104033,Starter,3,62.40,USD,0,Annual,Credit Card,19/08/2022,2022-10-21
SUB-007174,ACC-105971,Pro,2,221.91,USD,0,Monthly,Credit Card,2022-09-14,2023-03-14
SUB-007175,ACC-103054,Starter,5,72,USD,10,Monthly,ACH,01-Jul-2025,
SUB-007176,ACC-101248,Starter,1,$48.19,USD,0,Monthly,Credit Card,2024/09/30,10/05/2025
SUB-007177,ACC-101248,Enterprise,2,"2,527.66",USD,0,Monthly,Credit Card,2025-10-05,
SUB-007178,ACC-102192,Starter,3,68.13,USD,0,Monthly,Credit Card,2024-12-11,
SUB-007179,ACC-102712,Business,3,709.15,USD,10,Annual,Credit Card,2025-02-04,2026-04-04
SUB-007180,ACC-100992,Starter,1,54.33,USD,0,Monthly,Credit Card,26-Sep-2023,2023/11/21
SUB-007181,ACC-100992,Enterprise,3,"2,407.02",USD,0,Monthly,Credit Card,11/21/2023,26-Nov-2023
SUB-007182,ACC-102190,Starter,2,€48.35,EUR,5,Monthly,Invoice,2024/03/23,2026-01-23
SUB-007183,ACC-104670,Pro,3,$265.96,USD,0,Monthly,,2024-11-11,
SUB-007184,ACC-103597,Starter,1,51.94,USD,0,Annual,credit card,09/22/2023,2023-11-06
SUB-007185,ACC-103597,Business,2,593.51,USD,5,Monthly,credit card,11/06/2023,
SUB-007186,ACC-104711,Pro,3,260,USD,0,Annual,Invoice,2022/02/16,13/07/2023
SUB-007187,ACC-104711,Starter,2,52,USD,0,Annual,Credit Card,13-Jul-2023,2024-10-16
SUB-007188,ACC-104711,Pro,2,260,USD,0,Annual,credit card,2024-10-16,
SUB-007189,ACC-101318,Starter,4,74.42,USD,0,Monthly,Credit Card,2024-08-09,04/05/2025
SUB-007190,ACC-101318,Enterprise,2,"2,497.97",USD,0,Monthly,Credit Card,2025-04-05,
SUB-007191,ACC-101863,Pro,1,$215.62,USD,0,Monthly,Invoice,16-Jul-2022,11/16/2022
SUB-007192,ACC-102343,Starter,2,$61.48,USD,0,Annual,Credit Card,30/07/2024,
SUB-007193,ACC-102449,Enterprise,3,1984,USD,25,Annual,Invoice,2023-01-18,2023-04-18
SUB-007194,ACC-102136,Pro,2,257.75,EUR,0,Monthly,Credit Card,2024-07-27,08/27/2025
SUB-007195,ACC-101065,Starter,2,$59.02,USD,0,Monthly,ACH,2025-07-26,
SUB-007196,ACC-104227,Business,1,$ 678,USD,0,Annual,Credit Card,07/02/2022,
SUB-007197,ACC-102621,Business,2,634.39,USD,0,Annual,Credit Card,2025-07-28,
SUB-007198,ACC-100077,Pro,2,256.22,USD,0,Annual,Credit Card,2024-11-07,07/10/2025
SUB-007199,ACC-102898,Pro,4,$281.77,USD,0,Monthly,Invoice,04/27/2022,27-Nov-2023
SUB-007200,ACC-104820,Business,2,625.34,USD,0,Annual,,08/06/2024,06/09/2024
SUB-007201,ACC-101314,Starter,1,46.14,USD,0,Monthly,,2023/10/01,03/01/2025
SUB-007202,ACC-105306,Pro,2,€ 251,EUR,0,Monthly,,2023-08-27,2024-12-27
SUB-007203,ACC-100872,Starter,1,53.07,USD,0,Monthly,ACH,2024/02/29,09/01/2024
SUB-007204,ACC-100872,Enterprise,1,"$ 1,766",USD,15,Monthly,,09/01/2024,2024-10-29
SUB-007205,ACC-103850,Starter,3,62.80,USD,0,Monthly,ACH,03/17/2023,2023-10-02
SUB-007206,ACC-103850,Pro,3,294.81,USD,0,Monthly,Invoice,2023-10-02,2023-10-17
SUB-007207,ACC-105822,Starter,2,47,USD,20,Monthly,Credit Card,2023-05-05,2023-12-05
SUB-007208,ACC-102965,Starter,5,73,USD,0,Monthly,ACH,2025-03-03,
SUB-007209,ACC-103391,Starter,1,$ 51,USD,0,Monthly,ACH,2022-09-30,2022-11-30
SUB-007210,ACC-102560,Pro,2,191.66,USD,10,Monthly,ACH,2023-03-06,
SUB-007211,ACC-105964,Starter,3,61.82,EUR,0,Monthly,credit card,23/05/2024,2026-01-18
SUB-007212,ACC-105964,Business,9,1370,EUR,-10,Monthly,Invoice,18-Jan-2026,
SUB-007213,ACC-102635,Pro,2,234,USD,0,Monthly,credit card,2024/10/05,
SUB-007214,ACC-103530,Business,5,890.97,USD,0,Monthly,ACH,2022-12-15,2025-11-15
SUB-007215,ACC-100375,Starter,2,51.22,USD,0,Monthly,Credit Card,07/01/2024,2024-04-20
SUB-007216,ACC-100375,Pro,11,562.42,USD,0,Monthly,Credit Card,2024-04-20,
SUB-007217,ACC-101908,Enterprise,1,"$2,132.30",USD,5,Monthly,Credit Card,08/18/2023,
SUB-007218,ACC-104429,Enterprise,2,"2,169.11",USD,0,Annual,ACH,06/19/2024,
SUB-007219,ACC-105257,Starter,2,59.90,EUR,0,Monthly,ACH,2024-03-12,2024-10-12
SUB-007220,ACC-105663,Starter,6,$ 93,USD,0,Monthly,Credit Card,2024-06-24,07/24/2024
SUB-007221,ACC-104027,Business,5,$900.01,USD,0,Annual,Credit Card,2023-01-12,09/29/2023
SUB-007222,ACC-104027,Starter,6,$96.21,USD,0,Monthly,ACH,2023-09-29,12-Mar-2024
SUB-007223,ACC-101604,Starter,1,42.96,EUR,20,Monthly,Credit Card,2023-12-24,24/01/2025
SUB-007224,ACC-101118,Business,2,$ 645,USD,0,Monthly,,2024-03-08,
SUB-007225,ACC-103677,Pro,3,272,USD,0,Annual,Credit Card,2025-06-26,2026-05-15
SUB-007226,ACC-103677,Business,1,$ 689,USD,0,Monthly,Invoice,15/05/2026,01/06/2026
SUB-007227,ACC-103677,Starter,3,$58.43,USD,10,Monthly,ACH,2026-06-01,
SUB-007228,ACC-103490,Starter,1,55.64,USD,0,Monthly,credit card,2025-03-31,
SUB-007229,ACC-105922,Enterprise,3,"$ 2,810",USD,0,Monthly,credit card,03/14/2023,2025-08-09
SUB-007230,ACC-105922,Starter,3,65,USD,0,Annual,Credit Card,2025-08-09,
SUB-007231,ACC-102958,Enterprise,4,3002,GBP,0,Monthly,Credit Card,08/26/2023,
SUB-007232,ACC-101994,Business,7,"1,210.75",USD,0,Monthly,Credit Card,02/02/2025,
SUB-007233,ACC-105281,Starter,1,50,USD,0,Monthly,Credit Card,2025-03-08,2025-09-15
SUB-007234,ACC-105281,Enterprise,4,"3,100.17",USD,0,Monthly,Credit Card,15/09/2025,2025-11-04
SUB-007235,ACC-105281,Business,3,$890.82,USD,0,Annual,Credit Card,2025-11-04,
SUB-007236,ACC-102376,Pro,1,$ 160,USD,25,Monthly,Credit Card,2024-09-12,2025-10-12
SUB-007237,ACC-102376,Enterprise,6,"$ 2,816",USD,15,Monthly,Credit Card,2025-10-12,
SUB-007238,ACC-101342,Starter,4,81,USD,0,Monthly,credit card,2024-12-23,2025-12-11
SUB-007239,ACC-101342,Enterprise,1,1945,USD,15,Monthly,Credit Card,11-Dec-2025,
SUB-007240,ACC-100320,Starter,2,$42.19,USD,25,Monthly,,03-Nov-2022,30/03/2023
SUB-007241,ACC-100320,Enterprise,4,2785,USD,0,Annual,Invoice,2023-03-30,09/06/2025
SUB-007242,ACC-100320,Starter,6,$ 97,USD,0,Monthly,Credit Card,2025-06-09,
SUB-007243,ACC-101619,Starter,3,67,USD,0,Monthly,Credit Card,04/05/2023,
SUB-007244,ACC-103713,Business,5,€ 736,EUR,25,Annual,credit card,2024-12-26,2025/06/05
SUB-007245,ACC-103713,Pro,3,€ 297,EUR,0,Annual,Credit Card,05-Jun-2025,
SUB-007246,ACC-102060,Starter,5,77.89,USD,0,Annual,credit card,2022-11-25,2023-03-15
SUB-007247,ACC-102060,Enterprise,3,2862,USD,0,Monthly,Credit Card,2023-03-15,2023-08-25
SUB-007248,ACC-102219,Business,7,"1,199.82",USD,0,Annual,credit card,08/26/2022,22/12/2025
SUB-007249,ACC-102219,Pro,2,209,USD,0,Annual,Credit Card,2025-12-22,
SUB-007250,ACC-101673,Business,5,784.29,USD,25,Monthly,Credit Card,2024/08/20,2024-11-11
SUB-007251,ACC-101673,Starter,1,50.71,USD,0,Annual,ACH,2024-11-11,
SUB-007252,ACC-100260,Starter,3,$ 62,USD,0,Annual,Credit Card,2023-04-23,2023-05-23
SUB-007253,ACC-105368,Enterprise,2,"2,417.08",GBP,0,Annual,ACH,2024-09-11,04/04/2025
SUB-007254,ACC-105368,Business,1,679.94,GBP,0,Annual,Invoice,2025-04-04,11/04/2025
SUB-007255,ACC-102039,Starter,1,$45.68,USD,0,Monthly,Credit Card,27-Jul-2023,2023-10-26
SUB-007256,ACC-102039,Enterprise,2,2475,USD,5,Annual,credit card,2023-10-26,2023-11-27
SUB-007257,ACC-104785,Starter,1,50.52,USD,0,Monthly,Invoice,05/18/2022,
SUB-007258,ACC-100901,Starter,3,59.07,USD,0,Monthly,Credit Card,2024-11-25,11/29/2025
SUB-007259,ACC-100901,Business,5,$880.84,USD,0,Monthly,Credit Card,2025-11-29,2026-03-25
SUB-007260,ACC-103744,Enterprise,1,"1,965.55",GBP,0,Monthly,Credit Card,08/29/2022,
SUB-007261,ACC-102026,Starter,1,46.52,USD,0,Monthly,Credit Card,09/14/2024,2026-02-11
SUB-007262,ACC-102026,Pro,5,362.19,USD,0,Monthly,Credit Card,02/11/2026,
SUB-007263,ACC-104234,Enterprise,2,"1,839.61",EUR,15,Monthly,ACH,03/18/2025,
SUB-007264,ACC-101917,Starter,2,49.25,USD,15,Monthly,Credit Card,10/28/2022,09/28/2023
SUB-007265,ACC-101828,Starter,2,€ 52,EUR,0,Monthly,Credit Card,,2025-07-14
SUB-007266,ACC-101828,Enterprise,5,3511,EUR,0,Annual,ACH,2025-07-14,
SUB-007267,ACC-101573,Pro,1,190.82,USD,0,Monthly,Credit Card,2024-05-31,2025-08-31
SUB-007268,ACC-104415,Pro,1,160.84,USD,25,Monthly,ACH,2025-06-26,
SUB-007269,ACC-104749,Starter,5,62,EUR,15,Monthly,Invoice,07/31/2024,
SUB-007270,ACC-105335,Starter,2,56.41,USD,0,Monthly,Invoice,2025/08/29,
SUB-007271,ACC-104654,Business,1,$643.42,USD,0,Monthly,Credit Card,01/07/2022,2025-02-22
SUB-007272,ACC-104654,Pro,7,346,USD,0,Monthly,Credit Card,22-Feb-2025,
SUB-007273,ACC-104208,Starter,1,47,USD,0,Monthly,Credit Card,08/28/2022,09/28/2023
SUB-007274,ACC-104627,Pro,4,257,EUR,10,Monthly,ACH,2022-02-02,2023-10-02
SUB-007275,ACC-100224,Pro,3,$ 235,USD,0,Annual,credit card,2023-07-04,16-Jan-2026
SUB-007276,ACC-100224,Business,3,894,USD,0,Annual,,2026-01-16,
SUB-007277,ACC-100723,Starter,2,59,USD,0,Monthly,Credit Card,01/12/2023,01-Sep-2024
SUB-007278,ACC-105457,Pro,3,246,USD,0,Monthly,Invoice,2023-07-14,
SUB-007279,ACC-101141,Starter,1,$54.17,USD,0,Monthly,,2023-06-11,2025-12-11
SUB-007280,ACC-102762,Pro,3,268,USD,0,Monthly,Invoice,2024-09-09,
SUB-007281,ACC-100846,Pro,3,$246.19,USD,0,Annual,Credit Card,17-Apr-2023,
SUB-007282,ACC-104289,Enterprise,4,"€ 2,669",EUR,0,Annual,Credit Card,2023-12-21,2025-08-15
SUB-007283,ACC-104289,Pro,2,€212.84,EUR,0,Monthly,Credit Card,2025-08-15,
SUB-007284,ACC-105042,Business,7,"1,081.44",USD,0,Monthly,Invoice,05/18/2023,
SUB-007285,ACC-102551,Pro,5,358,USD,0,Monthly,Credit Card,06-Jul-2022,13-Sep-2023
SUB-007286,ACC-102551,Business,4,$877.71,USD,5,Monthly,Invoice,09/13/2023,2024-04-06
SUB-007287,ACC-102928,Starter,2,64.76,USD,0,Monthly,Credit Card,24/03/2024,
SUB-007288,ACC-100117,Pro,1,$ 215,USD,0,Annual,ACH,2024-02-01,2025-12-01
SUB-007289,ACC-100645,Pro,1,€ 228,EUR,0,Monthly,Credit Card,,2023/07/20
SUB-007290,ACC-100645,Business,2,779,EUR,0,Annual,Credit Card,07/20/2023,
SUB-007291,ACC-100003,Enterprise,1,"$ 2,182",USD,0,Monthly,credit card,01/31/2025,2025-06-29
SUB-007292,ACC-100003,Pro,4,213,USD,20,Monthly,Credit Card,29/06/2025,
SUB-007293,ACC-104170,Pro,3,$296.99,USD,0,Monthly,Invoice,2022-06-30,30/07/2022
SUB-007294,ACC-100467,Starter,4,€69.33,EUR,0,Annual,Credit Card,2024-12-08,
SUB-007295,ACC-100005,Business,3,872,USD,0,Annual,ACH,05-Jul-2023,05-Apr-2025
SUB-007296,ACC-100919,Starter,3,$ 63,USD,0,Monthly,Credit Card,04/06/2022,
SUB-007297,ACC-102595,Enterprise,3,2564,USD,0,Monthly,Credit Card,2024-04-06,2025-08-25
SUB-007298,ACC-102595,Business,2,731.25,USD,0,Monthly,Credit Card,2025-08-25,2026-03-31
SUB-007299,ACC-102595,Pro,3,296.98,USD,0,Annual,Credit Card,2026-03-31,
SUB-007300,ACC-104324,Pro,1,202.06,USD,0,Monthly,Invoice,2023-01-12,
SUB-007301,ACC-101063,Starter,1,51.02,USD,0,Monthly,Invoice,2023-10-03,2025-02-03
SUB-007302,ACC-102590,Pro,1,195,USD,0,Monthly,Credit Card,2023-08-31,
SUB-007303,ACC-100242,Starter,2,60.26,USD,0,Annual,,07/29/2022,
SUB-007304,ACC-105288,Pro,3,240,USD,0,Monthly,Credit Card,2024-08-21,
SUB-007305,ACC-101160,Business,4,804,EUR,0,Monthly,credit card,2022-10-30,2023-12-30
SUB-007306,ACC-102870,Business,7,932.36,GBP,10,Monthly,Credit Card,2023-07-10,11/13/2023
SUB-007307,ACC-102870,Starter,4,68,GBP,0,Annual,,2023-11-13,2024-12-10
SUB-007308,ACC-103735,Enterprise,1,"$1,849.44",USD,10,Monthly,ACH,2023-11-20,
SUB-007309,ACC-102397,Starter,8,112,USD,0,Monthly,ACH,05/21/2023,2026-01-31
SUB-007310,ACC-102397,Business,1,682.68,USD,0,Monthly,Credit Card,2026-01-31,21/04/2026
SUB-007311,ACC-103517,Pro,1,$ 222,USD,0,Annual,Invoice,04/06/2022,2025-09-04
SUB-007312,ACC-103421,Pro,4,$282.93,USD,0,Monthly,Credit Card,07/21/2025,03/10/2026
SUB-007313,ACC-103421,Enterprise,4,2828,USD,5,Monthly,Credit Card,2026-03-10,
SUB-007314,ACC-102563,Starter,3,$70.08,USD,0,Annual,Credit Card,2025-08-10,2026-02-23
SUB-007315,ACC-102563,Business,3,$884.18,USD,0,Monthly,Credit Card,2026-02-23,
SUB-007316,ACC-101605,Pro,5,299,USD,0,Monthly,ACH,2023/03/14,01/14/2024
SUB-007317,ACC-105869,Starter,1,54.01,USD,0,Monthly,credit card,03/06/2025,
SUB-007318,ACC-102324,Starter,1,43.80,USD,20,Monthly,credit card,05/02/2025,2025-07-10
SUB-007319,ACC-102324,Business,2,$ 789,USD,0,Monthly,Invoice,2025-07-10,2025-11-28
SUB-007320,ACC-102324,Starter,1,$ 50,USD,10,Monthly,Credit Card,2025-11-28,2025/12/02
SUB-007321,ACC-102709,Business,6,"$ 1,172",USD,0,Monthly,Credit Card,2023-06-07,2024-11-19
SUB-007322,ACC-102709,Enterprise,2,2094,USD,0,Monthly,Credit Card,2024-11-19,2026-03-28
SUB-007323,ACC-102709,Business,4,$ 866,USD,0,Monthly,ACH,2026-03-28,
SUB-007324,ACC-105341,Starter,2,$54.56,USD,0,Monthly,Credit Card,2024-08-25,25-Nov-2024
SUB-007325,ACC-101312,Pro,2,232.08,USD,0,Monthly,Invoice,2022-12-16,
SUB-007326,ACC-103448,Business,1,576.93,USD,0,Monthly,Credit Card,04/12/2025,2025-06-27
SUB-007327,ACC-103448,Pro,3,249.83,USD,0,Monthly,Credit Card,06/27/2025,2025-08-12
SUB-007328,ACC-103812,Enterprise,4,"2,671.44",USD,0,Annual,Credit Card,07/03/2025,2025/08/19
SUB-007329,ACC-103812,Starter,5,80.47,USD,0,Monthly,credit card,2025/08/19,
SUB-007330,ACC-105661,Pro,1,193.91,GBP,0,Annual,Credit Card,2024-06-09,03/01/2025
SUB-007331,ACC-105661,Starter,2,52.48,GBP,0,Monthly,Invoice,2025-03-01,2025-08-09
SUB-007332,ACC-102362,Business,7,"$ 1,284",USD,0,Monthly,Credit Card,2025-01-06,30/03/2025
SUB-007333,ACC-102362,Enterprise,6,"2,812.48",USD,25,Annual,Credit Card,2025-03-30,2025-04-06
SUB-007334,ACC-101975,Starter,1,46.53,USD,0,Annual,Credit Card,02/02/2022,04/20/2022
SUB-007335,ACC-101975,Enterprise,7,"$2,705.52",USD,25,Monthly,Credit Card,20-Apr-2022,02-May-2022
SUB-007336,ACC-103514,Enterprise,3,"2,640.51",USD,0,Annual,Credit Card,2025-05-18,
SUB-007337,ACC-101761,Starter,1,$46.95,USD,0,Monthly,Credit Card,12/12/2024,2025-06-26
SUB-007338,ACC-101761,Business,4,$ 939,USD,0,Annual,Credit Card,2025-06-26,2025-10-12
SUB-007339,ACC-102739,Business,2,762.17,GBP,0,Monthly,Credit Card,2025-05-17,2026-03-11
SUB-007340,ACC-102739,Starter,1,45,GBP,0,Annual,Credit Card,2026-03-11,
SUB-007341,ACC-105668,Business,6,1114,USD,0,Monthly,Invoice,08/11/2022,11-Nov-2023
SUB-007342,ACC-102472,Business,4,997,USD,0,Monthly,ACH,23/05/2025,
SUB-007343,ACC-104007,Business,23,"$ 2,473",USD,0,Monthly,Credit Card,29/11/2023,
SUB-007344,ACC-104718,Pro,1,$ 5,USD,150,Monthly,Credit Card,29-Jul-2025,
SUB-007345,ACC-101493,Starter,7,79,GBP,25,Monthly,Credit Card,08/29/2023,29/09/2023
SUB-007346,ACC-104206,Pro,2,$262.69,USD,0,Annual,ACH,2024-04-27,
SUB-007347,ACC-102158,Business,5,"$ 1,089",USD,0,Monthly,,2023-03-13,10/10/2023
SUB-007348,ACC-102158,Pro,3,$288.38,USD,0,Annual,Credit Card,10-Oct-2023,2025-12-12
SUB-007349,ACC-102158,Starter,8,$102.08,USD,0,Annual,credit card,12-Dec-2025,
SUB-007350,ACC-101169,Pro,1,191.57,USD,0,Monthly,Credit Card,2024-04-28,
SUB-007351,ACC-105494,Pro,3,294.79,USD,0,Annual,Credit Card,2022-11-30,2026-05-30
SUB-007352,ACC-100232,Pro,3,$ 206,USD,25,Monthly,Credit Card,2022-02-25,2025-04-25
SUB-007353,ACC-100066,Pro,2,$225.55,USD,0,Monthly,Credit Card,2022-03-24,2022-12-28
SUB-007354,ACC-100066,Starter,1,56,USD,0,Monthly,Credit Card,28-Dec-2022,2026-01-24
SUB-007355,ACC-101603,Pro,2,221,USD,0,Annual,credit card,2025/05/22,2025-09-02
SUB-007356,ACC-101603,Enterprise,6,"$ 3,949",USD,0,Monthly,credit card,09/02/2025,20-Apr-2026
SUB-007357,ACC-101603,Business,3,$748.54,USD,0,Monthly,ACH,20-Apr-2026,
SUB-007358,ACC-103283,Pro,1,181.18,EUR,0,Monthly,Invoice,2024-03-24,2024-08-16
SUB-007359,ACC-103283,Starter,4,66.64,EUR,0,Monthly,Invoice,16/08/2024,2025-12-19
SUB-007360,ACC-103283,Pro,2,262,EUR,0,Annual,Invoice,2025-12-19,
SUB-007361,ACC-103596,Enterprise,3,2751,EUR,0,Monthly,Invoice,30/06/2024,
SUB-007362,ACC-104632,Business,4,669.86,USD,25,Monthly,Credit Card,2022-02-19,16-Dec-2022
SUB-007363,ACC-104632,Pro,1,186.29,USD,0,Monthly,Invoice,2022-12-16,
SUB-007364,ACC-100125,Pro,2,213,USD,0,Annual,Credit Card,2022-01-15,11/23/2024
SUB-007365,ACC-100125,Business,1,638.61,USD,0,Monthly,ACH,23-Nov-2024,
SUB-007366,ACC-101296,Business,1,$ 665,USD,0,Monthly,Credit Card,2024-11-01,
SUB-007367,ACC-101976,Business,4,823.64,USD,0,Monthly,Credit Card,2024-09-01,
SUB-007368,ACC-105495,Pro,3,278.99,USD,0,Monthly,Credit Card,02/02/2022,29-May-2022
SUB-007369,ACC-105495,Business,3,634,USD,15,Monthly,Credit Card,2022/05/29,2022-11-02
SUB-007370,ACC-105452,Pro,5,349.45,USD,0,Monthly,,01-Sep-2023,27/10/2025
SUB-007371,ACC-105452,Business,2,621.69,USD,0,Annual,Credit Card,2025-10-27,
SUB-007372,ACC-102075,Pro,3,291.92,USD,0,Monthly,credit card,07/11/2023,2025-07-11
SUB-007373,ACC-104580,Pro,7,353,USD,0,Monthly,Credit Card,2024-04-23,2024-10-23
SUB-007374,ACC-103086,Pro,4,266.10,USD,0,Monthly,Invoice,2024-12-23,
SUB-007375,ACC-105271,Pro,1,221.54,USD,0,Monthly,Credit Card,02/04/2024,
SUB-007376,ACC-103345,Starter,2,60.57,USD,0,Monthly,Credit Card,2022-08-07,2026-04-07
SUB-007377,ACC-105432,Starter,2,$50.83,USD,0,Annual,credit card,11/23/2022,2024/11/28
SUB-007378,ACC-105432,Pro,2,223.46,USD,0,Annual,Credit Card,11/28/2024,23/05/2025
SUB-007379,ACC-102797,Starter,3,£ 69,GBP,0,Monthly,Credit Card,2025-02-10,2026/01/28
SUB-007380,ACC-102797,Business,3,£705.50,GBP,0,Monthly,Credit Card,2026-01-28,04/10/2026
SUB-007381,ACC-100918,Pro,1,€206.89,EUR,0,Monthly,Credit Card,2022/07/12,2023-06-12
SUB-007382,ACC-101646,Starter,2,59.00,USD,0,Monthly,,2023-12-02,2025-01-02
SUB-007383,ACC-105122,Pro,1,190.24,USD,0,Monthly,ACH,2022-05-25,
SUB-007384,ACC-105126,Business,1,£458.30,GBP,15,Monthly,Invoice,2024-01-27,
SUB-007385,ACC-104978,Starter,19,199,USD,0,Monthly,Credit Card,2022-10-13,2026-05-13
SUB-007386,ACC-104621,Pro,1,190.89,USD,0,Monthly,Credit Card,21-Jan-2025,10-Mar-2025
SUB-007387,ACC-104621,Enterprise,3,2951,USD,0,Annual,Credit Card,2025-03-10,
SUB-007388,ACC-100364,Enterprise,1,"1,941.82",USD,0,Annual,Invoice,09-Jan-2025,
SUB-007389,ACC-103287,Pro,3,268.92,EUR,0,Annual,credit card,01/27/2023,
SUB-007390,ACC-102125,Starter,2,53.44,GBP,0,Annual,Credit Card,06-Nov-2023,01/06/2024
SUB-007391,ACC-104123,Pro,2,216.93,GBP,0,Monthly,Credit Card,2024/10/25,
SUB-007392,ACC-104569,Starter,2,52.82,USD,0,Monthly,ACH,2022-04-26,2022-05-26
SUB-007393,ACC-104569,Enterprise,1,"2,115.47",USD,0,Monthly,Credit Card,26/05/2022,05/26/2022
SUB-007394,ACC-104569,Pro,5,$354.39,USD,0,Monthly,ACH,2022-05-26,05/26/2022
SUB-007395,ACC-100525,Starter,4,81,USD,0,Monthly,Credit Card,2023-07-27,2023-09-27
SUB-007396,ACC-104821,Enterprise,1,"2,177.72",USD,0,Monthly,Credit Card,2022-08-05,
SUB-007397,ACC-100055,Starter,3,€ 72,EUR,0,Monthly,Credit Card,2024-03-11,
SUB-007398,ACC-100638,Starter,2,$ 55,USD,0,Monthly,Invoice,2023-08-28,
SUB-007399,ACC-100302,Pro,3,199.18,USD,20,Annual,ACH,04/23/2025,
SUB-007400,ACC-102766,Pro,3,252.70,USD,0,Monthly,Credit Card,02/28/2022,2023-10-27
SUB-007401,ACC-102766,Starter,1,$45.89,USD,0,Monthly,Credit Card,2023-10-27,10/28/2023
SUB-007402,ACC-101276,Pro,3,255,USD,5,Annual,ACH,2023-12-22,2024-08-13
SUB-007403,ACC-101276,Starter,1,50,USD,0,Monthly,Credit Card,2024-08-13,2025/12/29
SUB-007404,ACC-101276,Business,6,"$1,061.32",USD,0,Annual,Credit Card,12/29/2025,
SUB-007405,ACC-104720,Business,3,$ 788,USD,10,Monthly,Credit Card,2022-05-14,01/14/2026
SUB-007406,ACC-102055,Business,3,835.19,USD,0,Monthly,ACH,2023-09-18,
SUB-007407,ACC-105145,Starter,8,93,USD,0,Monthly,Credit Card,2023-02-24,2024-08-24
SUB-007408,ACC-104432,Business,3,537.93,USD,25,Annual,ACH,08/15/2024,2025-12-26
SUB-007409,ACC-104432,Starter,1,51.29,USD,0,Monthly,Invoice,2025-12-26,
SUB-007410,ACC-103644,Pro,3,$293.18,USD,0,Annual,Credit Card,2024-12-20,02/02/2026
SUB-007411,ACC-103644,Enterprise,3,2916,USD,0,Annual,Invoice,2026-02-02,
SUB-007412,ACC-104143,Pro,2,243.32,GBP,0,Monthly,Credit Card,2022-09-27,2024/08/28
SUB-007413,ACC-104143,Business,5,£ 987,GBP,0,Annual,Invoice,2024/08/28,2025-12-27
SUB-007414,ACC-102878,Enterprise,3,"$2,951.37",USD,0,Monthly,ACH,04/28/2024,
SUB-007415,ACC-104202,Pro,1,184.60,USD,0,Monthly,Credit Card,2022-02-11,2025-01-11
SUB-007416,ACC-105175,Starter,4,70.11,EUR,5,Annual,credit card,2024-01-08,
SUB-007417,ACC-102286,Pro,1,186,EUR,15,Annual,Invoice,06/30/2023,
SUB-007418,ACC-102261,Starter,1,£55.39,GBP,0,Monthly,,11/19/2024,
SUB-007419,ACC-105240,Pro,3,$255.10,USD,0,Annual,Invoice,25/08/2022,
SUB-007420,ACC-102296,Starter,3,$70.11,USD,0,Monthly,Invoice,2022-09-10,2023-01-10
SUB-007421,ACC-101753,Pro,2,210.00,USD,0,Annual,Credit Card,14/06/2025,2025/10/05
SUB-007422,ACC-101753,Business,3,761.91,USD,0,Monthly,ACH,2025-10-05,2026-03-10
SUB-007423,ACC-101753,Pro,2,$235.99,USD,0,Monthly,,03/10/2026,
SUB-007424,ACC-105197,Pro,2,$247.66,USD,0,Monthly,credit card,03-Aug-2024,
SUB-007425,ACC-101968,Starter,1,$ 55,USD,0,Monthly,Credit Card,2022-05-17,
SUB-007426,ACC-105277,Business,1,$ 578,USD,0,Annual,Invoice,2023-06-17,2024/07/08
SUB-007427,ACC-105277,Enterprise,1,"$ 2,062",USD,0,Annual,credit card,2024-07-08,2024-09-17
SUB-007428,ACC-103117,Pro,2,232.45,USD,0,Annual,credit card,2023-06-23,
SUB-007429,ACC-102393,Pro,1,$ 206,USD,0,Monthly,Credit Card,2023-12-27,2024-02-27
SUB-007430,ACC-100523,Pro,7,419.36,USD,0,Monthly,Credit Card,2023-11-16,16-Jul-2024
SUB-007431,ACC-103900,Starter,5,€77.02,EUR,0,Monthly,Credit Card,16-Apr-2022,16-Aug-2023
SUB-007432,ACC-105673,Starter,2,51.91,USD,0,Monthly,Credit Card,2024/05/13,
SUB-007433,ACC-104699,Pro,3,$257.03,USD,0,Monthly,Credit Card,01/01/2025,2025-02-14
SUB-007434,ACC-104699,Business,1,589.74,USD,0,Annual,,02/14/2025,
SUB-007435,ACC-105364,Starter,1,$47.51,USD,0,Annual,Invoice,2025/08/05,
SUB-007436,ACC-103122,Pro,6,336.68,USD,0,Monthly,Credit Card,2024-08-03,
SUB-007437,ACC-104156,Starter,4,65.44,GBP,0,Monthly,Credit Card,2022-03-22,
SUB-007438,ACC-101969,Pro,5,235.63,USD,20,Monthly,credit card,02/08/2025,
SUB-007439,ACC-100671,Pro,2,€ 215,EUR,15,Monthly,Credit Card,2025-08-13,12/31/2025
SUB-007440,ACC-100671,Starter,6,98,EUR,0,Monthly,credit card,2025-12-31,13/01/2026
SUB-007441,ACC-104188,Starter,2,55.47,USD,0,Monthly,Credit Card,12/18/2023,10/12/2024
SUB-007442,ACC-104188,Pro,5,292,USD,0,Monthly,Credit Card,12/10/2024,31/01/2025
SUB-007443,ACC-104188,Starter,2,$ 54,USD,0,Monthly,Credit Card,2025/01/31,18/06/2025
SUB-007444,ACC-100666,Starter,8,115,USD,0,Annual,credit card,02/13/2024,2026-05-08
SUB-007445,ACC-100666,Enterprise,13,"$4,738.83",USD,10,Annual,Invoice,08/05/2026,
SUB-007446,ACC-105263,Starter,2,$42.88,USD,25,Monthly,Credit Card,2022-09-25,2025-03-25
SUB-007447,ACC-101887,Starter,3,$63.07,USD,0,Monthly,credit card,2023-11-01,2024-11-27
SUB-007448,ACC-101887,Business,4,944.56,USD,0,Monthly,credit card,2024-11-27,
SUB-007449,ACC-103266,Starter,4,£ 77,GBP,0,Annual,ACH,11-Nov-2024,
SUB-007450,ACC-100280,Pro,2,238.95,USD,0,Monthly,Credit Card,07/02/2025,2026-01-25
SUB-007451,ACC-100280,Business,4,$873.69,USD,0,Monthly,,2026-01-25,
SUB-007452,ACC-101719,Business,2,$ 757,USD,0,Monthly,Credit Card,2025-02-01,
SUB-007453,ACC-102947,Business,1,492.03,GBP,25,Monthly,,02/08/2024,2024-09-15
SUB-007454,ACC-102947,Enterprise,1,2185,GBP,0,Monthly,Invoice,2024-09-15,
SUB-007455,ACC-104455,Starter,1,$ 51,USD,0,Monthly,ACH,02/10/2022,12/01/2023
SUB-007456,ACC-104455,Enterprise,4,2886,USD,0,Annual,Credit Card,2023-12-01,02-Mar-2025
SUB-007457,ACC-100899,Pro,2,$210.68,USD,0,Annual,Credit Card,14-Dec-2022,2023-04-14
SUB-007458,ACC-105900,Starter,2,$57.87,USD,0,Monthly,Credit Card,12/28/2022,
SUB-007459,ACC-100760,Business,6,975.00,USD,0,Monthly,Invoice,2025-03-25,
SUB-007460,ACC-101906,Business,1,$613.14,USD,5,Monthly,Credit Card,2024-07-21,21/04/2025
SUB-007461,ACC-104042,Pro,5,318.06,USD,5,Monthly,Invoice,09/28/2022,2024-09-30
SUB-007462,ACC-104042,Enterprise,1,"$1,845.34",USD,10,Annual,Credit Card,2024-09-30,10/28/2024
SUB-007463,ACC-103823,Starter,1,53,EUR,0,Annual,credit card,2025-02-24,05/02/2026
SUB-007464,ACC-103823,Pro,6,€337.45,EUR,15,Annual,Credit Card,05/02/2026,
SUB-007465,ACC-104138,Starter,1,49,USD,0,Annual,Credit Card,2024-10-29,09/01/2025
SUB-007466,ACC-104138,Pro,1,187.98,USD,0,Monthly,,2025-09-01,
SUB-007467,ACC-103818,Starter,5,79.32,GBP,0,Monthly,Credit Card,2022-05-28,2022/08/26
SUB-007468,ACC-103818,Enterprise,7,"£ 3,787",GBP,0,Annual,,2022/08/26,28/08/2022
SUB-007469,ACC-104300,Starter,12,120.11,GBP,0,Monthly,Credit Card,09-Jan-2025,2025-12-29
SUB-007470,ACC-104300,Enterprise,4,"2,950.35",GBP,0,Annual,Credit Card,29-Dec-2025,
SUB-007471,ACC-102593,Starter,3,$ 62,USD,0,Monthly,Credit Card,2022-11-30,
SUB-007472,ACC-104164,Starter,2,€ 59,EUR,0,Monthly,Credit Card,2022-07-06,2022-09-13
SUB-007473,ACC-104164,Enterprise,1,"€1,863.51",EUR,0,Annual,Credit Card,2022-09-13,2023-10-10
SUB-007474,ACC-104164,Business,4,896,EUR,0,Monthly,Invoice,10/10/2023,
SUB-007475,ACC-103031,Pro,3,233.40,USD,5,Annual,Invoice,09/24/2022,2023-06-16
SUB-007476,ACC-103031,Starter,1,54,USD,0,Monthly,Credit Card,2023-06-16,2025-01-03
SUB-007477,ACC-103031,Business,2,689.80,USD,5,Monthly,Credit Card,03-Jan-2025,24/04/2025
SUB-007478,ACC-103579,Starter,3,66,USD,0,Monthly,Credit Card,2025-01-13,07-May-2025
SUB-007479,ACC-103579,Enterprise,1,"$2,293.67",USD,0,Monthly,Credit Card,07-May-2025,11/06/2025
SUB-007480,ACC-103579,Starter,2,43.99,USD,25,Annual,Credit Card,2025-06-11,2025-06-13
SUB-007481,ACC-102832,Business,2,$5.00,USD,150,Monthly,Invoice,2024/09/02,
SUB-007482,ACC-103472,Pro,3,$278.76,USD,0,Monthly,Credit Card,2022-08-03,2026/04/02
SUB-007483,ACC-103472,Starter,3,$54.41,USD,15,Monthly,ACH,04/02/2026,05/20/2026
SUB-007484,ACC-103472,Pro,1,218.34,USD,0,Annual,Invoice,2026/05/20,
SUB-007485,ACC-100137,Starter,1,47.19,USD,0,Monthly,Credit Card,2024-09-19,19/03/2026
SUB-007486,ACC-104892,Starter,2,51.06,USD,0,Monthly,ACH,2022-11-30,30/09/2025
SUB-007487,ACC-102180,Business,3,$ 728,USD,0,Monthly,credit card,2022-10-03,
SUB-007488,ACC-102128,Starter,3,69,USD,0,Annual,Invoice,07/18/2022,2024-10-26
SUB-007489,ACC-102128,Business,1,644,USD,0,Annual,credit card,10/26/2024,
SUB-007490,ACC-103177,Business,5,869.99,USD,0,Annual,Credit Card,2023-12-30,
SUB-007491,ACC-104854,Business,2,709,USD,5,Monthly,ACH,11/01/2024,03/08/2025
SUB-007492,ACC-104854,Enterprise,1,2185,USD,0,Monthly,Credit Card,2025-08-03,
SUB-007493,ACC-104637,Enterprise,3,"2,904.18",USD,0,Monthly,Credit Card,11/29/2024,
SUB-007494,ACC-105115,Starter,2,55.19,USD,0,Monthly,Credit Card,2022-01-05,2025-11-13
SUB-007495,ACC-105115,Enterprise,1,2048,USD,0,Monthly,Invoice,2025-11-13,2026-01-17
SUB-007496,ACC-105115,Starter,2,45,USD,15,Monthly,ACH,2026-01-17,02/05/2026
SUB-007497,ACC-105298,Starter,2,57.95,USD,0,Monthly,,06/12/2022,2025-01-12
SUB-007498,ACC-104261,Starter,11,136.98,USD,0,Monthly,ACH,2024-02-07,2024-06-07
SUB-007499,ACC-104344,Starter,1,51,USD,0,Annual,Credit Card,02/26/2025,
SUB-007500,ACC-101331,Enterprise,5,"2,902.50",USD,0,Monthly,Invoice,24/10/2024,2026-02-24
SUB-007501,ACC-102017,Business,1,$555.10,USD,0,Annual,Credit Card,26/11/2023,2026-05-26
SUB-007502,ACC-104542,Pro,4,$ 306,USD,0,Monthly,Credit Card,2023-09-02,07/02/2025
SUB-007503,ACC-102482,Business,2,682.84,USD,0,Monthly,ACH,2022-07-22,
SUB-007504,ACC-101358,Starter,4,5.00,EUR,150,Monthly,Credit Card,22-Jun-2024,2024-10-22
SUB-007505,ACC-101329,Business,1,626.43,GBP,5,Annual,Credit Card,02/25/2022,
SUB-007506,ACC-105998,Starter,2,$ 56,USD,0,Annual,Credit Card,2024/03/25,
SUB-007507,ACC-102150,Starter,1,5.00,USD,150,Monthly,Invoice,02-Apr-2022,2022-11-02
SUB-007508,ACC-104530,Pro,6,330.72,EUR,0,Monthly,Credit Card,09/23/2022,
SUB-007509,ACC-102122,Starter,1,47.52,USD,10,Monthly,Credit Card,2022-10-07,07/05/2025
SUB-007510,ACC-102122,Business,2,787,USD,0,Annual,Credit Card,05-Jul-2025,05/07/2026
SUB-007511,ACC-103981,Pro,1,221.73,USD,0,Monthly,Credit Card,2024-04-09,
SUB-007512,ACC-101252,Starter,1,45,USD,20,Monthly,Credit Card,2022-04-27,2023-10-27
SUB-007513,ACC-103278,Business,2,$ 862,USD,-10,Monthly,credit card,17/08/2022,
SUB-007514,ACC-103374,Pro,3,266.47,USD,0,Monthly,,08/07/2025,
SUB-007515,ACC-102814,Starter,4,$76.91,USD,0,Monthly,Credit Card,2024-02-23,
SUB-007516,ACC-104719,Business,4,800.85,USD,0,Annual,Credit Card,2023-12-02,
SUB-007517,ACC-101848,Business,5,$ 983,USD,0,Monthly,,11/03/2022,
SUB-007518,ACC-104858,Pro,7,359,USD,0,Monthly,ACH,2024-04-29,2024-07-06
SUB-007519,ACC-104858,Business,4,$ 993,USD,0,Monthly,ACH,2024-07-06,08/11/2025
SUB-007520,ACC-104858,Pro,5,360.91,USD,0,Monthly,Credit Card,2025-08-11,
SUB-007521,ACC-103037,Starter,4,68.01,USD,0,Monthly,Credit Card,2022-08-01,2026-03-01
SUB-007522,ACC-100388,Starter,2,$ 48,USD,20,Monthly,ACH,2023-02-08,
SUB-007523,ACC-100235,Business,6,"€1,134.41",EUR,0,Monthly,ACH,28-May-2025,
SUB-007524,ACC-101077,Business,5,$880.13,USD,20,Monthly,Credit Card,2024-11-18,20-Jul-2025
SUB-007525,ACC-101077,Starter,2,$55.63,USD,0,Monthly,Invoice,2025-07-20,
SUB-007526,ACC-101984,Pro,2,211,USD,0,Annual,Credit Card,01/16/2024,26-Aug-2025
SUB-007527,ACC-101984,Starter,1,$41.54,USD,25,Monthly,Credit Card,2025-08-26,
SUB-007528,ACC-104363,Pro,9,$ 480,USD,0,Monthly,Credit Card,22/10/2024,2025-05-15
SUB-007529,ACC-104363,Enterprise,2,1987,USD,10,Monthly,Credit Card,15/05/2025,2025-12-22
SUB-007530,ACC-104363,Starter,1,43.77,USD,10,Annual,Credit Card,2025-12-22,
SUB-007531,ACC-103962,Pro,4,294.89,USD,0,Monthly,Credit Card,04/22/2025,2026-05-22
SUB-007532,ACC-100770,Starter,3,$59.25,USD,0,Monthly,ACH,2024-04-15,2025-07-22
SUB-007533,ACC-100770,Pro,2,$ 262,USD,0,Monthly,credit card,07/22/2025,2026-05-09
SUB-007534,ACC-100770,Starter,2,56.58,USD,0,Monthly,ACH,2026-05-09,
SUB-007535,ACC-102165,Business,3,$761.18,USD,0,Annual,Credit Card,2023-04-20,08/01/2025
SUB-007536,ACC-102165,Pro,2,$247.98,USD,0,Annual,Credit Card,08-Jan-2025,2025-12-12
SUB-007537,ACC-102165,Business,5,958.24,USD,0,Annual,ACH,,20-Mar-2026
SUB-007538,ACC-104533,Business,3,727.72,USD,0,Monthly,Invoice,2025/08/12,03/03/2026
SUB-007539,ACC-104533,Enterprise,3,"2,491.67",USD,5,Monthly,Credit Card,2026-03-03,
SUB-007540,ACC-100673,Starter,1,$ 36,USD,25,Monthly,Credit Card,29-Sep-2024,
SUB-007541,ACC-100249,Pro,1,227,USD,0,Monthly,ACH,15-Feb-2025,15/06/2025
SUB-007542,ACC-101574,Starter,4,72.56,USD,5,Monthly,Credit Card,2022-10-27,2023-08-27
SUB-007543,ACC-103419,Starter,14,€150.39,EUR,0,Monthly,credit card,2024/07/15,2024-05-30
SUB-007544,ACC-102081,Starter,1,51,USD,5,Annual,credit card,2024-09-15,12/10/2025
SUB-007545,ACC-102081,Business,3,$622.81,USD,20,Monthly,Credit Card,12-Oct-2025,
SUB-007546,ACC-101823,Pro,2,240.80,USD,0,Monthly,ACH,12/24/2023,2024-11-30
SUB-007547,ACC-101823,Enterprise,12,"$5,027.00",USD,0,Monthly,,30-Nov-2024,24/04/2026
SUB-007548,ACC-105631,Business,2,628.54,USD,0,Monthly,Credit Card,21-Oct-2024,2025-02-19
SUB-007549,ACC-105631,Enterprise,3,2950,USD,0,Monthly,Credit Card,19-Feb-2025,
SUB-007550,ACC-105821,Starter,3,58,USD,0,Monthly,Invoice,05/26/2023,26-Jul-2023
SUB-007551,ACC-100716,Business,4,973.44,USD,0,Annual,Invoice,09/08/2024,
SUB-007552,ACC-105819,Business,3,$ 843,USD,0,Monthly,ACH,06/18/2025,
SUB-007553,ACC-105680,Pro,3,$ 268,USD,0,Monthly,Credit Card,2022-06-26,2023-10-27
SUB-007554,ACC-105680,Enterprise,5,"3,259.20",USD,0,Monthly,Credit Card,2023-10-27,2024-02-21
SUB-007555,ACC-105680,Pro,4,261.63,USD,5,Annual,Credit Card,02/21/2024,2024-02-26
SUB-007556,ACC-102048,Pro,4,315.32,USD,0,Monthly,credit card,,2026-01-25
SUB-007557,ACC-105264,Enterprise,1,"€2,103.56",EUR,0,Monthly,Credit Card,12/10/2023,2026-05-29
SUB-007558,ACC-105264,Pro,5,€335.29,EUR,0,Annual,credit card,29-May-2026,
SUB-007559,ACC-104178,Pro,3,287.85,USD,0,Monthly,Credit Card,2024-09-27,
SUB-007560,ACC-104809,Enterprise,3,"2,830.49",USD,0,Annual,Credit Card,2025-08-04,
SUB-007561,ACC-102724,Pro,1,197.99,USD,0,Annual,Credit Card,05/20/2025,
SUB-007562,ACC-105499,Pro,2,214,EUR,0,Monthly,Credit Card,,
SUB-007563,ACC-101460,Starter,5,$62.45,USD,25,Annual,Invoice,2025-07-15,2026-02-04
SUB-007564,ACC-101460,Business,2,673.44,USD,0,Annual,Credit Card,02/04/2026,15/03/2026
SUB-007565,ACC-101668,Business,8,"1,405.99",USD,0,Monthly,ACH,30-Jul-2022,30/06/2024
SUB-007566,ACC-102756,Starter,1,£ 40,GBP,10,Monthly,Invoice,08/02/2025,2025-10-30
SUB-007567,ACC-102756,Pro,8,425,GBP,-10,Annual,Credit Card,10/30/2025,24-Apr-2026
SUB-007568,ACC-102756,Business,3,861,GBP,0,Monthly,Credit Card,2026-04-24,
SUB-007569,ACC-102000,Enterprise,1,"1,949.10",USD,0,Monthly,Credit Card,2025-08-03,
SUB-007570,ACC-104571,Pro,2,233,USD,10,Annual,Credit Card,12/24/2024,
SUB-007571,ACC-104613,Pro,2,229,USD,0,Monthly,Credit Card,2022/02/19,2022-03-19
SUB-007572,ACC-100404,Starter,2,61.67,EUR,0,Annual,credit card,05/26/2024,2024-10-26
SUB-007573,ACC-100384,Enterprise,1,"€ 1,909",EUR,5,Annual,Invoice,2025-07-19,2025-09-10
SUB-007574,ACC-100384,Business,9,1375,EUR,0,Monthly,Credit Card,2025-09-10,2026/01/05
SUB-007575,ACC-100384,Enterprise,10,"4,819.10",EUR,0,Annual,,2026-01-05,
SUB-007576,ACC-105464,Pro,4,296,USD,0,Monthly,Credit Card,2024-07-04,
SUB-007577,ACC-102152,Starter,2,46.79,USD,20,Monthly,Invoice,22/05/2025,
SUB-007578,ACC-101633,Business,1,580.48,USD,0,Monthly,Credit Card,2022-01-28,
SUB-007579,ACC-105909,Pro,4,301,USD,0,Monthly,ACH,31-May-2023,
SUB-007580,ACC-104784,Pro,4,234.39,USD,25,Monthly,ACH,2024-06-26,18-May-2026
SUB-007581,ACC-104784,Enterprise,5,"3,313.30",USD,0,Annual,credit card,05/18/2026,2026-06-01
SUB-007582,ACC-104784,Business,1,$626.00,USD,0,Annual,Invoice,2026-06-01,
SUB-007583,ACC-103925,Business,8,1182,USD,0,Monthly,Credit Card,2023/04/26,2023-11-10
SUB-007584,ACC-103925,Starter,3,$72.17,USD,0,Monthly,Invoice,2023/11/10,2024-09-26
SUB-007585,ACC-105336,Pro,1,199,USD,0,Monthly,Invoice,13-Aug-2024,
SUB-007586,ACC-104158,Pro,2,213.94,USD,0,Monthly,credit card,29-Dec-2023,2025-08-31
SUB-007587,ACC-104158,Starter,2,57,USD,0,Monthly,Credit Card,2025-08-31,
SUB-007588,ACC-104948,Pro,2,206.62,USD,15,Monthly,Credit Card,2022-03-06,06-Jan-2024
SUB-007589,ACC-100223,Starter,1,$48.81,USD,0,Annual,Credit Card,19/08/2025,2025-10-27
SUB-007590,ACC-100223,Pro,4,277.74,USD,0,Monthly,Invoice,10/27/2025,2026-03-25
SUB-007591,ACC-100223,Business,2,$697.08,USD,10,Monthly,Credit Card,2026-03-25,
SUB-007592,ACC-102193,Pro,1,$ 228,USD,0,Monthly,ACH,,2023-12-06
SUB-007593,ACC-102193,Business,3,855.22,USD,0,Monthly,Invoice,06/12/2023,2024/06/30
SUB-007594,ACC-103136,Starter,1,$36.34,USD,25,Annual,Credit Card,2023-10-27,
SUB-007595,ACC-104469,Starter,4,68.71,USD,0,Monthly,Credit Card,26-Jul-2023,06/07/2024
SUB-007596,ACC-104469,Pro,2,$ 257,USD,0,Monthly,Credit Card,2024-06-07,
SUB-007597,ACC-101824,Business,2,708.79,USD,0,Monthly,Credit Card,01/12/2023,2024-02-12
SUB-007598,ACC-105590,Enterprise,1,"$ 1,895",USD,15,Monthly,,2024-12-24,
SUB-007599,ACC-105124,Pro,3,260.71,USD,0,Monthly,Credit Card,2023-12-10,07/23/2024
SUB-007600,ACC-105124,Business,1,547.50,USD,0,Monthly,Invoice,,
SUB-007601,ACC-104972,Business,8,"$ 1,356",USD,0,Annual,Credit Card,10-Aug-2022,2023-02-18
SUB-007602,ACC-104972,Pro,1,$188.07,USD,0,Monthly,Invoice,2023-02-18,2024-03-10
SUB-007603,ACC-100797,Starter,3,$66.56,USD,0,Monthly,ACH,20-Mar-2025,
SUB-007604,ACC-102871,Business,1,£626.08,GBP,0,Annual,ACH,2025/04/29,
SUB-007605,ACC-100009,Enterprise,5,"$ 3,265",USD,0,Monthly,credit card,2023-01-09,
SUB-007606,ACC-101944,Pro,3,263,USD,0,Annual,Credit Card,2024-08-11,
SUB-007607,ACC-101838,Starter,6,€83.31,EUR,0,Monthly,Credit Card,2024/01/11,2024-08-11
SUB-007608,ACC-104804,Starter,2,$59.01,USD,0,Monthly,Credit Card,28/04/2022,2023-03-28
SUB-007609,ACC-100255,Pro,3,266.58,USD,10,Monthly,Credit Card,2024-02-23,
SUB-007610,ACC-104485,Business,2,778.80,EUR,0,Monthly,credit card,2023-06-14,26-Sep-2023
SUB-007611,ACC-104485,Enterprise,2,"€ 2,261",EUR,0,Monthly,Credit Card,2023-09-26,11/14/2023
SUB-007612,ACC-105481,Starter,6,$ 89,USD,0,Monthly,Invoice,2024-08-25,12/25/2024
SUB-007613,ACC-101581,Pro,3,274.92,USD,5,Annual,Credit Card,2025/08/29,
SUB-007614,ACC-102956,Business,4,$727.35,USD,15,Annual,ACH,2024-06-09,2025-11-14
SUB-007615,ACC-102956,Enterprise,3,"2,618.05",USD,0,Monthly,Credit Card,2025-11-14,
SUB-007616,ACC-105386,Starter,3,$61.65,USD,0,Monthly,,19/08/2024,2025-05-29
SUB-007617,ACC-105386,Pro,1,222.17,USD,0,Monthly,Credit Card,2025-05-29,
SUB-007618,ACC-102508,Business,3,£ 584,GBP,20,Annual,Credit Card,2022-04-26,03/10/2024
SUB-007619,ACC-102508,Pro,2,£232.37,GBP,5,Monthly,Credit Card,10/03/2024,
SUB-007620,ACC-105024,Starter,2,$ 64,USD,0,Monthly,Credit Card,2022-02-18,
SUB-007621,ACC-105320,Starter,1,47,USD,15,Monthly,,2025-01-10,12/14/2025
SUB-007622,ACC-105320,Pro,5,$350.52,USD,0,Monthly,Credit Card,14-Dec-2025,2026-03-01
SUB-007623,ACC-105320,Enterprise,2,"2,632.88",USD,0,Monthly,ACH,2026-03-01,
SUB-007624,ACC-103775,Pro,1,225.51,USD,0,Monthly,Credit Card,2022-02-27,2024-03-27
SUB-007625,ACC-104835,Business,3,545.76,USD,25,Monthly,Credit Card,2024-09-13,2025-11-09
SUB-007626,ACC-104835,Enterprise,2,1837,USD,15,Monthly,Credit Card,11/09/2025,2026/04/02
SUB-007627,ACC-104835,Business,2,651.14,USD,0,Monthly,Credit Card,2026-04-02,
SUB-007628,ACC-104136,Business,1,415.97,EUR,25,Monthly,Credit Card,2022-01-31,2022-02-28
SUB-007629,ACC-104964,Starter,3,70.23,USD,0,Monthly,Credit Card,08/19/2024,
SUB-007630,ACC-102779,Enterprise,6,"$ 3,498",USD,0,Monthly,Credit Card,2022-02-19,
SUB-007631,ACC-100539,Pro,6,$362.95,USD,0,Monthly,Credit Card,2025-07-03,
SUB-007632,ACC-102745,Pro,1,182.19,USD,0,Monthly,ACH,2022-05-03,2023-09-03
SUB-007633,ACC-105470,Starter,1,$55.67,USD,0,Monthly,Invoice,2024-06-30,05/30/2025
SUB-007634,ACC-105556,Starter,3,43.57,USD,25,Annual,Credit Card,05/08/2025,
SUB-007635,ACC-101145,Business,5,"€ 1,019",EUR,0,Monthly,Credit Card,2022-06-20,12/10/2024
SUB-007636,ACC-101145,Starter,2,€60.47,EUR,0,Monthly,Invoice,2024-12-10,
SUB-007637,ACC-105127,Enterprise,6,"3,192.70",USD,0,Monthly,credit card,2023-07-06,2025-11-03
SUB-007638,ACC-105127,Starter,2,61.50,USD,0,Monthly,Invoice,2025-11-03,
SUB-007639,ACC-104468,Enterprise,1,"$1,856.13",USD,0,Monthly,Credit Card,08/26/2025,
SUB-007640,ACC-100667,Business,4,884.11,GBP,0,Annual,ACH,04/07/2024,
SUB-007641,ACC-103019,Pro,3,216.90,USD,10,Annual,Credit Card,11/02/2022,2023-03-02
SUB-007642,ACC-100357,Starter,2,£ 48,GBP,10,Monthly,ACH,03/16/2022,11-Aug-2023
SUB-007643,ACC-100357,Business,4,£844.52,GBP,0,Monthly,ACH,08/11/2023,2023-09-10
SUB-007644,ACC-100357,Starter,2,£51.46,GBP,5,Annual,Credit Card,2023-09-10,2023-09-16
SUB-007645,ACC-105063,Enterprise,1,2179,USD,0,Annual,Credit Card,2023-12-10,08/07/2025
SUB-007646,ACC-105063,Pro,1,$ 227,USD,0,Monthly,Credit Card,2025-08-07,2025-09-26
SUB-007647,ACC-105063,Starter,4,81.56,USD,0,Monthly,Credit Card,2025-09-26,
SUB-007648,ACC-102831,Pro,5,$297.67,USD,0,Monthly,credit card,2022-09-28,2023-05-19
SUB-007649,ACC-102831,Starter,3,59,USD,5,Annual,Invoice,05/19/2023,2023-06-28
SUB-007650,ACC-102783,Pro,1,214.51,USD,0,Monthly,Invoice,2023-06-26,
SUB-007651,ACC-101353,Business,1,461.18,USD,25,Monthly,Credit Card,2023/10/20,
SUB-007652,ACC-105131,Business,5,$961.22,USD,0,Annual,ACH,06/19/2024,
SUB-007653,ACC-100470,Pro,3,272.30,EUR,0,Annual,Credit Card,2022-05-22,16/07/2022
SUB-007654,ACC-100470,Enterprise,5,"€3,569.74",EUR,0,Monthly,Invoice,2022/07/16,2022-09-22
SUB-007655,ACC-102703,Pro,2,223.65,USD,0,Monthly,Credit Card,2022-07-21,
SUB-007656,ACC-103330,Business,1,592.39,USD,5,Monthly,Credit Card,12/12/2022,19/10/2025
SUB-007657,ACC-103330,Starter,14,161.72,USD,0,Annual,credit card,10/19/2025,2026-01-22
SUB-007658,ACC-103330,Pro,4,$277.26,USD,0,Annual,Credit Card,2026-01-22,
SUB-007659,ACC-103637,Business,5,"$1,048.76",USD,0,Annual,ACH,2022-03-21,
SUB-007660,ACC-101396,Business,1,$606.01,USD,0,Monthly,Credit Card,2024-07-26,2024-11-27
SUB-007661,ACC-101396,Starter,2,$51.88,USD,5,Monthly,credit card,11/27/2024,2025-08-14
SUB-007662,ACC-101396,Enterprise,3,"$2,542.45",USD,0,Annual,Credit Card,2025-08-14,12/26/2025
SUB-007663,ACC-103584,Pro,2,221.43,USD,10,Monthly,Credit Card,2023-05-19,
SUB-007664,ACC-105458,Starter,3,$45.33,USD,25,Annual,credit card,17-Dec-2024,
SUB-007665,ACC-105262,Pro,4,259,USD,15,Monthly,Credit Card,01/04/2022,04/06/2022
SUB-007666,ACC-103376,Pro,3,240,USD,0,Monthly,ACH,04/24/2023,24-Jul-2025
SUB-007667,ACC-101256,Enterprise,1,"£1,801.59",GBP,0,Monthly,Credit Card,12-May-2022,
SUB-007668,ACC-103512,Starter,11,$114.15,USD,0,Monthly,Credit Card,2025-05-02,
SUB-007669,ACC-101250,Pro,1,190,USD,10,Monthly,Credit Card,30/04/2022,08/02/2023
SUB-007670,ACC-101250,Business,1,$592.57,USD,0,Monthly,,08/02/2023,2023-09-25
SUB-007671,ACC-101250,Pro,4,295.68,USD,0,Monthly,Credit Card,09/25/2023,
SUB-007672,ACC-105348,Starter,3,$65.64,USD,0,Monthly,Credit Card,30-Oct-2024,2025-07-30
SUB-007673,ACC-105846,Starter,2,$51.44,USD,0,Annual,Credit Card,2023-08-11,
SUB-007674,ACC-104298,Starter,5,90,USD,0,Monthly,Credit Card,12/03/2025,2025-04-12
SUB-007675,ACC-103284,Starter,1,€53.27,EUR,0,Monthly,Invoice,2025-08-08,2025-11-26
SUB-007676,ACC-103284,Pro,4,212.46,EUR,20,Annual,ACH,2025-11-26,03/08/2026
SUB-007677,ACC-102933,Starter,4,66.78,USD,0,Annual,Credit Card,06/13/2022,
SUB-007678,ACC-104175,Business,2,$ 534,USD,15,Monthly,ACH,2025-03-18,2025-05-28
SUB-007679,ACC-104175,Pro,1,$227.65,USD,0,Monthly,Credit Card,2025-05-28,
SUB-007680,ACC-105268,Starter,5,€76.61,EUR,0,Monthly,Credit Card,2022-01-02,29/09/2022
SUB-007681,ACC-105268,Pro,4,€307.31,EUR,-10,Annual,Invoice,2022-09-29,2024-01-02
SUB-007682,ACC-104910,Starter,1,52.03,USD,0,Annual,Invoice,15-Jun-2024,15/07/2024
SUB-007683,ACC-101852,Starter,3,68,USD,0,Annual,credit card,2024-07-10,2024-09-10
SUB-007684,ACC-101852,Business,1,$680.15,USD,0,Monthly,,2024-09-10,06/10/2025
SUB-007685,ACC-105693,Pro,5,321.72,USD,0,Annual,credit card,2024-09-12,2024-11-30
SUB-007686,ACC-105693,Enterprise,2,"2,143.75",USD,0,Monthly,ACH,2024-11-30,12/03/2025
SUB-007687,ACC-105928,Starter,1,45.36,USD,0,Annual,Invoice,2025-04-08,
SUB-007688,ACC-102105,Business,2,745,USD,0,Annual,ACH,2022-05-18,
SUB-007689,ACC-100133,Business,4,986,USD,0,Monthly,Credit Card,2022-01-02,
SUB-007690,ACC-105236,Starter,8,105,EUR,0,Monthly,Invoice,2023/09/01,01/01/2024
SUB-007691,ACC-105029,Business,1,$583.21,USD,0,Monthly,Credit Card,2024/04/26,
SUB-007692,ACC-100928,Business,1,622.67,USD,0,Annual,Credit Card,2025-08-04,
SUB-007693,ACC-100823,Starter,1,$ 56,USD,0,Monthly,Credit Card,2023-08-11,2024-02-06
SUB-007694,ACC-100823,Pro,5,266.76,USD,25,Monthly,Credit Card,02/06/2024,2024-02-11
SUB-007695,ACC-105526,Pro,2,$191.85,USD,10,Monthly,Credit Card,12/05/2022,
SUB-007696,ACC-101531,Starter,7,$84.29,USD,5,Monthly,Credit Card,2023-10-31,31/12/2025
SUB-007697,ACC-101214,Starter,2,€ 53,EUR,0,Annual,ACH,2024/07/12,06/01/2025
SUB-007698,ACC-101214,Business,5,711,EUR,25,Monthly,Credit Card,2025-06-01,
SUB-007699,ACC-100504,Starter,5,$ 76,USD,0,Monthly,Credit Card,2022-11-26,2023-01-26
SUB-007700,ACC-104285,Business,1,556.90,USD,0,Monthly,Invoice,2025-04-05,
SUB-007701,ACC-101996,Business,3,$ 769,USD,0,Monthly,Credit Card,01/30/2024,2026-05-30
SUB-007702,ACC-103072,Business,2,688,USD,0,Monthly,Credit Card,2024-03-29,2024-05-04
SUB-007703,ACC-103072,Enterprise,3,"2,756.38",USD,0,Monthly,Credit Card,2024-05-04,2024-10-29
SUB-007704,ACC-101958,Starter,3,59,USD,0,Monthly,Credit Card,05/14/2024,
SUB-007705,ACC-101384,Pro,1,$191.32,USD,0,Monthly,credit card,12/27/2024,05/04/2026
SUB-007706,ACC-101384,Enterprise,3,"$2,688.13",USD,0,Monthly,credit card,2026-05-04,
SUB-007707,ACC-100894,Starter,1,50.10,EUR,0,Annual,ACH,02/12/2023,12/12/2024
SUB-007708,ACC-104924,Pro,4,265,USD,10,Monthly,Invoice,17-Mar-2025,
SUB-007709,ACC-100455,Pro,4,317.93,EUR,0,Annual,Credit Card,01/06/2023,2024-05-06
SUB-007710,ACC-105639,Starter,3,65.26,USD,0,Monthly,ACH,2024-04-08,
SUB-007711,ACC-103709,Starter,1,55.74,USD,0,Annual,Credit Card,2022-03-23,2025-06-23
SUB-007712,ACC-105614,Business,4,$950.71,USD,0,Monthly,Invoice,2024-06-15,2024/09/03
SUB-007713,ACC-105614,Enterprise,2,"2,302.34",USD,0,Monthly,ACH,,15/10/2024
SUB-007714,ACC-105614,Business,2,758,USD,0,Annual,Credit Card,2024-10-15,
SUB-007715,ACC-104849,Starter,1,48.30,USD,0,Monthly,Credit Card,12/18/2022,18/01/2026
SUB-007716,ACC-104748,Pro,2,$ 260,USD,0,Annual,Credit Card,29-May-2025,2025-11-27
SUB-007717,ACC-104748,Enterprise,3,"2,476.02",USD,0,Annual,Credit Card,2025-11-27,2026-05-12
SUB-007718,ACC-104748,Starter,3,$ 67,USD,0,Annual,Credit Card,05/12/2026,
SUB-007719,ACC-104268,Pro,1,222,USD,0,Monthly,Credit Card,2024-10-27,12/27/2024
SUB-007720,ACC-103522,Enterprise,1,1729,USD,20,Annual,credit card,04-Dec-2022,2024-09-04
SUB-007721,ACC-104134,Enterprise,2,"2,534.53",USD,0,Annual,ACH,2024-06-08,2024-09-22
SUB-007722,ACC-104134,Starter,6,83.54,USD,0,Monthly,Credit Card,2024-09-22,05/08/2025
SUB-007723,ACC-103602,Starter,2,56.51,USD,0,Annual,Invoice,2022-06-07,2025/12/28
SUB-007724,ACC-103602,Business,5,$946.63,USD,0,Monthly,credit card,28/12/2025,
SUB-007725,ACC-100713,Pro,1,$223.08,USD,0,Monthly,Credit Card,2024-04-23,2025-08-23
SUB-007726,ACC-104186,Starter,5,$ 85,USD,0,Monthly,Credit Card,01/20/2022,2023-04-09
SUB-007727,ACC-104186,Pro,1,179,USD,10,Monthly,Credit Card,09-Apr-2023,
SUB-007728,ACC-102214,Starter,1,$52.76,USD,0,Monthly,Invoice,2022-08-19,2025-08-12
SUB-007729,ACC-102214,Enterprise,3,"2,345.18",USD,0,Monthly,ACH,2025-08-12,
SUB-007730,ACC-105301,Starter,1,53,USD,0,Annual,Credit Card,2024-05-04,2025-12-04
SUB-007731,ACC-105301,Enterprise,3,2456,USD,0,Monthly,Credit Card,12/04/2025,2026-05-04
SUB-007732,ACC-102923,Starter,6,81.99,EUR,15,Annual,Credit Card,2024-08-22,2024-12-04
SUB-007733,ACC-102923,Business,1,565.96,EUR,0,Annual,ACH,04/12/2024,
SUB-007734,ACC-101810,Business,4,$785.37,USD,0,Monthly,Credit Card,08/05/2022,
SUB-007735,ACC-103486,Pro,3,204.76,USD,25,Annual,Credit Card,2025-08-23,
SUB-007736,ACC-103141,Starter,2,50.87,EUR,0,Annual,Credit Card,22-Feb-2024,2025-11-22
SUB-007737,ACC-101827,Pro,3,279.41,USD,0,Monthly,ACH,10/24/2022,2025-10-21
SUB-007738,ACC-101827,Business,2,629,USD,0,Monthly,Credit Card,2025-10-21,05/04/2026
SUB-007739,ACC-101827,Pro,3,$ 262,USD,0,Annual,Credit Card,2026-05-04,
SUB-007740,ACC-101155,Pro,5,348.23,USD,0,Monthly,Credit Card,2022-11-20,2023-03-10
SUB-007741,ACC-101155,Business,4,$920.94,USD,0,Annual,credit card,03/10/2023,2025-12-20
SUB-007742,ACC-101324,Pro,4,321.63,USD,0,Monthly,Credit Card,2022-02-01,2023-07-20
SUB-007743,ACC-101324,Starter,2,$ 60,USD,0,Monthly,Credit Card,2023-07-20,01/02/2025
SUB-007744,ACC-104312,Pro,3,$ 234,USD,0,Monthly,Credit Card,07/21/2024,
SUB-007745,ACC-100510,Starter,3,$59.74,USD,0,Monthly,,03/14/2022,
SUB-007746,ACC-101680,Pro,1,€ 221,EUR,0,Monthly,Credit Card,2024-11-27,03/27/2026
SUB-007747,ACC-100499,Business,4,863.43,USD,5,Monthly,Invoice,2023-12-04,2025/01/02
SUB-007748,ACC-100499,Pro,2,219,USD,0,Monthly,Invoice,02-Jan-2025,
SUB-007749,ACC-105517,Pro,3,245.85,USD,0,Monthly,Credit Card,2024-10-28,2025-03-04
SUB-007750,ACC-105517,Enterprise,4,"2,670.93",USD,0,Monthly,Credit Card,04/03/2025,
SUB-007751,ACC-101856,Business,1,614,EUR,0,Monthly,ACH,17-Aug-2024,
SUB-007752,ACC-101388,Pro,1,€ 203,EUR,0,Annual,Invoice,23/05/2023,11/23/2025
SUB-007753,ACC-103719,Starter,2,65,USD,0,Monthly,Credit Card,2024-01-12,10/12/2024
SUB-007754,ACC-102386,Pro,1,200.98,USD,0,Monthly,ACH,2023-10-22,2023-12-02
SUB-007755,ACC-102386,Business,2,685.60,USD,-10,Annual,Invoice,12/02/2023,
SUB-007756,ACC-103236,Starter,15,150.23,USD,0,Annual,Credit Card,12/08/2023,
SUB-007757,ACC-101540,Starter,3,$63.82,USD,0,Annual,Invoice,2025-07-04,
SUB-007758,ACC-101217,Starter,3,64,USD,0,Monthly,Credit Card,2023-07-15,2023-12-15
SUB-007759,ACC-102681,Starter,1,48,USD,0,Monthly,credit card,06/10/2022,2026-01-10
SUB-007760,ACC-102993,Starter,3,$71.28,USD,0,Monthly,Credit Card,01/15/2024,2024-05-24
SUB-007761,ACC-102993,Business,3,$ 706,USD,0,Annual,ACH,05/24/2024,2024-12-19
SUB-007762,ACC-102993,Starter,6,$79.78,USD,0,Monthly,Credit Card,2024-12-19,2025-02-15
SUB-007763,ACC-101191,Starter,2,60.98,USD,0,Monthly,Credit Card,06/03/2023,2025-07-28
SUB-007764,ACC-101191,Pro,5,390,USD,-10,Monthly,Credit Card,2025-07-28,
SUB-007765,ACC-105293,Starter,2,$57.23,USD,0,Annual,Credit Card,2025-03-25,
SUB-007766,ACC-101542,Starter,4,$56.37,USD,25,Monthly,Invoice,2022-08-26,2026-01-26
SUB-007767,ACC-103301,Business,3,747.65,GBP,0,Monthly,Credit Card,25-Apr-2022,2022-06-01
SUB-007768,ACC-103301,Pro,1,187.01,GBP,0,Monthly,Credit Card,2022-06-01,2022-08-19
SUB-007769,ACC-103301,Business,3,858,GBP,0,Annual,Credit Card,2022-08-19,2022-09-25
SUB-007770,ACC-103324,Pro,10,413.49,USD,10,Annual,Invoice,2024-01-08,
SUB-007771,ACC-102539,Starter,6,80.14,EUR,0,Annual,Credit Card,2022-12-20,2025-04-20
SUB-007772,ACC-100953,Starter,5,£73.58,GBP,0,Annual,Credit Card,07/23/2024,
SUB-007773,ACC-104846,Starter,2,51.70,USD,0,Annual,Credit Card,12-Dec-2024,2025/03/23
SUB-007774,ACC-104846,Pro,2,$ 254,USD,0,Monthly,,2025-03-23,05/12/2025
SUB-007775,ACC-104330,Pro,6,$348.09,USD,0,Monthly,ACH,07-May-2022,
SUB-007776,ACC-100732,Starter,1,$ 55,USD,0,Monthly,Credit Card,31-Jul-2024,2024/08/31
SUB-007777,ACC-101156,Starter,1,53,USD,0,Monthly,Credit Card,2024-03-24,2025-08-23
SUB-007778,ACC-101156,Enterprise,2,"$2,158.72",USD,10,Monthly,ACH,23/08/2025,24-Apr-2026
SUB-007779,ACC-105638,Pro,3,178.01,USD,25,Annual,Credit Card,10-Jun-2023,01/02/2024
SUB-007780,ACC-105638,Enterprise,5,"2,903.32",USD,0,Monthly,ACH,2024-02-01,05/24/2024
SUB-007781,ACC-105638,Pro,4,300.10,USD,0,Monthly,ACH,24/05/2024,10/06/2024
SUB-007782,ACC-103294,Pro,5,329.53,USD,0,Monthly,Credit Card,2023-09-30,08/11/2025
SUB-007783,ACC-103294,Enterprise,1,"2,026.74",USD,0,Monthly,Credit Card,08/11/2025,
SUB-007784,ACC-102982,Starter,3,$67.98,USD,0,Monthly,Credit Card,2022-10-25,2023/08/25
SUB-007785,ACC-105305,Pro,4,302.37,USD,0,Annual,Credit Card,2022-11-20,
SUB-007786,ACC-105161,Pro,3,221.61,GBP,10,Monthly,,2023-04-20,
SUB-007787,ACC-102156,Starter,1,53.57,USD,0,Monthly,credit card,07/09/2024,09/05/2025
SUB-007788,ACC-101062,Business,2,671.82,USD,0,Monthly,ACH,2024-09-13,
SUB-007789,ACC-102616,Starter,2,59.55,USD,0,Annual,Credit Card,2023/01/03,
SUB-007790,ACC-101167,Starter,1,$ 45,USD,0,Monthly,credit card,,22-Feb-2026
SUB-007791,ACC-103222,Pro,2,$ 232,USD,0,Annual,ACH,2022-09-07,
SUB-007792,ACC-103636,Starter,3,$69.56,USD,0,Monthly,Credit Card,08/29/2025,
SUB-007793,ACC-102938,Starter,7,$103.68,USD,0,Monthly,Credit Card,01/12/2022,2022-02-11
SUB-007794,ACC-102938,Pro,5,263.10,USD,25,Monthly,Invoice,2022-02-11,2022-02-12
SUB-007795,ACC-104491,Business,1,643.17,USD,0,Annual,Invoice,01/10/2025,
SUB-007796,ACC-103140,Starter,3,60,EUR,15,Monthly,ACH,2023-09-28,2024-08-07
SUB-007797,ACC-103140,Pro,2,€ 258,EUR,0,Annual,Credit Card,2024-08-07,2024-12-28
SUB-007798,ACC-104980,Business,6,"1,199.73",USD,0,Monthly,Invoice,2023-12-22,2024/07/18
SUB-007799,ACC-104980,Enterprise,7,"3,852.54",USD,0,Annual,ACH,2024/07/18,2024-08-19
SUB-007800,ACC-104980,Starter,10,$ 112,USD,0,Monthly,Invoice,2024-08-19,2024-08-22
SUB-007801,ACC-100143,Pro,4,215.72,GBP,25,Monthly,ACH,04/21/2024,
SUB-007802,ACC-103577,Pro,3,241.42,USD,0,Monthly,Credit Card,2023-05-10,
SUB-007803,ACC-104946,Business,3,789,USD,0,Annual,Credit Card,08/05/2025,
SUB-007804,ACC-102782,Starter,5,88.06,USD,0,Monthly,Invoice,08/04/2025,
SUB-007805,ACC-100717,Pro,3,£ 288,GBP,0,Monthly,Credit Card,2024-10-29,
SUB-007806,ACC-101819,Starter,3,61.10,USD,0,Annual,Invoice,04/13/2025,
SUB-007807,ACC-102502,Pro,1,$192.75,USD,0,Monthly,Credit Card,2024-07-02,2025-07-02
SUB-007808,ACC-104360,Pro,5,353.50,USD,0,Monthly,Credit Card,09/25/2023,04/07/2026
SUB-007809,ACC-104360,Starter,2,$63.01,USD,0,Monthly,Credit Card,07/04/2026,
SUB-007810,ACC-104171,Pro,7,256.94,USD,25,Monthly,Invoice,2022/01/05,01/05/2023
SUB-007811,ACC-100395,Starter,3,61,USD,0,Annual,Invoice,03-Jan-2022,2023-11-03
SUB-007812,ACC-105883,Pro,4,$313.44,USD,0,Monthly,ACH,,2025-04-02
SUB-007813,ACC-105883,Enterprise,6,3666,USD,0,Monthly,Invoice,2025-04-02,2026-03-26
SUB-007814,ACC-104492,Starter,3,70,USD,0,Monthly,Credit Card,2024-06-29,
SUB-007815,ACC-101365,Starter,3,$ 69,USD,0,Annual,credit card,2024-01-10,2025-11-10
SUB-007816,ACC-105543,Pro,5,$320.94,USD,0,Annual,Credit Card,2025-03-20,02/04/2026
SUB-007817,ACC-105543,Business,6,$972.31,USD,0,Annual,Credit Card,2026-02-04,2026-04-02
SUB-007818,ACC-105543,Starter,2,51.11,USD,0,Monthly,ACH,2026-04-02,
SUB-007819,ACC-100595,Enterprise,2,"2,235.54",USD,15,Monthly,ACH,2022-01-01,
SUB-007820,ACC-103952,Business,1,667,USD,0,Monthly,Invoice,2023/07/01,2024-02-24
SUB-007821,ACC-103952,Pro,3,271.81,USD,5,Monthly,credit card,02/24/2024,
SUB-007822,ACC-105392,Enterprise,2,"2,362.96",USD,0,Monthly,Credit Card,09/08/2023,
SUB-007823,ACC-104968,Pro,1,224,USD,0,Monthly,,08/06/2025,
SUB-007824,ACC-102914,Starter,2,62.06,USD,0,Monthly,credit card,2025-06-04,04-May-2026
SUB-007825,ACC-102914,Business,1,619.55,USD,0,Monthly,Credit Card,2026-05-04,
SUB-007826,ACC-102326,Business,3,€ 668,EUR,5,Annual,ACH,27/06/2023,
SUB-007827,ACC-103766,Business,3,744,USD,0,Annual,Credit Card,2022-07-01,
SUB-007828,ACC-103440,Business,4,5,USD,150,Monthly,ACH,2024-07-21,2025-05-16
SUB-007829,ACC-103440,Pro,1,187,USD,0,Annual,Credit Card,05/16/2025,
SUB-007830,ACC-103851,Starter,2,$ 62,USD,0,Annual,Credit Card,2024-08-20,
SUB-007831,ACC-104132,Starter,2,$49.73,USD,15,Annual,Invoice,02/09/2023,05/25/2024
SUB-007832,ACC-104132,Pro,3,264.21,USD,0,Monthly,Credit Card,2024-05-25,
SUB-007833,ACC-105580,Starter,1,36.15,USD,25,Monthly,Credit Card,13/10/2024,2026-01-10
SUB-007834,ACC-105580,Enterprise,3,"2,346.76",USD,10,Monthly,,2026-01-10,
SUB-007835,ACC-102143,Pro,1,224.84,GBP,0,Monthly,Invoice,2024-01-17,
SUB-007836,ACC-105073,Pro,3,289.15,USD,0,Monthly,Credit Card,2023-01-03,02-Feb-2023
SUB-007837,ACC-105073,Enterprise,1,"2,014.58",USD,0,Monthly,credit card,02/02/2023,2023-02-03
SUB-007838,ACC-105073,Pro,1,$216.29,USD,0,Monthly,Credit Card,2023-02-03,2023-02-03
SUB-007839,ACC-101571,Starter,2,60.40,USD,0,Annual,Credit Card,2023-01-03,2024-08-03
SUB-007840,ACC-104079,Starter,2,53,USD,0,Monthly,Credit Card,08/15/2022,
SUB-007841,ACC-101122,Business,1,631.49,USD,0,Monthly,Credit Card,24/05/2022,
SUB-007842,ACC-102786,Enterprise,3,"$2,518.25",USD,0,Monthly,Credit Card,20-May-2023,2024-01-30
SUB-007843,ACC-102786,Starter,5,64,USD,10,Monthly,credit card,01/30/2024,2024-05-15
SUB-007844,ACC-102786,Business,1,496.48,USD,25,Monthly,Invoice,15/05/2024,20/12/2025
SUB-007845,ACC-102967,Business,2,$ 766,USD,0,Monthly,,2023-08-08,2026-01-22
SUB-007846,ACC-102967,Pro,4,292.06,USD,0,Annual,Credit Card,22-Jan-2026,
SUB-007847,ACC-102504,Starter,3,$60.01,USD,0,Monthly,credit card,24-Jun-2023,08/24/2025
SUB-007848,ACC-103465,Pro,4,279,USD,0,Monthly,,2022-04-13,2024-11-13
SUB-007849,ACC-100675,Enterprise,2,"$ 2,337",USD,0,Annual,Credit Card,2025-04-11,2025-10-31
SUB-007850,ACC-100675,Starter,4,69.01,USD,0,Monthly,Credit Card,31/10/2025,2026-04-28
SUB-007851,ACC-100675,Business,1,$501.34,USD,15,Annual,credit card,2026-04-28,
SUB-007852,ACC-102808,Pro,4,322.98,USD,0,Monthly,Credit Card,2024-02-16,
SUB-007853,ACC-103348,Business,1,641.39,USD,0,Monthly,Invoice,2024-01-24,
SUB-007854,ACC-100728,Starter,5,61.67,USD,20,Annual,Credit Card,23/02/2023,2023-12-23
SUB-007855,ACC-100412,Starter,2,58.09,GBP,0,Annual,ACH,07/28/2025,01/26/2026
SUB-007856,ACC-100412,Business,5,£ 955,GBP,0,Annual,Invoice,2026-01-26,
SUB-007857,ACC-103146,Starter,9,$ 117,USD,0,Monthly,Credit Card,2023-12-29,29-Jun-2025
SUB-007858,ACC-101516,Pro,3,€5.00,EUR,150,Annual,ACH,2022-07-04,2025/01/11
SUB-007859,ACC-101516,Enterprise,3,2663,EUR,0,Monthly,Credit Card,2025-01-11,13-Jun-2025
SUB-007860,ACC-101516,Business,2,€ 574,EUR,25,Monthly,Credit Card,06/13/2025,
SUB-007861,ACC-100825,Starter,2,56.62,USD,0,Annual,Credit Card,2023/06/21,
SUB-007862,ACC-103267,Pro,10,$500.87,USD,0,Monthly,Invoice,24/05/2024,
SUB-007863,ACC-103974,Starter,1,38.12,USD,25,Monthly,credit card,2025-01-03,2025-02-07
SUB-007864,ACC-103974,Pro,1,196.34,USD,0,Monthly,,2025-02-07,
SUB-007865,ACC-100616,Starter,2,$ 55,USD,0,Monthly,Credit Card,2024-04-20,
SUB-007866,ACC-100114,Starter,1,$54.57,USD,0,Monthly,Invoice,2022-06-26,13/08/2022
SUB-007867,ACC-100114,Pro,3,$263.02,USD,0,Annual,,2022-08-13,2022-11-01
SUB-007868,ACC-100114,Enterprise,6,"$3,209.75",USD,0,Annual,Credit Card,01-Nov-2022,2023-01-26
SUB-007869,ACC-100417,Starter,3,$73.05,USD,0,Monthly,Credit Card,02/10/2024,
SUB-007870,ACC-103069,Starter,5,$77.96,USD,0,Annual,credit card,2024-11-01,
SUB-007871,ACC-101625,Business,2,645,USD,0,Annual,Credit Card,2022-10-09,
SUB-007872,ACC-104185,Starter,4,$60.33,USD,20,Monthly,Credit Card,07/10/2023,2024-09-07
SUB-007873,ACC-102896,Business,2,$570.93,USD,10,Monthly,Invoice,2024-11-18,
SUB-007874,ACC-105683,Starter,1,40.85,USD,15,Annual,credit card,08/12/2024,
SUB-007875,ACC-102082,Enterprise,1,"$2,020.20",USD,0,Annual,Credit Card,17/04/2025,
SUB-007876,ACC-100753,Business,2,757,USD,0,Monthly,Credit Card,2025-02-11,
SUB-007877,ACC-102546,Business,3,724.40,USD,0,Monthly,Credit Card,2023-04-24,2024-06-04
SUB-007878,ACC-102546,Pro,4,296.27,USD,0,Monthly,ACH,2024-06-04,24/02/2025
SUB-007879,ACC-103969,Enterprise,2,2197,USD,0,Annual,credit card,2023-01-08,2024-10-14
SUB-007880,ACC-103969,Starter,3,71.06,USD,0,Annual,Credit Card,2024/10/14,
SUB-007881,ACC-104107,Business,2,$649.82,USD,0,Monthly,Credit Card,2022/09/21,
SUB-007882,ACC-102444,Business,1,660.09,USD,0,Monthly,Credit Card,2022/07/23,
SUB-007883,ACC-104380,Pro,7,$399.07,USD,0,Monthly,Credit Card,16/11/2022,28/03/2023
SUB-007884,ACC-104380,Enterprise,2,2616,USD,0,Monthly,Credit Card,28-Mar-2023,16-Apr-2023
SUB-007885,ACC-101066,Starter,2,57.82,USD,0,Monthly,ACH,2022-04-30,2024-02-08
SUB-007886,ACC-101066,Enterprise,1,"$1,887.90",USD,0,Monthly,Credit Card,2024-02-08,2024-06-19
SUB-007887,ACC-101066,Pro,2,210.97,USD,0,Monthly,Credit Card,19-Jun-2024,2024-06-30
SUB-007888,ACC-103913,Business,4,893,USD,0,Monthly,Credit Card,2023-04-20,
SUB-007889,ACC-105287,Business,1,$583.55,USD,0,Monthly,ACH,2022-01-24,09/26/2022
SUB-007890,ACC-105287,Pro,4,330.10,USD,0,Annual,Invoice,09/26/2022,2023-07-24
SUB-007891,ACC-105536,Business,3,731,GBP,0,Monthly,ACH,27/05/2025,
SUB-007892,ACC-105387,Pro,3,247,USD,0,Annual,ACH,26-Oct-2024,2025-04-28
SUB-007893,ACC-105387,Starter,1,50.38,USD,0,Monthly,Credit Card,2025-04-28,06/08/2025
SUB-007894,ACC-105387,Enterprise,17,"5,257.01",USD,20,Annual,Invoice,06/08/2025,2025-10-26
SUB-007895,ACC-103498,Business,18,"2,394.05",GBP,0,Monthly,Invoice,2022-02-26,2024-01-24
SUB-007896,ACC-103498,Enterprise,3,2936,GBP,0,Monthly,Invoice,2024-01-24,
SUB-007897,ACC-102738,Enterprise,3,"£2,591.03",GBP,0,Monthly,Credit Card,2024-02-12,
SUB-007898,ACC-105052,Starter,6,93.84,USD,0,Monthly,Invoice,04/03/2023,2024-09-04
SUB-007899,ACC-105052,Business,6,"1,008.21",USD,0,Monthly,Credit Card,2024-09-04,
SUB-007900,ACC-104000,Business,3,781.43,EUR,0,Monthly,Credit Card,04/11/2025,2026-01-25
SUB-007901,ACC-104000,Enterprise,1,"€2,266.01",EUR,0,Monthly,Credit Card,2026-01-25,
SUB-007902,ACC-101568,Business,2,$ 534,USD,20,Monthly,ACH,22-Sep-2024,2025-09-22
SUB-007903,ACC-102427,Starter,1,$48.44,USD,0,Monthly,ACH,03/11/2022,
SUB-007904,ACC-105642,Starter,2,58.49,EUR,0,Annual,ACH,10/02/2022,2022-04-10
SUB-007905,ACC-101687,Pro,1,$224.77,USD,0,Annual,Invoice,07/09/2022,
SUB-007906,ACC-100851,Pro,5,$319.72,USD,10,Monthly,Credit Card,05/27/2023,
SUB-007907,ACC-103546,Pro,1,159,USD,20,Monthly,Credit Card,2022-06-10,2023-12-10
SUB-007908,ACC-100895,Starter,3,68,EUR,0,Monthly,Invoice,2025/02/14,
SUB-007909,ACC-104592,Business,1,$ 687,USD,0,Annual,Credit Card,01/01/2022,2022-06-05
SUB-007910,ACC-104592,Enterprise,3,"2,504.75",USD,10,Monthly,Invoice,06/05/2022,2022-07-01
SUB-007911,ACC-100335,Business,3,671,GBP,20,Monthly,Credit Card,2022-06-15,2024-09-15
SUB-007912,ACC-102839,Starter,2,59.59,USD,0,Annual,Credit Card,2024-06-29,12/08/2024
SUB-007913,ACC-102839,Business,1,$ 610,USD,10,Monthly,Credit Card,12/08/2024,01/29/2025
SUB-007914,ACC-103087,Starter,2,$54.13,USD,0,Annual,Credit Card,2022-01-03,26-Mar-2022
SUB-007915,ACC-103087,Enterprise,2,1992,USD,5,Annual,Credit Card,03/26/2022,2025-10-03
SUB-007916,ACC-104611,Pro,1,168.32,EUR,15,Annual,ACH,2023-02-14,
SUB-007917,ACC-101348,Starter,3,71.81,USD,0,Annual,Credit Card,2022-01-02,02/08/2022
SUB-007918,ACC-101015,Pro,3,264,USD,5,Monthly,Credit Card,2025/06/01,
SUB-007919,ACC-102816,Pro,3,$ 255,USD,0,Annual,Invoice,2023-08-02,
SUB-007920,ACC-101631,Starter,1,$51.14,USD,0,Monthly,Credit Card,03/15/2022,2023-08-15
SUB-007921,ACC-102489,Business,2,629.81,USD,0,Monthly,Credit Card,2025-03-12,2025-08-12
SUB-007922,ACC-103251,Pro,1,218.17,USD,0,Annual,Credit Card,13/02/2024,13-May-2024
SUB-007923,ACC-105636,Starter,4,73,USD,0,Monthly,ACH,2024-11-06,
SUB-007924,ACC-102070,Business,5,"1,073.20",USD,0,Monthly,Credit Card,2022-09-08,13/06/2023
SUB-007925,ACC-102070,Enterprise,4,"3,117.26",USD,0,Monthly,Credit Card,06/13/2023,2025-03-08
SUB-007926,ACC-104452,Business,5,"$1,090.34",USD,0,Monthly,credit card,2025-07-17,
SUB-007927,ACC-105946,Pro,3,$216.89,USD,10,Monthly,ACH,15-Nov-2023,
SUB-007928,ACC-105408,Business,1,$566.46,USD,0,Monthly,Credit Card,2024-08-15,
SUB-007929,ACC-101635,Starter,3,64.49,USD,0,Monthly,credit card,2022/05/15,2023-03-07
SUB-007930,ACC-101635,Pro,5,279.99,USD,5,Monthly,Credit Card,03/07/2023,15-Mar-2023
SUB-007931,ACC-101635,Business,2,$ 497,USD,25,Annual,credit card,2023-03-15,2023-03-15
SUB-007932,ACC-104646,Starter,5,83.66,USD,0,Monthly,credit card,2024-01-10,01/15/2025
SUB-007933,ACC-104646,Pro,2,213.04,USD,0,Monthly,Invoice,01/15/2025,2025-12-24
SUB-007934,ACC-104646,Enterprise,7,"3,890.63",USD,0,Monthly,Credit Card,2025-12-24,
SUB-007935,ACC-102479,Pro,5,€ 323,EUR,10,Annual,Credit Card,06/13/2025,2026-02-04
SUB-007936,ACC-102479,Enterprise,10,"€ 5,185",EUR,0,Monthly,Invoice,02/04/2026,
SUB-007937,ACC-102265,Starter,7,84.92,USD,0,Monthly,,2025/08/12,2025-12-15
SUB-007938,ACC-102265,Business,2,537,USD,20,Monthly,Invoice,2025-12-15,
SUB-007939,ACC-102959,Business,3,$ 794,USD,0,Annual,Credit Card,2023-10-20,2025-04-20
SUB-007940,ACC-105323,Starter,7,87.84,USD,0,Annual,credit card,15-Sep-2024,2024/12/15
SUB-007941,ACC-105754,Starter,2,63.23,USD,0,Monthly,Credit Card,2023-03-13,2026-03-28
SUB-007942,ACC-105754,Business,1,561.22,USD,0,Annual,ACH,2026-03-28,
SUB-007943,ACC-103059,Pro,1,$200.78,USD,0,Annual,Credit Card,09-Aug-2023,09-Jan-2024
SUB-007944,ACC-105053,Starter,6,94,USD,-10,Monthly,Invoice,2023-09-18,2023/10/18
SUB-007945,ACC-102141,Starter,1,49.41,EUR,0,Monthly,Credit Card,2025-01-07,02/27/2025
SUB-007946,ACC-102141,Enterprise,4,"€ 2,848",EUR,0,Annual,credit card,2025-02-27,2025-03-07
SUB-007947,ACC-105104,Pro,1,207.69,USD,5,Annual,Invoice,2024-04-01,
SUB-007948,ACC-103118,Pro,5,351,USD,0,Monthly,Invoice,2024/04/01,
SUB-007949,ACC-105188,Starter,2,$60.64,USD,0,Monthly,,2025-03-29,05/16/2025
SUB-007950,ACC-105188,Enterprise,1,"$1,767.89",USD,10,Monthly,ACH,05/16/2025,2026-04-29
SUB-007951,ACC-105746,Starter,1,41.10,GBP,20,Monthly,Credit Card,2024-07-10,
SUB-007952,ACC-104045,Starter,3,$71.77,USD,0,Monthly,credit card,2023-02-12,2025-05-12
SUB-007953,ACC-103356,Starter,2,$ 59,USD,0,Monthly,Credit Card,03-Jun-2025,
SUB-007954,ACC-102744,Business,4,$ 713,USD,25,Annual,,2023-07-07,
SUB-007955,ACC-105092,Business,2,636,EUR,0,Monthly,Credit Card,2025-05-12,2025-07-12
SUB-007956,ACC-103506,Business,5,839.51,USD,20,Annual,credit card,2024-07-14,2024/08/14
SUB-007957,ACC-101679,Pro,3,$252.87,USD,0,Annual,Credit Card,2024-05-29,
SUB-007958,ACC-104249,Starter,12,$106.71,USD,10,Monthly,Credit Card,2025-02-23,2025-12-31
SUB-007959,ACC-104249,Enterprise,30,7885,USD,20,Monthly,Credit Card,2025-12-31,
SUB-007960,ACC-103147,Enterprise,1,2004,USD,0,Monthly,,01/14/2024,2025-08-14
SUB-007961,ACC-102294,Pro,2,187,USD,10,Monthly,Credit Card,2024-11-25,
SUB-007962,ACC-100580,Business,1,€561.85,EUR,0,Monthly,ACH,2023-12-05,06/06/2025
SUB-007963,ACC-100580,Pro,1,€196.34,EUR,0,Monthly,ACH,2025-06-06,
SUB-007964,ACC-101470,Starter,4,70,EUR,0,Monthly,credit card,2022-03-22,
SUB-007965,ACC-104799,Pro,2,213.75,USD,0,Annual,Credit Card,08/01/2022,2025-11-08
SUB-007966,ACC-104070,Business,4,744.99,USD,25,Monthly,Credit Card,2025-03-10,
SUB-007967,ACC-105308,Business,2,$ 747,USD,0,Monthly,Credit Card,2024-09-10,
SUB-007968,ACC-103343,Starter,2,58.23,USD,0,Monthly,Credit Card,2025-02-23,2026-05-23
SUB-007969,ACC-104992,Enterprise,4,"$2,447.99",USD,20,Annual,Credit Card,07/12/2024,2024-08-30
SUB-007970,ACC-104992,Business,3,$ 577,USD,25,Monthly,ACH,2024-08-30,
SUB-007971,ACC-104583,Pro,1,208.91,GBP,0,Annual,ACH,2023-10-02,
SUB-007972,ACC-103672,Business,7,"$1,026.47",USD,0,Monthly,Credit Card,2022-09-01,06/09/2023
SUB-007973,ACC-103672,Pro,2,213.06,USD,0,Annual,Invoice,06/09/2023,
SUB-007974,ACC-100559,Pro,7,391,USD,0,Monthly,Credit Card,2023-08-23,
SUB-007975,ACC-105237,Pro,6,$ 325,USD,10,Monthly,Credit Card,2023-07-23,2026-02-06
SUB-007976,ACC-105237,Enterprise,3,"$2,629.20",USD,0,Monthly,,,
SUB-007977,ACC-105215,Starter,3,66.00,USD,0,Monthly,Credit Card,12/09/2024,2025-07-09
SUB-007978,ACC-102849,Pro,1,199.62,EUR,0,Annual,Credit Card,01-Apr-2023,2023-11-04
SUB-007979,ACC-102849,Starter,1,€51.42,EUR,0,Annual,Credit Card,2023-11-04,07-Jun-2024
SUB-007980,ACC-102849,Pro,2,254,EUR,0,Annual,Invoice,06/07/2024,02/01/2026
SUB-007981,ACC-100512,Pro,2,$241.02,USD,0,Annual,Credit Card,11/08/2025,
SUB-007982,ACC-104729,Starter,2,$54.39,USD,0,Monthly,Credit Card,11-Aug-2024,2025-03-11
SUB-007983,ACC-101081,Business,1,$ 448,USD,25,Annual,,2025-04-26,2026-04-02
SUB-007984,ACC-101081,Enterprise,2,2145,USD,0,Annual,,2026-04-02,
SUB-007985,ACC-101664,Business,1,637,USD,0,Monthly,Credit Card,10/07/2025,08/29/2025
SUB-007986,ACC-101664,Starter,5,84.41,USD,0,Annual,credit card,2025-08-29,10-Sep-2025
SUB-007987,ACC-101012,Enterprise,3,"2,819.06",USD,0,Monthly,Credit Card,2025-08-06,
SUB-007988,ACC-101931,Business,2,695.00,USD,0,Monthly,Credit Card,2023-12-29,2024-06-26
SUB-007989,ACC-101931,Enterprise,1,"2,048.51",USD,0,Monthly,Invoice,2024-06-26,
SUB-007990,ACC-101150,Pro,2,252.57,USD,0,Annual,Credit Card,01/06/2023,06/04/2025
SUB-007991,ACC-102838,Starter,1,$ 50,USD,0,Monthly,,25-Jun-2022,
SUB-007992,ACC-100116,Starter,1,54,USD,0,Monthly,Credit Card,27-Aug-2024,
SUB-007993,ACC-100740,Starter,4,$72.46,USD,0,Monthly,Invoice,2025-03-05,02/05/2025
SUB-007994,ACC-100740,Enterprise,1,"2,007.85",USD,0,Annual,Credit Card,05/02/2025,05/06/2025
SUB-007995,ACC-105845,Starter,1,53,USD,0,Annual,Credit Card,2022-07-12,2022-11-12
SUB-007996,ACC-105177,Pro,10,491.90,USD,0,Monthly,Credit Card,2023-04-09,2026-03-09
SUB-007997,ACC-103675,Business,1,$647.95,USD,5,Monthly,Credit Card,08/20/2024,10/18/2024
SUB-007998,ACC-103675,Pro,2,223.19,USD,0,Annual,Credit Card,10/18/2024,
SUB-007999,ACC-100830,Starter,5,68.28,USD,20,Monthly,Invoice,07/12/2025,12/05/2026
SUB-008000,ACC-100119,Starter,9,$ 114,USD,0,Annual,Credit Card,2024-02-08,2025-11-17
SUB-008001,ACC-100119,Pro,3,$ 249,USD,0,Monthly,Credit Card,17/11/2025,
SUB-008002,ACC-104752,Starter,2,54.96,USD,0,Annual,Credit Card,2023-04-01,2025-02-01
SUB-008003,ACC-105811,Starter,2,55.05,EUR,5,Annual,Credit Card,2022-01-02,
SUB-008004,ACC-105763,Starter,1,45.19,USD,0,Monthly,Credit Card,2023/01/09,09/05/2023
SUB-008005,ACC-100635,Pro,3,291,USD,0,Monthly,Credit Card,2024-07-17,
SUB-008006,ACC-104465,Pro,1,$220.37,USD,0,Monthly,ACH,2024-01-31,
SUB-008007,ACC-104364,Starter,2,54,USD,15,Monthly,Credit Card,2022-11-30,2025-11-19
SUB-008008,ACC-104364,Pro,2,$224.87,USD,0,Monthly,Credit Card,19-Nov-2025,
SUB-008009,ACC-104142,Pro,1,223.96,USD,0,Monthly,ACH,03/07/2023,2025/04/07
SUB-008010,ACC-100991,Starter,2,55.00,USD,0,Monthly,Credit Card,2022-12-02,02/09/2024
SUB-008011,ACC-100876,Business,3,801.32,USD,0,Monthly,Credit Card,2024-07-13,10/15/2024
SUB-008012,ACC-100876,Pro,2,188,USD,25,Monthly,Credit Card,15-Oct-2024,2024-11-13
SUB-008013,ACC-104869,Business,3,715.84,USD,0,Monthly,ACH,23/03/2023,
SUB-008014,ACC-105315,Business,3,$655.69,USD,25,Monthly,ACH,2023-10-11,03/11/2026
SUB-008015,ACC-105222,Starter,3,$ 67,USD,5,Monthly,Credit Card,06/11/2022,2022-10-07
SUB-008016,ACC-105222,Pro,1,184,USD,0,Monthly,Credit Card,2022-10-07,2022-12-11
SUB-008017,ACC-100004,Enterprise,2,"$2,271.59",USD,0,Annual,Credit Card,2025-04-19,11/19/2025
SUB-008018,ACC-103051,Starter,3,69.44,EUR,0,Annual,Invoice,2022-11-19,2023-03-19
SUB-008019,ACC-103124,Starter,1,46.90,USD,0,Monthly,Invoice,03-Dec-2022,2025/02/03
SUB-008020,ACC-102660,Starter,1,47,USD,0,Monthly,Credit Card,2023-05-09,08/09/2025
SUB-008021,ACC-102491,Enterprise,4,"$2,896.24",USD,5,Annual,Credit Card,2024-10-16,
SUB-008022,ACC-105173,Pro,3,266.13,USD,10,Annual,Credit Card,08/10/2023,2024-11-29
SUB-008023,ACC-105173,Business,2,720,USD,0,Monthly,Credit Card,2024-11-29,11/08/2025
SUB-008024,ACC-103854,Pro,1,209.60,USD,0,Monthly,Credit Card,2024-05-21,
SUB-008025,ACC-104933,Starter,3,$59.60,USD,0,Annual,ACH,19-Feb-2023,2025-08-19
SUB-008026,ACC-104777,Business,3,$744.12,USD,0,Monthly,Invoice,2023-12-22,
SUB-008027,ACC-101148,Pro,1,$181.21,USD,20,Monthly,credit card,04/24/2024,
SUB-008028,ACC-103261,Business,4,835.22,USD,0,Monthly,Credit Card,02/03/2025,
SUB-008029,ACC-100574,Starter,6,89.92,EUR,0,Annual,credit card,2024/10/18,2025-09-09
SUB-008030,ACC-100574,Enterprise,11,4813,EUR,0,Monthly,Credit Card,09/09/2025,
SUB-008031,ACC-103769,Starter,2,53.21,USD,0,Monthly,Credit Card,2023-04-17,30/10/2025
SUB-008032,ACC-103769,Pro,2,$ 5,USD,150,Monthly,Credit Card,2025/10/30,02/17/2026
SUB-008033,ACC-103736,Pro,4,211.08,USD,25,Monthly,ACH,10/10/2023,
SUB-008034,ACC-104146,Starter,5,86.38,USD,0,Monthly,credit card,17/05/2023,17/02/2025
SUB-008035,ACC-100853,Starter,3,67.07,USD,0,Annual,ACH,2023-03-05,
SUB-008036,ACC-101982,Enterprise,1,"$ 2,134",USD,0,Annual,ACH,2024/10/10,
SUB-008037,ACC-102774,Business,2,485.93,USD,25,Monthly,Credit Card,01-Jul-2025,2025-10-21
SUB-008038,ACC-102774,Pro,4,$309.22,USD,0,Monthly,Credit Card,2025-10-21,
SUB-008039,ACC-104929,Pro,2,258.02,USD,0,Annual,Credit Card,2024/12/20,
SUB-008040,ACC-105211,Pro,5,309.25,USD,0,Monthly,Credit Card,07/05/2025,
SUB-008041,ACC-101166,Business,6,"1,052.36",EUR,10,Annual,Credit Card,2022-12-04,
SUB-008042,ACC-100971,Pro,3,$251.86,USD,0,Annual,,2025-03-02,07/09/2025
SUB-008043,ACC-100971,Business,1,573.56,USD,0,Monthly,Credit Card,07/09/2025,2025-09-02
SUB-008044,ACC-102701,Business,3,$714.99,USD,0,Annual,credit card,2024-07-13,2025-12-13
SUB-008045,ACC-104495,Business,3,$799.27,USD,0,Monthly,Credit Card,12/26/2024,2026-04-27
SUB-008046,ACC-104495,Enterprise,1,"$2,214.78",USD,0,Annual,credit card,2026-04-27,
SUB-008047,ACC-103847,Pro,2,253.68,USD,0,Annual,Credit Card,03/27/2024,2026-02-21
SUB-008048,ACC-103847,Enterprise,7,"$3,508.25",USD,0,Monthly,Credit Card,2026-02-21,
SUB-008049,ACC-102368,Business,3,$762.28,USD,0,Monthly,Credit Card,2022-04-17,17/11/2025
SUB-008050,ACC-104115,Business,1,£649.28,GBP,0,Annual,Credit Card,2024-07-30,10/29/2025
SUB-008051,ACC-104115,Enterprise,1,"£ 1,851",GBP,0,Monthly,ACH,2025-10-29,
SUB-008052,ACC-104780,Pro,5,301,USD,0,Monthly,ACH,2025-06-01,18/09/2025
SUB-008053,ACC-104780,Business,4,798,USD,0,Monthly,Invoice,2025-09-18,
SUB-008054,ACC-104131,Business,2,$718.50,USD,0,Annual,Invoice,15/06/2022,05/15/2026
SUB-008055,ACC-102950,Starter,2,61.19,USD,0,Annual,ACH,2024-01-06,2026-02-10
SUB-008056,ACC-102950,Pro,6,$ 353,USD,10,Annual,Credit Card,10/02/2026,
SUB-008057,ACC-105625,Enterprise,13,"5,978.94",USD,0,Monthly,Credit Card,08/08/2022,11/08/2022
SUB-008058,ACC-105625,Starter,3,70.37,USD,0,Annual,Credit Card,2022-11-08,04/08/2023
SUB-008059,ACC-100524,Business,2,$743.99,USD,0,Monthly,Credit Card,2023-11-23,
SUB-008060,ACC-102455,Business,1,$651.94,USD,0,Annual,Credit Card,2024-04-02,
SUB-008061,ACC-105016,Starter,1,56.13,USD,0,Annual,Credit Card,2023-09-28,2025-03-28
SUB-008062,ACC-101841,Business,2,717.57,USD,0,Annual,Credit Card,17/07/2024,2025-11-17
SUB-008063,ACC-100537,Starter,1,53.14,USD,0,Monthly,Credit Card,29-Jul-2023,2023-09-29
SUB-008064,ACC-102806,Starter,1,44,USD,0,Monthly,Credit Card,2023-08-15,2024-09-15
SUB-008065,ACC-105596,Enterprise,6,"$3,195.55",USD,0,Monthly,Credit Card,2024-06-15,
SUB-008066,ACC-104341,Pro,6,251.20,USD,25,Monthly,Credit Card,2022-05-27,2025-11-08
SUB-008067,ACC-104341,Business,2,$717.76,USD,0,Monthly,Credit Card,2025/11/08,20/03/2026
SUB-008068,ACC-104341,Pro,3,259.09,USD,0,Monthly,Invoice,2026-03-20,
SUB-008069,ACC-100784,Enterprise,2,"2,157.34",EUR,5,Annual,Invoice,2025-05-19,
SUB-008070,ACC-104057,Pro,2,183.80,USD,25,Monthly,Credit Card,2022-04-26,2022-12-26
SUB-008071,ACC-101409,Starter,4,65.11,USD,0,Annual,credit card,2024-06-10,10/24/2025
SUB-008072,ACC-101409,Business,1,596.78,USD,0,Annual,Credit Card,10/24/2025,
SUB-008073,ACC-102537,Starter,1,$ 51,USD,0,Annual,Invoice,05/05/2023,
SUB-008074,ACC-100154,Business,4,804,USD,10,Annual,Credit Card,2024-06-04,2025-01-20
SUB-008075,ACC-100154,Pro,10,404.15,USD,15,Monthly,credit card,2025-01-20,2026-03-04
SUB-008076,ACC-103009,Starter,6,€90.83,EUR,0,Annual,Credit Card,29-Nov-2022,2022-12-29
SUB-008077,ACC-101686,Starter,6,93,USD,0,Annual,Credit Card,2023-11-19,
SUB-008078,ACC-102901,Starter,2,62.04,USD,0,Monthly,credit card,2024-06-18,
SUB-008079,ACC-104721,Starter,3,72.09,GBP,0,Annual,Credit Card,2022-03-17,2022-12-17
SUB-008080,ACC-103863,Enterprise,4,"$ 2,884",USD,0,Monthly,Credit Card,26-Feb-2024,01/11/2026
SUB-008081,ACC-103863,Pro,3,$ 243,USD,0,Monthly,ACH,2026-01-11,
SUB-008082,ACC-102733,Business,5,"1,080.10",USD,0,Annual,Credit Card,2024-01-03,23/05/2024
SUB-008083,ACC-102733,Starter,2,58.35,USD,0,Monthly,Credit Card,2024-05-23,2025-03-03
SUB-008084,ACC-101895,Pro,3,267.31,GBP,0,Annual,ACH,23/07/2024,2025-07-05
SUB-008085,ACC-101895,Enterprise,4,"£3,238.96",GBP,0,Monthly,Invoice,2025-07-05,
SUB-008086,ACC-105442,Starter,3,$64.13,USD,0,Annual,ACH,2022-03-24,2022-12-24
SUB-008087,ACC-100569,Enterprise,4,"€2,740.47",EUR,0,Annual,Credit Card,2023-07-26,
SUB-008088,ACC-101816,Business,3,797.90,USD,10,Monthly,Credit Card,2024-03-27,09/27/2025
SUB-008089,ACC-102065,Starter,2,64.63,USD,0,Monthly,credit card,2025-07-21,05/10/2026
SUB-008090,ACC-102065,Pro,1,$201.65,USD,0,Monthly,Invoice,05/10/2026,
SUB-008091,ACC-100127,Starter,5,€72.65,EUR,10,Monthly,ACH,2024-07-20,
SUB-008092,ACC-103394,Business,6,"1,129.07",EUR,0,Annual,Credit Card,2024-09-29,
SUB-008093,ACC-103327,Pro,3,$264.66,USD,0,Monthly,Invoice,2022-10-17,12/25/2023
SUB-008094,ACC-103327,Business,4,$854.21,USD,0,Monthly,Credit Card,12/25/2023,2024-02-08
SUB-008095,ACC-103327,Starter,2,61.15,USD,0,Monthly,credit card,2024-02-08,2024-02-17
SUB-008096,ACC-102975,Starter,1,$ 52,USD,0,Annual,Credit Card,05/11/2022,2023-12-20
SUB-008097,ACC-102975,Business,3,$ 731,USD,0,Annual,,20-Dec-2023,
SUB-008098,ACC-100980,Pro,8,$458.14,USD,0,Monthly,Credit Card,05-Dec-2023,2025-01-25
SUB-008099,ACC-100980,Enterprise,5,"$3,193.24",USD,0,Monthly,Credit Card,2025-01-25,2025-03-12
SUB-008100,ACC-100980,Business,1,$634.64,USD,0,Monthly,Credit Card,2025-03-12,
SUB-008101,ACC-102300,Starter,2,59.73,USD,0,Monthly,Credit Card,2023-01-20,30-Jul-2025
SUB-008102,ACC-102300,Business,1,$687.06,USD,0,Annual,Credit Card,07/30/2025,
SUB-008103,ACC-100190,Pro,1,183.69,USD,0,Annual,Invoice,2023-10-17,2026-01-17
SUB-008104,ACC-101139,Starter,6,91.09,USD,0,Monthly,Credit Card,2025-06-27,2025-11-16
SUB-008105,ACC-101139,Business,10,"1,576.32",USD,0,Annual,Credit Card,11/16/2025,
SUB-008106,ACC-105088,Enterprise,3,"$ 2,607",USD,10,Monthly,Invoice,07/13/2022,2023-02-22
SUB-008107,ACC-105088,Business,5,948.82,USD,0,Annual,Credit Card,02/22/2023,2023-09-13
SUB-008108,ACC-100699,Pro,2,208,USD,0,Monthly,,2023-04-21,2024-07-21
SUB-008109,ACC-105812,Starter,1,$ 52,USD,0,Monthly,Invoice,06/04/2023,05/27/2023
SUB-008110,ACC-105812,Enterprise,1,"$ 2,170",USD,0,Monthly,Credit Card,2023-05-27,
SUB-008111,ACC-100606,Pro,3,$ 288,USD,0,Monthly,Credit Card,2025-08-26,2025-11-26
SUB-008112,ACC-104276,Starter,3,71.77,USD,0,Monthly,credit card,2022-06-23,2023-09-23
SUB-008113,ACC-100301,Starter,4,75.02,GBP,0,Monthly,Credit Card,10/14/2023,14-Feb-2025
SUB-008114,ACC-103420,Pro,3,292.81,USD,0,Monthly,Credit Card,2024-10-05,2026/02/21
SUB-008115,ACC-103420,Starter,2,64.70,USD,0,Monthly,Invoice,21-Feb-2026,
SUB-008116,ACC-105859,Enterprise,3,"$ 2,507",USD,5,Monthly,credit card,2024-07-22,08/22/2025
SUB-008117,ACC-101060,Starter,3,55,USD,5,Monthly,,2024-03-28,07-Aug-2025
SUB-008118,ACC-101060,Business,5,"1,098.42",USD,0,Monthly,Credit Card,2025-08-07,
SUB-008119,ACC-102565,Business,2,673.27,USD,0,Annual,credit card,12/24/2024,2025-01-24
SUB-008120,ACC-101069,Business,2,780.27,USD,0,Annual,ACH,20/09/2024,08/20/2025
SUB-008121,ACC-102524,Pro,1,178,USD,5,Monthly,Credit Card,22/10/2023,2025-07-05
SUB-008122,ACC-102524,Enterprise,1,"2,048.15",USD,0,Monthly,credit card,2025/07/05,2025-11-20
SUB-008123,ACC-102524,Business,4,917.72,USD,0,Monthly,Credit Card,2025-11-20,
SUB-008124,ACC-102205,Pro,2,252.46,USD,0,Monthly,ACH,02/08/2022,
SUB-008125,ACC-101243,Business,3,848.19,GBP,0,Annual,Invoice,2024-11-29,29-May-2026
SUB-008126,ACC-100016,Starter,5,$60.31,USD,20,Annual,Invoice,2023-01-14,14-Jul-2025
SUB-008127,ACC-103120,Pro,2,237.39,USD,0,Monthly,credit card,09/24/2023,
SUB-008128,ACC-104642,Pro,2,249,USD,0,Monthly,Credit Card,12/13/2023,
SUB-008129,ACC-104754,Starter,1,$55.29,USD,0,Monthly,Credit Card,06/22/2022,
SUB-008130,ACC-100815,Business,1,642.58,USD,0,Monthly,Credit Card,2024-12-25,2025-12-25
SUB-008131,ACC-103067,Pro,7,421,USD,0,Monthly,Credit Card,05/07/2022,
SUB-008132,ACC-105817,Business,1,639,USD,0,Monthly,Credit Card,09/16/2022,2024-07-02
SUB-008133,ACC-105817,Starter,1,49.74,USD,0,Annual,credit card,02/07/2024,
SUB-008134,ACC-100959,Pro,2,237.98,EUR,0,Monthly,Invoice,2025-07-09,
SUB-008135,ACC-104893,Business,4,985.79,EUR,0,Annual,,2022-06-21,
SUB-008136,ACC-100225,Starter,11,$130.60,USD,0,Monthly,Credit Card,2023-04-17,
SUB-008137,ACC-103354,Pro,1,€ 192,EUR,0,Monthly,Credit Card,2024/06/24,
SUB-008138,ACC-102485,Pro,5,354,USD,0,Annual,ACH,10/14/2023,
SUB-008139,ACC-100562,Starter,1,53,USD,0,Monthly,credit card,31-May-2024,2026/02/18
SUB-008140,ACC-100562,Business,2,779.48,USD,0,Annual,Invoice,2026-02-18,
SUB-008141,ACC-103436,Enterprise,2,2587,EUR,0,Monthly,credit card,2025-08-06,
SUB-008142,ACC-101693,Starter,3,$60.21,USD,0,Monthly,Credit Card,2024-02-10,
SUB-008143,ACC-101045,Pro,5,335.22,USD,0,Monthly,Invoice,05/01/2024,
SUB-008144,ACC-104565,Business,7,1199,EUR,0,Monthly,Invoice,03-Oct-2022,
SUB-008145,ACC-100954,Business,2,703.98,USD,0,Annual,Credit Card,25-Mar-2025,2025-08-20
SUB-008146,ACC-100954,Pro,3,$250.49,USD,0,Annual,credit card,08/20/2025,
SUB-008147,ACC-102735,Starter,2,$ 56,USD,0,Monthly,Credit Card,2024-10-23,2025-11-23
SUB-008148,ACC-105972,Business,6,943.76,USD,0,Monthly,Credit Card,23/08/2025,11/11/2025
SUB-008149,ACC-105972,Pro,2,$221.67,USD,0,Monthly,Credit Card,2025-11-11,23-Mar-2026
SUB-008150,ACC-104735,Starter,3,$71.35,USD,0,Annual,ACH,2025-04-27,
SUB-008151,ACC-105862,Starter,1,£50.42,GBP,0,Monthly,credit card,2025-03-31,06/11/2025
SUB-008152,ACC-105862,Business,9,"1,377.23",GBP,0,Monthly,Credit Card,2025-06-11,
SUB-008153,ACC-101218,Starter,1,46.92,USD,0,Monthly,Credit Card,29/04/2023,06/23/2023
SUB-008154,ACC-101218,Pro,6,359.96,USD,0,Monthly,Credit Card,2023-06-23,2023-06-29
SUB-008155,ACC-101218,Business,2,561.58,USD,20,Monthly,Credit Card,2023-06-29,2023-06-29
SUB-008156,ACC-105254,Pro,2,$265.03,USD,-10,Monthly,Credit Card,2024-11-30,
SUB-008157,ACC-105511,Pro,10,$ 533,USD,0,Monthly,Credit Card,2024-07-17,2024-11-17
SUB-008158,ACC-101527,Starter,2,60.24,USD,0,Monthly,ACH,01/28/2025,
SUB-008159,ACC-103987,Business,2,$ 643,USD,5,Annual,Credit Card,12/15/2023,
SUB-008160,ACC-101300,Pro,2,254.95,USD,0,Monthly,Credit Card,2024-09-15,2025-10-19
SUB-008161,ACC-101300,Starter,1,35,USD,25,Annual,Credit Card,2025-10-19,
SUB-008162,ACC-105957,Starter,1,$47.47,USD,0,Monthly,Credit Card,2022-08-20,
SUB-008163,ACC-105699,Starter,3,$59.19,USD,0,Monthly,Credit Card,2024-03-15,
SUB-008164,ACC-100160,Pro,2,216,GBP,0,Monthly,Credit Card,2022-09-15,
SUB-008165,ACC-104067,Starter,3,$ 60,USD,0,Annual,Credit Card,2024/12/10,05-Mar-2025
SUB-008166,ACC-104067,Pro,6,$323.66,USD,0,Monthly,Credit Card,05/03/2025,2025-03-10
SUB-008167,ACC-100956,Business,2,692.54,USD,0,Monthly,Credit Card,2023-12-14,2024-03-10
SUB-008168,ACC-100956,Pro,7,$ 411,USD,0,Annual,Credit Card,2024-03-10,2024-08-14
SUB-008169,ACC-103791,Starter,1,45.60,USD,0,Monthly,Credit Card,30-Sep-2022,2023-06-30
SUB-008170,ACC-103234,Business,2,$ 762,USD,0,Monthly,Credit Card,27-May-2024,
SUB-008171,ACC-102869,Pro,3,258.35,USD,0,Monthly,Invoice,2022-11-16,2024-12-26
SUB-008172,ACC-102869,Starter,3,$59.52,USD,0,Monthly,Credit Card,2024-12-26,
SUB-008173,ACC-103777,Business,3,858.67,EUR,0,Monthly,,2022/08/18,
SUB-008174,ACC-104433,Business,4,868.22,USD,0,Monthly,Credit Card,2024-02-02,
SUB-008175,ACC-104973,Enterprise,2,1971,GBP,5,Monthly,ACH,,
SUB-008176,ACC-102961,Starter,3,£ 71,GBP,0,Monthly,Credit Card,04/26/2024,08/26/2024
SUB-008177,ACC-102200,Enterprise,1,"1,817.52",USD,0,Annual,credit card,2022-05-18,
SUB-008178,ACC-100098,Pro,1,228.77,USD,0,Monthly,Credit Card,06-Apr-2023,
SUB-008179,ACC-105921,Starter,1,$51.94,USD,0,Annual,credit card,21/08/2025,22-Mar-2026
SUB-008180,ACC-105921,Business,2,657.28,USD,0,Monthly,Invoice,2026/03/22,
SUB-008181,ACC-102557,Starter,1,€51.09,EUR,0,Monthly,,2024-12-12,2025-08-13
SUB-008182,ACC-102557,Business,3,800.19,EUR,0,Annual,Credit Card,2025-08-13,
SUB-008183,ACC-103183,Enterprise,2,"2,405.75",USD,0,Annual,Credit Card,2022/03/05,
SUB-008184,ACC-100253,Pro,1,$224.76,USD,0,Annual,Credit Card,04/23/2022,2022-11-04
SUB-008185,ACC-100253,Enterprise,3,2827,USD,0,Monthly,Credit Card,2022-11-04,2022-12-23
SUB-008186,ACC-103923,Starter,2,63.56,USD,0,Monthly,credit card,08/28/2025,28/04/2026
SUB-008187,ACC-104199,Business,3,$ 810,USD,0,Monthly,Credit Card,05/06/2022,2023-12-06
SUB-008188,ACC-101445,Pro,5,$363.71,USD,0,Monthly,ACH,2023-03-16,2023-12-27
SUB-008189,ACC-101445,Starter,4,76,USD,0,Monthly,Credit Card,27/12/2023,2024/01/16
SUB-008190,ACC-105539,Business,2,781,USD,0,Monthly,Credit Card,01-Sep-2024,
SUB-008191,ACC-101648,Pro,1,228.65,GBP,0,Annual,credit card,2023-09-18,2026-03-30
SUB-008192,ACC-101648,Starter,1,£48.68,GBP,0,Monthly,Credit Card,2026-03-30,
SUB-008193,ACC-104682,Pro,5,333.09,USD,0,Monthly,ACH,17/02/2024,
SUB-008194,ACC-104723,Pro,3,$236.38,USD,0,Monthly,ACH,28-Mar-2024,2024-04-28
SUB-008195,ACC-104723,Business,2,$715.78,USD,0,Monthly,,2024-04-28,08/28/2024
SUB-008196,ACC-103991,Starter,3,72.39,USD,0,Monthly,Invoice,2025-05-26,26-Aug-2025
SUB-008197,ACC-101696,Enterprise,2,"2,537.41",USD,0,Annual,Credit Card,07/10/2022,
SUB-008198,ACC-103191,Starter,1,54.40,USD,0,Monthly,Credit Card,09/27/2023,
SUB-008199,ACC-104499,Business,3,664.00,USD,15,Monthly,Credit Card,10/07/2024,2025-05-07
SUB-008200,ACC-101154,Business,3,882,USD,0,Annual,Credit Card,2023-11-23,
SUB-008201,ACC-102255,Pro,3,$216.89,USD,25,Monthly,ACH,07/11/2024,2026-01-07
SUB-008202,ACC-101682,Business,1,$ 627,USD,0,Monthly,Invoice,10/02/2022,01/28/2026
SUB-008203,ACC-101682,Enterprise,3,"2,538.52",USD,15,Annual,,2026-01-28,17-May-2026
SUB-008204,ACC-101682,Starter,2,57.39,USD,0,Annual,,2026-05-17,
SUB-008205,ACC-103170,Starter,1,$56.00,USD,0,Monthly,Credit Card,2025-08-27,
SUB-008206,ACC-102056,Business,3,€722.83,EUR,0,Monthly,Credit Card,2023-10-26,17/01/2024
SUB-008207,ACC-102056,Enterprise,5,"€2,967.12",EUR,0,Monthly,Credit Card,2024-01-17,2024-02-26
SUB-008208,ACC-104090,Starter,1,50,USD,0,Annual,Credit Card,2025-03-18,2025-04-18
SUB-008209,ACC-105941,Starter,4,$66.07,USD,15,Monthly,Credit Card,2024-09-27,10/27/2025
SUB-008210,ACC-103108,Business,5,924.04,GBP,0,Monthly,Credit Card,2024-07-11,
SUB-008211,ACC-104548,Pro,7,$360.01,USD,0,Monthly,Credit Card,04/06/2025,
SUB-008212,ACC-103723,Starter,7,100,USD,0,Monthly,Credit Card,02-Oct-2023,08/02/2025
SUB-008213,ACC-105423,Pro,3,237.26,USD,0,Monthly,Credit Card,2022-07-10,
SUB-008214,ACC-102049,Enterprise,1,"$1,473.02",USD,20,Monthly,Credit Card,09/12/2023,2025/12/17
SUB-008215,ACC-102049,Starter,4,$65.05,USD,0,Annual,Credit Card,2025-12-17,
SUB-008216,ACC-104976,Starter,3,59,USD,5,Monthly,Invoice,2025-08-15,
SUB-008217,ACC-103643,Business,1,$543.19,USD,0,Monthly,Credit Card,21/04/2025,
SUB-008218,ACC-100623,Pro,4,313.71,EUR,0,Annual,,2024-05-03,29/07/2024
SUB-008219,ACC-100623,Enterprise,2,"€1,684.01",EUR,20,Monthly,Credit Card,07/29/2024,2024-09-08
SUB-008220,ACC-100623,Pro,1,180,EUR,0,Monthly,Credit Card,08-Sep-2024,11/03/2024
SUB-008221,ACC-100262,Starter,2,62.61,USD,0,Annual,Invoice,2023-09-12,
SUB-008222,ACC-105730,Starter,7,$101.84,USD,0,Annual,ACH,2024-11-27,
SUB-008223,ACC-103369,Enterprise,1,"1,937.39",USD,0,Annual,credit card,01/18/2024,
SUB-008224,ACC-104061,Business,6,$957.03,USD,0,Monthly,Invoice,2023/11/09,29-Apr-2025
SUB-008225,ACC-104061,Starter,2,63.18,USD,0,Annual,,04/29/2025,
SUB-008226,ACC-105534,Starter,1,$47.03,USD,0,Monthly,Credit Card,2023-02-01,2023-04-02
SUB-008227,ACC-105534,Pro,1,217.23,USD,0,Annual,Credit Card,2023-04-02,2024-02-25
SUB-008228,ACC-105534,Starter,5,73,USD,0,Annual,credit card,2024-02-25,2024-03-01
SUB-008229,ACC-101802,Starter,2,60.60,USD,0,Monthly,credit card,2023/06/15,
SUB-008230,ACC-104736,Starter,1,51.63,USD,0,Annual,credit card,01/11/2023,
SUB-008231,ACC-102385,Starter,2,51.69,USD,0,Monthly,ACH,08/02/2025,
SUB-008232,ACC-105759,Starter,1,49.71,USD,0,Annual,credit card,2024/06/19,
SUB-008233,ACC-102976,Pro,8,413.28,USD,0,Monthly,Credit Card,05/12/2024,
SUB-008234,ACC-100488,Pro,3,267.26,USD,0,Monthly,Invoice,07/12/2022,
SUB-008235,ACC-101843,Starter,1,54,USD,0,Monthly,Credit Card,24-Aug-2025,2026-03-17
SUB-008236,ACC-101843,Pro,3,237,USD,0,Monthly,Credit Card,2026-03-17,
SUB-008237,ACC-101734,Starter,5,71.97,USD,0,Monthly,Credit Card,2025-01-27,
SUB-008238,ACC-102911,Pro,3,251.09,USD,0,Monthly,Credit Card,2022-08-09,09-Aug-2023
SUB-008239,ACC-103219,Starter,1,47.55,USD,0,Monthly,credit card,02/01/2023,2026-03-01
SUB-008240,ACC-100146,Pro,1,195.82,USD,0,Monthly,Invoice,01/04/2024,
SUB-008241,ACC-105630,Starter,3,£71.00,GBP,0,Monthly,Credit Card,2022-09-08,2022-10-08
SUB-008242,ACC-101986,Pro,11,356.07,USD,25,Monthly,Credit Card,09/01/2024,2026-05-09
SUB-008243,ACC-101986,Enterprise,7,"$4,241.41",USD,0,Monthly,Credit Card,05/09/2026,
SUB-008244,ACC-102811,Enterprise,3,"$2,659.83",USD,0,Monthly,Credit Card,2025-07-30,
SUB-008245,ACC-101794,Starter,1,$ 48,USD,0,Monthly,Credit Card,14-Sep-2022,
SUB-008246,ACC-102511,Pro,6,348.19,USD,0,Monthly,Invoice,2022-08-25,2022/10/09
SUB-008247,ACC-102511,Enterprise,2,"$2,539.29",USD,0,Monthly,ACH,2022-10-09,2023-05-25
SUB-008248,ACC-103397,Pro,2,224.74,USD,0,Annual,,2024-07-09,
SUB-008249,ACC-104282,Pro,2,256,EUR,0,Annual,Invoice,2024-12-01,
SUB-008250,ACC-101147,Enterprise,2,"$2,246.80",USD,0,Monthly,Credit Card,10/05/2022,01/09/2024
SUB-008251,ACC-101147,Starter,2,$56.27,USD,0,Monthly,Credit Card,2024-01-09,
SUB-008252,ACC-103272,Enterprise,2,"$2,559.00",USD,0,Annual,Credit Card,08/04/2023,19-Nov-2024
SUB-008253,ACC-103272,Pro,4,$292.61,USD,0,Monthly,Credit Card,2024-11-19,
SUB-008254,ACC-100608,Starter,2,64,USD,0,Monthly,ACH,04/04/2024,2024/06/04
SUB-008255,ACC-103582,Starter,1,46.19,USD,0,Monthly,credit card,2025-06-02,2026-02-13
SUB-008256,ACC-103582,Pro,2,$169.90,USD,20,Monthly,Invoice,2026-02-13,04/01/2026
SUB-008257,ACC-103582,Business,4,$ 903,USD,0,Annual,Credit Card,2026-04-01,
SUB-008258,ACC-101930,Starter,9,89,USD,25,Monthly,Credit Card,27-Aug-2025,
SUB-008259,ACC-100197,Pro,3,$ 296,USD,0,Monthly,Invoice,2025-05-21,
SUB-008260,ACC-102931,Pro,2,$212.58,USD,0,Monthly,Credit Card,2023-04-24,2023-09-24
SUB-008261,ACC-102327,Enterprise,4,"2,688.97",USD,15,Monthly,Invoice,02/02/2023,12/02/2025
SUB-008262,ACC-104389,Pro,8,$ 347,USD,15,Annual,credit card,2023-03-31,2026/05/02
SUB-008263,ACC-104389,Enterprise,1,"1,975.04",USD,0,Annual,,2026-05-02,2026-06-01
SUB-008264,ACC-104389,Business,7,"1,266.40",USD,0,Annual,Invoice,2026-06-01,
SUB-008265,ACC-100766,Business,2,681.43,USD,10,Monthly,Credit Card,2024-02-06,
SUB-008266,ACC-104496,Pro,1,$209.67,USD,0,Annual,Credit Card,07/05/2023,2023-06-08
SUB-008267,ACC-104496,Starter,1,$49.27,USD,0,Monthly,Credit Card,2023-06-08,2023-07-09
SUB-008268,ACC-104496,Business,2,$717.38,USD,0,Monthly,ACH,2023-07-09,2023/08/07
SUB-008269,ACC-104218,Pro,5,$340.15,USD,0,Monthly,Credit Card,2022-10-15,15/12/2023
SUB-008270,ACC-103255,Pro,1,£ 226,GBP,0,Monthly,Credit Card,28-Aug-2024,2025-09-29
SUB-008271,ACC-103255,Business,1,£ 495,GBP,25,Monthly,Credit Card,2025-09-29,2025-12-28
SUB-008272,ACC-100202,Pro,4,222,USD,20,Monthly,Credit Card,2024-04-23,
SUB-008273,ACC-103510,Starter,1,52.59,GBP,0,Monthly,Invoice,14-Nov-2022,
SUB-008274,ACC-104931,Starter,1,$ 49,USD,5,Monthly,Credit Card,2025-03-22,21/04/2025
SUB-008275,ACC-104931,Enterprise,2,"$1,707.74",USD,25,Annual,ACH,2025-04-21,2025-04-22
SUB-008276,ACC-104931,Starter,2,50.99,USD,0,Annual,Credit Card,04/22/2025,2025-04-22
SUB-008277,ACC-105535,Starter,3,71.11,USD,0,Monthly,ACH,2025/01/06,
SUB-008278,ACC-101733,Starter,10,$116.95,USD,0,Monthly,Credit Card,12-Jun-2023,05/12/2025
SUB-008279,ACC-105791,Pro,1,$217.26,USD,0,Annual,credit card,2025-08-07,05/07/2026
SUB-008280,ACC-102777,Starter,3,£ 71,GBP,0,Monthly,Credit Card,2022-11-19,2026/01/07
SUB-008281,ACC-102777,Pro,5,£ 344,GBP,0,Annual,Credit Card,2026-01-07,
SUB-008282,ACC-101707,Pro,2,$217.80,USD,0,Monthly,Credit Card,2023-07-15,
SUB-008283,ACC-105172,Pro,1,200.12,USD,0,Monthly,Credit Card,13/01/2023,2024-12-08
SUB-008284,ACC-105172,Business,2,648,USD,0,Monthly,ACH,2024-12-08,2025-08-13
SUB-008285,ACC-105249,Enterprise,2,"$2,389.04",USD,0,Annual,Credit Card,08/19/2023,2023-10-15
SUB-008286,ACC-105249,Pro,2,$255.95,USD,0,Annual,Credit Card,10/15/2023,2023-12-19
SUB-008287,ACC-105757,Pro,1,€209.82,EUR,0,Monthly,Credit Card,07/21/2022,12/11/2024
SUB-008288,ACC-105757,Business,3,860,EUR,0,Annual,Credit Card,2024-12-11,2025-03-21
SUB-008289,ACC-103474,Pro,3,207,GBP,25,Monthly,Credit Card,2025-03-10,
SUB-008290,ACC-105855,Business,3,$ 859,USD,0,Annual,Credit Card,2024-11-07,
SUB-008291,ACC-100854,Business,8,"$1,277.22",USD,0,Annual,Credit Card,2024-06-18,
SUB-008292,ACC-105685,Pro,4,302,EUR,0,Monthly,credit card,07/07/2024,2024-11-17
SUB-008293,ACC-105685,Enterprise,1,"€1,933.15",EUR,5,Annual,Invoice,17/11/2024,2025-05-07
SUB-008294,ACC-104737,Pro,3,273,USD,0,Monthly,Credit Card,2023-06-26,
SUB-008295,ACC-104097,Pro,2,197.77,USD,20,Monthly,,2023/07/29,2023-12-29
SUB-008296,ACC-102160,Business,2,£664.65,GBP,0,Annual,Credit Card,2025-04-13,2025-06-16
SUB-008297,ACC-102160,Starter,1,£ 46,GBP,0,Annual,Credit Card,2025-06-16,
SUB-008298,ACC-100698,Pro,2,220.99,GBP,0,Monthly,ACH,2023-05-20,
SUB-008299,ACC-102999,Enterprise,1,"$ 2,156",USD,0,Monthly,Credit Card,05/27/2025,
SUB-008300,ACC-103696,Pro,3,£ 255,GBP,0,Monthly,ACH,2024-03-12,2025/12/12
SUB-008301,ACC-101636,Starter,4,81.38,USD,0,Annual,Credit Card,2022-04-06,06/04/2023
SUB-008302,ACC-103457,Enterprise,3,2704,USD,0,Monthly,Credit Card,2023-04-26,2023-12-26
SUB-008303,ACC-103457,Pro,2,214,USD,0,Annual,Credit Card,26-Dec-2023,
SUB-008304,ACC-103581,Starter,9,87.98,USD,20,Monthly,ACH,2024-05-08,
SUB-008305,ACC-101291,Pro,1,$ 215,USD,0,Annual,ACH,2022-11-12,
SUB-008306,ACC-105616,Starter,1,52.89,USD,0,Monthly,Credit Card,10/06/2022,12/10/2024
SUB-008307,ACC-101853,Starter,1,$44.73,USD,0,Annual,ACH,2023-09-20,2026-01-28
SUB-008308,ACC-101853,Enterprise,4,"2,904.31",USD,0,Monthly,Invoice,01/28/2026,
SUB-008309,ACC-105232,Pro,3,5.00,USD,150,Monthly,credit card,2024-12-08,2025-12-29
SUB-008310,ACC-105232,Enterprise,2,"$2,585.54",USD,0,Annual,credit card,29/12/2025,08-Jan-2026
SUB-008311,ACC-103763,Pro,5,302.38,USD,0,Monthly,Credit Card,2022-12-23,
SUB-008312,ACC-103304,Starter,5,54,USD,25,Monthly,credit card,2024-04-07,
SUB-008313,ACC-105986,Pro,1,$184.72,USD,5,Monthly,Invoice,2022-09-06,2023/05/11
SUB-008314,ACC-105986,Business,3,$619.26,USD,15,Annual,ACH,2023/05/11,2023-07-06
SUB-008315,ACC-105727,Business,2,$ 499,USD,25,Monthly,ACH,,
SUB-008316,ACC-103743,Pro,2,238,USD,0,Monthly,Credit Card,2025-07-20,
SUB-008317,ACC-103445,Pro,3,244,USD,0,Monthly,Credit Card,29/10/2023,29-Aug-2024
SUB-008318,ACC-101998,Pro,2,$ 220,USD,0,Monthly,Credit Card,22/04/2022,2024-03-22
SUB-008319,ACC-100663,Starter,1,53.15,EUR,0,Monthly,credit card,2023-11-05,
SUB-008320,ACC-104779,Pro,1,198.81,USD,0,Annual,,09/15/2024,2025-01-15
SUB-008321,ACC-105353,Starter,1,$49.00,USD,0,Monthly,Invoice,2022-07-12,
SUB-008322,ACC-103748,Starter,3,68.76,USD,0,Monthly,Credit Card,20/03/2023,10/20/2025
SUB-008323,ACC-104413,Business,2,762.63,USD,0,Annual,Credit Card,2023-05-11,
SUB-008324,ACC-104744,Starter,5,72,USD,0,Monthly,,2024-04-07,
SUB-008325,ACC-105530,Pro,4,278,USD,0,Monthly,Credit Card,2023-04-20,21-Aug-2023
SUB-008326,ACC-105530,Enterprise,2,"1,942.68",USD,10,Annual,Invoice,2023-08-21,10/18/2023
SUB-008327,ACC-105530,Pro,5,354,USD,0,Monthly,Credit Card,2023-10-18,2023-10-20
SUB-008328,ACC-105575,Pro,4,$ 295,USD,0,Monthly,ACH,12/27/2023,2024/05/25
SUB-008329,ACC-105575,Enterprise,7,"3,958.94",USD,0,Annual,ACH,2024-05-25,27/07/2024
SUB-008330,ACC-100709,Business,2,685,USD,0,Monthly,ACH,28-Feb-2025,2025-08-27
SUB-008331,ACC-100709,Pro,3,$255.69,USD,0,Annual,Credit Card,27-Aug-2025,2026-05-05
SUB-008332,ACC-100709,Business,2,$645.03,USD,5,Monthly,credit card,2026/05/05,
SUB-008333,ACC-101282,Pro,2,$227.68,USD,0,Monthly,,26/06/2022,
SUB-008334,ACC-105864,Pro,3,$ 291,USD,0,Monthly,Credit Card,25-Mar-2022,2023-12-09
SUB-008335,ACC-105864,Enterprise,4,"2,909.83",USD,0,Monthly,Credit Card,09/12/2023,2026-03-25
SUB-008336,ACC-105068,Business,1,649,EUR,0,Monthly,credit card,2024-06-12,29/10/2025
SUB-008337,ACC-105068,Pro,6,360,EUR,10,Annual,ACH,2025/10/29,06/04/2026
SUB-008338,ACC-105068,Business,2,€592.41,EUR,15,Monthly,Credit Card,2026-04-06,
SUB-008339,ACC-102675,Starter,7,100.19,USD,0,Annual,credit card,08/15/2024,2025/06/15
SUB-008340,ACC-101306,Starter,5,£ 77,GBP,0,Monthly,Credit Card,17/05/2023,
SUB-008341,ACC-105496,Enterprise,1,"$ 2,110",USD,0,Annual,ACH,2024-05-05,2024-11-07
SUB-008342,ACC-105496,Pro,6,241.67,USD,25,Monthly,Credit Card,2024-11-07,
SUB-008343,ACC-105504,Starter,1,50.24,USD,0,Monthly,ACH,2023-02-19,2025-06-19
SUB-008344,ACC-102237,Starter,4,74.90,USD,5,Monthly,Credit Card,2022-04-03,03-Nov-2022
SUB-008345,ACC-103302,Pro,1,£208.83,GBP,0,Annual,Invoice,2023-12-01,
SUB-008346,ACC-105592,Pro,6,341.88,USD,0,Monthly,Credit Card,07/08/2022,2022-08-31
SUB-008347,ACC-105592,Business,7,"$1,220.00",USD,0,Monthly,Credit Card,2022-08-31,2024-01-08
SUB-008348,ACC-102038,Pro,3,269.61,EUR,0,Annual,Invoice,12-Feb-2023,2025/03/12
SUB-008349,ACC-101529,Starter,2,$63.68,USD,0,Monthly,Credit Card,2023-05-31,2026-04-30
SUB-008350,ACC-101663,Pro,2,261.35,USD,0,Monthly,Credit Card,16-May-2023,04/26/2024
SUB-008351,ACC-101663,Starter,5,82.55,USD,0,Monthly,Credit Card,2024-04-26,2024-11-16
SUB-008352,ACC-105450,Starter,4,€ 79,EUR,0,Monthly,Invoice,17-Feb-2023,2026-03-17
SUB-008353,ACC-103627,Enterprise,4,"3,281.70",USD,0,Monthly,Credit Card,2025-08-10,11/15/2025
SUB-008354,ACC-103627,Business,3,669.39,USD,15,Monthly,Credit Card,2025-11-15,02/10/2026
SUB-008355,ACC-105739,Pro,1,225.77,USD,0,Monthly,Credit Card,2023-07-01,2025-09-01
SUB-008356,ACC-105147,Pro,3,$275.04,USD,0,Monthly,Credit Card,2022-11-07,2026-03-26
SUB-008357,ACC-105147,Starter,1,54.71,USD,0,Monthly,Credit Card,2026-03-26,25/04/2026
SUB-008358,ACC-105147,Business,5,1078,USD,0,Monthly,Invoice,25/04/2026,2026-05-07
SUB-008359,ACC-104891,Enterprise,2,"2,473.38",USD,0,Monthly,ACH,2024-09-25,
SUB-008360,ACC-102693,Business,2,657.87,GBP,0,Annual,Credit Card,2025-06-12,
SUB-008361,ACC-103060,Pro,3,283.53,USD,0,Monthly,Credit Card,14-Oct-2024,
SUB-008362,ACC-101597,Pro,3,$236.02,USD,0,Monthly,Credit Card,07/07/2022,
SUB-008363,ACC-102729,Business,2,$ 531,USD,20,Annual,ACH,2025-01-02,2025-08-02
SUB-008364,ACC-102625,Starter,1,43,USD,5,Monthly,Credit Card,25/08/2022,2025-06-25
SUB-008365,ACC-105915,Pro,3,280.09,USD,0,Monthly,Credit Card,06/07/2022,2022-12-06
SUB-008366,ACC-103314,Starter,2,$ 62,USD,0,Monthly,Credit Card,2023-06-19,2024-06-19
SUB-008367,ACC-101722,Starter,5,76.91,USD,0,Annual,Credit Card,2024-06-10,2026-04-06
SUB-008368,ACC-101722,Enterprise,1,"2,020.68",USD,0,Monthly,Credit Card,04/06/2026,2026-05-22
SUB-008369,ACC-101722,Pro,2,$209.07,USD,15,Monthly,Credit Card,05/22/2026,
SUB-008370,ACC-105279,Starter,3,73.19,USD,0,Annual,Credit Card,2022/02/03,11/02/2022
SUB-008371,ACC-105279,Business,1,$ 633,USD,0,Monthly,Credit Card,2022-11-02,2023-02-03
SUB-008372,ACC-101059,Starter,3,$71.94,USD,0,Annual,Invoice,05/07/2025,
SUB-008373,ACC-104636,Pro,12,$ 533,USD,0,Annual,Credit Card,2023-06-12,25/02/2026
SUB-008374,ACC-104636,Enterprise,3,"2,535.67",USD,5,Monthly,ACH,2026-02-25,
SUB-008375,ACC-103242,Pro,3,238.54,USD,0,Monthly,Credit Card,06/16/2024,12/02/2024
SUB-008376,ACC-103242,Business,1,667,USD,0,Monthly,ACH,2024/12/02,
SUB-008377,ACC-101678,Pro,4,€ 295,EUR,10,Monthly,ACH,2022-04-24,2025-03-29
SUB-008378,ACC-101678,Starter,5,€74.84,EUR,0,Annual,Invoice,29-Mar-2025,2026-05-08
SUB-008379,ACC-101678,Enterprise,2,"€ 2,073",EUR,0,Monthly,ACH,08/05/2026,
SUB-008380,ACC-101757,Starter,1,44.50,USD,0,Annual,Credit Card,18-Apr-2022,11/18/2022
SUB-008381,ACC-101757,Business,1,554.52,USD,0,Annual,credit card,2022-11-18,03/30/2024
SUB-008382,ACC-101757,Pro,5,245,USD,15,Annual,,03/30/2024,2024-04-18
SUB-008383,ACC-104191,Starter,2,62,USD,0,Monthly,Credit Card,12/06/2025,
SUB-008384,ACC-105116,Starter,2,$ 56,USD,10,Monthly,Credit Card,10/09/2022,
SUB-008385,ACC-100563,Pro,3,267,EUR,0,Monthly,ACH,14/10/2024,01/14/2025
SUB-008386,ACC-100563,Business,1,€615.20,EUR,0,Annual,Credit Card,2025-01-14,14-Jan-2025
SUB-008387,ACC-102790,Pro,4,267.04,USD,0,Annual,Invoice,2023-05-18,2023-10-18
SUB-008388,ACC-100863,Starter,1,$39.02,USD,20,Monthly,credit card,2022-07-20,
SUB-008389,ACC-101484,Starter,3,$70.71,USD,0,Monthly,Credit Card,2023-01-18,2025-03-21
SUB-008390,ACC-101484,Enterprise,5,"$2,608.90",USD,10,Annual,Credit Card,2025-03-21,
SUB-008391,ACC-105134,Pro,3,292.39,USD,0,Monthly,Invoice,17-Jun-2024,2025-01-17
SUB-008392,ACC-100206,Enterprise,1,"2,133.04",USD,0,Monthly,Credit Card,2023-05-21,
SUB-008393,ACC-104488,Starter,3,64.09,USD,0,Annual,Credit Card,2024-10-24,2026-03-09
SUB-008394,ACC-104488,Business,2,$744.79,USD,0,Annual,ACH,03/09/2026,
SUB-008395,ACC-100870,Business,3,822.71,USD,0,Annual,Credit Card,2023-08-11,
SUB-008396,ACC-104493,Business,2,779.15,USD,0,Monthly,Credit Card,2023-12-31,
SUB-008397,ACC-100502,Starter,2,56.96,USD,0,Annual,Credit Card,2023-08-24,2023-10-24
SUB-008398,ACC-101028,Pro,3,246.64,USD,15,Monthly,,12/27/2022,2023-05-31
SUB-008399,ACC-101028,Business,3,$757.88,USD,0,Annual,,2023-05-31,02-Oct-2024
SUB-008400,ACC-101028,Pro,2,254.72,USD,0,Annual,credit card,10/02/2024,
SUB-008401,ACC-103840,Starter,4,65,USD,10,Monthly,Credit Card,2024/08/15,2025-06-17
SUB-008402,ACC-103840,Enterprise,2,"$2,251.55",USD,0,Annual,,2025-06-17,
SUB-008403,ACC-102690,Pro,1,151.70,USD,20,Monthly,credit card,02/07/2025,
SUB-008404,ACC-105581,Starter,1,45.46,USD,0,Annual,Credit Card,2024-01-01,01-Apr-2024
SUB-008405,ACC-105056,Starter,1,$ 54,USD,0,Monthly,Credit Card,08/15/2025,
SUB-008406,ACC-101570,Pro,3,€267.93,EUR,0,Monthly,Credit Card,2025-04-23,2025-06-23
SUB-008407,ACC-102773,Pro,3,$5.00,USD,150,Monthly,ACH,09/05/2023,2024-03-15
SUB-008408,ACC-102773,Enterprise,2,"$2,250.18",USD,0,Annual,ACH,15-Mar-2024,09-Nov-2024
SUB-008409,ACC-102731,Business,3,$ 606,USD,20,Annual,Credit Card,2023-07-10,2024-11-07
SUB-008410,ACC-102731,Enterprise,4,"2,891.45",USD,0,Monthly,Credit Card,2024-11-07,
SUB-008411,ACC-100804,Pro,2,210.95,USD,15,Monthly,,18/09/2024,2024-11-05
SUB-008412,ACC-100804,Starter,1,52.16,USD,0,Annual,,2024-11-05,18/11/2024
SUB-008413,ACC-105847,Pro,1,221,EUR,0,Monthly,Credit Card,26/07/2025,31/03/2026
SUB-008414,ACC-105847,Starter,2,52.38,EUR,0,Monthly,credit card,2026-03-31,
SUB-008415,ACC-103645,Starter,6,92.07,USD,0,Monthly,Credit Card,13-Jul-2025,2025-09-13
SUB-008416,ACC-102454,Business,4,981.04,USD,0,Monthly,Credit Card,,
SUB-008417,ACC-104598,Starter,1,$ 50,USD,0,Monthly,Credit Card,2025-03-31,2025-08-30
SUB-008418,ACC-104598,Pro,9,413.28,USD,0,Annual,Invoice,2025-08-30,09/30/2025
SUB-008419,ACC-103104,Enterprise,3,2694,USD,0,Monthly,Credit Card,2022-05-27,2026-04-07
SUB-008420,ACC-103104,Business,3,863.96,USD,0,Annual,ACH,07-Apr-2026,
SUB-008421,ACC-104875,Starter,2,$62.28,USD,0,Monthly,Credit Card,03/14/2022,03/18/2024
SUB-008422,ACC-104875,Enterprise,4,"2,880.89",USD,0,Monthly,Credit Card,2024-03-18,10/14/2025
SUB-008423,ACC-105959,Enterprise,2,2084,USD,0,Annual,Invoice,,
SUB-008424,ACC-100200,Enterprise,5,"$3,599.94",USD,0,Monthly,credit card,2025-07-24,2026-04-27
SUB-008425,ACC-100200,Starter,2,55.45,USD,0,Annual,Credit Card,2026-04-27,
SUB-008426,ACC-103099,Starter,2,61.96,USD,0,Monthly,Credit Card,2022-07-25,
SUB-008427,ACC-102278,Enterprise,3,"€ 2,723",EUR,0,Monthly,Credit Card,2022-05-13,
SUB-008428,ACC-103561,Business,5,"1,051.75",USD,0,Monthly,Credit Card,2022/04/17,17-Jun-2023
SUB-008429,ACC-105892,Starter,1,44.65,EUR,15,Monthly,Credit Card,2023-10-03,2024-04-17
SUB-008430,ACC-105892,Business,2,€658.34,EUR,0,Annual,Credit Card,04/17/2024,03/06/2024
SUB-008431,ACC-104474,Starter,4,70,EUR,0,Monthly,Invoice,06/24/2025,2026-05-12
SUB-008432,ACC-104474,Enterprise,3,"€2,893.93",EUR,0,Annual,Invoice,2026-05-12,
SUB-008433,ACC-104514,Pro,4,$ 219,USD,20,Monthly,Credit Card,10/05/2022,2023-12-05
SUB-008434,ACC-105794,Business,1,$636.82,USD,0,Monthly,Invoice,2023-10-07,07/06/2024
SUB-008435,ACC-100391,Business,4,827.99,USD,0,Monthly,credit card,06-Mar-2022,2026-05-01
SUB-008436,ACC-100391,Pro,5,329.82,USD,0,Monthly,credit card,01/05/2026,
SUB-008437,ACC-105618,Business,4,748.40,USD,10,Monthly,Credit Card,02/12/2024,2025-05-02
SUB-008438,ACC-105258,Pro,4,264,EUR,0,Monthly,Credit Card,07/03/2025,
SUB-008439,ACC-101495,Pro,2,€252.09,EUR,0,Monthly,Credit Card,2023-12-01,2024-08-17
SUB-008440,ACC-101495,Enterprise,6,"€3,899.06",EUR,0,Monthly,Credit Card,2024-08-17,
SUB-008441,ACC-102695,Enterprise,1,"1,986.19",USD,0,Annual,Credit Card,24-Jan-2022,
SUB-008442,ACC-102027,Starter,1,50.35,USD,0,Monthly,Credit Card,11-Dec-2023,
SUB-008443,ACC-105248,Business,3,$787.02,USD,0,Monthly,Credit Card,2024-08-20,
SUB-008444,ACC-105463,Pro,2,$171.05,USD,25,Monthly,Credit Card,2025-05-09,
SUB-008445,ACC-102568,Business,1,688.07,USD,0,Annual,Credit Card,08/19/2025,
SUB-008446,ACC-100064,Pro,3,$276.86,USD,0,Monthly,Credit Card,24-Sep-2023,12/24/2025
SUB-008447,ACC-103884,Starter,3,65.94,USD,0,Monthly,Credit Card,2024-03-05,09/05/2026
SUB-008448,ACC-103884,Business,2,$629.85,USD,0,Monthly,Credit Card,2026-05-09,
SUB-008449,ACC-102062,Starter,4,70,USD,0,Monthly,Credit Card,2023-07-01,2024-08-25
SUB-008450,ACC-102062,Pro,1,$217.41,USD,0,Monthly,Credit Card,2024/08/25,
SUB-008451,ACC-105276,Starter,2,$ 54,USD,0,Monthly,Credit Card,05/11/2023,2024-11-29
SUB-008452,ACC-105276,Pro,5,$402.11,USD,-10,Monthly,ACH,2024-11-29,2025-01-07
SUB-008453,ACC-105276,Starter,1,$ 50,USD,0,Monthly,Credit Card,07/01/2025,2025-04-11
SUB-008454,ACC-100492,Pro,8,419,USD,0,Monthly,Credit Card,2022-09-03,
SUB-008455,ACC-100379,Starter,2,$64.07,USD,0,Annual,Credit Card,2024-01-16,11/16/2025
SUB-008456,ACC-104859,Enterprise,1,"$1,786.46",USD,10,Annual,Invoice,2023-05-07,2025-03-07
SUB-008457,ACC-103993,Business,2,$631.70,USD,0,Monthly,Invoice,2023-11-24,07/24/2024
SUB-008458,ACC-104887,Starter,8,€ 99,EUR,0,Monthly,Credit Card,01-Mar-2023,04/29/2023
SUB-008459,ACC-104887,Enterprise,5,"2,988.35",EUR,0,Monthly,ACH,04/29/2023,2023-10-01
SUB-008460,ACC-101076,Starter,2,$55.84,USD,0,Annual,Credit Card,20-Jan-2025,03/20/2026
SUB-008461,ACC-100878,Starter,3,50.90,USD,25,Monthly,Credit Card,10/05/2023,
SUB-008462,ACC-100337,Business,3,$ 565,USD,25,Annual,credit card,2025/08/29,03/12/2026
SUB-008463,ACC-100337,Pro,2,252.33,USD,0,Monthly,Credit Card,2026-03-12,
SUB-008464,ACC-101016,Business,14,"$1,680.13",USD,0,Monthly,Credit Card,2022-12-17,
SUB-008465,ACC-101275,Pro,4,268.43,USD,10,Annual,Invoice,2024-07-18,2024-12-15
SUB-008466,ACC-101275,Starter,2,52,USD,0,Monthly,Credit Card,15-Dec-2024,2025-05-18
SUB-008467,ACC-103798,Pro,2,$207.45,USD,0,Monthly,Credit Card,2023-10-02,12/18/2024
SUB-008468,ACC-103798,Business,5,869.68,USD,0,Monthly,Credit Card,2024-12-18,01/02/2025
SUB-008469,ACC-104551,Starter,1,37.57,USD,15,Monthly,Credit Card,29/03/2025,
SUB-008470,ACC-103342,Starter,6,98,USD,0,Monthly,credit card,2025-01-03,2025-05-13
SUB-008471,ACC-103342,Enterprise,2,"$ 2,236",USD,0,Annual,Credit Card,2025-05-13,2025-06-03
SUB-008472,ACC-104911,Starter,2,$5.00,USD,150,Monthly,Credit Card,2024-01-05,2026-04-16
SUB-008473,ACC-104911,Enterprise,1,"$1,671.09",USD,10,Monthly,Credit Card,04/16/2026,
SUB-008474,ACC-100995,Enterprise,1,"$ 1,729",USD,15,Annual,credit card,07/19/2024,
SUB-008475,ACC-101981,Pro,3,264.18,USD,0,Monthly,Credit Card,16-May-2022,2023-08-19
SUB-008476,ACC-101981,Business,2,690,USD,0,Monthly,Credit Card,2023-08-19,2025-09-16
SUB-008477,ACC-104297,Pro,2,$227.57,USD,0,Annual,Credit Card,08/16/2024,
SUB-008478,ACC-100161,Starter,2,€ 62,EUR,0,Monthly,Credit Card,11/12/2024,2026-01-06
SUB-008479,ACC-100161,Pro,8,452.12,EUR,0,Monthly,Credit Card,2026-01-06,
SUB-008480,ACC-105675,Starter,4,70,USD,0,Monthly,Credit Card,2025-04-26,2025-05-26
SUB-008481,ACC-105675,Pro,1,$ 177,USD,15,Annual,ACH,05/26/2025,2025-05-26
SUB-008482,ACC-104798,Starter,4,70.57,EUR,0,Monthly,Credit Card,2023-06-07,08/07/2024
SUB-008483,ACC-101500,Starter,8,$ 105,USD,0,Monthly,Credit Card,06/27/2025,
SUB-008484,ACC-103843,Pro,3,$ 293,USD,0,Monthly,credit card,02/05/2023,02-Mar-2024
SUB-008485,ACC-105225,Pro,3,215.17,USD,10,Annual,ACH,2023-01-06,2026-04-06
SUB-008486,ACC-102613,Starter,3,€ 63,EUR,0,Monthly,Credit Card,2025-07-29,
SUB-008487,ACC-103461,Pro,1,$192.95,USD,0,Annual,Credit Card,10-Oct-2022,2025-09-08
SUB-008488,ACC-103461,Business,2,789,USD,0,Monthly,credit card,08/09/2025,
SUB-008489,ACC-101021,Pro,1,206,USD,0,Annual,Invoice,2025-04-27,06/19/2025
SUB-008490,ACC-101021,Enterprise,2,"$1,915.28",USD,15,Monthly,Credit Card,19/06/2025,03/24/2026
SUB-008491,ACC-101021,Business,1,539.76,USD,0,Monthly,Credit Card,03/24/2026,
SUB-008492,ACC-103073,Starter,2,$50.80,USD,0,Monthly,Credit Card,2023-12-19,07/19/2025
SUB-008493,ACC-103943,Business,6,$992.43,USD,0,Monthly,Credit Card,07/20/2024,
SUB-008494,ACC-101585,Business,4,922.93,USD,0,Monthly,credit card,04/10/2022,
SUB-008495,ACC-101955,Starter,3,$64.41,USD,0,Monthly,Credit Card,03/31/2022,31/10/2022
SUB-008496,ACC-103152,Starter,5,$ 86,USD,0,Monthly,Credit Card,2023/09/09,02/09/2024
SUB-008497,ACC-100034,Business,3,873,USD,0,Monthly,Credit Card,2022-09-08,
SUB-008498,ACC-104014,Starter,3,60.93,USD,0,Annual,Credit Card,2025/01/31,05/18/2025
SUB-008499,ACC-104014,Business,2,713,USD,0,Monthly,Credit Card,2025-05-18,2025-08-10
SUB-008500,ACC-104014,Starter,14,131.80,USD,0,Annual,,2025-08-10,10/31/2025
SUB-008501,ACC-100775,Starter,3,61.44,EUR,0,Monthly,ACH,04/25/2023,18/02/2024
SUB-008502,ACC-100775,Business,3,854.08,EUR,0,Monthly,ACH,2024-02-18,25-May-2024
SUB-008503,ACC-102556,Starter,1,47,USD,0,Monthly,credit card,01/18/2022,07/02/2022
SUB-008504,ACC-102556,Business,3,$ 775,USD,5,Monthly,credit card,2022-07-02,2023-05-18
SUB-008505,ACC-101478,Starter,1,$55.25,USD,0,Monthly,Credit Card,23/12/2022,23-Oct-2024
SUB-008506,ACC-105486,Pro,4,280.87,USD,0,Monthly,Credit Card,2022-08-31,2022-10-27
SUB-008507,ACC-105486,Starter,3,$64.47,USD,0,Monthly,Credit Card,2022-10-27,10/31/2022
SUB-008508,ACC-101363,Starter,1,50.61,GBP,0,Monthly,Credit Card,2022-12-22,22-Jun-2025
SUB-008509,ACC-102612,Starter,2,$58.30,USD,0,Annual,ACH,30/04/2023,2023-10-24
SUB-008510,ACC-102612,Pro,2,238.79,USD,5,Monthly,Credit Card,2023-10-24,2023-12-23
SUB-008511,ACC-102612,Business,3,836,USD,0,Annual,Invoice,2023-12-23,2024-09-30
SUB-008512,ACC-102824,Business,2,761,USD,0,Monthly,,01/03/2025,
SUB-008513,ACC-102041,Business,1,632,USD,0,Monthly,Credit Card,2022-05-16,2022-08-02
SUB-008514,ACC-102041,Pro,5,253.12,USD,15,Monthly,Credit Card,2022-08-02,2023-06-16
SUB-008515,ACC-100241,Starter,6,81.70,EUR,0,Annual,Credit Card,2025-01-19,2025-02-19
SUB-008516,ACC-100241,Business,3,726.20,EUR,0,Monthly,ACH,2025/02/19,19/02/2025
SUB-008517,ACC-102061,Pro,4,$ 261,USD,0,Monthly,Credit Card,03/21/2024,2024-08-15
SUB-008518,ACC-102061,Starter,2,57,USD,0,Annual,Credit Card,2024-08-15,2024-08-21
SUB-008519,ACC-102363,Enterprise,3,"€2,916.00",EUR,0,Monthly,Credit Card,2023-10-13,06/12/2023
SUB-008520,ACC-102363,Starter,3,46.30,EUR,20,Monthly,credit card,2023/12/06,
SUB-008521,ACC-100600,Business,5,957.20,USD,5,Monthly,Credit Card,28/06/2022,04/28/2023
SUB-008522,ACC-102435,Starter,4,79,USD,0,Monthly,Credit Card,23-Dec-2023,2024-07-10
SUB-008523,ACC-102435,Business,4,699.33,USD,25,Annual,Invoice,2024-07-10,
SUB-008524,ACC-105393,Pro,3,260,USD,0,Annual,Credit Card,2022-10-04,2023-04-04
SUB-008525,ACC-102888,Starter,5,77.28,USD,10,Monthly,Credit Card,13/02/2025,2026-02-02
SUB-008526,ACC-102888,Enterprise,3,"$2,679.39",USD,0,Annual,ACH,02/02/2026,
SUB-008527,ACC-100646,Pro,1,209.87,USD,0,Monthly,,28/03/2023,2023-07-26
SUB-008528,ACC-100646,Starter,4,67.53,USD,0,Monthly,Credit Card,2023-07-26,2023-07-28
SUB-008529,ACC-100646,Pro,7,417,USD,0,Monthly,Credit Card,07/28/2023,28/07/2023
SUB-008530,ACC-103890,Starter,3,70,USD,0,Annual,Invoice,2025-04-02,2025-12-29
SUB-008531,ACC-103890,Enterprise,14,"$6,604.12",USD,0,Monthly,ACH,2025-12-29,
SUB-008532,ACC-103556,Starter,1,44,USD,10,Annual,Credit Card,2024-09-11,
SUB-008533,ACC-103202,Enterprise,6,3748,USD,0,Monthly,Invoice,2023-12-24,2025/02/15
SUB-008534,ACC-103202,Starter,1,$45.78,USD,0,Annual,ACH,2025-02-15,
SUB-008535,ACC-101528,Enterprise,1,2224,GBP,0,Monthly,Credit Card,08/18/2022,2024-01-05
SUB-008536,ACC-101528,Pro,4,289.55,GBP,5,Monthly,Credit Card,2024-01-05,
SUB-008537,ACC-101267,Business,4,971.62,USD,0,Monthly,Credit Card,2022-05-22,12-Jun-2023
SUB-008538,ACC-101267,Starter,4,71.19,USD,0,Annual,Credit Card,2023-06-12,
SUB-008539,ACC-101899,Pro,2,$ 208,USD,0,Monthly,Credit Card,2022-05-30,01/01/2024
SUB-008540,ACC-101899,Enterprise,3,"$2,651.64",USD,0,Monthly,Credit Card,01/01/2024,
SUB-008541,ACC-104658,Starter,5,76.20,GBP,5,Monthly,Invoice,06/02/2025,08-Dec-2025
SUB-008542,ACC-104658,Enterprise,2,"2,084.07",GBP,0,Monthly,Invoice,2025-12-08,03/02/2026
SUB-008543,ACC-103005,Starter,11,93.08,USD,20,Monthly,ACH,2023-05-20,21-Sep-2023
SUB-008544,ACC-103005,Pro,2,$222.98,USD,0,Annual,Credit Card,09/21/2023,20/01/2024
SUB-008545,ACC-103005,Business,6,825,USD,15,Monthly,Credit Card,2024-01-20,2024-07-20
SUB-008546,ACC-102734,Pro,2,$ 239,USD,0,Monthly,Credit Card,05-Sep-2024,01/10/2025
SUB-008547,ACC-102734,Business,5,$890.86,USD,0,Monthly,Credit Card,01/10/2025,
SUB-008548,ACC-100189,Business,2,767.14,EUR,0,Monthly,Credit Card,26-Jul-2023,2023-10-14
SUB-008549,ACC-100189,Pro,2,207,EUR,0,Monthly,ACH,2023-10-14,2024-11-11
SUB-008550,ACC-100189,Business,1,€556.30,EUR,10,Annual,Credit Card,2024-11-11,2026-05-26
SUB-008551,ACC-101806,Starter,2,49.94,GBP,15,Monthly,Invoice,2023-08-15,2024-02-15
SUB-008552,ACC-100975,Starter,4,75,USD,0,Monthly,Credit Card,2023-05-15,15-Jun-2023
SUB-008553,ACC-100975,Enterprise,2,"1,826.20",USD,15,Monthly,Credit Card,06/15/2023,2023-06-15
SUB-008554,ACC-102747,Pro,2,£179.80,GBP,20,Monthly,Invoice,,01-Feb-2023
SUB-008555,ACC-102047,Pro,4,239.66,USD,20,Monthly,Credit Card,2022-12-22,24-Apr-2024
SUB-008556,ACC-102047,Starter,1,45.99,USD,0,Annual,,24/04/2024,2025-01-22
SUB-008557,ACC-102558,Pro,5,349,USD,0,Monthly,ACH,09/21/2022,2023-06-21
SUB-008558,ACC-101082,Starter,1,45.27,USD,0,Annual,credit card,06/04/2023,18-May-2024
SUB-008559,ACC-101082,Business,3,770.28,USD,0,Monthly,Credit Card,2024-05-18,2024-07-24
SUB-008560,ACC-101082,Starter,4,$ 69,USD,0,Monthly,Credit Card,2024-07-24,05/04/2026
SUB-008561,ACC-100474,Pro,4,€272.84,EUR,0,Monthly,Credit Card,2025/08/25,
SUB-008562,ACC-102904,Business,3,740.51,USD,0,Annual,Invoice,2025-08-02,
SUB-008563,ACC-104843,Starter,2,54,EUR,0,Monthly,Invoice,2024-08-20,2026-05-20
SUB-008564,ACC-104117,Starter,4,€70.80,EUR,0,Annual,ACH,25-Jul-2023,2023-08-25
SUB-008565,ACC-104117,Enterprise,7,"€3,959.80",EUR,0,Monthly,Credit Card,2023-08-25,2023-08-25
SUB-008566,ACC-103385,Pro,3,$ 237,USD,0,Monthly,ACH,2023-11-25,2026-05-25
SUB-008567,ACC-104555,Starter,4,77.96,USD,0,Annual,Invoice,2023-12-10,2024-12-23
SUB-008568,ACC-104555,Business,2,699.66,USD,0,Annual,credit card,2024-12-23,
SUB-008569,ACC-101184,Business,3,824,GBP,0,Monthly,credit card,01/19/2025,
SUB-008570,ACC-105051,Pro,9,455.00,USD,0,Monthly,Credit Card,2023/07/13,
SUB-008571,ACC-105311,Starter,2,$ 57,USD,0,Monthly,,2023-06-23,2025-01-23
SUB-008572,ACC-102433,Starter,2,€ 57,EUR,0,Monthly,Credit Card,2022-05-11,2022/06/10
SUB-008573,ACC-102433,Enterprise,9,"4,185.37",EUR,0,Monthly,ACH,2022-06-10,2022-06-11
SUB-008574,ACC-105611,Enterprise,1,"2,012.81",USD,0,Monthly,Credit Card,06/04/2025,2025/06/25
SUB-008575,ACC-105611,Business,2,700,USD,0,Annual,Credit Card,2025-06-25,
SUB-008576,ACC-102391,Starter,3,56.26,GBP,15,Annual,Credit Card,03/05/2025,20/06/2025
SUB-008577,ACC-102391,Business,1,£588.29,GBP,0,Monthly,Credit Card,2025/06/20,2026-04-03
SUB-008578,ACC-100769,Starter,5,75,USD,0,Monthly,Invoice,14/09/2022,
SUB-008579,ACC-101685,Pro,3,$ 293,USD,0,Monthly,Credit Card,2024-09-19,
SUB-008580,ACC-100130,Business,4,785.66,USD,10,Monthly,Credit Card,2025-04-17,
SUB-008581,ACC-102919,Pro,2,238.07,USD,0,Monthly,Credit Card,07/12/2023,
SUB-008582,ACC-103171,Starter,6,€ 80,EUR,10,Annual,Credit Card,2022/02/06,2025-05-06
SUB-008583,ACC-103444,Business,21,"$2,187.98",USD,0,Monthly,credit card,2022-11-21,2025-10-15
SUB-008584,ACC-103444,Pro,2,$ 228,USD,0,Annual,Credit Card,2025-10-15,
SUB-008585,ACC-105578,Business,6,$959.69,USD,20,Annual,credit card,2022-02-11,2024-04-18
SUB-008586,ACC-105578,Starter,1,45.65,USD,0,Monthly,Credit Card,2024-04-18,2025/03/01
SUB-008587,ACC-105578,Enterprise,2,"$2,205.39",USD,0,Monthly,Invoice,2025-03-01,
SUB-008588,ACC-104426,Starter,1,50,USD,0,Monthly,Credit Card,01/03/2025,
SUB-008589,ACC-105334,Pro,5,$230.03,USD,25,Monthly,Credit Card,2023-02-17,2023-08-17
SUB-008590,ACC-100466,Enterprise,3,"1,797.90",GBP,25,Monthly,Credit Card,2025-01-16,
SUB-008591,ACC-105734,Starter,2,56,USD,0,Annual,Credit Card,01/29/2022,2024-08-29
SUB-008592,ACC-103092,Starter,2,55.89,USD,10,Annual,ACH,2022-05-03,2023-03-03
SUB-008593,ACC-103772,Business,2,660.71,GBP,0,Monthly,Credit Card,2025-02-23,2025-06-12
SUB-008594,ACC-103772,Enterprise,2,2420,GBP,0,Monthly,Invoice,12/06/2025,
SUB-008595,ACC-105191,Enterprise,2,"$2,193.11",USD,0,Monthly,Credit Card,2022-05-13,2022/07/13
SUB-008596,ACC-105226,Business,2,576.99,USD,25,Annual,Credit Card,2024-12-22,
SUB-008597,ACC-105390,Starter,2,62,USD,0,Annual,ACH,01/06/2025,2025-08-03
SUB-008598,ACC-105390,Business,3,808.38,USD,0,Annual,Credit Card,2025-08-03,02/01/2026
SUB-008599,ACC-100860,Starter,1,36,EUR,20,Monthly,Credit Card,21-Nov-2024,
