account_id,company_name,industry,country,company_size_employees,plan_tier,acquisition_channel,sales_rep_id,signup_date,churn_date,is_trial_converted
ACC-104673,Edwards-Taylor,Real Estate,Japan,4.0,Starter,Paid Ads,,2023-05-22,,False
ACC-101612,"RIOS, CARRILLO AND JACKSON",Logistics,US,19.0,Pro,Content/SEO,,26-Apr-2025,,False
ACC-101718,"Gomez, Anderson and Hart",Real Estate,united states,6.0,Starter,Organic Search,,29-Jul-2023,,False
ACC-100561,Wright-Davis,Media,Australia,,Starter,Referral,,,,True
ACC-105359,Wu LLC,Real Estate,Netherlands,,Starter,Sales-Led,REP-037,2024-09-01,06/01/2026,True
ACC-104534,"Young, Kane and Riley",E-commerce,Canada,999999.0,Starter,Referral,,05/15/2023,,True
ACC-100263,"Lloyd, Mckinney and Collins",Consulting,Singapore,992.0,Enterprise,Sales-Led,REP-039,06/24/2025,,False
ACC-101044,Rivera and Sons,Manufacturing,United States,13.0,Starter,Partner,,2024-07-06,03/06/2026,True
ACC-101219,Castro-Harvey,Logistics,Canada,10.0,pro,Partner,,2025-04-21,,True
ACC-104606,Walker Ltd,Manufacturing,US,11.0,Starter,Sales-Led,REP-030,05/19/2022,,False
ACC-101535,Barker-Moore,Media,Japan,70.0,Business,Paid Ads,,2022-11-20,2026-05-20,True
ACC-101876,"Pratt, Lopez and Rodriguez",e-commerce,Australia,,Starter,,,26-Jul-2025,,True
ACC-101737,Morgan Group,Manufacturing,united kingdom,215.0,Business,Referral,,2022-03-23,,True
ACC-102895,Johnson-Munoz,Logistics,United Kingdom,628.0,Business,Sales-Led,REP-017,2023/02/17,,True
ACC-103049,HUNT GROUP,Consulting,United States,281.0,Business,Referral,,2024-05-14,,True
ACC-103907,Gonzales Ltd,Manufacturing,Brazil,762.0,Business,Partner,,02/16/2024,,False
ACC-102845,Merritt-Clark,Manufacturing,United states ,89.0,Business,Organic Search,,11-Mar-2022,11-Dec-2025,True
ACC-104322,Trujillo-Thomas,Consulting,United States,72.0,Pro,Sales-Led,REP-030,30/07/2025,2025-11-30,True
ACC-100308,"Phillips, Spence and Barrett",SaaS,United states ,142.0,Business,Content/SEO,,2022-03-26,,True
ACC-102781,Morrison-Hatfield,,Germany,1562.0,Enterprise,Referral,REP-016,2024-01-26,,False
ACC-104593,Allen-Riggs,Real Estate,Canada,14.0,Starter,Sales-Led,REP-023,17-Feb-2024,2024-03-17,True
ACC-104267,Duncan PLC,Logistics,Canada,32.0,Pro,Referral,,2022-04-18,2024-12-18,True
ACC-105646,Vang-Sanchez,Education,United States,78.0,Pro,Referral,,2022-01-29,,True
ACC-101451,Ramirez-White,Manufacturing,France,48.0,Pro,Organic Search,,2022-11-09,,True
ACC-104867,Walker Group,FinTech,Germany,,Starter,Referral,,2023-01-20,20-Jun-2024,True
ACC-104366,Nixon LLC,SaaS,India,17.0,Pro,Paid Ads,,03/16/2024,,True
ACC-101383,George-Stephens,Real Estate,U.K.,458.0,Enterprise,Paid Ads,REP-010,2022/05/07,,True
ACC-103941,Figueroa LLC,Real Estate,United Kingdom,28.0,Starter,Partner,,2022-03-02,,True
ACC-104356,Beck and Sons,Consulting,United States,49.0,Pro,Organic Search,,2024-11-04,2025/11/04,False
ACC-104447,Smith LLC,Consulting,Great Britain,3.0,Starter,Referral,,2022-03-12,2023-12-12,True
ACC-101747,Peterson Group,Consulting,United States,184.0,Business,Partner,,02/14/2024,,True
ACC-104650,"Guerrero, Berry and Harrison",Education,Netherlands,30.0,Pro,Content/SEO,,2022-02-05,,True
ACC-102441,Harrell Group,Logistics,Germany,,Business,Partner,,01/23/2024,,True
ACC-103624,Montes-Nguyen,Real Estate,Netherlands,3.0,Starter,Content/SEO,,2022-06-12,,True
ACC-103711,Miller-Booker,SaaS,United States,,Enterprise,Paid Ads,,21-Jun-2023,,True
ACC-105278,Craig-Miller,E-commerce,Canada,47.0,Pro,Organic Search,,2022-04-02,,True
ACC-103982,Elliott-Farmer,e-commerce,Canada,11.0,Starter,Content/SEO,,08/26/2023,,True
ACC-101088,"Cohen, Compton and Perez",Education,Brazil,8.0,Starter,Sales-Led,REP-037,03/15/2023,04/15/2025,True
ACC-102934,Palmer Inc,Education,United States,54.0,Pro,Partner,,12/04/2023,,False
ACC-105974,"Dominguez, Robinson and Anderson",Media,Spain,502.0,Enterprise,Organic Search,REP-038,2024-12-01,2025-10-01,True
ACC-100534,SALAZAR INC,Consulting,united states,4.0,Starter,Paid Ads,,2025-07-03,,True
ACC-105441,"Bush, Watson and Robertson",fintech,Canada,4.0,Starter,Content/SEO,,2024-04-24,2024/06/24,True
ACC-101832,Berry-Rivera,FinTech,United States,1253.0,Enterprise,Referral,REP-033,26/02/2022,,False
ACC-102603,"Oliver, Simmons and Mcdonald",SaaS,United States,46.0,Pro,Content/SEO,,2024-11-17,,True
ACC-104518,Cortez-Ellis,Media,United States,11.0,Pro,Organic Search,,2024-02-17,,True
ACC-105995,Grant-Richardson,Manufacturing,United States,3.0,Starter,,,2022-08-10,,True
ACC-100879,Pena LLC,SaaS,United States,11.0,Pro,Partner,,02/05/2024,,True
ACC-105890,"  Craig, Schneider and Mcintyre  ",Healthcare,Germany,116.0,Business,Content/SEO,,2022-10-23,2025-06-23,True
ACC-103289,"  Barrera, Wood and Leach  ",Real Estate,Sweden,65.0,Pro,Paid Ads,,2022-01-16,16-Feb-2024,True
ACC-102002,"Bryan, Lam and Hayes",Healthcare,India,31.0,Pro,Organic Search,,2023-06-13,2023-09-13,True
ACC-100808,  Mueller-Boyd  ,SaaS,India,115.0,Business,Paid Ads,,05/06/2022,,True
ACC-101379,"Moreno, Perez and Lang",Consulting,United Kingdom,10.0,Starter,Content/SEO,,2023-09-07,,True
ACC-105818,Jackson-Wilcox,FinTech,Germany,38.0,Pro,,,09/02/2024,2025-01-02,True
ACC-105751,Jackson Inc,Real Estate,Brazil,22.0,Starter,Paid Ads,,11/11/2023,2025-11-11,True
ACC-100553,Ballard Ltd,Logistics,Australia,20.0,Pro,Referral,,2025-05-16,,False
ACC-104793,Richard and Sons,Real Estate,Netherlands,47.0,Pro,Organic Search,,04/07/2025,,True
ACC-103246,Taylor-Miller,Manufacturing,United states ,196.0,Business,,,07/09/2022,,True
ACC-104399,Clark Ltd.,E-commerce,Australia,9.0,Pro,Content/SEO,,05/08/2022,2025-08-05,True
ACC-103157,Peterson-Munoz,Manufacturing,United States,11.0,Starter,Paid Ads,,2023-09-09,2025-04-09,True
ACC-103539,"Perry, May and Liu",E-commerce,Sweden,28.0,Pro,Organic Search,,06/07/2024,,True
ACC-102517,Smith-Simmons,Consulting,United Kingdom,369.0,Business,Organic Search,,2025-06-02,,True
ACC-104504,"Garner, Campbell and Hawkins",E-commerce,,152.0,Business,Partner,,04/22/2023,22-Mar-2025,False
ACC-105610,Nichols-Patel,Logistics,Canada,,Business,Sales-Led,REP-008,2023-05-24,,True
ACC-102364,Howell LLC,Consulting,Spain,64.0,Pro,Partner,,08/01/2023,04/08/2026,False
ACC-100535,Parker Ltd,Media,India,62.0,Pro,Content/SEO,,2025-04-26,,True
ACC-103857,"Nguyen, Brown and Roberts",Media,Japan,611.0,Enterprise,Partner,,21-Feb-2025,,True
ACC-101421,  Maldonado-Mosley  ,SaaS,United States,794.0,Enterprise,Referral,REP-038,2024-11-12,,False
ACC-101543,Washington Group,Healthcare,India,89.0,Pro,Paid Ads,,2025-08-13,,False
ACC-104722,"Pena, Mueller and Mckay",SaaS,Australia,35.0,Pro,Sales-Led,REP-019,03/23/2023,,True
ACC-103381,"Edwards, Donovan and Marquez",Consulting,India,71.0,Business,Partner,,01/16/2022,,False
ACC-104773,DAVIS GROUP,E-commerce,United Kingdom,385.0,Business,Referral,,2023-12-06,,False
ACC-101512,Booker Inc,Healthcare,India,174.0,Business,Paid Ads,,2025-06-25,,True
ACC-105339,"  Jones, Collier and Sloan  ",E-commerce,United States,11.0,Starter,Content/SEO,,2024-08-11,,True
ACC-100576,"Becker, Wilson and Hester",Education,India,,Pro,Content/SEO,,04-Mar-2023,11/04/2023,True
ACC-103567,Jackson Group,Real Estate,Germany,11.0,Starter,Partner,,2024-01-24,,True
ACC-103745,Lee PLC,Logistics,united states,55.0,Pro,Referral,,07/08/2023,08/03/2025,True
ACC-102787,Smith Ltd,Education,United States,28.0,Pro,Referral,,2024-07-14,2025-06-14,True
ACC-102579,Boyle-Torres,Media,United States,202.0,Business,Paid Ads,,2023-11-28,,False
ACC-101397,"Mann, Martin and Oconnell",Real Estate,United Kingdom,8.0,Starter,Referral,,2025-08-16,,True
ACC-102450,Mann PLC,Manufacturing,United States,10.0,Pro,Sales-Led,REP-002,12/26/2024,,True
ACC-102515,LEE-GREGORY,FinTech,Germany,176.0,Business,Content/SEO,,21-Jan-2025,,True
ACC-105626,Terry LLC,Consulting,USA,,Pro,Partner,,2023-09-17,12/17/2025,True
ACC-104696,"CHRISTENSEN, JOHNSON AND HUBBARD",,Canada,91.0,Pro,Paid Ads,,07/28/2025,,True
ACC-104808,Hogan Inc,Real Estate,United Kingdom,22.0,Pro,Organic Search,,05/07/2022,,True
ACC-105337,Walker-Lee,Consulting,United states ,,Pro,Organic Search,,25/09/2023,06/25/2025,True
ACC-100080,"Sanchez, Wheeler and Harvey",Education,Australia,23.0,Starter,Partner,,2022-06-08,12/08/2022,True
ACC-103208,Johnson-Johnson,Healthcare,Japan,41.0,Pro,Paid Ads,,04/01/2023,,True
ACC-100586,Whitney PLC,fintech,United States,21.0,Starter,Paid Ads,,10/31/2022,31/05/2023,True
ACC-101181,"HALL, HINTON AND PHILLIPS",Education,United States,6.0,Starter,Organic Search,,21/05/2024,,True
ACC-102521,Ward-Blake,Logistics,United States,172.0,Business,Partner,,29/12/2024,,True
ACC-100079,"Hensley, Powell and David",Logistics,Canada,89.0,Pro,Organic Search,,2024-08-30,2025-04-30,True
ACC-100476,Scott and Sons,Healthcare,India,16.0,Starter,Organic Search,,2024-07-01,,True
ACC-103770,"Arnold, Paul and Adams",Real Estate,United States,1.0,Starter,Content/SEO,,08/03/2022,,True
ACC-101760,"Castro, Garcia and Daniels",E-commerce,Netherlands,20.0,Starter,Paid Ads,,23-May-2022,,True
ACC-100023,Morales-Jones!,real estate,Canada,6.0,Starter,Referral,,2022-06-06,06/08/2022,True
ACC-104678,"Henderson, Williams and Keller",,USA,,Starter,Partner,,27-Feb-2022,04/27/2022,True
ACC-102980,Rogers Group,Manufacturing,India,645.0,Enterprise,Sales-Led,REP-022,07/10/2023,,True
ACC-101951,Watkins-Nguyen,FinTech,United States,15.0,Starter,Partner,,2022-05-07,,False
ACC-101973,Baird-Williams,Healthcare,Netherlands,104.0,Business,Partner,,2025-03-26,,True
ACC-101942,Brown-Rodriguez,Media,Canada,2.0,Starter,Organic Search,,01/03/2023,03/03/2024,True
ACC-101509,  Walsh PLC  ,Education,Netherlands,24.0,Pro,Paid Ads,,2025-03-05,,True
ACC-100228,Rowe Group,Healthcare,United Kingdom,14.0,Starter,Content/SEO,,2025-07-12,,True
ACC-104647,"  Jacobs, Calhoun and Wyatt  ",Healthcare,Australia,10.0,Starter,Content/SEO,,04/09/2024,2026-03-04,True
ACC-104813,"Jennings, Serrano and Howard",FinTech,India,40.0,Pro,Content/SEO,,2022-05-17,10/17/2022,True
ACC-101728,"Choi, Collier and Lee",Media,Brazil,45.0,Pro,,,2022-08-01,2023-06-01,True
ACC-101049,Miller-Colon,Consulting,United Kingdom,15.0,Pro,Content/SEO,,2022-04-01,,False
ACC-101261,Harris-Melton,Real Estate,United Kingdom,806.0,Enterprise,Partner,,2022-03-04,,True
ACC-104325,"Gomez, Mcmahon and Fisher",Media,Canada,13.0,Pro,Referral,,2023-09-23,2024-12-23,True
ACC-105296,Dominguez Group LLC,SaaS,US,4.0,Starter,Organic Search,,2022/02/19,2022-04-19,True
ACC-105617,"Briggs, Lutz and Marks",Media,United States,65.0,Pro,Sales-Led,REP-004,09/12/2023,,True
ACC-102770,"Fry, Hayes and Olsen",Healthcare,Great Britain,,Pro,Referral,,2022/07/03,06/03/2023,True
ACC-101916,"Smith, Meadows and Montgomery LLC",SaaS,Sweden,660.0,Enterprise,Content/SEO,REP-036,2025-06-01,,True
ACC-101617,Singh and Sons,Real Estate,United Kingdom,22.0,Starter,Referral,,07/15/2024,15-Mar-2025,False
ACC-103044,"Miller, Taylor and Malone",Logistics,USA,28.0,Pro,Referral,,01-Apr-2024,12/01/2025,True
ACC-100346,Jones PLC,Consulting,Germany,,Pro,Content/SEO,,2024-03-20,2026-04-20,True
ACC-105071,"Perez, Morris and Stanley",Consulting,United States,,Pro,Partner,,2025-01-14,05/14/2026,True
ACC-100233,Arnold and Sons,FinTech,United Kingdom,1.0,Starter,Referral,,02/23/2025,,True
ACC-103481,Kim PLC,Consulting,Canada,5.0,Starter,Organic Search,,2024-02-17,2025-02-17,True
ACC-104058,"Guerrero, Watson and Perry",Real Estate,Brazil,209.0,Business,Referral,,05/04/2025,,False
ACC-100599,FOX-EDWARDS,,Germany,118.0,Pro,Referral,,2024-10-05,,True
ACC-103680,"Goodman, Martin and Kim",E-commerce,France,,Starter,Paid Ads,,2024-07-05,2025-12-05,True
ACC-103669,"Wright, Thomas and Jensen",Media,Spain,9.0,Starter,Content/SEO,,2022-04-26,2023/05/26,True
ACC-100037,"Baker, Mason and White",Logistics,Germany,2.0,Starter,Organic Search,,10/25/2023,2026-05-25,True
ACC-100465,Cole-Palmer,Real Estate,United Kingdom,1409.0,Enterprise,Organic Search,REP-030,13/06/2024,2024/09/13,True
ACC-105704,Taylor and Sons,Healthcare,united states,1146.0,Enterprise,Organic Search,REP-034,10/02/2023,,True
ACC-100932,"Craig, Wilson and Yang",Logistics,France,178.0,Business,Partner,,2022-01-31,01/31/2025,True
ACC-105290,"Blair, Bates and Daniels",Manufacturing,,58.0,Pro,Partner,,24-Nov-2023,,True
ACC-102228,Love-Mcdowell,Consulting,Canada,29.0,pro,Sales-Led,REP-031,2023-02-05,2024-02-05,True
ACC-105054,"Willis, Miller and Lee",logistics,Singapore,267.0,Business,Paid Ads,,02/26/2022,2023-07-26,True
ACC-104741,"Monroe, Sullivan and King",Logistics,United states ,38.0,Pro,Organic Search,,2025-04-09,,False
ACC-100506,"Carter, Garcia and Murphy",Media,United states ,19.0,Starter,Referral,,2023-11-05,,True
ACC-100401,Thompson-James,Education,Brazil,19.0,Pro,Referral,,2022-12-11,,False
ACC-103780,Gonzales PLC,SaaS,India,25.0,Pro,Paid Ads,,20-Dec-2022,,True
ACC-104806,  Moore-Murphy  ,Education,Singapore,23.0,Pro,Content/SEO,,2023-07-14,2024-03-14,True
ACC-101369,Jackson-Jennings,Consulting,United States,5.0,Starter,Referral,,10/04/2024,2025-04-04,False
ACC-100167,Johnson-Rogers,E-commerce,Brazil,718.0,Enterprise,Content/SEO,REP-013,10/08/2025,,True
ACC-102093,Vazquez-Bowers,Real Estate,India,24.0,Pro,Content/SEO,,2022-01-29,2023-07-29,False
ACC-105430,Wolf-Lozano,Media,United States,28.0,Pro,Paid Ads,,2024-07-27,27/09/2025,True
ACC-101769,"Chang, Lamb and Miller",Real Estate,Germany,18.0,Starter,Paid Ads,,02/13/2023,2023-03-13,True
ACC-105185,Deleon-Parsons,E-commerce,United States,16.0,Pro,Content/SEO,,2023-04-06,2023-10-06,True
ACC-101840,York LLC,Consulting,Germany,33.0,Pro,Organic Search,,01/20/2023,,True
ACC-105930,Campbell Ltd,SaaS,United States,5.0,Starter,Referral,,2023-09-02,,True
ACC-105034,"Yates, Houston and Gonzalez",Manufacturing,Japan,18.0,Pro,Referral,,01/07/2025,,True
ACC-103194,"Graham, Mitchell and Keller",FinTech,Germany,74.0,Business,Sales-Led,REP-008,08/06/2023,,True
ACC-102337,"Leonard, Ballard and Miller",,,3.0,Starter,Partner,,12-Nov-2022,04/12/2023,False
ACC-103660,Hoffman-Webb,,Germany,7.0,Starter,Partner,,2022-12-12,,True
ACC-104909,"JUAREZ, WILSON AND COCHRAN",E-commerce,Germany,4.0,Starter,Organic Search,,2022-05-09,2025-10-09,True
ACC-100084,"Evans, Stewart and Walton",Education,United Kingdom,32.0,Pro,Partner,,16-Nov-2024,09/16/2025,True
ACC-103803,Weiss-Cross,Manufacturing,Japan,73.0,Business,Paid Ads,,2024-07-03,,False
ACC-104305,Guzman LLC,FinTech,United States,3.0,Starter,Content/SEO,,04/06/2022,11/06/2022,True
ACC-102029,Sullivan Group,Consulting,United states ,8.0,Starter,Paid Ads,,03/20/2022,2025-08-20,True
ACC-105314,Nunez and Sons,SaaS,Australia,134.0,Business,Partner,,2023-01-09,2026-02-09,True
ACC-103112,Lopez-Harris,Education,Canada,16.0,Starter,,,2024-12-17,,True
ACC-104672,"Holden, Larson and Alvarez",Education,Canada,4.0,Starter,Paid Ads,,2022-01-31,,True
ACC-102086,Mclean Group,Consulting,Great Britain,-8.0,Pro,Partner,,2022-05-21,21/02/2025,True
ACC-104048,Ross-Mathews,Healthcare,Singapore,-11.0,Starter,Content/SEO,,27/09/2022,2025-01-27,False
ACC-102318,Evans-Joyce,Healthcare,Brazil,448.0,Enterprise,Organic Search,REP-018,2024-10-13,,True
ACC-104668,"Riggs, Smith and Lopez",E-commerce,United Kingdom,8.0,Starter,Organic Search,,,,True
ACC-101926,  Rogers Inc  ,Education,United States,79.0,Business,Referral,,2023-08-14,14-Jun-2024,True
ACC-101022,"Phillips, Thompson and Smith",Healthcare,United Kingdom,5.0,Starter,Partner,,2023-09-10,,True
ACC-101632,"Miller, Gonzalez and Rasmussen",Manufacturing,United States,294.0,Business,Paid Ads,,20/05/2023,2023-11-20,True
ACC-100408,Jackson-Meza,E-commerce,Great Britain,,Starter,Paid Ads,,06-Feb-2024,2024-08-06,True
ACC-104630,"Weaver, Lara and Thomas",Manufacturing,United States,18.0,Starter,Content/SEO,,2022-11-14,12/14/2023,True
ACC-103247,"Case, Adams and Olson",Logistics,Canada,17.0,Pro,Referral,,2022/04/25,2024-06-25,True
ACC-101244,"Hester, Thompson and Daniels",Logistics,United States,57.0,Pro,Partner,,2024-11-05,05-Jun-2025,True
ACC-104966,Hammond-Kennedy,FinTech,United States,1247.0,Enterprise,Organic Search,,2022-05-15,,True
ACC-105485,Colon-Frank,E-commerce,Australia,34.0,Pro,Content/SEO,,04/05/2025,,True
ACC-102522,"Walker, Ramirez and Fisher",Real Estate,,106.0,Business,Sales-Led,REP-007,24/04/2024,,True
ACC-102985,Williams Inc,,India,25.0,Starter,Referral,,2022-06-27,2022/12/27,True
ACC-104880,Martin-Simmons,Manufacturing,Canada,19.0,Pro,Referral,,2022-10-06,2023-08-06,True
ACC-102304,Smith and Sons,Logistics,United States,268.0,Business,Sales-Led,REP-002,09/17/2022,,True
ACC-103372,  Cain Ltd  ,FinTech,Singapore,23.0,Pro,Paid Ads,,2025/02/16,,True
ACC-102323,"Carroll, King and Scott",Healthcare,Canada,25.0,Starter,Partner,,2025-07-17,,True
ACC-104814,"Miller, Martin and Collins",SaaS,France,25.0,Pro,Partner,,2023-10-13,,True
ACC-101873,Erickson Inc,FinTech,Germany,4.0,Starter,Partner,,2024/04/27,,True
ACC-105835,Williams Group,FinTech,Canada,8.0,Starter,Partner,,24-Feb-2024,06/24/2025,True
ACC-100093,Newton and Sons,E-commerce,United States,4.0,Starter,Partner,,2024-01-17,,True
ACC-103779,  Martin-Payne  ,Consulting,Brazil,45.0,Pro,Referral,,2025-08-28,2026-05-28,True
ACC-105669,Logan-Dickerson,Logistics,US,10.0,Pro,Paid Ads,,01/21/2024,,True
ACC-100250,Moon-White,Manufacturing,Canada,,Pro,Paid Ads,,03-Jan-2025,,True
ACC-101756,Flores and Sons,Education,United Kingdom,17.0,Pro,Content/SEO,,07/13/2022,2022-09-13,True
ACC-101533,"Wilson, Mccormick and Smith",SaaS,Germany,5.0,Starter,Sales-Led,REP-039,2024-10-13,,False
ACC-103722,Townsend-Reed,Real Estate,Netherlands,161.0,Business,Referral,,20-Jun-2024,,True
ACC-102480,Fernandez-Jackson.,Consulting,United States,27.0,Pro,Referral,,2022-07-03,,True
ACC-101186,"Holland, Murphy and Kline",E-commerce,Canada,1.0,Starter,Referral,,31/03/2023,2024-01-31,True
ACC-103765,"Mills, Gallegos and Mcdaniel",Education,US,,Starter,Paid Ads,,09/18/2022,,True
ACC-102910,Woods-Anderson,,Singapore,432.0,Enterprise,Content/SEO,REP-017,24/06/2025,2025-07-24,True
ACC-102627,Torres Ltd,SaaS,US,68.0,Pro,Paid Ads,,2023-01-21,,True
ACC-105000,Martinez-Ramirez,Education,Japan,3.0,Starter,Partner,,12/05/2022,05-Jul-2025,True
ACC-100807,  Bailey LLC  ,Logistics,Australia,56.0,Pro,Content/SEO,,2022-12-20,2025-11-20,True
ACC-103852,Jacobs and Sons,E-commerce,Netherlands,56.0,Pro,Partner,,2022-05-16,2025-12-16,False
ACC-103938,Santos LLC,Real Estate,Sweden,61.0,Business,Paid Ads,,02/04/2024,04/04/2024,True
ACC-105801,Mccarthy-Lambert,Media,United Kingdom,35.0,Pro,Sales-Led,REP-011,25-Oct-2023,,True
ACC-102991,"Maxwell, Rice and Watson",SaaS,Spain,65.0,Pro,Organic Search,,01/07/2024,2024-07-07,True
ACC-101183,Phelps LLC,E-commerce,United Kingdom,4.0,Starter,Referral,,2023-03-13,2025/06/13,True
ACC-100185,  Johnston-Odonnell  ,Logistics,France,4.0,Starter,Referral,,06-Apr-2025,,False
ACC-103101,"Perez, Huynh and Nelson",FinTech,united states,306.0,Business,Paid Ads,,2025-07-21,,True
ACC-103386,Buchanan-Carpenter,Healthcare,United Kingdom,85.0,Business,Partner,,2023-08-08,2024-01-08,True
ACC-102788,Hardy-Barron,Consulting,France,56.0,Pro,Paid Ads,,2024-05-27,2025-09-27,True
ACC-100254,Roberts-Landry.,Healthcare,Canada,114.0,Business,Organic Search,,2025/06/16,,True
ACC-105448,Finley Ltd,E-commerce,United Kingdom,68.0,Pro,Referral,,2022-06-10,10-Oct-2022,True
ACC-102623,Edwards and Sons,Education,Sweden,1840.0,Enterprise,Paid Ads,REP-039,09/18/2023,,True
ACC-103721,"Bailey, Johnson and Diaz",Logistics,France,41.0,Pro,Organic Search,,01/12/2023,,True
ACC-105917,Jones and Sons,E-commerce,United Kingdom,14.0,Starter,Referral,,2022-06-19,2022-10-19,True
ACC-103759,Collins Group,FinTech,U.S.A.,101.0,Business,Sales-Led,REP-001,2022-12-10,,True
ACC-101057,Marshall-Perez,SaaS,Germany,7.0,Starter,Organic Search,,2024-10-20,,True
ACC-103388,"Rich, Brown and Bruce",Healthcare,India,16.0,Starter,Sales-Led,REP-016,2025/03/18,,True
ACC-102881,Obrien-Dixon,Logistics,Netherlands,-6.0,starter,Partner,,01/28/2024,2025-01-28,True
ACC-100157,"Miller, Hernandez and Reyes",E-commerce,United States,18.0,Pro,Organic Search,,26/04/2023,,True
ACC-102440,Smith-Kelley,Manufacturing,United States,,Pro,Partner,,2024-08-15,2024-10-15,False
ACC-105316,"Cooper, Brooks and King",,Canada,282.0,Business,Content/SEO,,2023-10-21,03/21/2024,True
ACC-101670,"Liu, Buchanan and Meyer",Manufacturing,United States,253.0,Business,Organic Search,,2023-10-29,,True
ACC-102236,"Hines, Bradford and Jennings",Healthcare,Brazil,284.0,Business,Content/SEO,,03/04/2022,2022-06-04,False
ACC-102835,Gates Ltd,SaaS,India,7.0,Starter,Organic Search,,25-May-2024,12/25/2024,True
ACC-100881,Williams Ltd,E-commerce,United Kingdom,7.0,Starter,Sales-Led,REP-033,15-Mar-2025,,False
ACC-100323,"Ramsey, Whitney and Coffey",SaaS,Germany,19.0,Starter,Paid Ads,,2024-01-22,,True
ACC-105656,"Curtis, Turner and Taylor",,Sweden,22.0,Starter,Referral,,2022-03-17,,False
ACC-100626,Lopez-Curry,Real Estate,US,,Business,Sales-Led,REP-038,08-Apr-2025,,True
ACC-104947,Sullivan and Sons,Logistics,France,1393.0,Enterprise,Referral,,2023-08-08,2025-03-08,True
ACC-101215,Petersen PLC,FinTech,United states ,11.0,Starter,Partner,,13/04/2025,,True
ACC-103652,Jones PLC,Consulting,Japan,9.0,Starter,Sales-Led,REP-027,18-Feb-2022,2022-03-18,False
ACC-101033,"Barnes, Jackson and Gutierrez",FinTech,United States,4.0,Starter,Referral,,25-Jun-2023,,True
ACC-104161,"RITTER, BAKER AND LEON",Media,USA,7.0,Starter,Organic Search,,2022-07-03,2024-06-03,True
ACC-105384,HERNANDEZ-SMITH,SaaS,United Kingdom,130.0,Business,Content/SEO,,02/11/2024,,True
ACC-100156,"Mitchell, Nelson and Flores",Consulting,Great Britain,134.0,Business,,,2023-06-20,,True
ACC-105776,Padilla and Sons,Logistics,united states,,Starter,,,2022-03-25,,True
ACC-100472,Moody-Taylor,FinTech,Canada,38.0,Pro,,,2023-02-08,08-Jul-2023,True
ACC-100742,Lewis Ltd,Consulting,United Kingdom,11.0,Pro,,,03/14/2024,2025-09-14,False
ACC-102792,Robertson-Keller,Media,France,8.0,Starter,Paid Ads,,2025-07-13,,True
ACC-100031,Carlson-Cruz,FinTech,Sweden,5.0,Starter,,,2025-05-31,,True
ACC-102828,"Ortega, Solis and Warner",Healthcare,France,50.0,Pro,Partner,,2025-01-28,,True
ACC-105498,Gutierrez and Sons,Media,India,6.0,Starter,Sales-Led,REP-036,2025-01-25,,False
ACC-101869,Bell-Hardy,Logistics,France,58.0,Pro,Sales-Led,REP-027,2023-12-16,2025-02-16,False
ACC-101242,"  Robinson, Clark and Klein  ",Manufacturing,France,19.0,Pro,Partner,,02/08/2024,2024-04-08,False
ACC-102850,  Mccann-White  ,Real Estate,Canada,29.0,Starter,Organic Search,,2022-08-17,2023-11-17,True
ACC-102486,"Pittman, Campbell and Martin",Real Estate,U.S.A.,10.0,Starter,Content/SEO,,08/02/2023,,True
ACC-103790,Alvarado Inc,FinTech,Singapore,62.0,Pro,Content/SEO,,2024-12-30,01/30/2025,True
ACC-102899,Blankenship-Strickland,,India,,Pro,Paid Ads,,2024-04-13,,True
ACC-105331,Garcia-Dalton,FinTech,Brazil,44.0,Pro,Content/SEO,,2023-04-26,,True
ACC-102498,"Miller, Mcdowell and Curtis",FinTech,Brazil,2.0,Starter,Sales-Led,REP-030,2024-02-07,,True
ACC-104073,Collins Group,,Australia,48.0,Pro,Sales-Led,REP-008,2024-03-07,,True
ACC-100177,Walker-Jones,Consulting,United States,,Business,Content/SEO,,18-Oct-2022,,True
ACC-100221,Harrison-Alexander,Real Estate,US,34.0,Pro,Organic Search,,2022-08-08,2023-06-08,True
ACC-101323,Joseph Ltd,Logistics,United States,41.0,Pro,Partner,,2022-04-15,2026-04-15,True
ACC-102656,Myers-Colon,Education,Singapore,27.0,Pro,Referral,,02/01/2023,,True
ACC-101038,Lynn-Jones,E-commerce,United States,30.0,Business,Content/SEO,,2024-02-10,,True
ACC-104072,"Alexander, Vincent and Pacheco",Real Estate,Netherlands,15.0,Starter,,,2025-03-26,,True
ACC-101042,Bush-Reynolds,fintech,India,,Starter,Paid Ads,,28-Jan-2025,,True
ACC-100544,"Jacobson, Singleton and King",Logistics,Germany,37.0,Pro,Organic Search,,2024-03-02,02/10/2025,True
ACC-101172,Campbell Inc,Education,USA,7.0,Starter,Content/SEO,,23/11/2024,,True
ACC-105479,Bennett-Smith,Logistics,United States,339.0,Enterprise,Content/SEO,REP-033,2024/05/10,2025-10-10,True
ACC-101223,"Brandt, Carter and Boyd",Media,United Kingdom,70.0,Starter,Paid Ads,,08/02/2025,,True
ACC-100469,Hughes Inc,SaaS,Canada,21.0,Pro,,,2022-01-18,,True
ACC-104617,Hudson Ltd,Manufacturing,Netherlands,29.0,Pro,Paid Ads,,21/04/2023,2024-09-21,True
ACC-102245,Williams PLC,Real Estate,Netherlands,3.0,Starter,Organic Search,,2023/09/09,,True
ACC-104467,Mills PLC,Healthcare,India,78.0,Pro,Sales-Led,REP-029,06/09/2025,04/09/2026,True
ACC-104738,"Lindsey, Byrd and Foster",Consulting,United Kingdom,5.0,Starter,Content/SEO,,2023-03-25,,True
ACC-103787,"Morales, Johnson and Hunt",Real Estate,Singapore,25.0,Starter,Referral,,07/12/2023,2023-10-12,True
ACC-102133,Fuller and Sons,Real Estate,Sweden,126.0,Pro,Partner,,2024-08-11,2026-02-11,True
ACC-101789,Peters-Short,SaaS,United States,77.0,Pro,Sales-Led,REP-022,08/08/2022,,True
ACC-103807,Wood LLC,E-commerce,India,297.0,Business,Partner,,2023-04-07,2023-05-07,True
ACC-102358,Barber-Harrison,Logistics,United Kingdom,5.0,Starter,Organic Search,,2024-06-12,2024-10-12,True
ACC-101562,HEBERT-COLLIER,Education,United Kingdom,15.0,Starter,Sales-Led,REP-009,2022-08-13,2026-01-13,False
ACC-102138,Wolf Ltd,FinTech,France,11.0,Pro,Organic Search,,2025-07-03,2026-02-03,True
ACC-104381,Terry-Rogers,FinTech,Netherlands,15.0,Starter,Organic Search,,05/07/2022,,False
ACC-104237,Rodriguez-Vega,Media,Australia,7.0,Starter,Paid Ads,,24/07/2025,2026-04-24,True
ACC-105250,Parker-Watkins,E-commerce,Singapore,19.0,Starter,Sales-Led,REP-013,07/30/2023,,True
ACC-105740,Becker-King,Media,United Kingdom,7.0,Starter,Referral,,09/10/2022,2024-11-10,False
ACC-103358,"Miles, Flowers and Martinez",Consulting,Canada,113.0,Business,Content/SEO,,2023-06-16,,True
ACC-100865,Gibson-Freeman,E-commerce,Sweden,16.0,Starter,Referral,,06/08/2022,2024-11-08,True
ACC-102462,Scott-Wilson,saas,United Kingdom,11.0,Starter,Sales-Led,REP-026,25-Nov-2023,,True
ACC-102471,"Willis, Vasquez and Goodwin.",,United States,23.0,Starter,Partner,,2023-12-28,,True
ACC-105871,Ford PLC,Consulting,Sweden,30.0,Pro,Organic Search,,2025-02-02,,True
ACC-103720,Grant Group,Logistics,France,6.0,Starter,Referral,,10/22/2022,,True
ACC-101883,Sosa-Baker,Media,Netherlands,33.0,Pro,Partner,,2023-07-16,2024-08-16,True
ACC-102997,"Cooper, Swanson and Mayo Inc.",Consulting,Canada,24.0,Starter,Organic Search,,11/19/2022,,True
ACC-104105,Thomas Ltd,manufacturing,United States,,Pro,Content/SEO,,2024-11-11,2025-09-11,True
ACC-104871,"Oneill, Oconnor and Wang",Healthcare,Canada,42.0,Pro,Organic Search,,2024-08-24,,True
ACC-103245,Wilson-Robinson,Consulting,Germany,20.0,Pro,Referral,,26-Apr-2025,,True
ACC-105405,"Garcia, Brown and Melton",consulting,Germany,52.0,Pro,Content/SEO,,08/12/2025,2025-10-12,True
ACC-102611,LEONARD LLC,Manufacturing,United Kingdom,1202.0,Enterprise,Content/SEO,REP-018,02/07/2022,2023-11-07,True
ACC-101744,Brooks Inc,E-commerce,U.S.A.,10.0,Starter,Referral,,06/06/2025,,True
ACC-101483,"Brown, Wise and Warren",Education,United States,,Business,,,06/21/2022,,True
ACC-100296,Howard-Jordan,FinTech,United States,18.0,Pro,Content/SEO,,24/06/2024,2024-09-24,True
ACC-103285,CAMERON PLC,Media,Australia,25.0,Business,Sales-Led,REP-005,2023-08-14,,True
ACC-102240,Richardson-Long,E-commerce,Canada,174.0,Business,Sales-Led,REP-032,2023-01-31,,True
ACC-104313,Gill Inc,SaaS,France,61.0,Pro,Referral,,04/24/2025,,True
ACC-104834,"Allen, Olson and Ortiz",E-commerce,Australia,474.0,Business,Partner,,29/06/2024,2025-01-29,True
ACC-105963,Smith and Sons,Manufacturing,Spain,17.0,Pro,Sales-Led,REP-013,2023-01-16,09/16/2023,True
ACC-103914,Pope and Sons,Real Estate,India,12.0,Starter,Referral,,2022-02-20,20/11/2023,True
ACC-101600,"Wagner, Walker and Roberts",fintech,United States,137.0,Business,Partner,,2023-04-15,,True
ACC-103126,"HALL, LEWIS AND MALDONADO",Healthcare,United Kingdom,52.0,Pro,Organic Search,,11/02/2024,11-Feb-2025,True
ACC-101354,Shaw and Sons,Manufacturing,Germany,20.0,Starter,Paid Ads,,05-Oct-2023,,True
ACC-101615,Gonzalez LLC,Consulting,Netherlands,16.0,Pro,Paid Ads,,2025-08-20,,True
ACC-105632,"Smith, Morales and Whitaker",SaaS,United States,191.0,Pro,Organic Search,,2023-06-28,2026-04-28,True
ACC-105608,"Russell, Daniels and Martinez",Education,united states,61.0,Business,Content/SEO,,2023-11-02,,True
ACC-103477,"  Franklin, Gray and Sutton  ",Healthcare,United Kingdom,24.0,Starter,Partner,,10/16/2023,11/16/2024,True
ACC-101657,Hall Inc,Media,,7.0,Pro,Partner,,2022-04-27,27/04/2025,True
ACC-100491,Anderson-Bell,E-commerce,,79.0,Business,Referral,,03/08/2022,,True
ACC-101554,Rodriguez-Mills,,United States,63.0,Pro,Content/SEO,,2022-12-30,05/30/2025,True
ACC-102488,Rivas Ltd,Manufacturing,United States,223.0,Business,Referral,,2024/02/03,,False
ACC-105788,  Watson PLC  ,Education,Singapore,460.0,Business,Sales-Led,REP-032,2022-05-21,12/21/2025,True
ACC-105861,Rivera Inc,Manufacturing,India,3.0,Starter,Content/SEO,,2022-05-04,,True
ACC-104462,"Smith, Kelly and Oliver",SaaS,Australia,21.0,Pro,Sales-Led,REP-003,03/18/2022,,False
ACC-100050,"Brooks, Lam and Hayes",SaaS,India,20.0,Starter,Sales-Led,REP-003,29/08/2022,10/29/2022,True
ACC-101163,Wise-Dean,Manufacturing,USA,313.0,Enterprise,Organic Search,REP-031,2023-09-01,08/01/2025,False
ACC-100319,"Shaw, Nelson and Martin",Logistics,United States,7.0,Starter,Organic Search,,2022-05-03,,True
ACC-101101,Watson PLC,,United Kingdom,731.0,Enterprise,Partner,REP-013,2022-10-01,2024/03/01,True
ACC-103370,"Gonzalez, Richards and Miller",Manufacturing,France,,Starter,Sales-Led,REP-003,2022-05-28,03/28/2024,True
ACC-100747,Goodwin Ltd,Manufacturing,Germany,11.0,Starter,Paid Ads,,22-Jul-2025,2026-04-22,True
ACC-103693,Hernandez Inc,SaaS,United Kingdom,6.0,Starter,Referral,,2022-04-04,2022-12-04,True
ACC-100810,"Chavez, Jones and Williams",Consulting,Netherlands,10.0,Starter,Partner,,2022-11-21,2025-10-21,True
ACC-104050,Hamilton Ltd,FinTech,Canada,2.0,Starter,Referral,,07/29/2023,,True
ACC-103467,"Strong, Warner and Cannon",Media,France,40.0,Business,Partner,,2022-02-24,2023-09-24,True
ACC-103149,FIGUEROA AND SONS,Real Estate,Germany,200.0,Business,Sales-Led,REP-025,03/14/2024,10/14/2024,True
ACC-102981,Hicks Ltd,healthcare,United states ,20.0,Starter,Sales-Led,REP-025,07/12/2024,,True
ACC-104934,Jackson-Wong,Consulting,Netherlands,178.0,Business,Referral,,2022-08-05,,True
ACC-105400,Hart-Baker,Consulting,,31.0,Pro,Content/SEO,,18-Jan-2025,,True
ACC-103947,"Mathews, Perez and Love",Logistics,Australia,97.0,Business,Organic Search,,2022-07-10,,True
ACC-103917,Goodwin-Sherman,FinTech,United States,5.0,Starter,Referral,,12/20/2022,,True
ACC-101485,Miller Group,Consulting,France,5.0,Starter,Referral,,02/18/2022,,True
ACC-102585,"Brooks, Greene and Rowland",Media,United States,11.0,Starter,Partner,,2023-04-24,,True
ACC-102789,  Johnson Inc  ,E-commerce,Netherlands,4.0,Starter,Organic Search,,08/05/2025,,True
ACC-102885,"Howard, Anderson and Dean",Consulting,Netherlands,202.0,Business,Partner,,2022-01-14,14-Apr-2022,True
ACC-104335,"Jenkins, Gonzalez and Morgan",Consulting,India,7.0,Starter,Sales-Led,REP-028,2022-12-29,2024-11-29,True
ACC-104698,Clarke-Warren,Manufacturing,United Kingdom,50.0,Pro,Content/SEO,,2022-06-01,01-Nov-2024,True
ACC-103664,Sanders and Sons,Real Estate,Canada,5.0,Starter,Content/SEO,,2023-06-21,2023-07-21,False
ACC-101108,"Ortiz, Smith and Deleon",SaaS,Singapore,-6.0,Pro,Partner,,2023-10-31,2025-05-31,True
ACC-102767,Warren-Pena,Education,United States,171.0,Business,Partner,,08/16/2025,,False
ACC-104502,Hicks-Calderon,Manufacturing,Brazil,60.0,Pro,Sales-Led,REP-015,17-Sep-2023,2023-12-17,True
ACC-103407,"Williamson, Reynolds and Fields",Real Estate,India,,Pro,Organic Search,,2022-08-06,11/06/2023,False
ACC-101669,"Crosby, Armstrong and Herrera",,Brazil,34.0,Pro,Referral,,2023-12-13,13-Apr-2025,True
ACC-100239,"Walker, Hernandez and Baker",Media,United Kingdom,10.0,Starter,Sales-Led,REP-003,2022-04-09,2023-07-09,True
ACC-102858,Chen-Wallace,Education,United Kingdom,11.0,Pro,Paid Ads,,23-Jan-2024,,True
ACC-100199,Christensen PLC,Manufacturing,Australia,116.0,Business,Content/SEO,,2023-12-10,,True
ACC-101738,"Ferguson, Martin and Obrien",fintech,United Kingdom,,Starter,Sales-Led,REP-035,2025-07-02,,True
ACC-104154,LI-FULLER,,Germany,158.0,Business,Organic Search,,2025-08-22,,True
ACC-104347,Harris-Hernandez,SaaS,Sweden,399.0,Business,Partner,,23-Dec-2022,2025-11-23,False
ACC-101740,"Hodge, Mckinney and Nelson!",Healthcare,Singapore,999999.0,Business,Paid Ads,,2024-08-16,,True
ACC-102252,Reynolds and Sons,education,Australia,40.0,Business,Sales-Led,REP-009,2024-08-17,,True
ACC-102795,"Nguyen, Wallace and Lawson",Media,Brazil,9.0,Pro,Sales-Led,REP-018,2024-08-28,,True
ACC-102986,"Garner, Lewis and Kennedy",Media,United states ,93.0,Business,Sales-Led,REP-005,2022-09-29,2025-07-29,True
ACC-103830,Richardson-Small,Education,United States,73.0,Business,Organic Search,,2024-07-15,,True
ACC-104153,  Berry-Mills  ,Media,Canada,13.0,Pro,Content/SEO,,2025-07-14,,True
ACC-100101,"Patterson, Smith and Jones",healthcare,Germany,,Pro,Organic Search,,2025-06-28,,True
ACC-103379,"  Murray, White and Patton  ",Media,united states,39.0,Pro,Partner,,29-Dec-2022,29-Mar-2023,True
ACC-104872,Mack-Alvarado,SaaS,India,12.0,Starter,Content/SEO,,12/02/2025,,False
ACC-100259,Dean-Jimenez,Education,United States,27.0,Pro,Referral,,08/28/2022,2023-01-28,True
ACC-102115,Wilson-Campbell,Manufacturing,United Kingdom,31.0,Pro,Partner,,03/02/2022,09/02/2023,True
ACC-105889,"Pierce, Galvan and Erickson",FinTech,Great Britain,4.0,Starter,Partner,,10/24/2024,06/24/2025,True
ACC-100501,  Paul-Kline  ,Healthcare,United States,15.0,Pro,Sales-Led,REP-026,17-Jun-2022,,True
ACC-100893,Bishop and Sons,Real Estate,Sweden,47.0,Pro,Sales-Led,REP-028,06-Feb-2025,,True
ACC-104906,Anderson Inc,,United States,,Pro,Sales-Led,REP-035,2022-04-15,15/11/2024,True
ACC-105874,"Dunlap, Fleming and Brown",SaaS,United Kingdom,27.0,Pro,Sales-Led,REP-031,12/29/2023,,True
ACC-102807,MARTIN LLC,Real Estate,United Kingdom,7.0,starter,Partner,,2022-07-09,2024-04-09,True
ACC-103308,"Palmer, Edwards and Blackburn",Manufacturing,Great Britain,40.0,Pro,Sales-Led,REP-027,2025-04-02,,True
ACC-101161,"Wagner, Martinez and Dawson",FinTech,Brazil,7.0,Starter,Partner,,21-Aug-2025,,True
ACC-105231,"  Anderson, Taylor and Smith  ",,United Kingdom,5.0,Starter,,,2024-02-13,13-Dec-2024,True
ACC-101433,Perez and Sons,Education,Canada,18.0,Pro,Sales-Led,REP-030,2025/06/17,,True
ACC-103964,"Wright, Hill and Hoffman",,France,,Starter,Referral,,08/11/2024,,True
ACC-104527,"Walter, Jones and Butler!",Healthcare,United States,412.0,Enterprise,Content/SEO,REP-038,07/09/2022,2025-12-09,True
ACC-104317,"Young, Henry and Wright",Real Estate,India,2.0,Starter,Referral,,2022-02-21,2025-12-21,True
ACC-105521,Romero Group,E-commerce,United states ,1.0,Starter,Organic Search,,2023-09-06,2025-07-06,True
ACC-102948,Martinez-Freeman,Logistics,United States,10.0,Starter,Paid Ads,,2022-03-28,28-Apr-2022,True
ACC-105686,"Khan, Howard and Galvan",Education,France,327.0,Business,Paid Ads,,2025-04-22,,True
ACC-105014,Young Inc,E-commerce,United States,289.0,Business,Referral,,2024-10-21,,True
ACC-101128,"  Evans, Jackson and Sandoval  ",Logistics,Australia,9.0,starter,Organic Search,,2023-03-30,2023-06-30,True
ACC-101119,"Nguyen, Hill and Douglas",E-commerce,Brazil,12.0,Starter,Sales-Led,REP-009,10/11/2024,2024-12-10,True
ACC-105876,"Watson, Hall and Roth",FinTech,United States,130.0,Business,Referral,,2025-07-31,,False
ACC-100710,Figueroa Inc,SaaS,Singapore,74.0,Pro,Sales-Led,REP-010,2024-01-20,2024-05-20,True
ACC-100969,"Terry, Williams and Huff",Consulting,India,14.0,Starter,Partner,,2023-02-11,2024-12-11,False
ACC-105512,Peters Inc,Education,U.K.,21.0,Pro,Content/SEO,,2022-07-18,2022-11-18,True
ACC-100672,Nunez-Stephens,Media,United States,,Pro,Organic Search,,2024-03-21,,True
ACC-102803,"Davies, Archer and Owens",Healthcare,Germany,233.0,Business,Organic Search,,2022-04-01,2022-07-01,True
ACC-105338,"Hanson, Rich and English",Manufacturing,United States,85.0,Starter,Content/SEO,,2025-02-14,14-Sep-2025,False
ACC-105853,Rogers and Sons,Media,United States,203.0,Business,Paid Ads,,2023-06-13,13-Aug-2023,True
ACC-104515,Dixon LLC,Media,United Kingdom,294.0,Business,Referral,,01/09/2022,,True
ACC-104985,Le-Coleman,Logistics,United States,40.0,Pro,Paid Ads,,20-Nov-2023,,True
ACC-103410,Alvarez LLC,Healthcare,France,34.0,Pro,Partner,,17-Aug-2024,,True
ACC-103011,"Gibson, Zimmerman and Warren",,United States,14.0,Pro,Content/SEO,,02/04/2025,,True
ACC-105380,"Jensen, Cruz and Harvey",SaaS,United States,209.0,Business,Content/SEO,,2023-07-16,05/16/2024,True
ACC-105804,"Arnold, Ramirez and Franklin",Real Estate,Canada,8.0,Starter,Organic Search,,2024-08-19,,True
ACC-103710,"Thomas, Martin and Baxter",Consulting,France,3.0,Starter,Paid Ads,,01/03/2025,,False
ACC-101726,"Pierce, Wang and Wilson",Consulting,United States,,starter,Content/SEO,,2023-06-22,,True
ACC-103979,Cantu Group,Education,United States,43.0,Business,Partner,,01/05/2024,2025-06-01,True
ACC-100088,Suarez LLC,Education,Sweden,180.0,Business,Content/SEO,,12/03/2024,2026-01-03,True
ACC-105926,"Peters, Gutierrez and King",Real Estate,United States,4413.0,Enterprise,Partner,REP-028,04/30/2022,,True
ACC-100324,"DIAZ, GIBBS AND SMITH",SaaS,Canada,106.0,Business,,,2022-03-30,,True
ACC-102851,Wilson PLC,FinTech,France,20.0,Pro,Content/SEO,,25-Oct-2023,10/25/2024,True
ACC-104406,Thomas-Weaver,FinTech,France,38.0,Pro,Sales-Led,REP-017,2023-07-09,,True
ACC-100325,"Martinez, Richardson and Curry",E-commerce,United States,13.0,Pro,Referral,,2025/03/23,,True
ACC-101129,"White, Davis and Anderson",FinTech,United states ,2001.0,Enterprise,Organic Search,REP-018,2024-08-30,,False
ACC-103534,"BRAUN, HESTER AND SMITH",Real Estate,Germany,14.0,Starter,Paid Ads,,2023-09-08,,True
ACC-100132,"Bentley, Byrd and Orr",,Singapore,129.0,Pro,Content/SEO,,08/29/2023,2023-11-29,False
ACC-100712,"Butler, Hernandez and Rivera",Media,India,21.0,Starter,Referral,,2024-03-12,2024/06/12,True
ACC-103317,Bell-Wilson,FinTech,France,17.0,Pro,Referral,,2022-04-11,,True
ACC-103601,Baker-Lin Inc.,E-commerce,United States,1944.0,Enterprise,Paid Ads,,01/03/2024,,True
ACC-104730,"  Li, Mason and Jacobson  ",Real Estate,Netherlands,,Pro,Organic Search,,07/19/2024,,True
ACC-104145,"Hamilton, Baker and Osborn",Education,India,,Pro,Content/SEO,,2023-08-29,2025/03/29,True
ACC-105488,Dunn-Fernandez,Media,Germany,96.0,Business,Sales-Led,REP-021,2024-09-07,,True
ACC-102633,Carroll-Lloyd.,SaaS,France,17.0,Starter,Referral,,2022-03-18,2024-07-18,False
ACC-102348,Mccoy Ltd,Healthcare,Australia,225.0,Business,Organic Search,,2023-08-09,,True
ACC-103898,"Murray, Sanchez and Morrison",E-commerce,Australia,463.0,Business,Partner,,07/23/2024,2024-12-23,True
ACC-105540,Pope Inc,Logistics,,22.0,Pro,Content/SEO,,2025-08-14,,True
ACC-105179,Nichols LLC,Real Estate,India,9.0,Starter,Paid Ads,,2023-04-10,,False
ACC-101569,Hudson and Sons,Education,united states,23.0,Pro,,,2023-11-27,,True
ACC-104083,"Meyer, Ray and Stephenson",Consulting,Singapore,104.0,Pro,Paid Ads,,2025-04-10,2026-05-10,True
ACC-102941,"Robertson, Barry and Walls",FinTech,Sweden,127.0,Pro,Organic Search,,13-May-2025,2025-06-13,False
ACC-103661,"FERGUSON, SANCHEZ AND SMITH",Education,India,42.0,Pro,Referral,,11-Apr-2024,11/01/2026,True
ACC-105550,Logan-Rice,E-commerce,Spain,360.0,Business,Organic Search,,2023/10/22,,False
ACC-104853,"Harris, Hernandez and Becker",Healthcare,United States,26.0,Pro,Partner,,22/10/2023,22/11/2024,False
ACC-104172,Smith-Lopez,,India,234.0,Business,Content/SEO,,21/02/2025,,True
ACC-101297,Hamilton-Smith,Logistics,Spain,71.0,Business,Partner,,2022-01-05,,True
ACC-102944,Bailey Ltd,Media,Singapore,,Starter,Sales-Led,REP-017,2024-04-14,,True
ACC-100371,Davis Inc,Consulting,Germany,7.0,Starter,Sales-Led,REP-034,2025-05-04,,True
ACC-105911,Bates PLC,E-commerce,India,13.0,Pro,Paid Ads,,2023-08-29,,True
ACC-103641,"Gonzalez, Moore and Nichols",SaaS,United States,,Enterprise,Referral,,12/27/2023,,True
ACC-103525,Johnson-Howard,FinTech,United States,4.0,Starter,Sales-Led,REP-035,2023/01/23,2024-01-23,True
ACC-102534,"Gonzales, Davis and Griffin",Media,Brazil,1941.0,Enterprise,Content/SEO,REP-007,2022-12-15,,True
ACC-103647,Moore LLC,Healthcare,Japan,,Pro,Organic Search,,2022-04-08,2025/07/08,False
ACC-105595,"Henderson, Gomez and Williams",Healthcare,Spain,275.0,Business,Partner,,02/26/2022,,True
ACC-100168,"Yates, Ramsey and Pittman",Logistics,Netherlands,714.0,Enterprise,,REP-004,02/17/2025,,True
ACC-102405,Medina Group,Healthcare,France,1.0,Starter,Organic Search,,2024-04-02,,True
ACC-105955,"Williams, Riddle and Morgan",logistics,united kingdom,106.0,Business,Paid Ads,,18-Jun-2022,,True
ACC-101158,Martin Group,FinTech,Canada,82.0,Business,Organic Search,,2022-04-16,,True
ACC-104575,Weaver Inc,Manufacturing,Singapore,203.0,Business,Sales-Led,REP-039,04/14/2025,,True
ACC-103409,"Allen, Hunt and Lyons",Media,united kingdom,2066.0,Enterprise,Content/SEO,REP-034,2022-06-18,,True
ACC-100198,Ramirez Group,Healthcare,US,6.0,Starter,Organic Search,,2023-11-04,,True
ACC-105935,"Wise, Collins and Foster",Media,United Kingdom,9.0,Starter,Partner,,2025-03-15,,True
ACC-102892,Klein PLC,FinTech,United States,415.0,Enterprise,Organic Search,REP-021,2025-08-19,,True
ACC-102273,"Ward, Jordan and Orr",E-commerce,Germany,6.0,Starter,Partner,,2022-07-16,,True
ACC-105366,"Chapman, Oconnell and Hogan",Manufacturing,Spain,5.0,Starter,Paid Ads,,03/30/2022,,True
ACC-105933,"Hawkins, Hendrix and Hayes",Media,Japan,66.0,Pro,Content/SEO,,06/08/2023,09/06/2025,True
ACC-102798,Hatfield-Vincent,Healthcare,Brazil,361.0,Business,Partner,,2025-01-16,06/16/2025,True
ACC-103557,Steele Group,Healthcare,India,1337.0,Enterprise,Organic Search,REP-030,2023-03-13,,False
ACC-104405,Miller and Sons,Manufacturing,U.K.,311.0,Business,Partner,,20/11/2022,20-Jan-2023,True
ACC-100230,"Branch, Torres and Oliver",FinTech,Germany,,Pro,Partner,,2025-03-16,2025-11-16,True
ACC-105163,Leon Group,SaaS,India,41.0,Starter,Partner,,2023/04/28,,False
ACC-102402,"Harris, Stephens and Kramer",Manufacturing,UK,12.0,Starter,Content/SEO,,2023-12-10,,True
ACC-100964,Moore and Sons,Healthcare,Germany,171.0,Business,Content/SEO,,,,True
ACC-102022,Mcpherson Ltd,Logistics,Netherlands,42.0,Business,Referral,,2025-01-18,,True
ACC-100625,Osborn Group,saas,United Kingdom,8.0,Pro,Content/SEO,,2025-02-02,,True
ACC-101807,"  Long, Flores and Reyes  ",Real Estate,Canada,26.0,Starter,Sales-Led,REP-037,2024-02-23,,True
ACC-105011,MULLINS-HAWKINS,Healthcare,United Kingdom,730.0,enterprise,Content/SEO,REP-017,2023-05-21,,True
ACC-101874,Gates and Sons,Healthcare,Japan,,Starter,Referral,,25-May-2022,25-May-2026,True
ACC-105363,Evans-Jackson,Education,,,Starter,,,2023-02-17,17/06/2024,True
ACC-104664,Brooks-Myers,E-commerce,Germany,56.0,Pro,Partner,,2024-06-22,,False
ACC-100017,"Flowers, Martin and Kelly",Healthcare,Sweden,40.0,Pro,Referral,,03/06/2023,2024-06-06,True
ACC-103206,"Campbell, Hobbs and Baker",Real Estate,United States,313.0,Business,Organic Search,,2024-08-14,,True
ACC-101561,"Jones, Conrad and Clark",E-commerce,U.S.A.,15.0,Pro,Sales-Led,REP-033,2023-03-25,04/25/2023,True
ACC-101788,Wilson-Carlson,Healthcare,India,33.0,Pro,,,2022-11-17,2024-06-17,False
ACC-101086,Morgan LLC,E-commerce,Netherlands,8.0,Starter,Paid Ads,,03/01/2025,,True
ACC-101027,Reed LLC,Manufacturing,Australia,3.0,Starter,Content/SEO,,2022-02-02,07/02/2022,True
ACC-101777,Rodriguez-Mendoza,Consulting,Canada,17.0,Pro,Sales-Led,REP-020,2022-02-15,2023-02-15,True
ACC-100439,King-York,SaaS,France,217.0,business,Sales-Led,REP-027,2022-06-06,,True
ACC-102922,Johnston Inc,Manufacturing,Canada,,Pro,Paid Ads,,2025-07-27,,True
ACC-101328,Wilkinson and Sons,Education,Germany,3.0,Starter,Organic Search,,2024-11-01,2025/02/01,True
ACC-101566,"Jones, Torres and Blackburn.",Manufacturing,Netherlands,27.0,Pro,Partner,,2022-08-15,,True
ACC-105001,"Wu, Orozco and Davis",Media,United States,1083.0,Enterprise,Content/SEO,REP-015,2024-09-25,,True
ACC-101545,Stephens LLC,Consulting,United States,48.0,Pro,Referral,,2023-05-06,05/06/2025,True
ACC-105395,Harris PLC,Consulting,,,Starter,Content/SEO,,2024-05-15,,True
ACC-101803,Wood PLC,Education,united states,40.0,Pro,Referral,,2024-09-05,2024-11-05,False
ACC-103755,Little Group,Real Estate,India,312.0,Business,Sales-Led,REP-002,18-Nov-2023,2024-10-18,True
ACC-101221,WILSON-MALONE,,Brazil,1.0,Starter,Referral,,02/28/2024,2024-04-28,True
ACC-101092,Figueroa-Malone,consulting,Germany,2.0,Starter,Sales-Led,REP-036,14/03/2023,,True
ACC-105057,"Johnson, Hernandez and Gomez",Media,,21.0,Pro,Paid Ads,,2024-10-07,,True
ACC-103973,Cohen PLC.,Media,U.S.A.,,Starter,Paid Ads,,25-Mar-2024,,True
ACC-100681,"Robinson, Shields and Brown",Manufacturing,Brazil,180.0,Business,Content/SEO,,2025-07-20,,False
ACC-101954,Garcia Ltd,FinTech,United Kingdom,20.0,Starter,Sales-Led,REP-009,2025-07-24,,True
ACC-101448,Ruiz-Austin,Healthcare,Germany,19.0,Starter,Paid Ads,,2024-06-23,,True
ACC-105830,  Andrews Inc  ,,Canada,23.0,Pro,Organic Search,,07/09/2024,2025-06-07,True
ACC-105096,"Lowe, Morgan and Vega",healthcare,France,14.0,Pro,Organic Search,,12/20/2024,,True
ACC-103782,"Ross, Flowers and King",Consulting,Brazil,16.0,Pro,Referral,,03/08/2023,,True
ACC-102865,Brown-Stout!,Real Estate,United Kingdom,85.0,Pro,Referral,,15-Oct-2024,,True
ACC-100676,Mendez-Mayer,Media,Netherlands,35.0,Pro,Organic Search,,10/15/2024,2025-07-15,True
ACC-102063,White-Knox,Healthcare,United States,301.0,Business,,,2022-05-31,,True
ACC-100393,"Miller, Ramos and Coleman",Manufacturing,United States,21.0,Pro,Sales-Led,REP-038,08/12/2023,,True
ACC-105516,Martin-Black,FinTech,France,28.0,Pro,Partner,,05/05/2023,2023-08-05,True
ACC-100279,"Reyes, Chase and Jenkins!",Real Estate,India,8.0,Starter,Sales-Led,REP-033,18/09/2022,18-Dec-2022,True
ACC-104088,Walters and Sons,Consulting,Singapore,60.0,Pro,Partner,,2022-02-15,,True
ACC-100696,Boone-Davis,Real Estate,Netherlands,1607.0,Enterprise,Partner,REP-020,2023-07-08,2025-02-08,True
ACC-101536,Wright Group,Logistics,Spain,110.0,Business,Partner,,03/13/2022,,True
ACC-102908,Reed Ltd,Media,India,51.0,Pro,Referral,,02/13/2025,,True
ACC-101220,  Moran-Cox  ,Logistics,Canada,17.0,Starter,Organic Search,,04/11/2023,,True
ACC-105637,  Gardner-Jensen  ,Real Estate,France,6.0,Starter,Sales-Led,REP-028,2025-07-20,,True
ACC-100014,WILLIAMS AND SONS,Manufacturing,Brazil,,Business,Paid Ads,,2024-08-22,,True
ACC-100746,Ali PLC,Consulting,Canada,4.0,Starter,Referral,,2023-01-16,,False
ACC-100565,"Edwards, Hines and Jimenez",Consulting,Germany,13.0,Starter,Content/SEO,,02-Jan-2024,2024-06-02,True
ACC-105307,Black-Gonzalez,Logistics,Sweden,68.0,Business,Sales-Led,REP-019,22-May-2024,,True
ACC-104404,Ramos PLC,Logistics,united kingdom,111.0,Business,Paid Ads,,2023-09-28,2025-10-28,True
ACC-104761,Weeks-Martin,Logistics,United States,47.0,Pro,Sales-Led,REP-013,06/18/2023,,False
ACC-103333,"ALLEN, EDWARDS AND JONES",Media,United States,,Starter,Referral,,06/02/2024,,True
ACC-100410,Kim Inc,healthcare,USA,-204.0,Business,Paid Ads,,11/30/2024,,True
ACC-103700,"Daniel, Richardson and Wang",FinTech,United Kingdom,126.0,Business,Sales-Led,REP-005,26/11/2022,,False
ACC-102902,Gray Inc,saas,Canada,4.0,Starter,Referral,,07/01/2023,,True
ACC-100622,Pearson and Sons,Logistics,united states,45.0,Pro,Partner,,26/05/2024,,True
ACC-105839,"Miller, Gordon and Glover",Consulting,India,37.0,Pro,Partner,,2023-10-18,2024-08-18,True
ACC-101344,Williams and Sons,Logistics,France,,Business,Partner,,02-Jan-2023,,False
ACC-100065,Morton-Chase,FinTech,Brazil,660.0,Enterprise,Content/SEO,,2022-01-02,,True
ACC-104864,Cole LLC,Education,USA,33.0,Pro,Referral,,09/02/2022,11/02/2022,True
ACC-101225,"Newton, Ortiz and King",Manufacturing,Canada,15.0,Pro,Content/SEO,,06/15/2025,,True
ACC-102418,"ARMSTRONG, TAYLOR AND GRAY",E-commerce,United States,,Enterprise,Referral,REP-004,2024-03-15,,True
ACC-105103,"Mason, White and Haas LLC",Manufacturing,Germany,41.0,Pro,Content/SEO,,05/01/2025,,True
ACC-101650,"Fry, Wilson and Stewart!",FinTech,Spain,75.0,Pro,,,09/10/2023,,True
ACC-101630,"Hughes, Whitney and Romero",Media,Netherlands,,Enterprise,Content/SEO,REP-038,2022-02-19,,False
ACC-100351,Guerrero Inc,,Australia,16.0,Pro,Sales-Led,REP-027,2025-05-12,,True
ACC-103753,Stewart Ltd,,Sweden,10.0,Starter,Partner,,2025-06-24,2025-12-24,True
ACC-105280,Waters PLC,Education,Canada,35.0,Starter,Paid Ads,,16-Apr-2024,2024-07-16,False
ACC-105017,Montgomery Inc!,Consulting,France,88.0,Business,Organic Search,,06/12/2023,,True
ACC-101580,Smith-Johnson,Logistics,Australia,,Business,Referral,,2025-06-11,10/11/2025,False
ACC-102118,Lopez-Jones,Media,Sweden,6.0,Starter,Partner,,2023-11-29,03/29/2024,True
ACC-100730,Rodriguez Inc,media,UK,113.0,Pro,Content/SEO,,2025-03-22,,True
ACC-105701,Scott-Delgado,manufacturing,Germany,54.0,Pro,Referral,,2023-02-11,,True
ACC-104174,"Phillips, Castro and Thompson",FinTech,Spain,22.0,Pro,Partner,,2023-03-30,2023-10-30,False
ACC-103992,Martin Ltd,Logistics,United States,55.0,Pro,Partner,,,,True
ACC-102505,Lee-Velasquez,E-commerce,United States,28.0,Pro,Partner,,31/08/2024,,True
ACC-105149,Francis Group,,Brazil,283.0,Business,Paid Ads,,17/05/2022,2023-02-17,True
ACC-102746,Cruz PLC LLC,Logistics,United States,7.0,Starter,Partner,,13/02/2023,,True
ACC-103861,Carson-Hernandez,Manufacturing,Brazil,11.0,Starter,Paid Ads,,2023-04-19,19-Jan-2024,True
ACC-103002,"Wilson, Graham and Webb",Media,United states ,,Starter,Partner,,2024-10-20,,False
ACC-103181,"Russell, Meyer and Smith",E-commerce,Brazil,6.0,Starter,Partner,,2022-12-11,2023-02-11,True
ACC-103634,Ortiz-Armstrong,Education,France,143.0,Business,Sales-Led,REP-018,2025-06-06,,False
ACC-102191,WILSON AND SONS,Media,Great Britain,26.0,Pro,Partner,,21-Nov-2022,,True
ACC-104956,Melton LLC,Manufacturing,Canada,1.0,Starter,Referral,,2023-10-03,07/03/2025,True
ACC-100420,Marshall-Elliott,Healthcare,France,15.0,Pro,Organic Search,,2023-06-05,,True
ACC-101362,"Thomas, Jackson and Nielsen",Media,India,1679.0,Enterprise,Organic Search,REP-019,12/05/2024,,True
ACC-100373,"  Watson, Anderson and Brown  ",Healthcare,Sweden,366.0,Business,Referral,,2024-09-11,2025-01-11,True
ACC-103487,White-Williams,Healthcare,Brazil,18.0,Starter,,,12/01/2023,12/01/2026,True
ACC-101084,Vaughn-Williams,SaaS,Sweden,6.0,Starter,Paid Ads,,2023-03-26,,True
ACC-101176,Kelley and Sons,Education,US,1836.0,Enterprise,Organic Search,,2022-05-24,2025-08-24,True
ACC-103414,Li-Hernandez,E-commerce,United Kingdom,3.0,Starter,Paid Ads,,09/02/2025,04/09/2025,True
ACC-104734,Gibson Ltd,e-commerce,Brazil,75.0,Business,Paid Ads,,2023-06-29,,True
ACC-100604,"Evans, David and Hendrix",Healthcare,Spain,7.0,Starter,Content/SEO,,01/31/2022,2022-08-31,False
ACC-101090,Adams-Butler,SaaS,Brazil,5.0,Starter,Partner,,29/06/2024,,True
ACC-100181,"Gould, Marshall and Scott",FinTech,United States,6.0,Starter,Paid Ads,,11/28/2024,12/28/2024,False
ACC-101971,Riley-Snow,SaaS,United Kingdom,235.0,Business,Sales-Led,REP-030,2023-09-11,,True
ACC-100538,Owens-Holmes,Logistics,United States,24.0,Pro,Paid Ads,,29/04/2022,,True
ACC-101188,  White-Morales  ,Manufacturing,Brazil,6.0,Starter,Paid Ads,,28-Apr-2024,,True
ACC-104959,"Thomas, Price and Lopez",Education,Brazil,8.0,Starter,Referral,,13-Mar-2024,2026-03-13,True
ACC-105942,Solomon Inc,E-commerce,United States,260.0,Business,Organic Search,,02/03/2024,,True
ACC-105489,Parker-Bradshaw,SaaS,Japan,1862.0,Enterprise,Referral,,10/06/2023,12/06/2024,True
ACC-102439,Lewis-Fuentes,FinTech,Brazil,11.0,Starter,Paid Ads,,08/11/2025,,True
ACC-104957,Gray-Stone,Education,United States,40.0,Pro,Paid Ads,,2023-01-02,2023-04-02,False
ACC-105203,"Reyes, Gray and Russell",Consulting,India,7.0,Starter,Organic Search,,10/06/2022,2026/02/10,True
ACC-100530,Hicks-Martinez,Consulting,Netherlands,11.0,Starter,Paid Ads,,2023/05/20,20-Aug-2025,True
ACC-105870,"Garcia, Hall and Tapia",FinTech,US,25.0,Starter,Partner,,2023/08/03,2025-09-03,True
ACC-101477,Adkins-Meyer,Consulting,Netherlands,9.0,Starter,Content/SEO,,2024-12-15,,True
ACC-105640,"James, Edwards and Stafford",Real Estate,United Kingdom,45.0,Pro,Organic Search,,12/18/2023,01/18/2026,True
ACC-105119,Cummings Inc,Media,Canada,295.0,Business,Partner,,2024-07-16,03/16/2025,True
ACC-105749,  Lucero PLC  ,Manufacturing,USA,2.0,starter,Partner,,2025-05-20,,False
ACC-104725,"  Marquez, Jones and Garcia  ",Education,united states,91.0,Business,Content/SEO,,2022-03-08,2024/02/08,True
ACC-102149,Alvarez-Dickerson LLC,,France,5.0,Starter,Content/SEO,,2023-12-25,25/08/2025,True
ACC-104392,Berg-Williamson,Media,France,17.0,Starter,Sales-Led,REP-018,2023-01-31,31-Oct-2023,True
ACC-100787,Benton Group,Education,united states,3.0,Starter,Content/SEO,,2024-04-21,,True
ACC-101867,Decker Inc,Education,France,14.0,Starter,Sales-Led,REP-031,2023-12-04,,True
ACC-104098,Oconnell and Sons,Consulting,United States,26.0,Pro,Organic Search,,,,True
ACC-101192,"Brown, Dunlap and Moore",Consulting,United States,7.0,Starter,Content/SEO,,22/07/2023,,False
ACC-101272,"Turner, Tyler and Pierce",Consulting,France,15.0,Starter,Partner,,06/04/2024,2024/08/04,True
ACC-101074,  Arnold-Gates  ,Logistics,Japan,13.0,Starter,Organic Search,,2025-01-19,,True
ACC-102091,Watts LLC,Manufacturing,Brazil,14.0,Starter,Content/SEO,,2024-09-10,,True
ACC-105075,"  Chase, Grant and Montgomery  ",,Netherlands,,Pro,Partner,,2024-10-30,02/28/2026,True
ACC-104211,"Shah, Thomas and Ryan",Logistics,United states ,198.0,Business,Referral,,2025-03-10,,True
ACC-100015,Galloway-Wyatt,Consulting,USA,4.0,Starter,Organic Search,,01/11/2024,,False
ACC-105918,Edwards-Anderson,Media,Australia,999999.0,Business,Partner,,2025-02-08,,True
ACC-100706,"Howard, Green and Hunt",Consulting,United States,598.0,Enterprise,Partner,REP-003,2025-08-30,,True
ACC-102778,Smith LLC,E-commerce,United Kingdom,337.0,Business,,,07/30/2022,,False
ACC-103926,Thomas LLC,Media,Japan,4.0,Starter,Partner,,07/02/2025,,True
ACC-100926,Brady LLC,FinTech,Brazil,8.0,Starter,Sales-Led,REP-019,15/06/2023,2025-03-15,True
ACC-102842,"Glenn, Brown and Michael",Healthcare,U.S.A.,33.0,Pro,Paid Ads,,06/26/2022,,True
ACC-101839,Washington-Martinez,Media,US,6.0,Starter,Partner,,2023-05-12,02/12/2025,True
ACC-101732,"Huang, Ford and Olsen",E-commerce,united states,6.0,Starter,Paid Ads,,03/21/2025,04/21/2025,True
ACC-101370,Carlson-Jones,Education,Netherlands,9.0,Starter,Organic Search,,03/27/2023,2024-12-27,True
ACC-101891,Hernandez-Bowman,Media,Japan,1680.0,Enterprise,Content/SEO,REP-017,2023-10-22,,True
ACC-101345,"Velez, Ward and Harrison",Real Estate,United States,17.0,Pro,Referral,,12/11/2024,2025-08-11,True
ACC-104436,Perez-Tucker LLC,Media,India,2.0,Starter,Referral,,09/13/2022,13/04/2025,True
ACC-103090,Johnson LLC,Media,USA,13.0,Starter,Content/SEO,,2023-05-01,01-Jan-2026,True
ACC-100805,Perry-Nixon,FinTech,Australia,7.0,Starter,Partner,,2022-02-20,2023-06-20,True
ACC-100763,Ward-Nelson,E-commerce,U.S.A.,,Pro,Content/SEO,,10/20/2024,,True
ACC-105055,Gonzales PLC,Consulting,US,4.0,Starter,Content/SEO,,2024-11-29,2025-06-29,True
ACC-100683,"Flores, Harper and Chambers",FinTech,united states,33.0,Pro,Sales-Led,REP-025,2025-04-14,,True
ACC-102127,"Porter, Hubbard and Miranda",Real Estate,Germany,412.0,Enterprise,Content/SEO,REP-006,05/22/2025,,True
ACC-105242,Stephens-Miller,Manufacturing,Germany,6.0,starter,Sales-Led,REP-024,2024-09-12,,True
ACC-104792,Rodriguez-Hernandez,FinTech,United States,8.0,Starter,Partner,,2023-01-17,09/17/2023,True
ACC-105707,"Simon, Henry and Bentley",FinTech,Brazil,12.0,Starter,Referral,,2023-02-15,,True
ACC-103543,MARTIN INC,E-commerce,Brazil,5.0,Starter,Sales-Led,REP-008,2023-10-20,2024-01-20,True
ACC-105894,Harris PLC,Manufacturing,Singapore,26.0,Pro,Referral,,2023-12-18,,True
ACC-102699,  Turner-George  ,Healthcare,Germany,3.0,Starter,Sales-Led,REP-029,2025-05-19,,False
ACC-104119,"Chung, Brown and Jenkins",Education,United Kingdom,364.0,Enterprise,Organic Search,REP-036,2024/09/08,,True
ACC-102080,Mccall-Martin,E-commerce,Sweden,4.0,Starter,,,2022-11-08,,False
ACC-100008,  Garcia-James  ,Healthcare,Canada,17.0,Starter,Organic Search,,09/10/2022,2023-11-09,True
ACC-103347,"Cook, Holmes and Beck",E-commerce,Canada,1352.0,Enterprise,Sales-Led,REP-039,2024-06-29,,True
ACC-105089,"ANDERSON, BOWEN AND KIRK",,United Kingdom,24.0,Starter,Content/SEO,,02/16/2025,16-Mar-2026,True
ACC-105743,"  King, Adams and Conway  ",Healthcare,United States,737.0,Enterprise,Sales-Led,REP-010,2022-05-24,2023-11-24,False
ACC-101322,Jackson-Edwards,Logistics,France,25.0,Pro,Sales-Led,REP-009,2025-04-07,,True
ACC-102417,Mitchell-Glover,Education,Germany,8.0,Starter,Paid Ads,,2023-12-05,,True
ACC-104635,Goodwin Inc,SaaS,United States,3.0,Starter,Sales-Led,REP-022,01/03/2023,06/01/2024,True
ACC-100549,Miller Ltd,Consulting,United states ,225.0,Business,Paid Ads,,2023-06-10,04/10/2025,True
ACC-105344,Rodriguez-Carey,Consulting,United States,8.0,Starter,Referral,,05/04/2023,2024-05-05,True
ACC-105374,Anderson Inc,Education,Germany,3.0,Starter,Content/SEO,,13/07/2025,,False
ACC-104272,Watson Group,Healthcare,United States,138.0,Pro,Content/SEO,,2024/03/21,2024-07-21,True
ACC-100426,Johnson-Wood,Education,Canada,19.0,Pro,Content/SEO,,2022-07-15,2023-11-15,True
ACC-100033,Frazier Inc,Logistics,Germany,428.0,Enterprise,Referral,REP-007,30-Oct-2024,,False
ACC-104411,Simmons LLC,Education,France,9.0,Starter,,,2025-04-28,,False
ACC-100044,"  Arroyo, Miller and Tucker  ",Healthcare,United States,161.0,Business,Sales-Led,REP-028,2023-04-07,2025-08-07,True
ACC-100691,Atkinson LLC,Manufacturing,India,4.0,Starter,Content/SEO,,2024-02-20,,False
ACC-104885,Sanford-Wilson,real estate,United States,74.0,Pro,Sales-Led,REP-018,10-Dec-2023,2024-01-10,True
ACC-103437,Johnson Ltd,Media,United States,7.0,Starter,Referral,,2025/05/09,,True
ACC-101420,Carrillo-Todd,real estate,United States,592.0,Enterprise,Content/SEO,REP-003,2022-05-02,,True
ACC-104292,Harrison Inc,Education,United Kingdom,4.0,Starter,Paid Ads,,07-Oct-2023,2024-05-07,True
ACC-104532,"Farley, Mcguire and Beard",Healthcare,Spain,25.0,Pro,Paid Ads,,2022-07-31,,True
ACC-101888,Baldwin-Garcia,Healthcare,United States,225.0,Business,Paid Ads,,01/02/2023,2024-04-02,True
ACC-101407,"Hale, Gilbert and Craig",Logistics,India,57.0,Pro,Organic Search,,05/11/2024,,True
ACC-103226,Phillips PLC,Manufacturing,India,5.0,Starter,Partner,,2024-10-23,2025-07-23,True
ACC-100063,"West, Henderson and Ramirez",Media,Australia,42.0,Starter,Paid Ads,,06/08/2023,2025-12-08,True
ACC-105657,"Mata, Wright and Williams",E-commerce,United Kingdom,75.0,Pro,Paid Ads,,2025-03-03,,True
ACC-103378,"Gonzalez, Torres and Evans",SaaS,united kingdom,6.0,Starter,Sales-Led,REP-013,04/02/2022,2024-11-02,True
ACC-103688,Lang Ltd,Education,Singapore,148.0,Business,Partner,,11/01/2023,,True
ACC-105095,Lopez and Sons,Logistics,United Kingdom,12.0,Starter,Paid Ads,,04/14/2024,2026/04/14,True
ACC-100227,"Duran, Obrien and Gibbs",Real Estate,Netherlands,197.0,Business,Partner,,29/01/2022,2024-08-29,True
ACC-100996,Durham-Shaw,Healthcare,United States,256.0,Business,Partner,,2024-06-18,,True
ACC-102142,Beard-Wilson,,Sweden,2.0,Starter,Referral,,2023/11/08,05/08/2025,False
ACC-105899,"Austin, Davis and Walker",Consulting,US,16.0,Starter,Sales-Led,REP-013,02/20/2024,2026-01-20,False
ACC-105591,Lane-Duarte!,Consulting,United States,354.0,Enterprise,Content/SEO,REP-036,2024-05-30,2025-05-30,True
ACC-101253,Vaughn LLC,Media,Sweden,1574.0,Enterprise,Paid Ads,,2025-07-07,,True
ACC-101620,Cole-Johnson,SaaS,Japan,4.0,Starter,Partner,,2024-03-20,,True
ACC-103836,"RODGERS, WRIGHT AND MILLER",Logistics,France,71.0,Pro,Sales-Led,REP-005,2022-03-25,,True
ACC-104861,Wells Group,Healthcare,united states,3.0,Starter,Partner,,11/25/2022,03/25/2023,True
ACC-102559,Peterson Ltd,healthcare,Netherlands,338.0,Business,Content/SEO,,2025-05-28,,False
ACC-105572,Merritt Inc,Logistics,Australia,111.0,Business,Referral,,01/06/2023,11/06/2024,True
ACC-103800,"Bennett, Ford and Sanchez",E-commerce,united states,288.0,Business,,,10/02/2023,,True
ACC-103580,"Hendricks, Zuniga and Miller",SaaS,India,418.0,Business,Organic Search,,2025-01-24,,True
ACC-103082,Allison-Delacruz,SaaS,India,7.0,Starter,Partner,,2024/05/17,2026-04-17,False
ACC-104384,Tran-Burns,Real Estate,India,6.0,Starter,Content/SEO,,2023-08-21,2024-10-21,True
ACC-103231,Rodriguez LLC,SaaS,United Kingdom,237.0,Business,Content/SEO,,05/21/2025,,True
ACC-103481,Kim PLC,Consulting,Canada,5.0,Starter,Organic Search,,2024-02-17,2025-02-17,True
ACC-105269,Moyer-Johnson,media,Netherlands,83.0,Pro,Referral,,2023/04/09,,True
ACC-102877,"Jackson, Rowland and Barrett",E-commerce,India,3.0,Starter,Referral,,2023-10-07,07-Jan-2024,True
ACC-103491,"Harris, Thornton and Li",Consulting,Japan,33.0,Pro,Referral,,2022-12-04,2025/09/04,True
ACC-103950,  Quinn Inc  ,FinTech,United States,14.0,starter,Content/SEO,,2023-09-24,2025-04-24,False
ACC-103750,"Bell, Peterson and Carroll",E-commerce,India,106.0,Business,Sales-Led,REP-009,2025-01-16,,True
ACC-105825,Allen-Taylor,FinTech,Canada,62.0,Pro,Content/SEO,,2022-05-02,02-Nov-2022,True
ACC-102067,"Alvarez, Benson and Wilson",SaaS,United Kingdom,,Business,Organic Search,,2023/08/05,05-May-2024,False
ACC-104479,"  Nguyen, Thompson and Austin  ",Education,United States,10.0,Starter,Referral,,2024-06-24,,True
ACC-100994,Mayo Ltd,Logistics,Canada,22.0,Pro,Partner,,13/07/2024,,True
ACC-100473,Lowery-Kennedy,Media,Brazil,28.0,Business,Organic Search,,2023-03-13,,False
ACC-103856,DAVIS-WALKER,,Brazil,19.0,Pro,Content/SEO,,05/01/2025,,False
ACC-105602,"Bennett, Payne and Le",Real Estate,United States,368.0,Enterprise,Organic Search,REP-019,07/15/2025,,True
ACC-100705,"Morris, Campbell and Owens",SaaS,France,3.0,Starter,Content/SEO,,13-Aug-2023,2025-06-13,True
ACC-100297,Schmidt PLC,E-commerce,Canada,15.0,Pro,Sales-Led,REP-010,2022-08-07,,True
ACC-100303,Jones LLC,E-commerce,United Kingdom,,Business,Partner,,2024-11-25,,True
ACC-103336,Patterson-Smith,Education,United Kingdom,2118.0,Enterprise,Paid Ads,,2023-08-19,2023-11-19,True
ACC-103929,"Smith, Diaz and Romero",Logistics,United Kingdom,220.0,Business,Sales-Led,REP-019,06/17/2022,,True
ACC-100800,Garcia and Sons,SaaS,United States,411.0,Enterprise,Paid Ads,REP-028,2024/09/07,,False
ACC-103611,Willis and Sons,FinTech,Spain,234.0,Business,Content/SEO,,08/28/2023,2025-05-28,True
ACC-104896,Garcia-Hunt,Healthcare,France,12.0,Pro,Content/SEO,,2024-05-18,2025-01-18,True
ACC-100655,Wilson-Harris,Logistics,France,2853.0,Enterprise,Content/SEO,,2025/01/02,,True
ACC-101197,Clay Group,Real Estate,United States,7.0,Starter,,,2022-02-21,2025-10-21,True
ACC-103077,Rose-Frank,SaaS,France,3.0,Starter,Sales-Led,REP-040,2022-07-14,2026-02-14,True
ACC-102499,"Johnson, Collier and Powers",Healthcare,France,,Starter,Paid Ads,,2023-06-30,09/30/2024,True
ACC-100240,Jones and Sons,FinTech,Canada,30.0,Pro,Referral,,2025-06-30,,True
ACC-101411,"Gonzalez, Smith and Padilla",FinTech,United States,8.0,Starter,Partner,,2025-08-26,,True
ACC-105952,"Pierce, Cross and Gilmore",Education,Brazil,26.0,Pro,Sales-Led,REP-027,08/22/2025,11/22/2025,False
ACC-101831,"Osborne, Harrison and Hunt",Consulting,India,13.0,Starter,Referral,,10/07/2022,,True
ACC-102799,Navarro LLC,SaaS,Australia,18.0,Starter,Partner,,2023-12-18,,False
ACC-105717,Murphy-Reid,Logistics,United States,478.0,Enterprise,Content/SEO,,2022-02-11,11/10/2023,True
ACC-101611,Bailey-Flores,E-commerce,Germany,1.0,Starter,Content/SEO,,2022-05-19,2022-11-19,True
ACC-103838,"SNYDER, OROZCO AND REED",SaaS,Netherlands,999999.0,Enterprise,Sales-Led,REP-004,2022-02-14,,True
ACC-104442,FRYE LTD,E-commerce,Australia,141.0,Business,Sales-Led,REP-031,09/06/2023,,True
ACC-105087,"Caldwell, Cross and Russell",SaaS,Brazil,33.0,Pro,Referral,,09/11/2024,2025-10-11,True
ACC-105772,"  Williams, Reynolds and Prince  ",Consulting,Singapore,224.0,Business,Paid Ads,,2025-01-14,,True
ACC-102446,"Nguyen, Marsh and Beck",FinTech,Brazil,238.0,Business,,,2022-07-17,2023-10-17,True
ACC-101514,Martinez-Gonzales,Logistics,India,15.0,Pro,Partner,,15/05/2025,2026-05-15,False
ACC-105793,Reynolds Ltd,Consulting,United Kingdom,,starter,Partner,,2022-04-16,2023-09-16,True
ACC-103213,Solis PLC,FinTech,India,217.0,Business,Paid Ads,,20/07/2025,,True
ACC-101559,"Burns, Hanson and Garza LLC",Logistics,France,30.0,Pro,Paid Ads,,2022-12-04,2023-01-04,True
ACC-100783,Bennett-Velasquez,Real Estate,United States,,Starter,Paid Ads,,2025-01-29,,False
ACC-100333,Davis PLC,Logistics,India,6.0,Starter,Sales-Led,REP-026,2022-10-12,2024/03/12,False
ACC-102570,"Wilson, Roberts and Lee",SaaS,Great Britain,21.0,Pro,Sales-Led,REP-032,06/08/2025,,True
ACC-105502,"May, Walker and Page",Logistics,Canada,52.0,Pro,Content/SEO,,2025-03-29,,True
ACC-103984,Schmitt LLC,Media,,,Pro,Sales-Led,REP-007,2022-06-23,,True
ACC-105777,Smith-Griffin,SaaS,United Kingdom,142.0,Business,Paid Ads,,2022-02-17,17-Dec-2025,True
ACC-102915,"Franklin, Mann and White",SaaS,U.K.,47.0,Pro,Referral,,09/03/2023,,True
ACC-104290,Clements PLC,Real Estate,Brazil,3.0,starter,Partner,,11/16/2022,,True
ACC-102894,Stewart Group,Manufacturing,united kingdom,3.0,Starter,Content/SEO,,2024-01-11,,True
ACC-102008,Crawford and Sons,Education,United States,120.0,Business,Paid Ads,,2023-05-22,22-May-2026,True
ACC-104326,Murray-Chavez,Manufacturing,Canada,8.0,Starter,Paid Ads,,2022-10-06,2023-11-06,True
ACC-104112,"Hernandez, Dunlap and Lynch",Consulting,Canada,5.0,Starter,,,03/24/2025,,True
ACC-102687,Fisher Inc,E-commerce,Germany,91.0,Pro,Organic Search,,2024-12-31,,True
ACC-100247,"Matthews, Smith and Hubbard",Manufacturing,United Kingdom,1254.0,Enterprise,Paid Ads,REP-031,2023-01-16,,True
ACC-102968,Tucker-Hodges,,Australia,11.0,Starter,Referral,,2025-05-19,09/19/2025,False
ACC-103024,"Sandoval, Parrish and Crosby",FinTech,Canada,36.0,Pro,Partner,,2025-03-17,,True
ACC-104950,"Williams, Bolton and Mcgee",education,Canada,,Starter,Sales-Led,REP-036,2023-10-02,02-May-2024,True
ACC-101786,Stephens-Young,Education,France,8.0,Starter,Sales-Led,REP-032,07/07/2022,,False
ACC-104746,Bennett-Brooks,FinTech,United Kingdom,30.0,Pro,Paid Ads,,,2025-06-29,True
ACC-105896,Pace and Sons,SaaS,Canada,6.0,Starter,Content/SEO,,2025-03-05,,True
ACC-101643,Berry Group,FinTech,United States,35.0,pro,Organic Search,,2025/06/29,,True
ACC-100755,Bowers-Hayes,Logistics,Brazil,1.0,starter,Partner,,26/05/2024,,True
ACC-101039,Barron and Sons,Logistics,Brazil,,Starter,,,2023-07-19,,True
ACC-102328,Edwards-Ramsey,E-commerce,United States,36.0,Pro,Sales-Led,REP-017,09/17/2022,,True
ACC-102287,"Macdonald, Willis and Silva",E-commerce,India,3.0,Starter,Sales-Led,REP-034,2025-07-15,,True
ACC-105559,"Rasmussen, Santiago and Larson",Real Estate,United States,3.0,Starter,Partner,,2023-06-08,04/08/2025,True
ACC-105317,"Long, Watkins and Gonzalez",Real Estate,Sweden,46.0,Pro,Referral,,25/10/2022,25/11/2022,True
ACC-105005,Weaver-Sandoval,E-commerce,U.S.A.,30.0,Pro,Paid Ads,,22-Oct-2022,07/22/2023,True
ACC-102182,"Hayden, Harmon and Mcdonald",Real Estate,Sweden,34.0,pro,Content/SEO,,2022-04-25,,True
ACC-100598,Hoffman Ltd,Real Estate,Germany,43.0,Business,Referral,,2024-03-10,,True
ACC-104582,Harvey-Gillespie,Education,United States,5.0,Starter,Partner,,2023-10-31,,True
ACC-100315,"Lucas, Parker and Alexander",E-commerce,Canada,13.0,Starter,Organic Search,,08/18/2025,,True
ACC-105040,"White, Liu and Lindsey",SaaS,Netherlands,5.0,Starter,Referral,,2025-08-12,,False
ACC-104394,"Marks, Hartman and Rodriguez",Media,Great Britain,13.0,Starter,Paid Ads,,13-Feb-2023,2026-01-13,True
ACC-100149,"Schmidt, Hansen and Stewart",Education,India,179.0,Business,Content/SEO,,02/15/2022,,False
ACC-103428,"Fox, Anderson and Nguyen",Media,United States,200.0,enterprise,Organic Search,REP-037,2024/10/10,,True
ACC-105022,Brooks PLC,FinTech,Sweden,255.0,Business,Organic Search,,,2024-07-03,True
ACC-100290,Brennan-Johnson,Logistics,United States,,Pro,Organic Search,,2023-02-10,10-Oct-2024,True
ACC-100453,White Ltd,Logistics,United States,22.0,Pro,Sales-Led,REP-003,15/07/2023,,True
ACC-103483,Allen Inc,E-commerce,United Kingdom,42.0,Pro,Sales-Led,REP-030,17/10/2022,2025-12-17,False
ACC-101315,"Murray, Dunn and Roberts",,Canada,102.0,Pro,Organic Search,,12/01/2025,,True
ACC-105090,Lewis-Collins,Media,United Kingdom,1128.0,Enterprise,,REP-017,08/14/2022,2024-01-14,False
ACC-103678,"Haney, Miller and Garcia",Healthcare,United States,9.0,Starter,Content/SEO,,2022-07-14,2023-12-14,True
ACC-102879,Hopkins-Wallace,Education,Singapore,22.0,Pro,Organic Search,,2023-12-14,,False
ACC-104149,Johnston Inc,,United Kingdom,6.0,Starter,Paid Ads,,2023-12-23,2024-10-23,True
ACC-101357,"Love, Wilson and Hall",Manufacturing,Netherlands,127.0,Business,,,2024-09-25,,True
ACC-105238,Chavez Inc,Media,Canada,8.0,Starter,Partner,,2023-01-31,,False
ACC-101032,  Williams Group  ,Logistics,United Kingdom,1135.0,Enterprise,Organic Search,REP-006,01-Nov-2022,,True
ACC-104677,Bowers Ltd,Manufacturing,United States,999999.0,Starter,Referral,,2023-01-01,2023-12-01,True
ACC-103757,Hood-May,FinTech,India,5.0,Starter,Partner,,2022-03-16,,True
ACC-102276,Stewart Group,,United States,839.0,Business,Paid Ads,,11/07/2023,,True
ACC-101268,"Baker, Martin and Singleton",Education,United States,9.0,Starter,Paid Ads,,2025-04-03,,False
ACC-105295,"  Gardner, Ellis and Patrick  ",Consulting,Singapore,63.0,Business,Content/SEO,,12/20/2023,04/20/2026,True
ACC-105919,White-Rodriguez,Logistics,France,564.0,Enterprise,Organic Search,,2023-09-27,,True
ACC-105525,Vasquez-Gonzalez,FinTech,United Kingdom,189.0,Business,Organic Search,,2023-06-21,,True
ACC-105137,Cooper-Johnson,SaaS,United States,3.0,Starter,Partner,,2023-12-09,,True
ACC-100812,"Marsh, Spears and Yang",FinTech,Great Britain,19.0,Pro,Paid Ads,,2022-06-21,,True
ACC-101912,  Sullivan and Sons  ,Manufacturing,United States,6.0,Starter,Partner,,02/07/2025,,True
ACC-102592,Romero Ltd,SaaS,Spain,31.0,Starter,Content/SEO,,2025-02-19,,True
ACC-102018,Watson-Roberts,Healthcare,UK,35.0,Starter,Sales-Led,REP-008,2023/03/31,,True
ACC-101321,"Hernandez, Knight and Aguirre",FinTech,Netherlands,7.0,Starter,,,2022-01-13,01/13/2023,True
ACC-105154,Moore-Bryant,Healthcare,United States,3.0,Starter,Paid Ads,,2024-12-15,2025-01-15,True
ACC-105139,Jackson Ltd,Media,Canada,131.0,Business,Paid Ads,,18-May-2024,2024-12-18,True
ACC-104588,Avery-Cohen,Education,USA,1057.0,Enterprise,Content/SEO,,2025-01-24,,True
ACC-101671,Bryant-Rich,FinTech,United States,,Business,Content/SEO,,18/05/2023,,False
ACC-100349,"Smith, Garrison and Thomas",SaaS,India,21.0,Pro,,,24/04/2022,,True
ACC-101212,West-Wilson,Real Estate,Netherlands,60.0,business,Sales-Led,REP-007,2024/10/26,,False
ACC-102288,FOX PLC,Manufacturing,United Kingdom,22.0,Pro,Content/SEO,,2023-06-21,,True
ACC-105382,Henderson Ltd,Manufacturing,India,2.0,Starter,Organic Search,,16/05/2022,2024-03-16,True
ACC-100381,Bruce-Villegas,Real Estate,France,2.0,Starter,Organic Search,,24-Mar-2022,2022-04-24,True
ACC-103139,Davis-White,Real Estate,Sweden,61.0,pro,Sales-Led,REP-009,2023-04-20,2024-01-20,True
ACC-103837,Martinez and Sons,Media,United States,,Enterprise,Sales-Led,REP-014,2023-07-20,,False
ACC-105679,  Fletcher-Garcia  ,Manufacturing,Canada,4.0,Starter,,,2025-02-08,,True
ACC-100422,"Downs, Morris and Maddox",Education,,87.0,Pro,Organic Search,,2023-03-10,04/10/2023,True
ACC-101073,Miller PLC,Manufacturing,Germany,18.0,Starter,Partner,,05/14/2022,2023-08-14,True
ACC-100907,"Wheeler, Rice and Levine",,Spain,622.0,Enterprise,Paid Ads,REP-001,26-Apr-2024,,False
ACC-101983,Sawyer Group,education,Germany,3002.0,Enterprise,Referral,REP-035,2025-05-22,,True
ACC-103685,Forbes-Cortez,Logistics,United States,16.0,Starter,Organic Search,,2024-02-16,,True
ACC-101966,"Whitehead, Lane and Tran LLC",,Canada,,Starter,Paid Ads,,2025-04-30,,False
ACC-103307,Peterson PLC,Manufacturing,Canada,10.0,Starter,Referral,,2025-02-05,05-Mar-2026,True
ACC-100124,  Scott Ltd  ,Education,united states,437.0,Business,,,2022-05-30,,False
ACC-100102,"Mckee, Gardner and Davenport",Logistics,United Kingdom,3.0,Starter,Organic Search,,2024-05-04,2025-05-04,True
ACC-101498,Cooper Group,Consulting,U.K.,1.0,Starter,Referral,,2025-08-28,,True
ACC-102157,Wright Ltd,Media,India,3.0,Starter,Sales-Led,REP-013,20/04/2024,,True
ACC-101694,Dean LLC,,India,1233.0,Enterprise,Sales-Led,REP-036,2022/08/02,2025-07-02,True
ACC-105929,Norton PLC,FinTech,France,4.0,Starter,Sales-Led,REP-024,12/14/2022,,False
ACC-100486,"Hartman, Romero and Smith",Manufacturing,Canada,6.0,Starter,Sales-Led,REP-026,2022-08-13,2023-04-13,True
ACC-102351,Freeman Group,Media,Germany,5.0,Starter,Paid Ads,,2025-02-04,2025-05-04,True
ACC-102312,Davis-Henderson,SaaS,Australia,9.0,Starter,Referral,,29/03/2022,2024-03-29,True
ACC-101654,Hernandez-Lopez,Logistics,Canada,17.0,Starter,Organic Search,,2023/04/16,2023-12-16,True
ACC-100135,"Lawson, Morris and Ramos",Healthcare,Singapore,15.0,Pro,Content/SEO,,2023-04-06,06/03/2024,False
ACC-104351,Turner-Lang,Logistics,Japan,51.0,Business,Partner,,29/05/2023,,True
ACC-104159,"Cooper, Beltran and Wright.",Manufacturing,Netherlands,81.0,Pro,Partner,,08/24/2025,,True
ACC-105576,"Reilly, Shannon and Torres",Consulting,U.K.,24.0,Pro,Organic Search,,06/13/2024,,False
ACC-102663,"Barrera, Kerr and Jenkins",Consulting,Canada,112.0,Pro,Partner,,2022-08-17,2026-02-17,True
ACC-104387,"Huang, Johnson and Anderson",Manufacturing,United states ,599.0,Enterprise,Referral,,27-May-2024,,True
ACC-103620,"Best, Humphrey and Pittman",Real Estate,France,1031.0,Enterprise,Content/SEO,REP-011,2025-02-05,,True
ACC-100811,"Wilson, Sweeney and Wong",Logistics,Spain,,enterprise,Paid Ads,REP-014,02/22/2022,,True
ACC-104525,"Carroll, Moore and Brown",Logistics,Germany,141.0,Business,Referral,,08/02/2022,,True
ACC-104963,Goodman PLC,E-commerce,Singapore,9.0,Starter,Paid Ads,,2022-09-22,,True
ACC-101149,SMITH-FERGUSON,Media,United States,4.0,Starter,Referral,,2023-08-12,12/12/2025,True
ACC-101170,"Obrien, Taylor and Rivas",Healthcare,United States,24.0,Pro,Referral,,2025-04-26,,True
ACC-105805,"Powell, Taylor and Adams",,united states,23.0,Pro,Content/SEO,,2022-07-21,2024-12-21,True
ACC-103575,VARGAS-JENSEN,E-commerce,United States,4.0,Starter,Content/SEO,,2022-02-05,2025/03/05,True
ACC-104348,Parker Inc,SaaS,United States,60.0,Pro,Referral,,2022/08/13,13/02/2024,True
ACC-104251,Carter Ltd,Media,Spain,16.0,Starter,Partner,,,2025-08-11,True
ACC-102622,"Todd, Sharp and Murray",fintech,U.S.A.,6.0,Starter,Organic Search,,2025-01-18,,True
ACC-103773,"Welch, Alvarez and Mcdonald",Logistics,India,30.0,Pro,Paid Ads,,04/21/2022,21/05/2024,False
ACC-100354,"Fisher, Wilson and Brown",Real Estate,United States,8.0,Pro,Partner,,29-May-2024,,True
ACC-102099,"Harris, Santana and Lopez",Manufacturing,Spain,8.0,Starter,Partner,,11/17/2022,17-Apr-2025,True
ACC-104851,Dawson-Mcbride,Healthcare,Sweden,56.0,Pro,Referral,,07/30/2022,,True
ACC-103560,"Hall, Hartman and Hall",,Spain,28.0,Pro,Content/SEO,,13-Sep-2023,,True
ACC-102232,"Johnson, Williams and May",Consulting,Brazil,8.0,Pro,Paid Ads,,09/02/2022,,True
ACC-100144,HERNANDEZ LTD,Logistics,Spain,52.0,Pro,Sales-Led,REP-036,06/07/2024,,True
ACC-100380,"Richardson, Farmer and Andrews",Logistics,Netherlands,147.0,Pro,Content/SEO,,2024-04-20,,False
ACC-102164,Hudson-Morris,FinTech,Germany,,Starter,Referral,,27-Apr-2023,,True
ACC-103159,Ramirez Inc,Consulting,United States,80.0,Pro,Referral,,07/08/2022,,True
ACC-103442,"Gonzalez, King and Kim",SaaS,Germany,4.0,Starter,Sales-Led,REP-013,2023-06-26,2025-02-26,True
ACC-100121,Johnson-Carlson,Real Estate,United Kingdom,8.0,Starter,Referral,,2024-02-20,10/20/2024,False
ACC-104589,James Group,Education,USA,6.0,Starter,Content/SEO,,2025-03-06,2025-11-06,True
ACC-100611,Reed Group,E-commerce,Brazil,68.0,Pro,Referral,,25-Apr-2023,2023-12-25,True
ACC-101599,Maddox-Mullins,Education,Sweden,179.0,Business,Content/SEO,,29-Jul-2023,,True
ACC-103733,"CHEN, HENRY AND WELLS",SaaS,united kingdom,3.0,Starter,Paid Ads,,2023-10-13,2023-12-13,True
ACC-100418,Morrison Ltd,saas,India,49.0,Pro,Organic Search,,2024-01-06,,True
ACC-101564,"Paul, Zamora and Short",,United States,10.0,Starter,Sales-Led,REP-006,2022-04-02,,True
ACC-102317,"Miller, Mcdonald and Miller",Logistics,united states,63.0,Pro,Content/SEO,,2023-01-02,2023-09-02,True
ACC-103571,"Jackson, Jones and Robertson",FinTech,United States,5.0,Starter,Paid Ads,,2025-01-26,,True
ACC-102834,"MICHAEL, WALKER AND FITZGERALD",Media,Brazil,13.0,Starter,Organic Search,,2024-10-16,,False
ACC-103475,Smith Inc,SaaS,Germany,8.0,Starter,Partner,,30/06/2022,2023-09-30,True
ACC-104236,Aguirre LLC,Consulting,United Kingdom,18.0,Starter,Organic Search,,26/07/2023,,True
ACC-104815,Williams PLC,Manufacturing,France,27.0,Pro,Content/SEO,,2024-05-18,2024-08-18,True
ACC-101103,"Arnold, Cooper and Monroe",Manufacturing,India,6.0,Starter,Organic Search,,07/11/2022,10/07/2023,True
ACC-102549,Hardy-Wallace,Healthcare,united kingdom,6.0,Starter,Content/SEO,,07/22/2025,,False
ACC-101905,"  Barker, Tucker and Mcclure  ",Logistics,India,7.0,Starter,Content/SEO,,10/11/2022,,True
ACC-100248,Johnston-Hines,Logistics,United states ,2.0,Starter,Paid Ads,,07/25/2025,,False
ACC-105681,Ferguson-Holmes,FinTech,Spain,122.0,Business,Sales-Led,REP-009,2023-06-25,2024-04-25,True
ACC-104766,Solis PLC,Consulting,United Kingdom,4.0,Pro,Paid Ads,,2022-07-07,,True
ACC-104122,"Barnes, Vargas and Wright",Logistics,United States,1305.0,Enterprise,Organic Search,REP-011,2022-07-31,,True
ACC-105560,"Carroll, Wilson and Bishop",FinTech,United States,,Starter,Sales-Led,REP-029,2022-07-25,2025-07-25,True
ACC-100447,Bean LLC,Real Estate,Canada,579.0,Enterprise,Paid Ads,REP-025,22/04/2024,,True
ACC-105731,Smith Ltd,E-commerce,Japan,831.0,Business,,,2023-01-19,,False
ACC-104751,Smith and Sons Inc.,Healthcare,United Kingdom,17.0,Starter,Partner,,2022-07-08,2023-11-08,True
ACC-101480,"King, Manning and Brady",Logistics,Great Britain,6.0,Starter,Partner,,2023-07-13,,True
ACC-101310,Clark-Figueroa,Education,Australia,109.0,Business,Paid Ads,,2025-01-22,,True
ACC-104256,"Guerra, Lopez and Davis",Education,U.K.,242.0,Business,Organic Search,,2025-03-19,,True
ACC-105018,Swanson Ltd,E-commerce,India,314.0,Enterprise,Sales-Led,REP-009,07/28/2022,,False
ACC-102775,"Martin, Carter and Gray",manufacturing,France,3.0,Starter,Organic Search,,2025/05/09,,True
ACC-103651,"Morales, Cardenas and Mcdowell",FinTech,Spain,12.0,Starter,Partner,,2023-03-16,2023-07-16,True
ACC-102117,Spencer LLC,Manufacturing,Netherlands,190.0,Business,Sales-Led,REP-020,2025-04-14,06/14/2025,True
ACC-102815,"Burch, Kim and Hall",Consulting,Spain,,Starter,Paid Ads,,10/16/2024,,True
ACC-105070,"Martinez, Gutierrez and Salinas",Logistics,United States,4.0,Starter,Partner,,10/04/2022,2023-09-04,True
ACC-105431,"Rodriguez, Henry and Woodard",Education,France,191.0,Business,Organic Search,,09/03/2024,2026-04-03,True
ACC-102641,Campbell-Hall,Manufacturing,United States,4.0,starter,Content/SEO,,2023-02-28,2025-07-28,True
ACC-103458,Jones-Johnston,Real Estate,Brazil,311.0,business,Content/SEO,,2024-06-01,,True
ACC-105491,Beasley and Sons Inc.,Consulting,United States,,Business,Paid Ads,,2023-11-17,,False
ACC-103129,West-Anderson,,United States,16.0,Starter,,,2025-05-31,,True
ACC-100414,Dixon Inc,Consulting,United States,1032.0,Enterprise,Content/SEO,REP-039,24-Feb-2022,,True
ACC-100752,Davis and Sons,Consulting,Singapore,664.0,Enterprise,Paid Ads,REP-016,2024-06-09,,True
ACC-104570,Bowman Group,Healthcare,U.K.,9.0,Pro,Content/SEO,,24/06/2022,2022-11-24,True
ACC-100794,"Barnes, Johnson and Schmitt Inc.",Manufacturing,Australia,,Pro,Referral,,2025-04-29,,False
ACC-104832,Hernandez Inc,Healthcare,United States,101.0,Business,Sales-Led,REP-020,07/12/2024,,True
ACC-101056,Lopez-Williams,E-commerce,Canada,6.0,Starter,Partner,,25/05/2022,25/01/2024,True
ACC-100654,Murphy PLC,Education,Brazil,23.0,Pro,Content/SEO,,2023-04-28,,True
ACC-104812,Anderson LLC,Media,India,32.0,Pro,Partner,,06/13/2024,,False
ACC-101075,"Ellis, Marks and Buchanan Inc.",Healthcare,Sweden,84.0,Pro,Sales-Led,REP-030,17-Aug-2025,,False
ACC-102890,JONES LTD,FinTech,India,121.0,Business,Partner,,2022-01-16,2022-07-16,True
ACC-103471,Nelson Inc,E-commerce,Canada,105.0,Pro,Content/SEO,,04/30/2022,30-Apr-2023,True
ACC-104365,Haney Ltd,Media,United States,12.0,Starter,Referral,,03/02/2025,,True
ACC-103966,  Freeman LLC  ,Consulting,Japan,5.0,Starter,Paid Ads,,25/11/2023,,False
ACC-103209,Randall-Stone,Healthcare,France,65.0,Pro,Sales-Led,REP-028,2023-08-01,03/01/2024,False
ACC-103337,Ibarra-Jackson,FinTech,Brazil,,Starter,Paid Ads,,04/29/2025,,False
ACC-100589,"Patton, Parsons and Lane",Healthcare,Singapore,965.0,Enterprise,Sales-Led,REP-038,2022-02-19,,True
ACC-102144,Johnson-Thompson,Real Estate,Australia,74.0,Pro,Partner,,2022-04-21,21-Nov-2022,True
ACC-104620,"Lopez, Gutierrez and Castro!",FinTech,Germany,26.0,Pro,Partner,,08/06/2023,01/06/2024,True
ACC-105209,King and Sons,FinTech,United States,2588.0,Enterprise,Paid Ads,REP-012,2023-10-18,2024-09-18,True
ACC-101699,"Smith, Khan and Ramirez",SaaS,Japan,63.0,Pro,Organic Search,,2024-03-23,,False
ACC-101501,Harper-Robles,Real Estate,India,163.0,Business,Partner,,04/20/2022,,False
ACC-101608,Adams Group,Education,Sweden,6.0,Starter,,,12/25/2022,25/04/2023,True
ACC-105706,Carrillo-Mendez,Manufacturing,Sweden,88.0,Business,Sales-Led,REP-021,2025-01-11,2025-04-11,True
ACC-103612,"Gonzalez, Harrison and Washington",Education,Sweden,5.0,Starter,Paid Ads,,04/09/2023,,True
ACC-100701,Giles Ltd,Healthcare,Spain,7.0,Starter,Referral,,2024-05-31,,True
ACC-104222,Mann LLC,healthcare,United states ,35.0,Business,Paid Ads,,02/27/2024,12/27/2025,True
ACC-101992,  Harvey-Diaz  ,Real Estate,Canada,110.0,Pro,Content/SEO,,2025-08-29,,True
ACC-104818,Prince Group,fintech,United States,34.0,Pro,Organic Search,,2022-06-05,2026-02-05,True
ACC-104519,Guzman-Martin,FinTech,France,154.0,Pro,Referral,,2023-06-04,,True
ACC-102954,Smith-Stephenson,Logistics,Netherlands,123.0,Business,Partner,,13/03/2025,13-Dec-2025,True
ACC-100208,HOLT-TORRES,Real Estate,,7.0,Starter,Partner,,27/07/2025,,True
ACC-102996,Jones PLC,Manufacturing,United States,339.0,Business,,,30-Jun-2023,2025-07-30,True
ACC-102034,"ESTRADA, MARSH AND CHANDLER",E-commerce,India,6.0,Starter,Sales-Led,REP-001,2023-10-23,,True
ACC-100425,"Brown, Romero and Collins",Consulting,Japan,11.0,Starter,Referral,,02/14/2022,,True
ACC-101741,Crawford and Sons,,USA,135.0,Business,Sales-Led,REP-019,2024-12-01,,True
ACC-102900,Melton and Sons,SaaS,United States,7.0,Starter,Organic Search,,2024-09-01,2025-08-01,True
ACC-105826,Jones-David,SaaS,,113.0,Pro,Referral,,2023-02-05,2025-11-05,True
ACC-101175,Warner-Phillips,Real Estate,United States,192.0,Business,Sales-Led,REP-035,10/05/2023,,True
ACC-101330,"Jones, Smith and Hunter",E-commerce,Singapore,274.0,Pro,Organic Search,,2025-02-13,,False
ACC-105414,Lloyd-Sandoval,FinTech,Australia,153.0,Business,Sales-Led,REP-010,2023/10/15,2024/04/15,True
ACC-100110,Patton-Jenkins,,United States,16.0,Starter,Content/SEO,,08/26/2025,,True
ACC-103161,Carroll-Huerta,Logistics,Germany,7.0,Starter,Organic Search,,2023-03-22,2023-08-22,True
ACC-102447,Hughes-Mccullough,Consulting,Sweden,37.0,Starter,Referral,,21/06/2023,2023-08-21,True
ACC-102329,"Cole, Morton and Peterson",E-commerce,United States,7.0,Starter,Partner,,2023-03-03,,True
ACC-104148,"Rodriguez, Massey and Day",SaaS,Germany,44.0,Business,Sales-Led,REP-039,2024-08-07,2025-08-07,False
ACC-105445,Young-Hughes,,Germany,227.0,Business,Referral,,2022-03-01,,True
ACC-101335,Vance PLC,Media,Brazil,9.0,Starter,Sales-Led,REP-007,2023-06-29,2023-12-29,False
ACC-102338,Smith Inc,Media,Australia,8.0,Starter,Partner,,15/04/2024,,True
ACC-103879,"Gill, Stewart and Nichols",Education,Singapore,26.0,Starter,Paid Ads,,2022-04-02,2025-10-02,True
ACC-101496,Diaz-Green,FinTech,Netherlands,-5.0,Starter,Partner,,2022-06-15,,True
ACC-104217,Banks Group,Logistics,Japan,22.0,Business,Referral,,2025-08-07,,True
ACC-101695,Ellis Group,SaaS,France,96.0,Pro,Paid Ads,,2023/02/16,,True
ACC-102574,Morgan PLC,SaaS,India,135.0,Business,Content/SEO,,2022-03-08,,True
ACC-104679,Smith LLC,Consulting,Japan,263.0,Business,Content/SEO,,07/25/2023,,True
ACC-104342,Stewart-Fitzpatrick,Consulting,U.K.,95.0,Business,Content/SEO,,16/01/2022,,True
ACC-101870,Lee-Johnson,E-commerce,Singapore,23.0,Starter,Sales-Led,REP-005,2022-09-17,17-Oct-2022,False
ACC-104633,"Martin, Sims and Gutierrez",Real Estate,India,2.0,Starter,Sales-Led,REP-014,10-Nov-2023,,True
ACC-103954,Flores Ltd,Manufacturing,,9.0,Starter,Partner,,11-Jan-2025,,False
ACC-102577,Decker and Sons,Education,India,4.0,Starter,Partner,,2022-12-01,12/01/2025,False
ACC-100437,"Williams, Mccoy and Cook",SaaS,Germany,123.0,Business,Sales-Led,REP-014,03/27/2025,,True
ACC-103563,"Green, Mitchell and Edwards",SaaS,Spain,21.0,Starter,Partner,,01/13/2023,,False
ACC-101934,SCHWARTZ-HARRIS,SaaS,United States,131.0,Business,Organic Search,,07/09/2023,,False
ACC-102618,"Smith, Valdez and Hays",FinTech,,13.0,Starter,Referral,,2022-08-20,2023-11-20,True
ACC-102874,Delgado Inc,Media,Germany,11.0,Starter,Partner,,2022-05-03,2023-07-03,True
ACC-101488,Johnson Ltd,Media,United States,9.0,Starter,Referral,,09/27/2022,2025-03-27,True
ACC-100107,DICKSON-BRADY,Manufacturing,Spain,4.0,Starter,Paid Ads,,2024-08-26,,True
ACC-102963,Anderson-Rosario,Logistics,United States,29.0,Pro,Sales-Led,REP-024,2023-10-10,2023-12-10,False
ACC-100029,"Snyder, Campos and Callahan",Consulting,US,5.0,Starter,Partner,,27/03/2024,,True
ACC-102464,White Inc,Healthcare,Canada,15.0,Starter,Paid Ads,,03-Jun-2025,,True
ACC-104540,"Merritt, Douglas and Chung",Education,Australia,3.0,Starter,Referral,,2023-09-23,2024/10/23,True
ACC-101002,Adams Ltd,Education,Sweden,13.0,Starter,Organic Search,,2023/06/05,2024-02-05,True
ACC-103340,Fuentes PLC,Logistics,United States,4.0,Starter,Referral,,17/07/2023,2025-11-17,True
ACC-101487,Sims-Anderson,Healthcare,United States,48.0,Pro,Partner,,01/01/2022,2024-04-01,True
ACC-100751,"Ramsey, Mason and Mccann",Media,United States,20.0,Pro,Partner,,06-Mar-2024,06-May-2026,True
ACC-103053,Dorsey Ltd,FinTech,Germany,6.0,Starter,Paid Ads,,2023-06-24,,True
ACC-100584,"Patel, Erickson and Evans",Media,Canada,457.0,Business,Organic Search,,2024-07-28,2025-12-28,True
ACC-100196,Marshall-Petersen,,India,12.0,Pro,Sales-Led,REP-007,2025-08-17,2026-01-17,True
ACC-102225,Welch-Suarez,FinTech,United States,25.0,Pro,Organic Search,,14-Aug-2024,,True
ACC-101835,"Curry, Acosta and Elliott",Real Estate,Canada,19.0,Pro,Content/SEO,,07/31/2024,,True
ACC-102181,Ray and Sons LLC,Logistics,United States,184.0,Business,Content/SEO,,28/07/2023,,True
ACC-102135,Jimenez Inc,SaaS,Great Britain,137.0,Business,Organic Search,,07/07/2023,07/01/2024,True
ACC-101235,"Ochoa, Garcia and Sandoval",Manufacturing,Australia,19.0,Starter,Partner,,11-Oct-2022,2025-06-11,True
ACC-105721,ABBOTT-IBARRA,SaaS,United States,74.0,Business,Paid Ads,,03/14/2025,,True
ACC-103960,"MENDEZ, BRYANT AND SMITH",Media,Canada,3.0,Starter,Paid Ads,,02/18/2022,2022-03-18,True
ACC-101780,"Robles, Nguyen and Banks",Logistics,India,610.0,Enterprise,Referral,REP-031,2024-10-03,03/05/2025,True
ACC-104011,Simmons-Shaffer,Education,Brazil,272.0,Business,Sales-Led,REP-031,2022-04-16,,False
ACC-102751,Fitzgerald-Allen,Consulting,United States,11.0,Starter,Content/SEO,,05/17/2025,,True
ACC-103655,"Chapman, Myers and Decker",Healthcare,France,19.0,Starter,Paid Ads,,2022-04-04,01/04/2026,True
ACC-102753,"Mann, Johnson and Wade",Healthcare,Japan,115.0,Business,Partner,,2022-08-26,,True
ACC-102542,"Hanson, Chavez and Marshall",Education,Germany,92.0,Business,Paid Ads,,2022-09-24,04/24/2026,True
ACC-101860,Blanchard-Reynolds,Real Estate,United Kingdom,147.0,Pro,Paid Ads,,04/04/2025,2025-05-04,True
ACC-105958,"Bender, Romero and Perkins",FinTech,India,4.0,Starter,Content/SEO,,2022-11-15,,True
ACC-101144,"Brown, Hayes and Clark",Consulting,Spain,43.0,Pro,Partner,,2022-10-04,2026-04-04,False
ACC-100179,Howell and Sons,Consulting,India,1477.0,Enterprise,Referral,REP-009,2023-03-21,,True
ACC-103435,"Stafford, Campos and Fisher",E-commerce,United states ,-296.0,Enterprise,Content/SEO,REP-014,06/16/2025,,True
ACC-101371,Cruz-Rodriguez,Media,Sweden,36.0,Pro,Referral,,2025-01-06,,True
ACC-103014,Ferguson LLC,Consulting,France,30.0,Pro,Partner,,2024-06-12,12-Oct-2024,True
ACC-102197,"Thompson, Phelps and Stuart",Education,Sweden,642.0,Business,Referral,,2023-07-14,,True
ACC-105695,Murray LLC,Consulting,United States,3.0,Starter,Content/SEO,,2022-09-16,,True
ACC-103590,"Edwards, Reed and Martin",Healthcare,Singapore,64.0,Pro,Referral,,2024-05-06,,True
ACC-102244,Gonzalez-Haynes,Logistics,united states,4.0,Starter,Organic Search,,10/17/2024,,True
ACC-100960,Green-Edwards,Manufacturing,USA,1748.0,Enterprise,Organic Search,REP-014,2022-04-06,,False
ACC-102972,Gonzalez-Mccarthy,Healthcare,France,5.0,Starter,Partner,,07-Mar-2024,06/07/2024,True
ACC-101097,Wright Group,Manufacturing,Brazil,7.0,Starter,Partner,,09/20/2022,,True
ACC-101193,PRUITT-WEBB,,United Kingdom,300.0,Business,Paid Ads,,2025-03-29,,True
ACC-100090,"Turner, Riggs and Roman",Consulting,Germany,13.0,Starter,Sales-Led,REP-033,2022-07-07,2025-12-07,True
ACC-100977,Parks-Pace,Consulting,United States,,Starter,Paid Ads,,23-Nov-2023,2024-01-23,True
ACC-103937,Ramirez Ltd,Consulting,United States,63.0,pro,Content/SEO,,2025-01-17,,True
ACC-103574,Wilson-Merritt,E-commerce,India,46.0,Pro,Partner,,2025-05-29,,False
ACC-102463,Weaver LLC,FinTech,Netherlands,3.0,Starter,Content/SEO,,12/17/2024,,False
ACC-103217,Gordon Ltd,E-commerce,US,,Starter,Organic Search,,,2024-02-29,False
ACC-100624,Butler and Sons,SaaS,Canada,505.0,Enterprise,Paid Ads,REP-006,2022-01-06,,True
ACC-100069,Hancock Inc LLC,Consulting,United States,5.0,Starter,Partner,,2022-04-11,05/11/2024,True
ACC-101351,Kaufman-Walker,Education,United states ,,Pro,Content/SEO,,2024-07-13,2026-01-13,False
ACC-100889,"Shaffer, Garcia and Richardson",Consulting,Spain,140.0,Business,Partner,,19-Feb-2023,,True
ACC-104066,Moss and Sons,E-commerce,Germany,28.0,Pro,Partner,,2023-05-13,13-Apr-2024,True
ACC-104101,Martinez-Bailey,Manufacturing,Australia,40.0,Pro,Paid Ads,,2022-08-17,03/17/2026,True
ACC-101609,Cohen-Johnston,Logistics,Canada,7.0,Starter,,,,2026-03-07,True
ACC-104874,"Tran, Chan and Wyatt",e-commerce,Netherlands,405.0,Business,Partner,,2024-12-29,,True
ACC-103934,Thompson-Prince,SaaS,Netherlands,834.0,Enterprise,Organic Search,REP-040,02/27/2022,2025-03-27,False
ACC-100877,Khan LLC,Real Estate,India,20.0,Pro,Organic Search,,09/02/2024,,True
ACC-101871,Brown PLC,Manufacturing,united states,30.0,Starter,Partner,,2023-02-02,,True
ACC-103532,  Cohen Group  ,Healthcare,Spain,274.0,Enterprise,Partner,REP-023,14-Dec-2024,,False
ACC-100764,Miller Group,Manufacturing,Singapore,1.0,Starter,Partner,,2025-06-02,,True
ACC-100293,Good-Hodges,Education,Canada,203.0,Business,Sales-Led,REP-036,04/08/2022,2023-09-04,True
ACC-102377,Villegas PLC,Education,United States,78.0,Business,Referral,,08/09/2022,,True
ACC-105109,Booker LLC,Education,US,58.0,Business,Content/SEO,,13/09/2023,,True
ACC-100445,"Osborn, Gaines and Davis",Manufacturing,U.K.,79.0,Business,Organic Search,,2023/03/15,,True
ACC-100468,BROWN-SHAW,Media,United States,1159.0,Enterprise,Referral,REP-006,10/12/2024,2025/08/10,True
ACC-102519,Richard-Russell,Logistics,India,77.0,Pro,Organic Search,,2022-10-26,2026-02-26,True
ACC-105790,Hudson Group,SaaS,France,50.0,Business,Partner,,08/02/2022,,True
ACC-100432,Hayes LLC,Media,United States,283.0,Enterprise,Organic Search,REP-006,2022/04/26,,True
ACC-102662,"Carter, Hendricks and Wolfe",FinTech,Germany,13.0,Starter,Content/SEO,,07/29/2025,2025-10-29,True
ACC-103844,Morales-White,FinTech,Canada,5.0,Starter,Referral,,10/11/2022,,True
ACC-103650,Hess Group,Healthcare,United Kingdom,17.0,Starter,Paid Ads,,2024-05-13,,True
ACC-105190,Gallagher-Compton,Manufacturing,Germany,7.0,Starter,Content/SEO,,2022-04-24,2022-05-24,True
ACC-104411,Simmons LLC,Education,France,9.0,Starter,,,2025-04-28,,False
ACC-100577,Brooks-Hatfield,Real Estate,Canada,74.0,Business,Paid Ads,,2022-02-08,08/10/2022,True
ACC-102233,"Ramos, Davidson and Smith",Manufacturing,Sweden,23.0,Pro,Content/SEO,,29/01/2022,29-Nov-2025,True
ACC-100245,Navarro-Munoz,Logistics,France,11.0,Starter,Paid Ads,,30-Nov-2022,2022-12-30,True
ACC-105621,Hawkins-Davis,Education,Canada,88.0,Pro,Paid Ads,,02/03/2024,,True
ACC-100367,Gutierrez Group,E-commerce,US,6.0,Pro,Content/SEO,,2023-02-11,2024/07/11,True
ACC-105849,Bell PLC,,U.S.A.,30.0,Pro,Paid Ads,,02/04/2023,2024-10-04,True
ACC-101194,"Gregory, White and James",Logistics,US,13.0,Starter,Referral,,11/01/2025,2025-09-11,True
ACC-102275,Black-Graham,Education,Netherlands,195.0,Business,Organic Search,,2024-01-07,2024/04/07,True
ACC-102925,"Romero, Cross and Castillo",Real Estate,Sweden,54.0,Pro,,,2023-05-31,2025-07-31,True
ACC-105875,"Thompson, Schultz and Sullivan",Healthcare,Canada,2.0,Starter,Organic Search,,04/17/2025,2025-06-17,True
ACC-103263,Thomas-Edwards,Healthcare,United States,467.0,Enterprise,Paid Ads,REP-013,2022/05/17,,True
ACC-105962,Jackson Group Inc.,Media,India,15.0,Pro,Content/SEO,,2025/04/17,,True
ACC-105976,"Liu, Sanchez and Robbins",Real Estate,Canada,172.0,Business,Paid Ads,,2024-11-17,,True
ACC-105406,"Gonzales, Martinez and Harrison",Healthcare,Australia,20.0,Pro,Organic Search,,10/25/2024,2026/03/25,True
ACC-105690,Jones-Cross,E-commerce,United States,100.0,Business,Paid Ads,,2022-08-20,,True
ACC-102407,"Campbell, Davis and Arnold",Education,United Kingdom,2.0,Starter,Paid Ads,,2024-08-13,,True
ACC-105322,Cline and Sons,Consulting,India,165.0,Business,Organic Search,,25/07/2025,,True
ACC-104087,Petty Inc,Media,Germany,,Pro,Sales-Led,REP-030,2022-01-17,06/17/2024,True
ACC-100555,Moore Group,Manufacturing,Australia,56.0,Business,Paid Ads,,06/11/2022,06/10/2024,False
ACC-102223,Turner-Mayer,FinTech,Australia,205.0,Business,Content/SEO,,2022/08/28,28/04/2023,True
ACC-102213,STEWART GROUP,Healthcare,Spain,75.0,Business,Sales-Led,REP-038,2023-01-17,,True
ACC-101893,Graves Group,E-commerce,United States,3.0,Starter,Sales-Led,REP-018,2023-09-20,2025-01-20,True
ACC-102600,Scott-Miller,consulting,France,26.0,Pro,Paid Ads,,2024-04-07,2025-06-07,False
ACC-104032,Fernandez Inc,Real Estate,United States,11.0,Starter,Partner,,2023/02/16,2025-05-16,True
ACC-105635,Cobb LLC,E-commerce,India,39.0,Pro,Paid Ads,,2025-07-26,,True
ACC-100548,"Morgan, Bradshaw and Williams",Logistics,Canada,10.0,Starter,Sales-Led,REP-019,2022-12-27,08/27/2025,True
ACC-103614,Gonzalez Inc,Education,Canada,25.0,Pro,Organic Search,,2025-01-02,,True
ACC-105483,"Smith, Galvan and Baldwin Inc.",Healthcare,Germany,25.0,Pro,Paid Ads,,27-Jun-2024,2026-01-27,True
ACC-101454,  Brock-Peters  ,Education,France,71.0,Business,Organic Search,,2023-07-05,,True
ACC-105665,"Hayes, Benton and Tate",Manufacturing,US,4.0,Starter,Referral,,10/27/2022,2023-10-27,True
ACC-100151,"Simmons, Meadows and Griffin",Consulting,Canada,4.0,Starter,Partner,,27-Jun-2022,,True
ACC-103967,"Ruiz, Martin and Jones",Healthcare,US,148.0,Business,Sales-Led,REP-009,2024-01-24,,True
ACC-105696,"Jackson, Lucero and Gould",,Spain,514.0,Enterprise,Referral,REP-003,2024-02-01,2025-10-01,True
ACC-102131,Tate Inc,Healthcare,United Kingdom,1204.0,Enterprise,Sales-Led,REP-001,02/08/2022,,True
ACC-101507,"PATEL, ADAMS AND LOPEZ",Consulting,Canada,4.0,Starter,Partner,,05-Jul-2024,,False
ACC-103717,Moses Ltd,FinTech,Canada,16.0,Pro,Content/SEO,,2022-07-17,,True
ACC-100915,"Herrera, Jensen and Ramirez",Education,Australia,14.0,Pro,Organic Search,,2023-11-04,,True
ACC-104273,  Moore PLC  ,Consulting,Germany,1544.0,Enterprise,Paid Ads,,27-Jul-2022,,True
ACC-102640,"Burns, Lopez and Jones",Manufacturing,United States,465.0,Business,Organic Search,,2023-06-01,,True
ACC-102864,Evans-Martinez,Media,Brazil,1112.0,Enterprise,Referral,REP-033,23-Aug-2023,,True
ACC-101586,Moore-Baker,Manufacturing,UK,16.0,Pro,Referral,,2022-09-08,,True
ACC-103799,"Mcdaniel, Hale and Durham",Media,United Kingdom,15.0,Pro,Content/SEO,,2023-09-25,12/25/2023,False
ACC-102166,"Leonard, Rogers and Shaw",Healthcare,United Kingdom,27.0,Starter,Organic Search,,04/01/2024,,True
ACC-101879,Hammond-Schwartz,Consulting,Spain,10.0,Starter,Partner,,2025-04-27,,False
ACC-102840,"Acosta, Campbell and Leblanc",E-commerce,Australia,4.0,Starter,Sales-Led,REP-010,2022-07-08,2025-06-08,False
ACC-101862,Scott PLC,Logistics,Brazil,,Business,Content/SEO,,05/19/2024,,False
ACC-105349,Williams-Moyer,Media,Spain,9.0,Starter,Content/SEO,,2023-11-28,,False
ACC-105647,Small-Williams,Consulting,United States,7.0,Starter,Partner,,08/03/2023,,True
ACC-100748,Hickman-Evans,Manufacturing,France,5.0,Starter,Partner,,04/02/2025,2026-05-02,True
ACC-101319,Stewart Group,Manufacturing,United States,2.0,Starter,Partner,,2023-06-03,,True
ACC-102477,Torres Group,Logistics,,270.0,Enterprise,,REP-007,2023-03-28,,True
ACC-101047,  Williams PLC  ,Healthcare,United Kingdom,7.0,Starter,Sales-Led,REP-021,09/09/2024,2025-11-09,True
ACC-105792,JOHNSON INC,Education,Spain,24.0,starter,Organic Search,,2023-11-16,,True
ACC-105061,"Barnett, Fernandez and Mitchell",E-commerce,Singapore,5.0,Starter,Organic Search,,08/19/2022,,True
ACC-101046,"Fernandez, Guerrero and Evans",Logistics,India,35.0,Pro,Referral,,02/03/2023,,True
ACC-103318,"Miller, Reynolds and Hernandez",SaaS,United States,108.0,Business,Referral,,2022-08-06,,False
ACC-101894,"Smith, Zimmerman and Wise!",,Spain,2.0,Starter,Partner,,2023-08-18,,True
ACC-103433,Morris-Hall,Media,United States,22.0,pro,Paid Ads,,19-Feb-2025,,True
ACC-105800,Murray Group,Consulting,Spain,34.0,Pro,Partner,,2024-11-03,,False
ACC-104396,Hardin Inc,SaaS,Spain,107.0,Business,Paid Ads,,04/07/2022,2023-10-04,True
ACC-103994,Harrington Group,FinTech,United States,80.0,Pro,,,2024-09-23,,False
ACC-100471,Combs Ltd,Education,United States,641.0,Enterprise,Partner,REP-036,2023-04-17,17-Apr-2025,True
ACC-103066,Hernandez-Griffin,FinTech,France,18.0,Pro,Content/SEO,,2025-06-07,,True
ACC-103050,Smith and Sons,Real Estate,United States,47.0,Pro,Sales-Led,REP-032,31/08/2023,2024-02-29,True
ACC-104230,Fields Group,Healthcare,India,15.0,Starter,Sales-Led,REP-014,2024-07-07,2025-06-07,True
ACC-103834,Evans-Johnson,Real Estate,Singapore,159.0,Pro,Organic Search,,2024-08-13,,True
ACC-105752,Velasquez Inc,Healthcare,France,4.0,Starter,Referral,,29/04/2024,,True
ACC-103392,Gallegos-Santos,E-commerce,Spain,6.0,Starter,,,2025-02-26,,True
ACC-100896,Miller Inc,Education,,90.0,Business,Sales-Led,REP-014,02/14/2022,2024-10-14,True
ACC-102776,Brown-Johnson,Real Estate,India,6.0,Starter,Partner,,08/26/2025,,True
ACC-100251,"Graham, Olsen and Costa",,united states,6.0,Starter,Organic Search,,2024-12-16,,True
ACC-101918,Jackson Inc,Healthcare,India,92.0,Business,Sales-Led,REP-027,2024-03-10,,False
ACC-102168,Harris-Reid,Manufacturing,United Kingdom,4.0,Starter,Content/SEO,,2025-07-09,,False
ACC-102132,King Group,Real Estate,Netherlands,9.0,Starter,Paid Ads,,03/17/2023,,False
ACC-101539,"Moody, Martinez and Hall",Media,Singapore,28.0,Pro,Referral,,23/09/2023,11/23/2025,False
ACC-104054,Taylor and Sons,SaaS,United Kingdom,369.0,Enterprise,Sales-Led,REP-002,2022-09-24,,True
ACC-103275,"Murphy, Reyes and Ray",Education,India,40.0,Business,Paid Ads,,2024-03-25,,True
ACC-100292,Bright-Francis,SaaS,Australia,49.0,Pro,Paid Ads,,2022-08-13,2025-08-13,False
ACC-101199,Smith-Oneill,Education,Germany,2.0,Starter,Referral,,22-Jul-2025,,False
ACC-105771,Flowers-Rivera,SaaS,Netherlands,,Business,Paid Ads,,12/03/2024,03-Jan-2026,False
ACC-105416,Young and Sons,Healthcare,Great Britain,7.0,Starter,,,2023-01-03,,True
ACC-105418,Clarke PLC,Healthcare,Great Britain,28.0,Pro,Sales-Led,REP-010,2023-06-23,,True
ACC-102918,"Keith, Cervantes and Torres",Healthcare,Sweden,10.0,Pro,Content/SEO,,09/12/2023,,True
ACC-103523,"Guerrero, Huff and Abbott",E-commerce,Japan,160.0,Pro,Paid Ads,,2023-04-05,,True
ACC-104165,Bell-Medina,Real Estate,India,49.0,Pro,Paid Ads,,2025-08-15,,False
ACC-101623,"Webb, Blair and Thomas",education,Germany,89.0,Business,Paid Ads,,10/29/2022,,True
ACC-101360,"Whitaker, Johnson and Williams",Real Estate,united states,88.0,Business,Partner,,2024-09-14,2026-04-14,False
ACC-101174,Decker-Dudley,,U.S.A.,2094.0,Enterprise,Sales-Led,REP-033,23/03/2024,2026-05-23,True
ACC-101782,ALLEN-SANCHEZ,Manufacturing,United Kingdom,37.0,Pro,Sales-Led,REP-010,2023-10-11,,False
ACC-103971,Lewis PLC,Manufacturing,United States,13.0,Starter,Organic Search,,2023-07-01,2026-03-01,True
ACC-100273,  Hoover-Campbell  ,Media,Canada,16.0,Pro,Content/SEO,,13-Dec-2023,05/13/2026,True
ACC-104152,"Williams, Holland and Alexander!",,Canada,5.0,Starter,Content/SEO,,2023-12-25,,True
ACC-100613,"Nelson, Hoffman and Nelson",Logistics,Germany,37.0,Starter,Sales-Led,REP-026,24/02/2022,2025-02-24,True
ACC-103653,"Warner, Oconnor and Smith",Manufacturing,Australia,101.0,Pro,Referral,,2025-08-07,09/07/2025,True
ACC-102942,"Charles, Brown and Smith",Healthcare,USA,31.0,Pro,Paid Ads,,08-Sep-2024,,True
ACC-105545,"Hart, Graves and Zimmerman",FinTech,United States,,Starter,Sales-Led,REP-027,2023-04-27,27/10/2023,True
ACC-103023,"Sanford, Thompson and Bonilla",Logistics,Australia,64.0,Pro,Referral,,2023-01-05,,True
ACC-105505,Elliott-Tate,Consulting,Germany,38.0,Pro,Organic Search,,2024-02-02,,True
ACC-100505,Morrison-Short,Logistics,France,29.0,Pro,,,11/19/2023,2024/06/19,True
ACC-104610,"Johnson, Crawford and Bauer",Education,U.S.A.,130.0,Business,Sales-Led,REP-004,2022-11-28,,True
ACC-100272,Morgan-French,Logistics,Canada,7.0,Starter,Content/SEO,,28/06/2025,,True
ACC-102173,"Richard, Davis and Rogers",Manufacturing,United Kingdom,20.0,Pro,Sales-Led,REP-037,2023-08-03,2025-03-03,True
ACC-102187,"Cannon, Richard and Jenkins",Manufacturing,Brazil,12.0,Starter,Referral,,2024-07-10,2025-07-10,True
ACC-102678,Byrd and Sons,Consulting,Japan,,Starter,Content/SEO,,2025-07-16,,True
ACC-103265,"Murphy, Marshall and Pope",E-commerce,Spain,240.0,Business,Organic Search,,2024-12-18,,False
ACC-105084,"Brown, Adams and Moore",Consulting,France,2020.0,Enterprise,Sales-Led,REP-040,07/06/2023,,False
ACC-100106,"Wright, Garcia and Deleon",Healthcare,Sweden,179.0,Pro,Content/SEO,,2024-08-29,,True
ACC-101142,Maxwell Group,Education,India,153.0,Business,Paid Ads,,2022-10-24,02/24/2026,True
ACC-101374,Valenzuela-Greene,Education,United Kingdom,1112.0,Enterprise,Paid Ads,REP-014,2022-05-01,,True
ACC-100952,"Acosta, Garcia and Moreno",Healthcare,France,2.0,Starter,Partner,,2024-05-02,02/02/2026,True
ACC-103008,Hart-Myers,SaaS,Germany,9.0,Starter,Referral,,26/12/2023,26-Apr-2024,True
ACC-101672,Stone Group,logistics,United Kingdom,1010.0,Enterprise,Content/SEO,REP-011,2023-06-18,,True
ACC-103018,Smith LLC,Logistics,united states,6.0,Starter,Sales-Led,REP-003,2023-11-21,21/10/2025,True
ACC-104706,Parks PLC,Media,Singapore,8.0,Starter,Content/SEO,,2022-02-19,,True
ACC-102387,Watson-Fischer,Logistics,USA,10.0,Starter,Partner,,2023-03-06,2024-07-06,True
ACC-101024,"Johnson, Guzman and Mccall",consulting,Australia,77.0,Pro,Organic Search,,08/02/2022,06/08/2025,True
ACC-104372,"Strong, Johnson and Flores",Media,United States,10.0,Starter,Organic Search,,23-May-2023,,True
ACC-103908,Carter Group,SaaS,Singapore,16.0,Starter,Organic Search,,2022/10/20,2025-11-20,True
ACC-100416,"  Mullen, Brewer and Hernandez  ",Logistics,Japan,3.0,Starter,Referral,,2023-12-10,,True
ACC-104624,Rodriguez Ltd,SaaS,Brazil,347.0,Business,Referral,,2022-06-25,2023-06-25,True
ACC-104772,"Reid, Thomas and Gill",Consulting,Germany,14.0,Starter,Sales-Led,REP-003,2023-10-11,,True
ACC-102868,Stone PLC,SaaS,Japan,154.0,Business,Paid Ads,,2022-11-03,,True
ACC-100564,Li PLC,E-commerce,United States,,Starter,,,2023-06-22,,True
ACC-100478,Young-Martinez,SaaS,United States,126.0,Business,Partner,,02/04/2025,,True
ACC-101765,"Williams, Reyes and Miller",SaaS,United Kingdom,7.0,Starter,Organic Search,,2022-05-21,11/21/2022,True
ACC-100142,Gibson Ltd,Logistics,India,34.0,Pro,Partner,,11/01/2022,,True
ACC-104060,"Sanford, Harmon and Patrick",Healthcare,Netherlands,38.0,Pro,Referral,,03/29/2024,2024-09-29,True
ACC-104830,Brown Inc,Logistics,Japan,409.0,Business,Sales-Led,REP-022,,,True
ACC-102042,Rhodes-Rosario,FinTech,United States,2.0,Starter,Paid Ads,,03/19/2025,2025/10/19,True
ACC-103808,"Morrow, Bishop and Walton Inc.",Real Estate,United States,8.0,Pro,Referral,,25/02/2022,2025/05/25,True
ACC-100605,Bush-Vaughn,E-commerce,Brazil,2.0,Starter,Content/SEO,,05/20/2024,,True
ACC-104714,Werner LLC,Real Estate,Brazil,673.0,Enterprise,Sales-Led,REP-008,2025-06-12,,True
ACC-104981,Hernandez Inc,Education,Canada,185.0,Business,Organic Search,,2024-11-30,,True
ACC-100497,Robertson-Hays,Media,Sweden,18.0,Starter,Referral,,27-Jun-2023,2023-12-27,True
ACC-105181,Cunningham-Phillips,Real Estate,United States,5.0,Starter,Content/SEO,,2022-03-30,,True
ACC-101302,"Turner, Miller and Hubbard",E-commerce,United Kingdom,5.0,Starter,Referral,,03/29/2023,,True
ACC-105755,Murray-Gray,FinTech,Singapore,83.0,Pro,Paid Ads,,04/01/2023,09/01/2024,True
ACC-102436,Tucker-Moody,FinTech,Japan,8.0,Starter,Organic Search,,2025-04-15,06/15/2025,True
ACC-100721,DURAN GROUP,Manufacturing,United States,74.0,Pro,Content/SEO,,01/02/2024,,True
ACC-101209,Hunter PLC,Logistics,Canada,17.0,Starter,Paid Ads,,2022-10-03,,True
ACC-101025,"Walker, Cunningham and Zuniga",Healthcare,United States,198.0,Business,Paid Ads,,2022-10-02,,True
ACC-101438,Vasquez-Galloway,Logistics,United States,51.0,Business,Organic Search,,2024/04/03,,True
ACC-102893,"Holland, Dixon and Martin",Manufacturing,Canada,3.0,Starter,,,2024-02-12,2025-10-12,True
ACC-104343,"Schmidt, Fuller and Johnson",Education,U.S.A.,76.0,Business,Partner,,2024/12/31,,True
ACC-102586,  Mccall PLC  ,Consulting,Germany,29.0,Starter,Sales-Led,REP-009,02/15/2022,2022-09-15,False
ACC-102215,COX LTD,Consulting,Netherlands,9.0,Starter,Referral,,2022-07-26,,True
ACC-104901,Day-Gonzalez,Logistics,Japan,5.0,Starter,Sales-Led,REP-029,11/24/2024,2025-02-24,False
ACC-101720,"Hall, Roberts and Lee",consulting,Germany,132.0,Business,Organic Search,,21-Dec-2024,2025/02/21,True
ACC-105443,Glass-Lindsey,Logistics,Canada,10.0,Starter,Referral,,2022-10-21,21-May-2023,True
ACC-104187,Perry-Arnold,SaaS,Canada,3.0,Starter,Organic Search,,08/17/2022,06/17/2024,False
ACC-102163,Chapman-Odom,SaaS,Brazil,34.0,Pro,Sales-Led,REP-012,2022-08-14,,True
ACC-105886,"Morgan, Kim and Williams",Education,United Kingdom,,Enterprise,Organic Search,REP-007,21/03/2023,,True
ACC-100336,"Newton, Moore and Perry",FinTech,Australia,243.0,Business,Content/SEO,,2024-09-14,,True
ACC-105332,"Rodriguez, Page and Wood",,Singapore,,Starter,Content/SEO,,2022-12-18,,True
ACC-102303,Allen Group,Logistics,United Kingdom,38.0,Pro,Content/SEO,,25/03/2024,25-Oct-2025,True
ACC-104541,Mckinney-Higgins,SaaS,United States,9.0,Starter,Sales-Led,REP-039,07/19/2023,,False
ACC-102716,Meyer Group,E-commerce,Brazil,235.0,Business,Sales-Led,REP-034,2023-10-09,,True
ACC-101844,Hopkins LLC,Logistics,India,457.0,Business,Organic Search,,2022-02-01,02/01/2026,True
ACC-102077,Davis-Carpenter,e-commerce,India,17.0,Starter,Paid Ads,,,,False
ACC-102676,"Garcia, Phillips and Nichols",Healthcare,U.S.A.,9.0,Starter,Partner,,2022-05-11,2025-03-11,True
ACC-105474,Thompson-Davis,Media,France,5.0,Starter,Content/SEO,,03/22/2023,,True
ACC-103227,BARBER GROUP,Logistics,United States,22.0,Pro,Content/SEO,,29-Feb-2024,2025-04-29,True
ACC-100724,Wagner LLC,media,Brazil,24.0,Pro,,,2022-04-25,,True
ACC-100765,Hawkins-Hunt Inc.,FinTech,United Kingdom,10.0,Starter,Paid Ads,,09/08/2023,2023-12-08,True
ACC-100286,"Booker, Jones and Harrington",Healthcare,Singapore,16.0,Pro,Referral,,2024-05-13,,False
ACC-100307,Armstrong-Andrews,,United States,14.0,Starter,Partner,,10/08/2022,10-Sep-2024,False
ACC-102554,Hernandez LLC,Healthcare,Australia,67.0,Pro,Partner,,2025-08-05,2025/11/05,False
ACC-104733,"Flowers, Berry and Ramirez",Manufacturing,United Kingdom,5.0,Starter,Partner,,2023-07-19,04/19/2026,True
ACC-102103,"Allen, Hudson and Garcia",Media,United States,9.0,Pro,Partner,,2025-07-24,,True
ACC-105515,Hill-Harding,healthcare,France,,Business,Paid Ads,,2024-12-03,2025-12-03,True
ACC-104039,"Clark, Williams and Gonzales",Media,United States,140.0,Pro,Content/SEO,,2022-02-21,,True
ACC-104010,Taylor Ltd,FinTech,France,66.0,Pro,Paid Ads,,2023-06-15,2023-07-15,True
ACC-105157,Kelly-Roth,Media,Canada,7.0,Starter,Referral,,2023-01-29,,True
ACC-101665,JONES GROUP,E-commerce,United States,-54.0,Pro,Content/SEO,,04/21/2023,,True
ACC-100071,House-Glover,Consulting,Sweden,12.0,Pro,Referral,,20/12/2022,,True
ACC-101662,Perez Group,Healthcare,India,499.0,Enterprise,Content/SEO,REP-014,02/21/2023,21-Dec-2025,True
ACC-100711,Tran-Silva,FinTech,United States,95.0,Pro,Organic Search,,01/24/2024,02/24/2025,True
ACC-103820,"Choi, Morales and Wise",Logistics,France,9.0,Starter,Organic Search,,09/21/2023,,True
ACC-101020,"Buchanan, Walker and Chapman",Consulting,United States,33.0,Starter,Partner,,16/07/2024,,True
ACC-101425,Black-Smith,Real Estate,United Kingdom,11.0,Starter,Paid Ads,,2024-07-10,2026-02-10,True
ACC-104599,"Valdez, Williams and Richards",Consulting,United States,,Starter,Organic Search,,2022-01-03,,True
ACC-104376,Hopkins-Cook,SaaS,,68.0,Pro,Referral,,26/09/2023,,True
ACC-100737,Gray-Tran,Healthcare,Netherlands,44.0,Pro,Partner,,26-Jul-2023,,True
ACC-103484,"Smith, Gutierrez and Goodwin",Consulting,India,52.0,Business,Partner,,2023-10-27,2023-12-27,True
ACC-104378,Navarro Inc,Real Estate,India,7.0,Starter,Sales-Led,REP-014,2025-07-20,2025/08/20,True
ACC-102031,Smith Ltd,consulting,Netherlands,22.0,Starter,Sales-Led,REP-040,2023-10-30,2024-07-30,False
ACC-105651,Fisher and Sons,Real Estate,Germany,121.0,Business,Content/SEO,,2025/03/13,2025-12-13,True
ACC-102370,Rhodes-Thompson,SaaS,Germany,610.0,Enterprise,,,2023-02-17,,True
ACC-102473,Marshall-Russell,Logistics,Germany,5.0,Starter,Referral,,2022-03-10,12/10/2024,True
ACC-101095,"Powell, Deleon and Warren",Logistics,United States,2.0,Starter,Referral,,2025-06-07,2025-10-07,True
ACC-103497,Skinner PLC,Manufacturing,Canada,,Pro,Partner,,12/18/2022,,True
ACC-105361,Sosa PLC,Logistics,Canada,23.0,Pro,Content/SEO,,2024-04-28,,True
ACC-103021,"Phillips, Galloway and Garrett",Real Estate,India,24.0,Starter,Partner,,2024-08-10,2025-09-10,True
ACC-103393,Wheeler-Short,Education,India,34.0,Pro,Sales-Led,REP-009,2023-03-12,,True
ACC-105937,Lambert-Khan,Healthcare,India,100.0,Business,Paid Ads,,27-Apr-2022,12/27/2022,True
ACC-100978,Aguilar LLC,SaaS,Australia,104.0,pro,Partner,,04/09/2022,2023/05/09,False
ACC-102809,Wade-Lynn,Logistics,Netherlands,13.0,Starter,Referral,,2022-11-03,2024-11-03,True
ACC-105180,"Cruz, Crane and Wright",E-commerce,India,999999.0,Starter,Sales-Led,REP-002,2024-04-03,,True
ACC-103622,"Myers, Howard and Castillo",Real Estate,Australia,9.0,Starter,Referral,,05/03/2025,,True
ACC-102988,Cook-Rodriguez,Education,France,2325.0,Enterprise,Content/SEO,REP-017,2024-01-30,2024-09-30,True
ACC-105358,"ROSE, GATES AND BAILEY",Logistics,United States,21.0,Pro,,,2024-03-01,2025-03-01,True
ACC-100344,"Harper, Smith and Buchanan",Consulting,India,35.0,Pro,Sales-Led,REP-009,2025-04-21,,True
ACC-104486,Cooper-Jones,Logistics,Netherlands,6.0,Starter,Paid Ads,,12/28/2022,,True
ACC-100911,  Matthews Inc  ,Media,USA,20.0,Starter,Referral,,2023-05-07,,True
ACC-101684,Higgins Inc,,Brazil,70.0,Pro,Organic Search,,2022-05-10,10/10/2022,True
ACC-100047,"Martin, Rose and Obrien",FinTech,United Kingdom,23.0,Starter,Content/SEO,,01/29/2025,,True
ACC-105020,"Reynolds, Watts and Bass",Healthcare,United Kingdom,11.0,Starter,Content/SEO,,2022-12-17,17/10/2024,True
ACC-105270,"CHAPMAN, BALL AND PATTERSON",FinTech,united states,129.0,Pro,Referral,,2023-11-13,,True
ACC-100443,Collins Group,E-commerce,United States,65.0,Pro,Referral,,2024-01-19,,True
ACC-101770,Bradley-Davis,Real Estate,US,14.0,Starter,Paid Ads,,2022-02-02,,True
ACC-105841,"Thomas, Bradley and Mcdonald",Education,India,75.0,Business,Referral,,19-Jan-2024,01/19/2025,True
ACC-105275,Duran-Bennett,Education,Canada,13.0,Starter,Sales-Led,REP-030,2024-09-05,,True
ACC-104074,Anderson-Douglas,Logistics,U.S.A.,15.0,Starter,Paid Ads,,2022-02-16,2022-12-16,True
ACC-102913,  Bradley-Adams  ,E-commerce,India,182.0,Business,Paid Ads,,03/26/2025,,True
ACC-103102,Boyd and Sons,FinTech,Sweden,1336.0,Enterprise,Paid Ads,REP-023,21/06/2023,,True
ACC-101295,Andrews and Sons,Logistics,United Kingdom,,Business,Organic Search,,2022/12/14,,False
ACC-101544,"Phillips, Terry and Lopez",FinTech,France,16.0,Starter,Organic Search,,16-Jun-2025,2026-04-16,True
ACC-102921,Blair Inc,E-commerce,Brazil,,Pro,Partner,,07/19/2022,03/19/2025,True
ACC-101055,Watson Group,,united states,238.0,Enterprise,Paid Ads,REP-015,2025/03/05,,True
ACC-100848,COLE LLC,Manufacturing,France,881.0,Business,Sales-Led,REP-028,16-Dec-2023,2025-05-16,True
ACC-102750,"Richardson, Brown and Cruz",Media,India,14.0,Starter,Organic Search,,2024/08/01,,True
ACC-102025,"Martinez, Green and Lopez",FinTech,United States,7.0,Starter,Organic Search,,2022-10-09,,True
ACC-103464,Taylor PLC,Consulting,united states,1164.0,Enterprise,Referral,REP-001,07/20/2025,,True
ACC-102820,"Mclaughlin, Collins and Lawrence",Manufacturing,United States,10.0,Starter,Partner,,19/07/2024,,True
ACC-105687,Galvan LLC Inc.,Media,France,4.0,Pro,Content/SEO,,04/23/2023,12/23/2023,True
ACC-104339,"BECKER, HAMMOND AND DAVIDSON",Logistics,United Kingdom,15.0,Pro,Content/SEO,,2024-03-25,,True
ACC-104919,"York, Cox and Davis",FinTech,Canada,6.0,starter,Organic Search,,2025-01-19,,True
ACC-101112,Coleman-Bennett,Healthcare,United States,87.0,Pro,Sales-Led,REP-032,07/23/2023,04/23/2026,True
ACC-102210,Booker Group,Logistics,United Kingdom,54.0,Pro,Sales-Led,REP-035,2023/06/07,2023-09-07,True
ACC-100776,Taylor Inc,e-commerce,UK,276.0,Business,,,16-Feb-2025,,False
ACC-105758,"CASTILLO, HUGHES AND SMITH",SaaS,United States,10.0,Starter,Paid Ads,,03-Mar-2022,09/03/2023,True
ACC-100183,"Higgins, Strickland and Martin",Logistics,Great Britain,588.0,Business,Content/SEO,,2022-02-07,2025-04-07,True
ACC-103411,Contreras-Haley,Consulting,Germany,79.0,Business,Referral,,2022-06-27,02/27/2025,True
ACC-105256,Ruiz-Rodriguez,Logistics,United Kingdom,1.0,Starter,Sales-Led,REP-031,2024/09/28,2025-02-28,True
ACC-101263,"Mckinney, Richardson and Chapman",Healthcare,United States,90.0,Pro,Sales-Led,REP-003,11/12/2023,2025-06-12,True
ACC-104210,"Terry, Torres and Hall",Healthcare,U.K.,,Enterprise,Partner,REP-019,2024-04-04,,True
ACC-100734,Branch and Sons,Education,Japan,12.0,Starter,Organic Search,,24-Feb-2024,,True
ACC-101945,Brown LLC,E-commerce,Australia,18.0,Pro,,,,,True
ACC-101168,"JENNINGS, SMITH AND FISHER",E-commerce,U.S.A.,17.0,Starter,Paid Ads,,2024-11-13,,False
ACC-103252,Hayden-Garcia,Logistics,United Kingdom,5.0,Starter,Referral,,2024-11-28,,True
ACC-103905,Ware-Medina,Education,Canada,3.0,Starter,Organic Search,,2024-07-13,13/12/2024,False
ACC-100902,Abbott Ltd,,Brazil,47.0,Pro,,,2022-08-17,06/17/2025,True
ACC-100485,Jones-Fox,Manufacturing,United States,45.0,Starter,Content/SEO,,2024-11-16,2025-10-16,True
ACC-105615,WILLIS LTD,healthcare,United Kingdom,153.0,Business,Paid Ads,,01/02/2023,,False
ACC-100452,Harper and Sons,SaaS,India,3.0,Starter,Content/SEO,,2023-07-03,2023-11-03,True
ACC-102154,Pacheco-Silva,Education,France,15.0,Starter,Content/SEO,,2022-01-01,2022-11-01,True
ACC-105891,"  Potter, Jones and Smith  ",FinTech,Australia,145.0,Pro,Sales-Led,REP-037,2024/12/18,,False
ACC-100030,Burton Ltd,Logistics,,2.0,Starter,Paid Ads,,2022-07-04,,True
ACC-100789,Fuentes Group,E-commerce,Netherlands,1294.0,Enterprise,,REP-026,06/28/2025,,False
ACC-105453,Valdez-Moss,Media,India,72.0,Business,Sales-Led,REP-038,07/09/2023,09/09/2023,True
ACC-102410,"Henderson, Wagner and Dennis",E-commerce,Australia,722.0,Enterprise,Content/SEO,REP-028,06/10/2024,,True
ACC-101109,"Smith, Buck and Holland",FinTech,Brazil,10.0,Starter,Paid Ads,,05/22/2023,,True
ACC-100100,Figueroa PLC,education,United States,5.0,Starter,Content/SEO,,2023-06-06,03/06/2025,True
ACC-104086,"Bullock, Cruz and Williams",Education,Sweden,,Starter,Content/SEO,,2024-01-21,01/21/2025,True
ACC-103639,Barr-Wang,SaaS,Germany,675.0,Enterprise,Referral,REP-015,2025-06-03,,True
ACC-103256,"Reyes, Gonzalez and Gomez",Education,Australia,,Starter,Paid Ads,,03/17/2024,03/17/2025,True
ACC-101557,Washington Inc,Education,United States,34.0,Pro,Paid Ads,,2025-07-06,2025-09-06,True
ACC-102254,  Barnes Group  ,Real Estate,Australia,37.0,Pro,Content/SEO,,07/27/2024,2025-04-27,True
ACC-101616,Todd Inc,FinTech,Great Britain,8.0,Starter,Partner,,2025-01-07,04/07/2026,True
ACC-103866,"Wood, Carter and Stewart",E-commerce,U.S.A.,10.0,Starter,Organic Search,,10/02/2023,,True
ACC-103207,Nunez-Smith,Media,United States,9.0,Pro,Paid Ads,,2025-02-05,,True
ACC-100861,Burns-Ray,Media,Canada,29.0,Starter,Referral,,11/16/2023,2025-08-16,True
ACC-102484,Nelson-King,SaaS,USA,32.0,Starter,Partner,,2024-09-03,03/10/2025,True
ACC-100903,Harris-Lawson,Logistics,United States,5.0,Starter,Content/SEO,,01/26/2023,2025-07-26,True
ACC-105471,Herrera Ltd,Real Estate,U.S.A.,7.0,Starter,Organic Search,,09/07/2022,02/07/2024,True
ACC-100109,Johnson-Doyle,education,United States,4.0,Starter,Referral,,2024-04-14,,True
ACC-102758,Stone and Sons,Healthcare,United Kingdom,8.0,Starter,Organic Search,,2023-06-16,,True
ACC-101419,"Wright, Ramos and Bennett",Consulting,Canada,29.0,Pro,Sales-Led,REP-037,29/06/2023,,True
ACC-105106,Roberts Ltd,E-commerce,Germany,11.0,starter,Partner,,16-May-2024,2024-06-16,False
ACC-102846,"Gonzalez, Curtis and Cox",E-commerce,United Kingdom,27.0,Pro,Partner,,2025-08-16,,True
ACC-102755,"Hernandez, Wright and Lane",Healthcare,India,19.0,Starter,Partner,,2024-07-11,02/11/2025,True
ACC-103816,"Flowers, Marshall and Miller",FinTech,United States,,Business,Sales-Led,REP-014,07/24/2024,2025-08-24,True
ACC-103628,"Jenkins, Young and Carter",Manufacturing,France,4.0,Starter,Referral,,02-Jan-2024,02/10/2024,True
ACC-105949,"Smith, Diaz and Davis",Healthcare,United States,3.0,Starter,Organic Search,,2024-11-22,,True
ACC-104458,"Henry, Morrison and Macdonald",Education,,25.0,Pro,Paid Ads,,08/02/2025,,False
ACC-104241,Bowers-Raymond,SaaS,United Kingdom,-5.0,Starter,Referral,,02/03/2022,,True
ACC-104307,Cohen Group,SaaS,Japan,45.0,Pro,Partner,,2022-03-23,,False
ACC-104842,Anderson-Murphy,Consulting,Brazil,19.0,Pro,,,2022-05-12,12-Apr-2026,True
ACC-104656,Lee-Rogers,SaaS,United States,95.0,Pro,Partner,,2025-04-30,,True
ACC-103785,Hines PLC,Media,Australia,40.0,Pro,Organic Search,,10/13/2022,,True
ACC-105720,Adams and Sons,Media,India,129.0,Business,Sales-Led,REP-005,03/22/2022,2025-09-22,True
ACC-104001,  Andrews-Hoffman  ,SaaS,India,6.0,Starter,Referral,,2025/04/02,,True
ACC-101094,JONES LTD,FinTech,Germany,12.0,Starter,Paid Ads,,2022-08-22,22/01/2023,True
ACC-101121,Trujillo PLC,SaaS,United States,19.0,Pro,Sales-Led,REP-004,07/16/2022,,True
ACC-105111,"Edwards, Fletcher and Foster",Healthcare,United Kingdom,68.0,Pro,,,12/12/2024,,True
ACC-101499,"Smith, Weeks and Arroyo",FinTech,US,7.0,Starter,Content/SEO,,12/12/2022,2024/06/12,True
ACC-100809,Alvarez-Kim,Healthcare,Canada,,Pro,Paid Ads,,2023-09-30,,True
ACC-105299,Myers-Gonzalez,E-commerce,Brazil,109.0,Business,Partner,,2024-03-30,,True
ACC-103176,Miller Ltd,Manufacturing,Spain,,Starter,Sales-Led,REP-031,12-Mar-2024,2025-11-12,True
ACC-105997,Finley-Wiley,Healthcare,United States,1438.0,Enterprise,Organic Search,,2024-07-29,,True
ACC-104618,Griffin PLC,SaaS,Japan,19.0,Starter,Paid Ads,,03/02/2022,2023-07-03,False
ACC-104951,"Jones, Foster and Sanford",FinTech,Japan,16.0,Starter,Sales-Led,REP-039,2025-02-27,,True
ACC-104657,"Jenkins, Baker and Coleman",Real Estate,India,18.0,Pro,Sales-Led,REP-024,2024-04-15,2025-06-15,True
ACC-105735,"Guerrero, Sawyer and Moss",Real Estate,Brazil,738.0,Enterprise,Sales-Led,REP-016,2025-08-12,,True
ACC-103103,"Lewis, Montgomery and Robinson",Logistics,United States,20.0,Starter,Referral,,2024-07-16,16/08/2025,True
ACC-101745,Gentry Group,SaaS,Brazil,,Starter,Organic Search,,2025-06-02,2026-03-02,True
ACC-102333,Smith Ltd,E-commerce,Canada,57.0,Pro,Partner,,2024-11-06,06-May-2025,False
ACC-103666,"Collins, Thomas and Soto",Education,Japan,,Starter,Sales-Led,REP-020,11/14/2022,,True
ACC-104604,Smith Ltd,E-commerce,Brazil,39.0,Pro,Organic Search,,02-May-2024,,True
ACC-101666,"Burns, Nguyen and Ellis",E-commerce,Japan,17.0,Pro,Referral,,2024-06-03,09/03/2025,False
ACC-103690,Clark-Rivera,Education,UK,49.0,Pro,Sales-Led,REP-018,24-Apr-2023,,True
ACC-102926,"Jennings, Rhodes and Patel",Healthcare,Australia,13.0,Pro,Organic Search,,12/16/2023,04/16/2026,False
ACC-103784,Evans-Arellano,Media,,11.0,Pro,Paid Ads,,08/28/2022,,True
ACC-101595,"Delgado, Guzman and Smith",Manufacturing,United Kingdom,-94.0,Business,Content/SEO,,11/08/2022,2024-01-11,True
ACC-104883,"Jones, Mcgrath and Marks Inc.",Consulting,United States,41.0,Pro,Content/SEO,,2024-11-04,,False
ACC-102525,Mooney and Sons,Logistics,Germany,16.0,Pro,Organic Search,,08/06/2024,,True
ACC-101204,Combs PLC,Education,Singapore,2.0,Starter,Referral,,2024-01-22,2024-08-22,True
ACC-105710,Newman-Gregory,Consulting,India,609.0,Business,Organic Search,,2023-11-18,,False
ACC-102598,Foster LLC,Real Estate,Brazil,16.0,Pro,Paid Ads,,2025-04-22,,True
ACC-105912,Parker-Hale,E-commerce,Germany,31.0,Pro,Sales-Led,REP-007,31-Oct-2024,,True
ACC-102045,Baldwin Group,Media,Spain,1389.0,Enterprise,Partner,REP-027,2025-03-01,,True
ACC-102536,Bennett Ltd,SaaS,Germany,234.0,Business,Content/SEO,,07/07/2022,07-Jun-2023,True
ACC-102518,"Hahn, Williams and Mcmillan",Education,U.K.,5.0,Starter,Paid Ads,,07/25/2025,2025-08-25,True
ACC-102411,Green-Romero,Healthcare,United states ,70.0,Pro,Sales-Led,REP-019,2023-01-03,2023-12-03,True
ACC-100518,Hines-Berry,Manufacturing,USA,22.0,Business,Partner,,2022-01-07,,True
ACC-100829,Brooks and Sons,Real Estate,Spain,110.0,Business,Content/SEO,,2023-06-01,2023-07-01,True
ACC-102431,Kennedy-Francis,Education,Spain,7.0,Starter,Partner,,2022/02/06,06/06/2022,True
ACC-104228,"Smith, Murphy and Torres",E-commerce,France,24.0,Pro,Partner,,2022-01-14,01/14/2025,True
ACC-100438,Davis-Gregory,e-commerce,United States,213.0,Business,Sales-Led,REP-015,2023-04-13,2024-01-13,True
ACC-100627,Mcdowell-Smith,Media,France,,Enterprise,Sales-Led,REP-025,09/12/2023,,True
ACC-102741,  Hensley Ltd  ,Logistics,Germany,101.0,Pro,Partner,,2022-07-19,2023/01/19,True
ACC-105858,"Lee, Torres and Thompson",Logistics,India,6.0,Starter,Partner,,03-May-2023,2024-02-03,True
ACC-100925,"Logan, Le and Jackson",SaaS,Netherlands,,Business,Content/SEO,,04-Feb-2024,2024-10-04,True
ACC-103107,Martin-Pratt,Healthcare,united kingdom,10.0,Starter,Paid Ads,,2023-01-28,,True
ACC-104994,"Huang, Hall and Delacruz",consulting,United Kingdom,3.0,Starter,Referral,,04/11/2024,2024-07-11,True
ACC-103396,"Harris, Thomas and Yang",Consulting,United states ,12.0,Starter,Partner,,07/14/2023,,True
ACC-102945,MORALES INC,Consulting,Spain,,Pro,Partner,,08/08/2023,2023/09/08,True
ACC-104522,Farrell PLC,SaaS,Germany,2.0,Starter,Content/SEO,,04/02/2022,2022-03-24,True
ACC-101173,Gonzalez-Gonzalez,FinTech,U.S.A.,12.0,Starter,Organic Search,,06/19/2022,,True
ACC-105834,Brown-Hudson,E-commerce,USA,54.0,Business,Referral,,2025-03-23,,True
ACC-103910,"Soto, Alexander and Cobb",Healthcare,Germany,174.0,Business,Sales-Led,REP-010,2023-10-30,,True
ACC-100944,Wood LLC,Real Estate,Canada,2.0,Starter,Partner,,08/01/2025,,True
ACC-104836,Pineda-Clark,Logistics,Canada,92.0,Business,Organic Search,,2023-12-01,02/01/2026,True
ACC-103221,Smith-Carrillo,E-commerce,Canada,131.0,Business,Sales-Led,REP-014,2023-12-10,,True
ACC-100012,Arnold Ltd,Manufacturing,Spain,40.0,Pro,Partner,,08/07/2023,,True
ACC-101117,"Lynch, Evans and Rodriguez",Consulting,USA,27.0,Pro,Content/SEO,,2023-04-30,2023-11-30,True
ACC-104424,Vazquez Group,Education,Canada,17.0,Pro,Content/SEO,,02/27/2022,2022-12-27,True
ACC-104128,Warren-Ingram,Consulting,Netherlands,8.0,Starter,Organic Search,,2024-03-22,01/22/2026,True
ACC-104860,Lawrence-Hanna,Healthcare,Singapore,31.0,Pro,Sales-Led,REP-039,17/06/2024,,True
ACC-100642,Green LLC,Media,,19.0,Pro,Referral,,2024/06/02,,True
ACC-103827,"Lawrence, Gonzalez and Hess",SaaS,United States,5.0,Starter,Organic Search,,06/09/2022,,False
ACC-101513,Compton LLC,Education,United States,108.0,Business,Paid Ads,,2022/11/12,2023-05-12,True
ACC-101550,"VINCENT, PARSONS AND ALLEN",Education,United States,-44.0,Pro,Content/SEO,,17/04/2023,2024/02/17,True
ACC-102754,Green Group,consulting,Netherlands,22.0,Pro,Partner,,03/07/2023,11/07/2024,False
ACC-101350,"Valdez, Houston and Black",Media,Japan,,Business,Organic Search,,2022-11-15,2022-12-15,True
ACC-104558,"Hull, Mcgrath and Thomas",SaaS,United States,7.0,Starter,Paid Ads,,05/14/2024,,True
ACC-105567,"Hopkins, Mccoy and Guerrero",Education,United States,672.0,Enterprise,Content/SEO,REP-004,22/01/2025,,True
ACC-102072,Williams-Carter,Media,Germany,97.0,Business,Referral,,02/12/2023,,True
ACC-103443,Perez-Harmon,Logistics,Netherlands,8.0,Starter,,,12/16/2023,16-Mar-2025,True
ACC-104334,"Chavez, Conway and Sosa.",Consulting,United States,9.0,Starter,Organic Search,,2024-04-16,,False
ACC-102330,Clark Inc,FinTech,United States,,Business,Paid Ads,,06/19/2025,,True
ACC-100653,"Leach, Harris and Herrera",FinTech,Brazil,10.0,Starter,Paid Ads,,01/06/2024,,True
ACC-100429,Ford-Spencer,Healthcare,Singapore,5.0,Starter,Organic Search,,21-Mar-2025,21/02/2026,True
ACC-101634,"Torres, Burns and Garner",Healthcare,United Kingdom,29.0,Starter,Sales-Led,REP-021,,2025/11/27,True
ACC-105780,"Smith, Mejia and Wolf",Manufacturing,Canada,,Starter,Content/SEO,,2025-06-02,,True
ACC-102589,Salas-York,e-commerce,Sweden,129.0,Business,Partner,,08/29/2023,,True
ACC-102932,Craig PLC,Real Estate,United states ,812.0,Enterprise,Organic Search,REP-019,2024-04-27,27/05/2024,True
ACC-102414,"Smith, Morgan and Young",Logistics,Spain,23.0,Pro,Paid Ads,,2024-12-10,03/10/2026,True
ACC-102617,Bautista-Underwood,Media,United States,58.0,Pro,Content/SEO,,2022-12-24,2025/04/24,True
ACC-102272,Porter LLC,E-commerce,Canada,24.0,Pro,Organic Search,,2023-07-19,,True
ACC-100838,Mckinney-Wallace,Education,Spain,,Pro,Sales-Led,REP-031,05/14/2025,,True
ACC-101087,Ramirez-Vasquez,Media,Australia,213.0,Enterprise,,REP-010,2023-10-11,2024-05-11,True
ACC-102456,"MAYER, WHITE AND SMITH",Logistics,United states ,,Business,Referral,,2025-07-12,,True
ACC-101964,Robinson-Phillips,Media,United States,23.0,Pro,Sales-Led,REP-040,2022/01/09,,True
ACC-102995,"Roth, Lee and Griffin",E-commerce,United States,37.0,Pro,Sales-Led,REP-010,2024-06-12,,True
ACC-105108,  Harris and Sons  ,Consulting,US,30.0,Pro,,,2022-07-06,06/07/2023,True
ACC-104213,Joseph LLC,Media,United Kingdom,32.0,Pro,Paid Ads,,05/07/2022,2025-11-05,True
ACC-100856,"Adams, Hodge and Duke",,Singapore,166.0,Business,Sales-Led,REP-028,2024-05-26,,True
ACC-105961,Sandoval PLC,Manufacturing,Japan,8.0,Starter,Partner,,2024-04-08,,True
ACC-103133,Rubio PLC,SaaS,Netherlands,969.0,Enterprise,Partner,REP-010,2023-03-28,,True
ACC-101743,Warren and Sons,fintech,Spain,12.0,Starter,Paid Ads,,03/20/2025,,True
ACC-103154,Rodriguez-White,FinTech,Brazil,28.0,Pro,Referral,,06/29/2024,,True
ACC-101837,Berry Ltd,Education,United States,33.0,Pro,Paid Ads,,09/29/2024,,True
ACC-102053,Mcneil-Fox,Real Estate,United Kingdom,5.0,Starter,Organic Search,,10/04/2023,12/04/2024,True
ACC-100693,  Faulkner-Grant  ,Healthcare,Netherlands,11.0,Starter,Organic Search,,24/04/2022,,True
ACC-103305,SMITH AND SONS,FinTech,United Kingdom,67.0,Pro,Sales-Led,REP-015,02/12/2025,,True
ACC-102742,"Brooks, Sullivan and Perry",Manufacturing,Singapore,164.0,Business,Paid Ads,,19-Jun-2024,,False
ACC-100188,Garcia LLC,Logistics,U.S.A.,147.0,Business,Paid Ads,,07/15/2022,,True
ACC-100287,Morgan-Schwartz,Education,Spain,13.0,Starter,Organic Search,,12-Mar-2022,2025-11-12,True
ACC-105412,"Browning, Lewis and Jenkins",SaaS,Brazil,198.0,Business,Referral,,2024-02-29,05/29/2026,True
ACC-101881,Ramirez Inc,SaaS,India,6.0,Starter,Referral,,2022/11/02,,False
ACC-102818,GARNER INC,FinTech,U.K.,11.0,Starter,Paid Ads,,,29-Apr-2024,True
ACC-100659,Chambers-Parker,Manufacturing,Brazil,43.0,Pro,Paid Ads,,13-Jul-2025,,True
ACC-103786,Fisher LLC,Real Estate,United States,9.0,Starter,Organic Search,,02/27/2022,27/11/2022,True
ACC-103131,Williams-Marquez,Consulting,Germany,32.0,Starter,Referral,,2023-10-21,,True
ACC-103412,Richardson-Hill,Real Estate,Germany,11.0,Starter,Partner,,2022-02-01,,True
ACC-102399,"Spencer, Torres and Newton",,Singapore,7.0,Starter,Referral,,2024-11-07,,True
ACC-102619,Grimes and Sons,Education,Great Britain,24.0,Starter,,,2024-03-02,,True
ACC-103817,"Oconnor, Rios and Sullivan",healthcare,United Kingdom,150.0,Business,Content/SEO,,07/12/2024,2024-08-12,False
ACC-102526,"Coleman, Jones and Wright",,United States,637.0,Enterprise,Paid Ads,REP-030,2024-09-04,,True
ACC-103065,Strickland and Sons,Manufacturing,Brazil,116.0,Business,Content/SEO,,02/05/2023,,True
ACC-100210,"Pierce, Bell and Chavez",E-commerce,U.S.A.,69.0,Pro,Paid Ads,,2025/07/25,,True
ACC-101520,Brown Group,Logistics,India,298.0,Business,Partner,,2024-03-07,,True
ACC-101406,"Mitchell, Johnson and Greene!",Consulting,Brazil,,Business,Content/SEO,,02/18/2023,2024-11-18,True
ACC-104663,White-Holland,Media,Singapore,,Starter,Paid Ads,,2023-03-01,12/01/2023,True
ACC-101400,Baker LLC,Healthcare,United States,22.0,Pro,Referral,,2025-01-31,,True
ACC-100073,"Stanley, Tucker and Lee",Manufacturing,Netherlands,48.0,Pro,Paid Ads,,14-Dec-2024,,False
ACC-102582,"Keith, Johns and Jones",Education,Sweden,11.0,Pro,Content/SEO,,2022-08-26,2023-05-26,True
ACC-104323,Jenkins-Hobbs,Healthcare,United States,123.0,Business,Paid Ads,,15-Mar-2025,,False
ACC-102673,Reeves Group,Healthcare,United States,345.0,Business,Partner,,2024-06-29,,True
ACC-105039,"Carpenter, Rojas and Taylor",Real Estate,Brazil,,Starter,Referral,,2025-08-07,,True
ACC-102846,"Gonzalez, Curtis and Cox",E-commerce,United Kingdom,27.0,Pro,Partner,,2025-08-16,,True
ACC-103218,"Mueller, Cameron and Burton",Real Estate,United states ,4.0,starter,Sales-Led,REP-013,2024-01-13,,True
ACC-103403,"Wallace, Brown and Martinez",Logistics,Germany,691.0,Enterprise,Partner,REP-032,2024-07-05,,False
ACC-100267,Jimenez Ltd,Real Estate,Canada,15.0,Starter,Referral,,2023-02-15,2024/06/15,True
ACC-105745,Allen Inc,Media,Germany,53.0,Pro,Referral,,2023-06-15,,True
ACC-101231,"Taylor, Porter and Moreno",Education,Canada,,Starter,Sales-Led,REP-007,2023-09-25,,True
ACC-103789,"Gonzalez, Compton and Walton",Real Estate,Brazil,5.0,Starter,Content/SEO,,08/01/2025,,False
ACC-101652,Ali-Turner,E-commerce,Canada,33.0,Pro,Partner,,2022-01-13,2022-02-13,True
ACC-105954,"Vazquez, James and Black",SaaS,United States,4.0,Starter,Content/SEO,,2022-08-22,,False
ACC-103670,Mills-Franco,Manufacturing,Canada,9.0,Starter,Referral,,2022-09-20,,True
ACC-100113,Gonzalez Group,E-commerce,Spain,4.0,Starter,Content/SEO,,2025-03-27,,True
ACC-105158,"Pierce, Graham and Rodriguez",Media,US,12.0,Starter,Referral,,2024-02-06,2024-08-06,True
ACC-102195,Nelson Inc,Logistics,Germany,301.0,Business,Paid Ads,,06/30/2023,,True
ACC-102688,Hoover-Frazier,E-commerce,India,33.0,Starter,Organic Search,,2024-07-10,2025-04-10,False
ACC-103286,Johnson Inc,FinTech,Germany,202.0,Business,Sales-Led,REP-026,2022-07-15,2024-02-15,True
ACC-101393,"Sanders, Taylor and Shields",Manufacturing,France,628.0,Enterprise,Paid Ads,REP-034,10/14/2023,2023-11-14,True
ACC-103033,"White, Campbell and Collins",Media,Brazil,,Pro,Referral,,2023-08-29,11/29/2023,True
ACC-104333,Thomas-Rodriguez,Logistics,Canada,7.0,Starter,Partner,,04/18/2022,,True
ACC-104428,Barnes-Johnson,Real Estate,France,-17.0,Starter,Paid Ads,,03-Aug-2023,2025-01-03,True
ACC-105182,"Clay, Hudson and Sparks",Media,United States,256.0,Business,Referral,,02/24/2024,,True
ACC-102306,Holland-Best,SaaS,Netherlands,55.0,Business,Paid Ads,,2022-07-13,,True
ACC-104253,Johnson-Garcia,Real Estate,Netherlands,4.0,Starter,Sales-Led,REP-030,2022-11-28,,True
ACC-104398,Hamilton Ltd,Manufacturing,France,6.0,Starter,Paid Ads,,13-Mar-2022,13/09/2024,True
ACC-102503,Wallace and Sons,Real Estate,United Kingdom,29.0,Pro,Sales-Led,REP-023,2023-12-29,2026-03-29,False
ACC-101755,"Edwards, Lane and Collins",Consulting,U.S.A.,8.0,Starter,Organic Search,,04/25/2024,,True
ACC-104382,"Nash, Mueller and Russell",Education,United States,78.0,Business,Content/SEO,,2022-12-20,,True
ACC-100252,Bailey-Cook LLC,Manufacturing,Netherlands,50.0,Starter,Paid Ads,,2022-08-28,,True
ACC-100350,Fernandez and Sons,E-commerce,Canada,1050.0,Business,Sales-Led,REP-036,08/22/2024,2024-10-22,True
ACC-102836,Evans-Briggs,Education,Spain,23.0,Pro,Content/SEO,,22/09/2024,,True
ACC-103264,Flores Inc,Consulting,India,18.0,Pro,Referral,,13-Oct-2024,,True
ACC-100457,Young-Allen,,Germany,16.0,Starter,Paid Ads,,01/10/2022,2026-05-01,True
ACC-105522,Garcia-Brown,,Canada,339.0,Enterprise,Content/SEO,REP-002,06/21/2024,,True
ACC-100479,Barnes PLC,Consulting,Singapore,9.0,Starter,Referral,,2022-07-29,2025-09-29,True
ACC-101114,Byrd-Holloway,consulting,Netherlands,16.0,Starter,Content/SEO,,2024-12-08,,False
ACC-100798,"Terrell, Byrd and Ross",Consulting,United Kingdom,656.0,Enterprise,Partner,REP-039,2023/11/30,,True
ACC-104280,Greene-Sims,Media,United Kingdom,1018.0,Enterprise,Referral,,22-Jul-2024,,True
ACC-101864,Navarro PLC,SaaS,United Kingdom,5.0,Starter,Partner,,08/30/2025,,False
ACC-102955,"Gonzalez, Lopez and Williams",Consulting,USA,16.0,Starter,Content/SEO,,2024-05-13,,True
ACC-100026,Baker and Sons,SaaS,U.K.,,Enterprise,Referral,REP-037,11/11/2023,,True
ACC-103162,Brown-Stokes,Logistics,United states ,,Business,Organic Search,,2024-05-08,,True
ACC-103315,"Rodriguez, Smith and Murray",Real Estate,Brazil,2.0,Starter,Paid Ads,,17/02/2023,07/17/2025,True
ACC-103365,PETERSEN-MARTINEZ,Education,Canada,52.0,Business,Content/SEO,,2025/08/18,,True
ACC-103942,"Johnson, Sims and Crane",Education,Sweden,32.0,Starter,Sales-Led,REP-016,2022-07-30,2025-01-30,True
ACC-101287,Jackson PLC,Education,Netherlands,72.0,Pro,Referral,,2022/07/09,,True
ACC-101281,"Blackwell, James and Hogan",Real Estate,Spain,20.0,Starter,Organic Search,,2023-01-22,22-May-2023,True
ACC-101978,Anderson LLC,FinTech,Canada,37.0,Pro,Content/SEO,,28/11/2023,2024-03-28,True
ACC-102694,Rodriguez LLC,FinTech,France,7.0,Starter,Content/SEO,,2023-01-14,2023-11-14,True
ACC-104457,Hanson Inc,FinTech,,50.0,Starter,Sales-Led,REP-026,2023-12-16,2024-09-16,True
ACC-105184,Lopez and Sons,Healthcare,India,25.0,Pro,Organic Search,,11/20/2022,2025-01-20,True
ACC-103691,"  Cortez, Phelps and Taylor  ",Logistics,,28.0,Pro,Organic Search,,2024-07-05,,True
ACC-104252,Powell-Bennett,E-commerce,India,,Enterprise,Content/SEO,REP-024,22-Feb-2023,,False
ACC-104782,"  Snyder, Miller and Stevens  ",Consulting,France,4.0,Starter,Sales-Led,REP-040,2024-09-11,05/11/2025,True
ACC-102083,"Norris, Cisneros and Mathis",Media,Sweden,,Pro,Organic Search,,07/07/2022,2025-01-07,True
ACC-105472,Gibson Ltd,Manufacturing,Germany,3.0,Starter,Partner,,2022-07-20,,True
ACC-105885,"Parks, Chapman and Alexander",E-commerce,U.S.A.,1362.0,Enterprise,Organic Search,REP-003,2023-10-15,,False
ACC-105007,Flynn LLC,E-commerce,Germany,20.0,Pro,Content/SEO,,31/05/2023,09/30/2025,True
ACC-100607,"Hill, Martinez and Rhodes",Healthcare,Great Britain,912.0,Enterprise,Organic Search,REP-006,2024-04-29,,True
ACC-103599,  Phillips-Rodriguez  ,Logistics,United Kingdom,119.0,Business,Sales-Led,REP-027,05/08/2024,,True
ACC-104631,Hodge and Sons,E-commerce,United States,8.0,Starter,Partner,,08/06/2025,,False
ACC-104113,Ramirez Group,Healthcare,Netherlands,8.0,Starter,Referral,,2023-07-05,,False
ACC-102291,Clay Inc,Real Estate,United States,164.0,Pro,Paid Ads,,2024-02-12,,True
ACC-104774,Foster-Williams,Consulting,,605.0,Business,Organic Search,,2022/08/28,28-Jul-2025,False
ACC-104923,"Fischer, Durham and Miller",healthcare,,29.0,Pro,Paid Ads,,2023-06-17,06/17/2024,True
ACC-105983,"Davis, Medina and Anderson",Education,Japan,6.0,Starter,Sales-Led,REP-012,2025-03-30,,False
ACC-104898,"Webb, Willis and Terry",Real Estate,Canada,93.0,Business,Partner,,2023-11-25,,False
ACC-100203,"Beard, Peters and Black",E-commerce,Australia,29.0,Starter,Organic Search,,2022-01-13,11/13/2023,True
ACC-100339,"Wood, Ramos and Sampson",Healthcare,India,145.0,Business,Paid Ads,,2024-07-10,2025-02-10,True
ACC-102107,KNAPP LTD,consulting,Spain,266.0,Business,Paid Ads,,2024-01-11,,False
ACC-100837,"Wagner, Simpson and Cohen",,Canada,2.0,Starter,Paid Ads,,09/24/2024,,False
ACC-104418,Flores LLC,FinTech,UK,14.0,Starter,Partner,,2022-01-10,10/11/2022,True
ACC-100387,Davis PLC!,Manufacturing,Canada,12.0,Pro,Paid Ads,,2024-02-18,,True
ACC-101471,Davidson LLC,Media,United States,,Starter,Sales-Led,REP-029,29/09/2023,2023-11-29,True
ACC-105588,Craig-Garza,Healthcare,Spain,,Enterprise,Organic Search,,2023/08/25,2026-03-25,True
ACC-102650,"Stevens, Harris and Ritter",Consulting,India,999999.0,Pro,Referral,,2024-10-25,,False
ACC-102602,Hall-Williams,Logistics,United Kingdom,48.0,Starter,Paid Ads,,2025-02-02,05/02/2025,False
ACC-103296,Flores and Sons,Healthcare,Netherlands,4.0,Starter,Organic Search,,2025-04-04,,True
ACC-103528,"Edwards, Brown and White",Logistics,Sweden,169.0,Business,Paid Ads,,23/10/2022,,True
ACC-105025,Jones Group,Real Estate,Singapore,107.0,Pro,Partner,,2024-11-04,,False
ACC-103074,Reyes PLC,Real Estate,united states,33.0,Starter,Referral,,2023-02-10,2023-10-10,True
ACC-102516,"Byrd, Mendez and Becker",E-commerce,USA,,Pro,Content/SEO,,2025/06/29,,True
ACC-105243,Harris and Sons,E-commerce,France,41.0,Pro,Partner,,2023-02-16,06/16/2023,True
ACC-102124,"Schaefer, Levine and Brown",Logistics,Australia,118.0,Business,Sales-Led,REP-036,19/03/2024,2025-12-19,True
ACC-101961,Harris-Martinez,E-commerce,Germany,471.0,Business,Content/SEO,,03/01/2022,,True
ACC-103605,  Hunter LLC  ,FinTech,United States,2325.0,Enterprise,Organic Search,,09-Feb-2022,2024-05-09,True
ACC-100677,Allen Inc,real estate,India,80.0,Business,Content/SEO,,2025-06-24,,True
ACC-104987,"Wilkinson, Guzman and Elliott",healthcare,Brazil,7.0,Starter,Organic Search,,22-Jul-2024,,True
ACC-105664,Morgan-Stafford,E-commerce,Spain,37.0,Pro,Paid Ads,,2022-12-23,08/23/2024,True
ACC-102313,AUSTIN-HAMILTON,,United states ,19.0,Pro,Partner,,2022-08-09,2025-09-09,False
ACC-100061,Powell LLC,Media,United States,13.0,Starter,Paid Ads,,25/06/2024,,False
ACC-105099,Conner-Roy,Consulting,Sweden,696.0,Enterprise,Referral,,2024-08-31,,False
ACC-101820,Lane Ltd,FinTech,Singapore,228.0,Business,Sales-Led,REP-033,2025-05-16,,True
ACC-104196,Pope PLC,E-commerce,Sweden,968.0,Enterprise,Sales-Led,REP-034,2024-05-15,,True
ACC-103995,"  Moyer, Mccarthy and Wright  ",Real Estate,Germany,19.0,Starter,Paid Ads,,2024-09-21,,True
ACC-102873,Martinez-Anderson,E-commerce,India,6.0,Starter,Sales-Led,REP-003,02/09/2024,2025-10-09,True
ACC-100790,"Porter, Schultz and Allen",Logistics,United States,32.0,Pro,Sales-Led,REP-037,07/09/2023,,True
ACC-102960,Marsh-Klein,Consulting,US,11.0,Starter,Referral,,2022-02-17,2023-05-17,True
ACC-103550,Benjamin and Sons,Manufacturing,Germany,1029.0,Enterprise,Organic Search,,2023-09-17,,True
ACC-105514,"Sparks, Spencer and Garcia",Logistics,India,34.0,Pro,Partner,,17-Oct-2022,,False
ACC-103204,Odonnell-Newman,Healthcare,Brazil,15.0,Pro,Referral,,09/04/2023,,True
ACC-104876,"Douglas, Smith and Jordan",Real Estate,United States,12.0,Starter,Sales-Led,REP-006,2022-03-15,2022-05-15,False
ACC-105198,Clay-Wilson,Education,U.S.A.,49.0,Pro,Organic Search,,12/24/2024,24-May-2025,True
ACC-101359,Mendoza-Garza,SaaS,United States,31.0,Starter,Referral,,2023-03-05,,True
ACC-103460,Gardner Inc,FinTech,Australia,10.0,Starter,Partner,,2024-11-12,,True
ACC-104717,Wright PLC,Education,France,13.0,Starter,Partner,,06/11/2024,,True
ACC-102670,Wilson-Stark,,Japan,76.0,Pro,Organic Search,,21-Oct-2022,,True
ACC-104108,"HEATH, WARREN AND MCBRIDE",FinTech,Great Britain,7.0,Starter,,,2025/01/28,,True
ACC-103806,"Johnson, Blackwell and Thompson",E-commerce,United States,8.0,Starter,Partner,,04/12/2025,,True
ACC-100733,Chung-Stevens,SaaS,Canada,4.0,Starter,Partner,,2024-12-08,,True
ACC-105843,Anderson-Scott,E-commerce,Spain,,Starter,Referral,,07/04/2023,04/01/2025,False
ACC-105346,Diaz and Sons,Healthcare,United States,6.0,Starter,Partner,,18-Jun-2025,,True
ACC-102119,Crosby-Richardson,Manufacturing,Spain,35.0,Pro,Referral,,2022-11-05,05/03/2026,True
ACC-105493,Henderson LLC,E-commerce,India,86.0,Pro,Referral,,2025-05-21,,True
ACC-104025,Smith LLC,Real Estate,India,2250.0,Enterprise,Sales-Led,REP-020,23-Feb-2023,,True
ACC-102345,"Park, Maynard and Ruiz",real estate,United Kingdom,44.0,Pro,Paid Ads,,2022-01-17,,True
ACC-100527,Contreras-Mckinney,Consulting,United States,,Enterprise,Organic Search,,2025-04-16,,True
ACC-101902,Randall LLC,Consulting,United States,10.0,Starter,Organic Search,,2023-06-27,2025-09-27,True
ACC-104302,"Brown, James and Arroyo",Consulting,Brazil,,Starter,Content/SEO,,2022-11-15,2024-02-15,True
ACC-102298,Nguyen-Dennis,Healthcare,Canada,30.0,Pro,Referral,,2023-11-09,,False
ACC-101468,Nunez-Freeman,Logistics,United States,-26.0,Pro,Content/SEO,,2025-01-20,,False
ACC-103815,MARTIN LTD,Healthcare,united states,9.0,Starter,Paid Ads,,2023-06-04,2023-10-04,True
ACC-105208,Duncan-Hooper,FinTech,Brazil,1124.0,Enterprise,Referral,REP-024,05/15/2023,,True
ACC-102404,"  Sullivan, Gonzalez and Turner  ",,Australia,386.0,Business,Partner,,2024-03-07,,True
ACC-100803,Barton-Chapman,Manufacturing,Germany,483.0,Business,Content/SEO,,2022-01-10,2024-01-10,False
ACC-100857,"Ochoa, Taylor and Brady",fintech,UK,651.0,Enterprise,Paid Ads,REP-039,07-Mar-2022,05/07/2025,True
ACC-101578,"Gardner, Brooks and Pierce",E-commerce,France,,Starter,Content/SEO,,18-Mar-2022,2023/02/18,True
ACC-103303,"  Holland, Foley and Neal  ",FinTech,United Kingdom,10.0,Pro,Content/SEO,,2025-04-15,,True
ACC-103829,Martinez Group.,Healthcare,Canada,,Pro,Referral,,05/10/2022,,True
ACC-105062,"Kent, Jones and Thompson",Manufacturing,United States,2.0,Starter,Organic Search,,20-Jul-2024,06/20/2025,True
ACC-105907,Jones Group,Media,Japan,9.0,Pro,Sales-Led,REP-002,16-Dec-2023,16-Feb-2024,True
ACC-104601,Williams PLC,E-commerce,United States,5.0,starter,Sales-Led,REP-002,04/07/2025,,True
ACC-105146,Young-Walls,FinTech,Canada,4.0,Starter,Referral,,2024-09-20,,True
ACC-100219,Terry-Martinez,SaaS,Netherlands,2087.0,Enterprise,Sales-Led,REP-003,2023-03-28,2025-11-28,True
ACC-101706,"Guerrero, Graves and Armstrong",Manufacturing,India,24.0,Starter,Paid Ads,,03/25/2024,,True
ACC-101288,"Smith, Jones and Santiago",Logistics,Spain,14.0,Starter,Sales-Led,REP-005,2023-04-08,2025-03-08,True
ACC-101115,Silva-Smith,SaaS,Netherlands,590.0,Enterprise,Referral,REP-025,30-Jun-2025,,True
ACC-100582,Martin-Ewing,E-commerce,U.S.A.,28.0,Pro,Sales-Led,REP-007,03/05/2024,2025-04-05,True
ACC-103250,"Potts, Nielsen and Wright",Consulting,Japan,19.0,Pro,Paid Ads,,2023-12-29,2024-08-29,True
ACC-100043,Allen-Allen,E-commerce,UK,27.0,Pro,Partner,,2024-12-09,,True
ACC-103686,"Nelson, Morris and Preston",E-commerce,United states ,2.0,Starter,Content/SEO,,2022-03-05,,True
ACC-105217,Gordon-Jones,SaaS,US,137.0,Business,Partner,,11/01/2025,,False
ACC-103238,White Inc LLC,Real Estate,United Kingdom,83.0,Business,Referral,,2025-02-15,,True
ACC-104884,Mckay Inc,Manufacturing,United Kingdom,14.0,Starter,Partner,,03/12/2022,12-Aug-2022,True
ACC-101872,"Shannon, Robinson and Greene",Consulting,Japan,1114.0,Business,Organic Search,,2022-05-23,,False
ACC-101729,Nielsen-Mendoza,SaaS,United States,39.0,Pro,Paid Ads,,07/07/2025,,True
ACC-103944,"Medina, Miller and Yates",Manufacturing,Australia,,Business,Partner,,13/10/2023,06/13/2025,True
ACC-103311,Hester-Parrish,education,Great Britain,4.0,Starter,Content/SEO,,2023-05-07,2026-04-07,True
ACC-101730,Robles-Brewer,Healthcare,Canada,441.0,Business,Sales-Led,REP-038,2022/04/30,2024-11-30,True
ACC-105324,Sullivan-Green,education,Australia,48.0,Pro,Partner,,29/08/2025,,True
ACC-101224,"Rodriguez, Prince and Vasquez",Real Estate,India,34.0,Pro,Content/SEO,,04/12/2023,2025-10-04,True
ACC-105634,Nelson-Black,Media,Netherlands,297.0,Business,Referral,,,22/12/2025,True
ACC-104416,Craig Ltd,Media,,85.0,Pro,Content/SEO,,2022-06-10,,True
ACC-101071,Flowers LLC,Logistics,Brazil,4.0,Starter,Organic Search,,2023-05-09,,True
ACC-100718,White-Preston,Logistics,Netherlands,27.0,Starter,Organic Search,,03/02/2024,,False
ACC-105136,Perez-Sanders,Consulting,France,76.0,business,Partner,,2024-04-25,,False
ACC-101505,Garrett-Black,Media,United Kingdom,31.0,Business,Referral,,2024/01/29,,True
ACC-102339,Horton and Sons,Media,Brazil,31.0,Pro,Sales-Led,REP-020,08/02/2022,2023-05-02,False
ACC-100670,"Long, Anderson and Irwin",E-commerce,United States,9.0,Starter,Organic Search,,2022-11-30,2024-10-30,True
ACC-105478,Hendrix-Hernandez,FinTech,Australia,,Pro,Partner,,2025-06-23,,True
ACC-103189,"Fuentes, Martinez and Porter",E-commerce,Canada,463.0,Business,Referral,,2024-09-18,,True
ACC-102104,"Hines, Rice and Baldwin",SaaS,Germany,15.0,Pro,Paid Ads,,08/24/2024,,True
ACC-104865,"Phelps, Montoya and Barnett",E-commerce,Netherlands,98.0,Pro,Organic Search,,24-Dec-2024,11/24/2025,True
ACC-104817,Underwood and Sons,Healthcare,US,,Starter,Organic Search,,04-Jul-2022,2022-08-04,True
ACC-100897,GOODWIN PLC,Logistics,France,3.0,Starter,Content/SEO,,06/12/2023,2024-03-06,True
ACC-101258,"Roberts, Beck and House",Consulting,United Kingdom,99.0,Business,Partner,,2025-02-01,,True
ACC-104013,"Brooks, Knight and Forbes",FinTech,India,-108.0,Business,Sales-Led,REP-032,11/06/2023,,True
ACC-100095,Harris-Walters,FinTech,Sweden,,Starter,Referral,,2022-06-06,,True
ACC-103771,"Ayala, Scott and Mcdonald.",E-commerce,Sweden,975.0,Enterprise,Partner,REP-025,07/28/2025,,True
ACC-105573,Estes-Simon,E-commerce,United States,8.0,Starter,Organic Search,,2023/06/20,2025-12-20,True
ACC-102302,"Crane, James and Ross",Manufacturing,Canada,90.0,Business,Paid Ads,,,,True
ACC-100842,Cunningham-Barton,Media,UK,,Business,Sales-Led,REP-021,09-Jun-2022,,True
ACC-105189,Sanders Inc,Education,Canada,44.0,Business,Paid Ads,,28/07/2025,,True
ACC-101892,Ortega LLC,FinTech,United Kingdom,65.0,Business,Sales-Led,REP-029,2024-11-27,27-Jan-2025,True
ACC-105508,"Rhodes, Bolton and Watson",Consulting,India,999999.0,Starter,,,2023-09-22,,True
ACC-105047,"Fields, Holmes and Weber",Education,Brazil,23.0,Pro,Referral,,20/12/2024,,False
ACC-105688,Taylor-Higgins,Healthcare,Spain,646.0,Enterprise,Content/SEO,REP-014,25-Jan-2025,,True
ACC-105285,"Friedman, Grant and Ferguson",Manufacturing,Japan,,Starter,Paid Ads,,2024-08-14,01/14/2026,True
ACC-105924,"Williams, Jacobson and Fisher",real estate,United States,5.0,Starter,Sales-Led,REP-024,2023-07-06,2023/12/06,True
ACC-104634,"Ward, Perez and Baker",Healthcare,France,186.0,Business,Referral,,20-May-2025,,False
ACC-100322,Taylor and Sons LLC,Media,United Kingdom,114.0,Business,Content/SEO,,28-Nov-2024,,False
ACC-104414,Snyder Ltd,E-commerce,France,,Starter,Paid Ads,,07/05/2023,05/01/2024,True
ACC-104490,Wilson LLC,Healthcare,United Kingdom,,Pro,Partner,,20/11/2024,,True
ACC-103240,"Bond, Wilson and Cooper LLC",Consulting,Brazil,,Business,Organic Search,,2022-12-18,,True
ACC-100334,Price LLC,E-commerce,France,32.0,Pro,Referral,,2024-12-21,,True
ACC-103482,Bell-Cooper,FinTech,united states,13.0,Pro,Organic Search,,10/08/2025,2026-03-10,False
ACC-100332,Torres Group,Education,Spain,5.0,Starter,Sales-Led,REP-005,2022-04-13,2024-05-13,True
ACC-100833,Burns and Sons,Media,Germany,8.0,Starter,Organic Search,,11/02/2023,,True
ACC-103395,"Richards, Dixon and Love",Healthcare,Germany,57.0,Pro,Content/SEO,,2023-09-06,,True
ACC-102227,Ruiz-Gutierrez,SaaS,U.K.,3694.0,Enterprise,Sales-Led,REP-040,2022-10-30,2022-11-30,False
ACC-102316,"Moore, Simpson and Soto",Consulting,Germany,7.0,Starter,Paid Ads,,2024-03-26,26/11/2024,True
ACC-105872,Davis-Andersen,Media,Germany,199.0,Business,Organic Search,,2024-05-07,,False
ACC-102226,"  Sullivan, Johnson and Delacruz  ",SaaS,US,5.0,Starter,Partner,,2022-06-18,05/18/2026,True
ACC-100731,"Hernandez, Lee and Fox",Logistics,India,430.0,Enterprise,Content/SEO,,2022-08-12,,True
ACC-104140,Kirby-Oconnor,FinTech,Brazil,705.0,Enterprise,Referral,REP-038,2023-02-12,,True
ACC-100291,Young Ltd,Healthcare,United Kingdom,22.0,Starter,Partner,,08-Aug-2024,2025-03-08,True
ACC-100184,Rodriguez-Johnson,Healthcare,United States,143.0,business,Paid Ads,,2025/04/23,,True
ACC-104791,Crane LLC,FinTech,Japan,5.0,Starter,Paid Ads,,2024/02/16,,True
ACC-104407,Graves Ltd,Healthcare,U.K.,,Starter,Organic Search,,02/01/2025,2025-10-02,True
ACC-102550,Taylor Inc,Logistics,India,13.0,Pro,Organic Search,,29/04/2024,2025-11-29,True
ACC-100533,Mcdonald-Bird,E-commerce,India,19.0,Starter,Paid Ads,,2023-11-27,2024-03-27,False
ACC-104336,Keller PLC,Education,France,4.0,Starter,Paid Ads,,2024/08/23,,True
ACC-105982,Stevens-Sanders,media,United Kingdom,1.0,Starter,Partner,,2025-05-18,,True
ACC-104214,"Wilson, Madden and Austin",Manufacturing,United States,39.0,Business,Content/SEO,,2022-09-14,,True
ACC-105582,Green Inc,E-commerce,France,25.0,Pro,Organic Search,,2023-04-07,,False
ACC-100657,Chavez PLC,Logistics,Brazil,2344.0,Enterprise,Sales-Led,REP-040,01/31/2024,,True
ACC-101255,Cervantes-Garcia,Media,United States,125.0,Pro,Sales-Led,REP-008,2022-04-10,2024-05-10,True
ACC-102572,Gonzalez and Sons,SaaS,Canada,10.0,Starter,Paid Ads,,2023-05-30,2023-07-30,True
ACC-105991,"Nicholson, Jones and Hughes",Logistics,Netherlands,54.0,Business,Organic Search,,26/02/2023,,True
ACC-102552,Palmer-Pearson,Manufacturing,United states ,50.0,Pro,Sales-Led,REP-016,2024/12/26,,True
ACC-102669,Sanders Inc,Logistics,Canada,,Starter,Content/SEO,,2022-06-02,,True
ACC-100898,"Cruz, Richmond and Edwards",SaaS,India,7.0,Starter,Organic Search,,01/16/2023,,True
ACC-100428,Gilbert PLC,Logistics,Australia,90.0,Pro,Content/SEO,,2024-08-05,,False
ACC-105947,"Keller, Jones and Meadows",Media,United States,12.0,Pro,Sales-Led,REP-008,03/02/2024,,True
ACC-104825,"Martin, Kennedy and Chavez",SaaS,India,6.0,Starter,Organic Search,,,2024-03-11,True
ACC-104954,Rodriguez-Clark,media,Canada,21.0,Pro,Paid Ads,,2025-07-10,,True
ACC-101436,Austin-Duran,SaaS,United States,4.0,Starter,Organic Search,,2023-06-07,,True
ACC-105509,Bridges-Bautista,SaaS,Australia,16.0,Starter,Content/SEO,,22-Nov-2023,,False
ACC-101222,Smith LLC,E-commerce,Germany,6.0,Starter,Referral,,11/25/2023,,True
ACC-103100,Ellison-Shaw,Real Estate,Sweden,6.0,Starter,Sales-Led,REP-026,2022-10-10,10-Aug-2024,True
ACC-102095,Williams-Rodriguez,Education,United States,5065.0,Enterprise,Sales-Led,REP-025,2025-08-25,,True
ACC-104437,"Porter, Graham and York",SaaS,United Kingdom,626.0,Enterprise,Partner,REP-001,2022-04-25,,True
ACC-104930,Rodriguez Group,E-commerce,Brazil,6.0,Starter,Sales-Led,REP-010,2022-12-03,02/03/2023,True
ACC-105405,"Garcia, Brown and Melton",consulting,Germany,52.0,Pro,Content/SEO,,08/12/2025,2025-10-12,True
ACC-103470,Clay Group,Healthcare,United States,46.0,Pro,Content/SEO,,2024-05-04,04/02/2025,True
ACC-102927,Sullivan PLC,Consulting,United States,6.0,Starter,Paid Ads,,2022-11-24,,True
ACC-105623,Ward LLC,Healthcare,United States,76.0,Business,Organic Search,,04/18/2024,2024-06-18,True
ACC-102523,Stewart-Myers,e-commerce,Japan,17.0,Pro,Sales-Led,REP-005,02/11/2022,2023-06-11,True
ACC-101825,Nixon-Miller,Consulting,Canada,79.0,Pro,Content/SEO,,07/07/2022,,True
ACC-104075,Krueger-Barnett,SaaS,Australia,6.0,Starter,Sales-Led,REP-014,05/14/2025,2025-08-14,True
ACC-102952,"Cain, Rodriguez and Gonzales",Manufacturing,Spain,77.0,Business,Content/SEO,,2023-12-29,,True
ACC-105497,  Reynolds PLC  ,E-commerce,Sweden,-5.0,Starter,Referral,,04-Jul-2022,03/04/2025,True
ACC-104537,Brown Ltd,Healthcare,France,,Pro,Sales-Led,REP-005,2024-12-11,,True
ACC-105027,  Adams PLC  ,Real Estate,India,55.0,Business,Referral,,02/01/2025,,True
ACC-105944,Reeves PLC,,United Kingdom,615.0,Business,,,2023-04-08,,True
ACC-104961,Kim-King,FinTech,Spain,3.0,Starter,Organic Search,,17/02/2023,2024-11-17,True
ACC-103116,Smith-Kelly,FinTech,Canada,108.0,Pro,Paid Ads,,2023-06-10,2023-08-10,True
ACC-101410,Gomez-Foster,Manufacturing,United States,313.0,Business,Partner,,2024-10-25,2025-10-25,True
ACC-104401,"LEE, ROTH AND ERICKSON",Logistics,India,33.0,Pro,,,29/03/2023,,True
ACC-103135,Payne-Novak,Healthcare,united kingdom,5.0,Starter,Content/SEO,,2022-06-20,,True
ACC-102375,"Munoz, Garcia and Williams",E-commerce,Brazil,129.0,Business,Partner,,2024-11-20,,True
ACC-103319,"Jordan, Cook and Alexander",SaaS,Germany,16.0,Pro,Paid Ads,,2024-02-22,,True
ACC-102259,Mccann-Sanders,healthcare,United Kingdom,9.0,Starter,Referral,,2025-01-24,,True
ACC-100192,Short-Garcia,Logistics,United States,4.0,Starter,Organic Search,,06/29/2023,,True
ACC-101941,"Robinson, Townsend and Hopkins",Consulting,United states ,42.0,Pro,Referral,,2024-10-25,,True
ACC-101126,"Reeves, Parks and Little",Consulting,United States,152.0,Business,Referral,,2024-05-07,,False
ACC-101921,Wilson PLC,logistics,Canada,18.0,Starter,Sales-Led,REP-029,2022-03-11,,True
ACC-103734,"Christensen, Aguirre and Johnson",Healthcare,India,90.0,Pro,Content/SEO,,2025-05-31,2025-11-30,True
ACC-104081,Blair LLC,FinTech,United States,3.0,Starter,Paid Ads,,2024-09-23,2025-09-23,True
ACC-102763,Olsen-Adams,Healthcare,Canada,52.0,Pro,Paid Ads,,01-Dec-2023,,True
ACC-100304,"Evans, Hayden and Vaughn",Education,India,,Starter,Content/SEO,,2022-04-16,,True
ACC-102177,"Brock, Reynolds and Fernandez",Manufacturing,Germany,,Enterprise,Content/SEO,,09/03/2023,2024-05-09,True
ACC-101292,"Parks, Johnson and Love",Education,Spain,96.0,Business,Paid Ads,,01/22/2025,,False
ACC-100070,Gray Group,Real Estate,United Kingdom,11.0,Starter,Referral,,2022-03-01,,True
ACC-104173,  Stout-Graves  ,consulting,Brazil,10.0,Starter,Sales-Led,REP-031,2022-08-22,22/01/2023,False
ACC-101305,Taylor Group,Healthcare,Spain,94.0,Enterprise,Paid Ads,REP-020,2022-12-25,2023-01-25,True
ACC-102859,Wilson Inc,Media,Netherlands,,Business,Paid Ads,,21-Jan-2022,,True
ACC-103288,"  Ramsey, Perez and Miller  ",FinTech,India,,Pro,Organic Search,,2025-08-23,,True
ACC-105816,Chen and Sons,Real Estate,Australia,14.0,Starter,,,25-Jul-2022,2023-08-25,True
ACC-105098,"Johnson, Miller and Bennett",E-commerce,United States,11.0,Starter,Paid Ads,,23-Jan-2024,2024-05-23,True
ACC-101340,Knight PLC,SaaS,Brazil,98.0,Business,,,17-Jul-2023,,True
ACC-100831,Lopez-Reid,SaaS,US,4.0,Starter,Paid Ads,,12/16/2023,2025-08-16,True
ACC-102264,  Barajas-Crosby  ,FinTech,Canada,31.0,Business,Paid Ads,,03-Apr-2023,03/03/2025,True
ACC-101456,"Hernandez, Shaffer and Thompson",FinTech,Netherlands,18.0,Pro,Organic Search,,2024-10-16,,True
ACC-102689,Walker Inc,FinTech,Spain,,Business,Referral,,02/01/2022,,False
ACC-103339,"Smith, Marks and Kennedy",FinTech,Japan,,Enterprise,Referral,REP-015,17-Apr-2022,,True
ACC-100238,"Guerrero, Peck and Coleman",Consulting,Germany,88.0,Business,Referral,,2023-02-26,,True
ACC-100092,"Garcia, Humphrey and Baker",Manufacturing,Germany,31.0,Pro,Content/SEO,,2023-07-24,24-Mar-2024,True
ACC-102263,Galvan-Ruiz,Logistics,France,141.0,Business,,,08/31/2022,2025/10/31,True
ACC-104129,"Ruiz, Guerrero and Evans",Manufacturing,Canada,3.0,Starter,Partner,,2024-11-13,,True
ACC-103164,Parrish Ltd,Consulting,Germany,289.0,Business,Referral,,2024/04/02,,True
ACC-105446,BRIGGS PLC,E-commerce,Germany,114.0,Business,Organic Search,,2024-10-29,,True
ACC-102677,Jackson-Powers,Media,United States,10.0,Starter,Partner,,2022-10-12,09/12/2024,False
ACC-101963,Ellis-Jackson,FinTech,United States,250.0,Business,Content/SEO,,2024-04-26,,True
ACC-103541,Rogers-Russell,Real Estate,Brazil,5.0,Starter,Referral,,25-Jul-2024,,True
ACC-101001,Garcia Ltd,Real Estate,United States,43.0,Business,Organic Search,,04/24/2022,,True
ACC-102389,"  Fisher, Perez and Pham  ",Real Estate,Canada,14.0,Pro,Referral,,2023-06-28,,True
ACC-104764,"Watson, West and Cook",consulting,United Kingdom,23.0,Starter,Referral,,2022-07-17,10/17/2022,True
ACC-102344,Martin and Sons,E-commerce,Canada,,Starter,Content/SEO,,2022-10-04,2023-05-04,False
ACC-104053,Blair-Merritt,Consulting,Canada,3.0,Starter,Organic Search,,07/31/2023,31-Dec-2024,True
ACC-101504,"PRICE, GRAY AND BAKER",SaaS,India,94.0,Business,Sales-Led,REP-035,2022-09-21,,False
ACC-100957,"Miller, Davis and Anderson",FinTech,United Kingdom,,Enterprise,Referral,REP-032,18-Jun-2024,,True
ACC-105568,Davis-Galvan,Media,Australia,11.0,Starter,Paid Ads,,2025-02-06,,True
ACC-104244,Bauer Inc,Education,Brazil,108.0,Pro,Referral,,08/29/2024,,True
ACC-104769,"Chandler, Knight and Jones",Media,United States,142.0,Pro,Paid Ads,,20-Jul-2025,,True
ACC-101532,Smith-Bauer,Real Estate,United States,159.0,Business,Referral,,2022-02-25,,True
ACC-103398,"Phelps, Turner and Collins",SaaS,Great Britain,24.0,Pro,Paid Ads,,07/11/2024,,True
ACC-104829,Hernandez-Moore,Healthcare,Australia,5.0,Starter,Partner,,08/20/2024,2025-08-20,True
ACC-100411,  Graham Group  ,Logistics,India,746.0,Enterprise,Paid Ads,,25/03/2024,2025-05-25,True
ACC-101405,Harris Ltd,Education,Australia,25.0,Starter,Organic Search,,2024-01-10,,True
ACC-102680,Stafford PLC,SaaS,United States,3.0,Starter,Paid Ads,,2023-06-13,2024-03-13,False
ACC-105842,"  Peters, Lewis and Mathews  ",Education,United Kingdom,13.0,Starter,Partner,,2023-03-10,,True
ACC-102937,DECKER INC,SaaS,Canada,168.0,Pro,Sales-Led,REP-018,13/07/2022,2023-08-13,True
ACC-103904,JONES-BUTLER,Manufacturing,United States,295.0,Business,Organic Search,,2023-12-17,,True
ACC-103413,Wolfe-Rodriguez,Manufacturing,Sweden,113.0,Business,Organic Search,,11/12/2023,,True
ACC-105360,"Lamb, Pacheco and Patterson",Logistics,France,380.0,Business,Paid Ads,,05/25/2024,,True
ACC-102145,"Dalton, Turner and Mccarthy",Real Estate,United States,34.0,Pro,Referral,,2024-12-22,2025-04-22,True
ACC-101034,Bell-Bennett,E-commerce,United States,107.0,Pro,Referral,,2023-10-21,,True
ACC-102801,"Glover, Moran and Johnson",E-commerce,Australia,66.0,Business,Content/SEO,,05/01/2023,,True
ACC-102715,Stewart-Buchanan,Healthcare,Canada,11.0,Starter,Sales-Led,REP-021,21/09/2023,2024/06/21,False
ACC-102087,Collins-Cox.,SaaS,India,29.0,Pro,Partner,,2022-08-28,2025-10-28,True
ACC-100931,Moore-Ayala,Logistics,United States,63.0,Pro,Referral,,2024-09-07,,True
ACC-105551,Fowler-Wong,Education,India,,Starter,Sales-Led,REP-018,2023-09-10,04/10/2025,True
ACC-103426,Bennett-Ruiz,Real Estate,United Kingdom,17.0,Pro,Organic Search,,2024-03-01,,True
ACC-100633,Higgins-Smith,Media,India,,Pro,Referral,,2023-10-23,,True
ACC-103418,Estes-Mcdonald,Real Estate,France,8.0,Starter,Content/SEO,,,,True
ACC-100498,"Kennedy, Johnson and Lucas",Media,India,,Business,Paid Ads,,2025-01-12,,True
ACC-100937,"Rios, Walker and Wright",FinTech,United Kingdom,-579.0,Enterprise,Content/SEO,,08/20/2023,2025-06-20,True
ACC-100415,"  Hicks, Bullock and Bailey  ",Healthcare,Australia,93.0,Business,Content/SEO,,2024-06-28,,False
ACC-105840,"Dawson, Lyons and Perez",Real Estate,United Kingdom,53.0,Pro,Organic Search,,2024/05/28,,True
ACC-103375,"Collins, Elliott and Shelton",Manufacturing,Germany,17.0,Pro,Sales-Led,REP-019,2023-11-23,,True
ACC-104301,Bell and Sons,E-commerce,Canada,75.0,Business,Paid Ads,,2025-04-15,,True
ACC-103970,Lee Inc,Media,United Kingdom,18.0,Pro,Sales-Led,REP-004,2024-10-23,,True
ACC-102698,"Hanson, Williams and Mcclure",Media,Germany,7.0,Starter,Partner,,2025-01-25,,True
ACC-100757,Lopez-Willis,Manufacturing,United states ,211.0,Business,Paid Ads,,2023-05-04,,True
ACC-101817,Hanson-Gibson,Healthcare,Sweden,18.0,Pro,Content/SEO,,2024/01/29,29-Apr-2025,False
ACC-105072,Collins-Jackson,Real Estate,India,16.0,Pro,Content/SEO,,2025-06-03,,True
ACC-101041,  Wheeler-Austin  ,Healthcare,united states,26.0,Pro,Organic Search,,2025-04-11,,True
ACC-102271,"Hamilton, Green and Edwards",E-commerce,United States,16.0,Starter,Sales-Led,REP-006,2025/04/05,2025-08-05,True
ACC-103043,Daniels LLC,Consulting,Japan,9.0,Pro,Organic Search,,14-Jan-2023,2026-01-14,True
ACC-104294,Miller Ltd,Media,France,8.0,Starter,Sales-Led,REP-037,2025-02-09,,True
ACC-105750,"Glass, Joseph and Hawkins",Consulting,United States,12.0,Starter,Sales-Led,REP-022,2024-03-24,,True
ACC-100596,Salas-Fitzgerald,Logistics,India,24.0,Pro,Referral,,2024-08-22,,True
ACC-105903,WARD INC,FinTech,Australia,17.0,Pro,Referral,,08/19/2022,2024-08-19,True
ACC-104937,Rojas Ltd,FinTech,,,Starter,Referral,,2022-01-08,,True
ACC-104412,"Allen, Smith and Zamora",,Australia,3.0,Starter,Sales-Led,REP-012,03/20/2022,2025-01-20,True
ACC-101068,Stokes and Sons,Consulting,Canada,461.0,Business,Partner,,2025-08-22,,False
ACC-101647,"Roach, Browning and Jordan LLC",FinTech,Singapore,627.0,Business,Organic Search,,19-Apr-2025,,False
ACC-103121,Shaw and Sons,Media,Spain,12.0,pro,Content/SEO,,2023-06-20,,True
ACC-104233,"  Brooks, Thompson and Alexander  ",FinTech,United States,16.0,Pro,Partner,,2022-05-31,2026-03-31,True
ACC-103034,Roth Ltd,Real Estate,Germany,34.0,Pro,Partner,,08/20/2025,2026-03-20,True
ACC-103320,Davis-Wong,Manufacturing,United States,109.0,Business,Content/SEO,,23/03/2022,,False
ACC-100652,"Cox, Stark and Rodriguez",Consulting,Sweden,4.0,Starter,Organic Search,,08/31/2024,,False
ACC-104828,Wade-Clark,SaaS,United States,5.0,Starter,Sales-Led,REP-020,2022-02-15,,True
ACC-101700,"Grant, Bryan and Williams",Manufacturing,Australia,280.0,Business,Referral,,2024-12-23,,True
ACC-104689,Allen PLC,Manufacturing,Canada,5.0,Starter,Content/SEO,,24/09/2022,24/02/2023,True
ACC-104878,  Garcia Ltd  ,Manufacturing,united kingdom,3.0,Starter,Partner,,12/22/2022,2026-04-22,True
ACC-102691,Ochoa LLC,Education,,40.0,Pro,Content/SEO,,01-Mar-2022,,False
ACC-105820,Gordon PLC,Healthcare,Spain,5.0,Starter,Content/SEO,,10/07/2022,07-Apr-2025,True
ACC-102721,"  Morris, Ramos and Smith  ",SaaS,United States,9.0,Starter,Content/SEO,,2022-09-18,11/18/2023,True
ACC-102706,Reyes-Davidson,FinTech,Singapore,923.0,Enterprise,Paid Ads,REP-036,07/04/2025,,True
ACC-104925,Escobar-Barrett,Logistics,United States,16.0,Pro,Content/SEO,,06/08/2023,,True
ACC-102457,Sanchez Ltd,E-commerce,United States,,Pro,Sales-Led,REP-033,2023-08-26,,True
ACC-100075,"Daniels, Adkins and Brown",Media,U.S.A.,87.0,Business,Paid Ads,,2023-10-15,2024-02-15,True
ACC-101245,"Morris, Wilson and Bell",Media,Brazil,96.0,Business,Sales-Led,REP-013,2024-05-15,,True
ACC-103705,Robles PLC,E-commerce,Sweden,4.0,Starter,Organic Search,,03/28/2023,,True
ACC-103012,Phelps-Phillips,,France,1.0,Starter,Paid Ads,,2023-12-04,05/04/2025,True
ACC-105125,"RODRIGUEZ, OSBORNE AND RODRIGUEZ",SaaS,India,281.0,Business,Organic Search,,2025-03-07,,True
ACC-104006,Burgess-Lewis,,Japan,70.0,Pro,Referral,,2022-07-06,,True
ACC-102004,Lopez Group,Healthcare,Canada,85.0,Pro,,,05/01/2024,2024-02-05,True
ACC-105828,Jones-Hartman,Manufacturing,USA,451.0,Enterprise,Sales-Led,REP-006,08/26/2025,,True
ACC-103269,"Shah, Aguirre and Powers",Logistics,Spain,5.0,Starter,Content/SEO,,2023-08-27,27/02/2026,True
ACC-103196,Cowan Inc,Manufacturing,India,23.0,Starter,Content/SEO,,23/11/2024,2026-01-23,True
ACC-100108,Hancock and Sons,Healthcare,United States,1162.0,Enterprise,Partner,REP-009,2023-03-27,,True
ACC-101010,Davis and Sons,,Netherlands,42.0,Pro,Content/SEO,,2022-10-08,,True
ACC-101029,"Santiago, Daniel and Rogers",Media,India,10.0,Starter,Sales-Led,REP-028,2024-10-17,,False
ACC-102251,Roberts-Snyder,FinTech,United States,16.0,Pro,Referral,,22-Oct-2022,,True
ACC-100828,  Allen Inc  ,Logistics,Singapore,7.0,Starter,Partner,,2023-02-18,08/18/2023,True
ACC-105399,Marshall-Green,,U.S.A.,129.0,Business,Partner,,2025-04-16,,True
ACC-104283,Walsh Inc,Media,United States,9.0,Starter,Referral,,05/16/2024,,True
ACC-100096,Wagner-King,SaaS,United Kingdom,15.0,Pro,Sales-Led,REP-015,01/10/2024,2025-11-01,True
ACC-104293,Perez Group,Manufacturing,united kingdom,708.0,Enterprise,Sales-Led,REP-007,04/20/2023,,True
ACC-105503,Johnson-Brown,Education,US,,Pro,Content/SEO,,07/10/2025,,True
ACC-105169,"Benson, Obrien and Williams",Healthcare,U.S.A.,7.0,Starter,Referral,,16-Mar-2025,03/16/2026,True
ACC-101385,Lane Inc LLC,Consulting,Great Britain,43.0,Pro,Organic Search,,2022-04-01,2022-12-01,True
ACC-101200,"Saunders, Ray and Cunningham",Education,Netherlands,8.0,Starter,Partner,,28/10/2023,,True
ACC-100621,Morris-Brewer,Healthcare,U.S.A.,,Starter,,,2023-07-19,2024-03-19,True
ACC-105533,Weeks-Massey,Healthcare,Sweden,2.0,Starter,Sales-Led,REP-035,05-Oct-2022,,True
ACC-101412,Dunn Ltd,Media,India,127.0,Business,Organic Search,,2022-10-23,2024-05-23,True
ACC-100566,"Owens, Koch and Jimenez",FinTech,India,22.0,Starter,Partner,,18/10/2024,,False
ACC-100543,Donovan-Perez,E-commerce,United States,30.0,Pro,Referral,,08/29/2025,01/29/2026,True
ACC-101334,"Kennedy, Rowe and Diaz",Manufacturing,Canada,,Starter,Organic Search,,27/08/2022,2024-04-27,False
ACC-105286,"ADAMS, JORDAN AND LYNCH",FinTech,USA,24.0,Pro,Referral,,2023-08-10,10/11/2025,False
ACC-100051,Walker LLC,Media,United Kingdom,71.0,Pro,Organic Search,,01/27/2025,,True
ACC-105118,"Morris, Perez and Khan",,U.K.,322.0,Business,Paid Ads,,2022-10-29,,True
ACC-101859,"Blanchard, Davis and Schmidt",Media,Germany,51.0,Pro,Sales-Led,REP-036,12-Jan-2024,2024/08/12,True
ACC-102578,Pena-Dyer,E-commerce,Japan,1.0,Starter,Content/SEO,,10/20/2022,02/20/2023,True
ACC-104338,"Clark, Bradley and Jackson",Consulting,France,5.0,Starter,,,01/29/2023,29-May-2026,True
ACC-101558,Duncan Group,saas,UK,4.0,Starter,Paid Ads,,2023-09-15,,True
ACC-100745,White LLC,Media,United States,18.0,Pro,Referral,,2023-11-15,,False
ACC-104370,Frey-Diaz,Real Estate,India,4.0,Starter,Sales-Led,REP-002,2024-01-27,12/27/2024,True
ACC-102916,Lindsey-Shaw,FinTech,Australia,515.0,Business,Partner,,2025-05-18,,True
ACC-101467,"Ryan, Krause and Mitchell",Real Estate,United States,27.0,Pro,Content/SEO,,17/07/2024,,True
ACC-102057,"Bradley, Melendez and Gonzalez",Logistics,India,,Starter,Sales-Led,REP-022,2024-02-23,,True
ACC-100195,"Nelson, Morton and Medina",FinTech,Netherlands,999999.0,Pro,Partner,,2023-02-13,2024-02-13,True
ACC-103505,  Simpson-Roy  ,Real Estate,United States,16.0,Starter,Referral,,2025-08-05,,True
ACC-105041,  Odonnell PLC  ,Manufacturing,Spain,67.0,Business,Partner,,01/21/2023,2023-11-21,True
ACC-103891,Cohen-Crane,Healthcare,U.K.,284.0,Business,Referral,,2024-05-31,,True
ACC-100802,Griffin Group,Consulting,United Kingdom,1.0,Starter,Sales-Led,REP-034,04/16/2025,2025-09-16,True
ACC-101618,"  Mcintosh, Melton and Wilkins  ",FinTech,United Kingdom,3.0,Starter,Organic Search,,2022-04-20,,True
ACC-103361,Ho-Thomas,Consulting,Singapore,21.0,Starter,Organic Search,,06/24/2024,2024-10-24,True
ACC-104421,Harmon-Castillo,FinTech,Spain,10.0,Starter,Partner,,2025-05-05,,True
ACC-100620,Santos-Avila!,Real Estate,France,6.0,Pro,Referral,,2022-06-30,2022-07-30,True
ACC-103352,"Davis, Knapp and Gray",Consulting,United States,3.0,Starter,Paid Ads,,05/12/2023,,True
ACC-104207,Reeves Group,Education,United States,2.0,Starter,Content/SEO,,2023-01-15,2023-12-15,True
ACC-103731,"King, Garrett and Maddox",consulting,Germany,17.0,Starter,Sales-Led,REP-032,2024-12-10,,True
ACC-105513,"Martinez, Clark and Shaffer",education,Brazil,3.0,Starter,Sales-Led,REP-008,2025-03-23,,False
ACC-101886,"Vasquez, Thomas and Mack",E-commerce,Canada,340.0,Business,,,03/11/2025,,True
ACC-102024,Williams LLC,Healthcare,Brazil,16.0,Business,Paid Ads,,2024-02-26,2024-11-26,True
ACC-100644,Sullivan PLC,Education,Germany,4.0,Starter,Organic Search,,2022-10-25,2026-03-25,True
ACC-105377,Boyd Ltd,E-commerce,united states,15.0,Starter,Content/SEO,,10/28/2024,28-Oct-2025,False
ACC-104553,Olsen Group,SaaS,Australia,2.0,Starter,Organic Search,,2022/05/23,,True
ACC-101897,Finley-Meyers,SaaS,Singapore,137.0,Business,Organic Search,,2024-05-11,,False
ACC-101061,Randall PLC,Healthcare,Canada,12.0,Starter,Partner,,31-May-2023,,True
ACC-104216,"Ayala, Mayo and Houston",,United States,65.0,Pro,,,05/19/2024,,True
ACC-105274,Dalton Inc,Consulting,Australia,13.0,Starter,Paid Ads,,2024-05-25,25-Aug-2024,True
ACC-100120,White-Estes,Healthcare,Sweden,32.0,Pro,Partner,,2022-03-29,,True
ACC-102998,Ferguson and Sons,Real Estate,United States,21.0,Pro,Paid Ads,,2022/02/22,,False
ACC-102970,"Lopez, Campbell and Wilson",E-commerce,Australia,6.0,Starter,Paid Ads,,09-Jun-2024,2024-10-09,True
ACC-105259,  Jones and Sons  ,Logistics,Netherlands,3.0,Starter,Paid Ads,,2022-04-07,,True
ACC-104888,Floyd-Kelly,,United States,20.0,Starter,Sales-Led,REP-031,12/03/2022,,True
ACC-103148,Oliver Ltd,FinTech,United Kingdom,5.0,Starter,Content/SEO,,02/02/2023,2023-11-02,True
ACC-101230,ELLIS-LAWRENCE,Consulting,United States,3.0,Starter,Referral,,2022-10-22,2024/01/22,True
ACC-105644,Bowen Ltd,FinTech,France,11.0,Starter,Organic Search,,2024-11-05,,False
ACC-103570,Bass Inc,,United States,26.0,Pro,Organic Search,,,,False
ACC-104160,  Bowers-Nguyen  ,Education,Canada,52.0,Business,Content/SEO,,03/24/2024,,True
ACC-105766,"Stewart, Rhodes and Davis",healthcare,Canada,7.0,Starter,Partner,,2023/05/05,,True
ACC-103404,Webb-White,Logistics,united states,12.0,Starter,Content/SEO,,2022-02-22,2024-03-22,True
ACC-100134,Mitchell-Jordan,Healthcare,United states ,,Starter,Partner,,2023/12/26,,False
ACC-103586,"Romero, Reilly and Mitchell",FinTech,United States,10.0,Starter,Sales-Led,REP-001,2025-08-27,2026-01-27,True
ACC-102653,STEVENS-JOHNSTON,Healthcare,Japan,7.0,Starter,Paid Ads,,20-Jul-2023,,True
ACC-104369,Howell PLC,FinTech,Australia,,Pro,Content/SEO,,19/08/2024,2024-11-19,True
ACC-103007,"Mata, Martin and Christensen",Education,Brazil,69.0,Pro,Referral,,2023-01-14,,False
ACC-104258,Stevenson-Ferguson,,United Kingdom,25.0,Pro,Partner,,07/31/2025,,True
ACC-101721,Johnson Ltd,,United Kingdom,95.0,Pro,Organic Search,,2022-08-07,2025-04-07,True
ACC-103519,Lutz PLC,SaaS,Brazil,26.0,Pro,,,2024-03-11,,True
ACC-100511,"Whitney, Gould and Jones",SaaS,USA,64.0,Pro,Sales-Led,REP-026,23-Jan-2023,2026-04-23,True
ACC-104120,Castillo and Sons,Healthcare,United States,46.0,Starter,Organic Search,,22/02/2023,,True
ACC-100062,Wright and Sons,Consulting,USA,6.0,Starter,Organic Search,,04-Jun-2025,03/04/2026,True
ACC-101553,"Moore, Campbell and Ortiz",Consulting,United States,3.0,Starter,Referral,,2024-01-06,06-Nov-2024,True
ACC-103881,Mitchell-Middleton,FinTech,United States,126.0,Business,Sales-Led,REP-010,2024-05-05,,True
ACC-105291,"George, Holt and Romero",Consulting,Singapore,66.0,Pro,Partner,,2023/01/21,21/03/2024,True
ACC-105714,Gomez-Smith,FinTech,India,12.0,Starter,Partner,,2022-08-30,,True
ACC-104151,"Mckee, Fisher and Long",FinTech,Spain,82.0,Business,Partner,,11/11/2023,11-May-2024,True
ACC-102284,Martinez Inc,Real Estate,United States,74.0,Business,Partner,,2022-03-19,2023-12-19,False
ACC-105863,"Williams, Ward and Harvey",Healthcare,United States,2516.0,Enterprise,Content/SEO,REP-011,12/03/2024,,True
ACC-102153,Anderson LLC,Manufacturing,United Kingdom,2.0,Starter,Paid Ads,,2025-08-03,,True
ACC-100679,"Powers, Brennan and Sanchez",Real Estate,India,102.0,Business,Content/SEO,,2023/05/23,,True
ACC-103793,HOPKINS AND SONS,E-commerce,Japan,17.0,Pro,Paid Ads,,06/20/2025,,True
ACC-101211,Solis-West,FinTech,Canada,6.0,Starter,Sales-Led,REP-003,2025-07-10,,True
ACC-100122,Chandler-Edwards,Media,USA,4.0,Starter,Content/SEO,,16/01/2022,2023-09-16,True
ACC-104024,Smith-Clayton,Real Estate,Canada,1367.0,Enterprise,Content/SEO,,01/15/2025,,True
ACC-102951,Diaz-Mcclain,,United States,342.0,Enterprise,Paid Ads,REP-013,21/05/2023,,True
ACC-104144,Willis and Sons,SaaS,Netherlands,175.0,Business,Content/SEO,,06/14/2025,,True
ACC-103578,"Davenport, Roberts and Woods",Real Estate,Singapore,70.0,Business,Partner,,10/13/2024,10/13/2025,True
ACC-105319,Little Ltd,FinTech,Singapore,20.0,Pro,Referral,,2022-12-08,,True
ACC-101210,"Gray, Montoya and Miller",Media,United States,183.0,Pro,Organic Search,,04/09/2023,02/09/2026,True
ACC-100567,Landry PLC,Consulting,United States,30.0,Pro,Partner,,2025-05-11,11/06/2025,True
ACC-103153,"Davis, Owens and Day",Logistics,Germany,224.0,Business,Content/SEO,,2023-05-31,2025-12-31,True
ACC-100548,"Morgan, Bradshaw and Williams",Logistics,Canada,10.0,Starter,Sales-Led,REP-019,2022-12-27,08/27/2025,True
ACC-104314,"Gardner, Smith and Holloway",Manufacturing,United States,5.0,Starter,Partner,,2024-01-21,,False
ACC-100864,Robertson-Ramirez,Consulting,United states ,7.0,Starter,Content/SEO,,2025-05-20,,True
ACC-104602,Simmons-Mcdaniel,Education,Brazil,4.0,Starter,Organic Search,,2022-03-19,2026-05-19,False
ACC-101392,Hinton-Lane,Consulting,United States,3.0,Starter,Paid Ads,,2022-12-08,,True
ACC-104561,ROWLAND AND SONS,E-commerce,United Kingdom,53.0,Pro,Paid Ads,,2024-10-25,,False
ACC-103276,Smith-Logan,Real Estate,United States,5.0,Starter,Content/SEO,,10/14/2024,2024-12-14,True
ACC-105200,"Hamilton, Johnson and Ballard",Logistics,united states,66.0,Pro,Sales-Led,REP-017,11/26/2022,02/26/2026,True
ACC-102114,"Roberts, Bowen and Miller",Logistics,France,18.0,Pro,Partner,,2023-05-14,14-Sep-2024,True
ACC-103163,Irwin-Lewis,E-commerce,France,73.0,Pro,Paid Ads,,06/02/2024,2026-03-06,True
ACC-100720,Landry Ltd,Education,United States,-223.0,Business,Organic Search,,06-Apr-2025,,True
ACC-103951,Mills Inc,Education,Canada,9.0,Starter,Partner,,2024-01-16,16/10/2025,True
ACC-105888,Richard Group,E-commerce,,7.0,starter,Content/SEO,,01/02/2024,2024-07-01,True
ACC-100690,White-Medina,,United Kingdom,48.0,Pro,Organic Search,,2023/05/04,,True
ACC-105537,Johnson LLC,Consulting,Netherlands,39.0,Pro,Paid Ads,,2022-03-31,31-Aug-2022,True
ACC-101773,  Callahan PLC  ,Logistics,,204.0,Business,Referral,,2023-11-26,2023/12/26,True
ACC-100602,"Becker, Lara and Baker",Logistics,Great Britain,1515.0,Enterprise,Organic Search,,2022/04/13,,True
ACC-103167,Miller-Russo,SaaS,Canada,17.0,Pro,Paid Ads,,02/21/2024,,True
ACC-102728,Ray-Faulkner,E-commerce,U.S.A.,,Business,Organic Search,,23-Nov-2024,23-Oct-2025,True
ACC-102476,"Garcia, Hines and Pearson",Education,India,38.0,Pro,Sales-Led,REP-029,25-May-2025,,True
ACC-105577,Martin Inc,Media,Spain,48.0,Pro,Content/SEO,,20-Sep-2024,,True
ACC-104423,"Duarte, Lee and Matthews LLC",Real Estate,United States,148.0,Business,Partner,,2022-03-09,,True
ACC-100503,"Jimenez, Glass and Stone",SaaS,United Kingdom,57.0,Business,Referral,,2024-07-19,2025-07-19,True
ACC-104564,Michael-Ortega,saas,Brazil,40.0,Starter,Content/SEO,,26/06/2022,2024/03/26,False
ACC-100318,Buchanan LLC,Real Estate,UK,,Business,Organic Search,,2022-12-26,07/26/2023,True
ACC-102841,"Chase, Long and Anderson",Education,United States,57.0,Pro,Partner,,2023-09-26,26-Mar-2025,False
ACC-101919,Hoover-Davis,Media,Germany,11.0,Starter,Content/SEO,,2024-08-09,09/09/2024,True
ACC-100274,Monroe-Carpenter,E-commerce,Brazil,113.0,Business,Sales-Led,REP-013,2024-10-03,03/03/2026,True
ACC-105227,Huang Group,Healthcare,Germany,22.0,Starter,Content/SEO,,02/05/2023,,True
ACC-102929,Klein Ltd,E-commerce,United States,,Pro,Referral,,12/19/2023,,False
ACC-101361,"Vargas, Taylor and Hunt",SaaS,United states ,55.0,Pro,Paid Ads,,2025-05-17,,True
ACC-105133,Anderson-Brown,Media,Netherlands,338.0,Business,Partner,,2023-08-23,,True
ACC-101526,Boyd and Sons,SaaS,United States,1629.0,Enterprise,Organic Search,,,,False
ACC-104839,Randall LLC,Healthcare,Spain,5.0,Starter,Paid Ads,,08/23/2025,,True
ACC-102229,Holloway Ltd,,United Kingdom,13.0,Starter,Content/SEO,,2025/04/30,,True
ACC-105401,Gray PLC,Media,Japan,4.0,Starter,Sales-Led,REP-036,2025-01-08,2026-05-08,True
ACC-102357,"Reed, Terry and Smith",Consulting,United States,428.0,Enterprise,Paid Ads,,2023-10-21,,True
ACC-102350,"Lane, Simon and Duarte",Consulting,Germany,12.0,Pro,Organic Search,,2025-03-04,,True
ACC-104743,Ballard and Sons,Media,US,6.0,Starter,Content/SEO,,2024-04-04,2024-05-04,True
ACC-103094,"Taylor, Rose and Rush",Media,United States,82.0,Pro,Referral,,2022-10-21,08/21/2025,True
ACC-105893,Booker Ltd,FinTech,Canada,6.0,Starter,Partner,,2023-10-19,05/19/2025,True
ACC-103659,Carter-Davis,FinTech,Australia,,Pro,Content/SEO,,2023-06-25,,True
ACC-100945,"Mueller, Stevenson and Sanchez",Manufacturing,Spain,74.0,Pro,Referral,,2025-04-23,2025-06-23,True
ACC-104781,Mcdonald and Sons,E-commerce,India,11.0,Pro,Content/SEO,,2025-08-07,,True
ACC-105865,Harris and Sons,E-commerce,Germany,362.0,Enterprise,Paid Ads,REP-038,02/13/2025,,True
ACC-100295,Williams Inc,Logistics,Netherlands,56.0,Pro,Paid Ads,,06/08/2025,09/08/2025,True
ACC-101965,Clarke Ltd,,France,25.0,Pro,Paid Ads,,01/04/2023,2026-02-04,True
ACC-103132,"Hughes, Clark and Bishop",Education,United States,949.0,Enterprise,Organic Search,REP-002,2025-03-07,,True
ACC-100298,"Sparks, Jackson and Miller",,UK,6.0,Starter,Content/SEO,,2022-04-18,18/08/2025,True
ACC-100068,RUSSELL GROUP,Consulting,United States,14.0,Starter,Referral,,2022-07-02,2026-05-02,True
ACC-105207,Miranda PLC,Healthcare,Germany,5.0,Starter,Referral,,03/08/2022,08-Jan-2025,True
ACC-100736,"Frey, Santos and Johnson LLC",Consulting,France,14.0,Starter,Organic Search,,18-Mar-2025,2025-05-18,True
ACC-101598,Williams Ltd,Media,United States,16.0,Starter,Paid Ads,,04/10/2022,,True
ACC-102432,"Wood, Crane and Guzman",FinTech,United States,96.0,Business,Sales-Led,REP-036,2022-05-19,19/03/2025,True
ACC-102654,"  Davis, Lucas and Ellison  ",Logistics,Australia,13.0,Starter,Partner,,2023-06-27,2024-11-27,True
ACC-103752,White Inc,Consulting,Brazil,70.0,Business,Content/SEO,,2023-09-29,29-Nov-2025,True
ACC-101503,Wright-Espinoza,Logistics,United States,,Starter,Referral,,2023-02-21,,True
ACC-104567,Kelley-Foster,Logistics,France,12.0,Starter,Paid Ads,,2024/11/30,,True
ACC-100150,Salazar-Ball,Media,United States,131.0,Pro,Partner,,2023-10-24,,True
ACC-100756,Kelly Group,E-commerce,United States,44.0,Pro,Paid Ads,,26/11/2022,2025-04-26,False
ACC-102094,Smith Group,Media,Canada,8.0,Starter,Sales-Led,REP-034,2024-08-14,,True
ACC-103604,  Luna LLC  ,FinTech,Great Britain,273.0,Business,Paid Ads,,07/05/2023,,True
ACC-101703,"Lane, Morrison and Rivera",Logistics,United States,16.0,Starter,Referral,,10/12/2023,,True
ACC-105546,"Adams, Smith and Wright",Manufacturing,USA,40.0,Pro,Partner,,2023-01-16,,True
ACC-104596,Sutton PLC,Real Estate,India,,Starter,Content/SEO,,2023-12-21,2025-07-21,True
ACC-100169,Hooper PLC,FinTech,United States,47.0,Pro,Referral,,2023-09-27,,True
ACC-105454,BROWN AND SONS,SaaS,Great Britain,,Business,Paid Ads,,2023-11-02,2025-03-02,True
ACC-100376,Schmitt PLC,SaaS,,10.0,Starter,Content/SEO,,2023-07-21,21-Oct-2024,True
ACC-102543,Hobbs-Harvey,Real Estate,India,7.0,Starter,Partner,,30/01/2023,,True
ACC-102445,"Murray, Cole and Cole",,United States,19.0,Pro,Organic Search,,2024-01-17,,True
ACC-100859,"Martinez, Cline and Wright",E-commerce,United States,15.0,Starter,Referral,,2022/01/19,,True
ACC-105141,"Wagner, Jones and Hayes",Logistics,India,419.0,Business,Paid Ads,,05/24/2024,,True
ACC-104879,"Scott, Sandoval and Powers",FinTech,United states ,80.0,Business,Organic Search,,2023-02-20,,True
ACC-105132,Myers PLC,Education,Brazil,45.0,Pro,Organic Search,,08/03/2022,,True
ACC-100378,Moore Group,Real Estate,Spain,15.0,Starter,Paid Ads,,29-Sep-2023,,True
ACC-105676,Brandt-Mendoza,Media,United States,,Business,Organic Search,,2023-01-26,11/26/2023,True
ACC-102346,Richards-Harris!,Consulting,France,26.0,Pro,Sales-Led,REP-031,05/16/2022,2023-09-16,True
ACC-101294,Bauer PLC,E-commerce,Australia,163.0,Business,Paid Ads,,2023-01-12,,True
ACC-104254,"Webb, Price and Jimenez",FinTech,Japan,8.0,Starter,Sales-Led,REP-036,2024-01-14,2024-06-14,True
ACC-101432,Moss LLC,Logistics,United States,11.0,Starter,Partner,,2022-03-12,12/10/2022,True
ACC-102780,Clark Inc,Education,Netherlands,20.0,Pro,Sales-Led,REP-007,2023-01-21,2025-12-21,True
ACC-104250,"Day, Campbell and Taylor",Manufacturing,United Kingdom,5.0,Starter,Referral,,2023-03-08,,False
ACC-104015,Andrews-Walters,Education,United States,154.0,Business,Organic Search,,20/06/2022,2023-07-20,True
ACC-101779,"Andrews, Romero and Sullivan",Consulting,united states,77.0,Business,Paid Ads,,24-Aug-2025,,True
ACC-104264,"Williams, Lewis and Bryant",Manufacturing,Spain,59.0,Pro,Paid Ads,,30-Jul-2024,,True
ACC-103326,Patel LLC,FinTech,India,4.0,Starter,Referral,,2023-11-04,,True
ACC-104645,Ramirez-Campbell,Media,Australia,9.0,Starter,Partner,,31/12/2024,,True
ACC-101818,Arnold-Cole,Logistics,United Kingdom,109.0,Business,Paid Ads,,01/14/2023,,True
ACC-103646,Mason Group,Logistics,India,11.0,Starter,Referral,,2024/05/31,2025-05-31,True
ACC-100841,Medina and Sons,Healthcare,Great Britain,5.0,Starter,Content/SEO,,2025-03-16,,True
ACC-102646,Anderson and Sons!,Real Estate,Brazil,7.0,Pro,Sales-Led,REP-020,2023-02-10,2023-02-05,True
ACC-101189,Nelson-Cruz,Education,India,1.0,Starter,Partner,,2022-01-03,2022-03-03,True
ACC-100175,King-Miller,Media,India,,Starter,Paid Ads,,2025-06-29,,True
ACC-104665,"Nelson, Carroll and Medina",E-commerce,United States,7.0,Starter,Content/SEO,,2023-06-09,09-Oct-2023,True
ACC-102764,Conrad Group,SaaS,United States,33.0,Pro,Content/SEO,,03/21/2025,2025-05-21,True
ACC-100927,"  Tanner, Wise and Johnson  ",Media,Brazil,362.0,Enterprise,Organic Search,REP-015,2024-11-06,,True
ACC-103353,Sheppard Ltd,Real Estate,India,168.0,Business,Organic Search,,01/08/2024,03/08/2026,False
ACC-100045,Spence PLC,Education,India,26.0,Pro,Paid Ads,,16-May-2022,,True
ACC-101260,"Edwards, Arnold and Smith",Media,United States,32.0,Starter,Referral,,04-Jun-2024,2024-11-04,True
ACC-101096,"Johnson, Lee and Whitaker",SaaS,Germany,53.0,Starter,Paid Ads,,2023-09-17,,True
ACC-101443,Long-Parks,e-commerce,Sweden,60.0,Pro,Sales-Led,REP-002,2023/10/20,2023-11-20,True
ACC-105321,"Bradford, Clarke and Greer",SaaS,Canada,56.0,Pro,Content/SEO,,2023-05-31,2025-03-31,True
ACC-104796,Gutierrez-Ross,Manufacturing,United States,39.0,Business,Referral,,2025/06/29,,True
ACC-101187,"Adams, Quinn and Watson",Consulting,United Kingdom,154.0,Pro,Content/SEO,,2022-11-08,,False
ACC-105165,Roy-Durham,E-commerce,United States,912.0,Enterprise,Partner,,2022-04-18,,True
ACC-105769,Smith LLC,Consulting,Sweden,3.0,Starter,Partner,,29-Apr-2024,,True
ACC-101030,Baker and Sons Inc.,manufacturing,United Kingdom,13.0,Pro,Sales-Led,REP-026,2024-05-18,2026-02-18,True
ACC-102655,Graves-Dawson,Consulting,Australia,3.0,Starter,Organic Search,,2024-12-15,,False
ACC-100300,"Thomas, Murray and King",Education,United States,128.0,Business,Referral,,04/08/2022,,True
ACC-105159,"  Boone, Coleman and Hoffman  ",FinTech,Germany,2831.0,Enterprise,Partner,REP-005,2022-10-28,,True
ACC-101472,  Welch-Duncan  ,,United States,14.0,Pro,Partner,,2025-02-24,07/24/2025,False
ACC-100283,"Sanford, Rivera and Garcia",SaaS,Canada,,Pro,Referral,,2025-05-17,,True
ACC-105741,Johnson Inc,Manufacturing,,138.0,Business,Referral,,06/07/2024,2024-12-07,True
ACC-103551,"Gordon, Andrews and Kelley",Media,Netherlands,36.0,Pro,Paid Ads,,2022-08-07,2023/12/07,False
ACC-104822,Moore-Parsons,Real Estate,Australia,49.0,Business,Partner,,2023-03-06,2023-05-06,True
ACC-105742,"  Downs, Fernandez and Stuart  ",Real Estate,Great Britain,7.0,Starter,Organic Search,,06/07/2023,01/06/2025,False
ACC-101813,"Smith, Griffith and Tucker",Media,Australia,26.0,Pro,Organic Search,,2024-07-14,,True
ACC-104002,Sanchez-Armstrong,SaaS,United States,23.0,Pro,Organic Search,,2022-02-05,10/05/2024,True
ACC-103038,"Christensen, Smith and Garcia",media,United states ,13.0,Starter,Organic Search,,08/22/2022,,True
ACC-104200,"Nicholson, Walker and Adams",,India,,Business,,,21/03/2024,2024-10-21,True
ACC-105028,"PETERS, BYRD AND DODSON",Education,Australia,,Starter,Partner,,2024-04-10,10/05/2024,True
ACC-103106,Delgado-Sullivan,,Japan,13.0,Starter,Content/SEO,,05/25/2025,2025-06-25,True
ACC-103017,"Whitney, Mayo and Clark",Education,United Kingdom,999999.0,Starter,Referral,,05/09/2023,2023/07/09,True
ACC-101338,Bates PLC,Media,United States,8.0,Starter,Sales-Led,REP-019,2023-10-02,,True
ACC-104328,"Ross, Cummings and Harris",E-commerce,Canada,1148.0,Enterprise,Paid Ads,,2022-02-04,,True
ACC-104622,Francis Group,Consulting,United Kingdom,1101.0,Enterprise,Organic Search,REP-015,05/25/2023,25-Jul-2025,False
ACC-103936,Walker-Clark,Logistics,United Kingdom,43.0,Pro,Content/SEO,,18-Aug-2022,,True
ACC-104586,Mullins-Carrillo,FinTech,,62.0,Pro,Partner,,04/14/2024,,True
ACC-102378,"CASEY, MEZA AND COLON",FinTech,India,1410.0,Enterprise,Sales-Led,REP-020,11/24/2022,24-Aug-2024,True
ACC-104597,"Norman, Walls and Wallace",E-commerce,India,14.0,Starter,Referral,,2025-06-24,,True
ACC-102465,Parker Group,Education,Canada,,Enterprise,Sales-Led,REP-039,03/15/2024,,True
ACC-105544,"Young, Tate and Arnold",Media,Australia,9.0,Starter,Content/SEO,,2023-09-04,10/04/2023,True
ACC-100257,"Bryan, Smith and Booth",FinTech,United States,3.0,Starter,Partner,,05/07/2025,,True
ACC-100507,Parker-Morrison,Real Estate,USA,-49.0,Pro,Content/SEO,,2023-10-06,2025-12-06,True
ACC-102347,"Gallegos, Myers and Cook",Healthcare,United Kingdom,43.0,Pro,Organic Search,,11/14/2024,,False
ACC-100099,Walsh LLC,FinTech,United States,4.0,Starter,Referral,,2022-04-23,2025-02-23,True
ACC-104121,Myers and Sons,SaaS,Germany,24.0,Pro,Partner,,13-Aug-2023,12/13/2024,True
ACC-100744,Lam-Elliott,Manufacturing,Germany,3.0,Starter,Paid Ads,,2025-03-08,,False
ACC-102167,"Morgan, Mendez and Cox",Education,Sweden,58.0,Pro,Partner,,24-Jul-2023,,False
ACC-105633,DAVIS INC,Media,Canada,10.0,Starter,Content/SEO,,13/06/2024,,True
ACC-101375,"Gordon, Wilson and Olson",E-commerce,Germany,139.0,Pro,Content/SEO,,2024-01-29,,True
ACC-103980,Wood-Torres,SaaS,Germany,5.0,Starter,Sales-Led,REP-012,2024-07-08,,True
ACC-103932,"Edwards, Brooks and Grimes",Consulting,Sweden,55.0,Pro,Organic Search,,2024-01-23,,True
ACC-105969,"Adkins, Jones and Dickson",SaaS,India,5.0,Pro,Organic Search,,12/24/2022,,True
ACC-105916,Martin LLC,Logistics,France,,Pro,Sales-Led,REP-025,29/03/2024,2024-06-29,True
ACC-104284,Barrera Group,Logistics,United States,,Pro,Partner,,2024-03-13,,False
ACC-101157,Ferrell-Henry,Consulting,Germany,87.0,Business,Referral,,2024-01-12,,True
ACC-101858,Gregory-Nixon,E-commerce,Brazil,4.0,Pro,Partner,,11/14/2022,2024-09-14,True
ACC-104427,Hernandez-Rojas,Logistics,Germany,,Starter,Content/SEO,,2023-04-18,,True
ACC-104648,Dixon-Hughes,SaaS,Japan,6.0,Starter,Referral,,2024-03-03,03/09/2024,True
ACC-104977,"  Krueger, Rodriguez and Roach  ",media,US,99.0,Business,Paid Ads,,2023-01-19,,True
ACC-101437,"Rubio, Charles and Watson",Logistics,United States,144.0,Business,Content/SEO,,12/13/2022,,True
ACC-105043,MORGAN PLC,Media,UK,318.0,Business,Referral,,2024-11-19,,True
ACC-100366,"  Le, Lewis and Hayes  ",Manufacturing,France,29.0,Pro,Paid Ads,,01/10/2022,2025-09-10,True
ACC-104852,Rogers-Garcia,,United Kingdom,,Pro,Referral,,,,True
ACC-103026,"Scott, Sims and Munoz",SaaS,United States,5.0,Starter,Referral,,09-Mar-2022,2023-10-09,True
ACC-100402,"Hall, Hansen and Barnett",Manufacturing,Singapore,619.0,Enterprise,Referral,REP-029,2025-05-26,,True
ACC-104709,"Reed, James and Henry",Manufacturing,Spain,5.0,Starter,Content/SEO,,12/10/2024,,True
ACC-104881,"Martin, Davis and Huynh",Consulting,Canada,21.0,Pro,Referral,,2024-11-13,,False
ACC-100949,Hall LLC,education,United States,,Enterprise,Partner,REP-011,2023-09-14,2026-02-14,True
ACC-102860,Burns Ltd,Manufacturing,United States,9.0,Starter,Organic Search,,2022-01-21,2024/11/21,True
ACC-100019,"Reid, Ferguson and Sanchez",Logistics,Netherlands,15.0,Starter,Referral,,2024-08-02,2025-03-02,True
ACC-100229,Kerr-Evans,Real Estate,India,96.0,Business,Paid Ads,,05/30/2023,12/30/2025,True
ACC-104246,Cochran-Browning,Media,Spain,13.0,Pro,Partner,,2023-04-08,,True
ACC-100668,Miller-Brandt,Consulting,Canada,1047.0,Enterprise,Paid Ads,REP-027,2024-06-10,2026-05-10,True
ACC-100218,Williams-Brown,,USA,6.0,Starter,,,07/10/2024,,True
ACC-105079,DAVENPORT-MARTINEZ,FinTech,United States,104.0,Pro,Sales-Led,REP-018,2023-06-05,,True
ACC-104778,Mooney-Clark,Healthcare,United States,45.0,Pro,Referral,,2022-11-09,11/09/2024,True
ACC-101962,"Carroll, Ramirez and Rodriguez",Education,United States,4.0,Starter,Partner,,2022/11/09,2022-12-09,True
ACC-105123,"Snow, Smith and Lopez",,Singapore,9.0,Starter,Organic Search,,08/28/2024,,True
ACC-102584,Lee Group,Real Estate,Singapore,29.0,Pro,Content/SEO,,06/09/2023,06-Jun-2024,True
ACC-104449,"Hall, Wiggins and Edwards",Education,Sweden,6.0,Starter,,,2024/06/24,,True
ACC-100585,Richardson Ltd,E-commerce,France,8.0,Starter,Content/SEO,,2022-12-14,,True
ACC-105988,Valencia and Sons,Logistics,Sweden,208.0,Pro,Content/SEO,,10/02/2023,,True
ACC-103006,Simpson-Patel,FinTech,Sweden,6.0,Starter,Paid Ads,,2024-05-22,,True
ACC-102759,Martin-Simmons,E-commerce,Spain,97.0,Pro,Paid Ads,,2024-05-13,,False
ACC-105107,Kaiser LLC,Media,Brazil,23.0,Pro,Sales-Led,REP-026,2023-07-07,2023-08-07,True
ACC-104003,"Green, Schmidt and Carter",E-commerce,United States,8.0,Starter,Content/SEO,,2022-08-21,2025-10-21,True
ACC-105877,HALE-MILLER,FinTech,United States,28.0,Pro,Organic Search,,2025-05-18,18-Nov-2025,True
ACC-103260,White LLC,Healthcare,United Kingdom,38.0,Business,Paid Ads,,02-Dec-2022,2023-08-02,True
ACC-100777,Cook-Oliver.,Real Estate,France,188.0,Business,Content/SEO,,07/02/2024,,True
ACC-102380,"Wilson, Harris and Ward",manufacturing,Brazil,,Starter,Content/SEO,,2022-05-10,10/12/2024,True
ACC-101018,Conner-Yu,FinTech,United Kingdom,86.0,Pro,Partner,,2023-05-24,,True
ACC-101606,Foster-Duncan,Logistics,USA,80.0,Business,Referral,,09/28/2022,03/28/2025,True
ACC-102576,  Cameron Inc  ,SaaS,France,35.0,Pro,Organic Search,,2024-05-08,,True
ACC-102886,Pierce LLC,Consulting,Brazil,44.0,Pro,Sales-Led,REP-036,2022-02-12,03/12/2022,True
ACC-103529,Green-Simpson,Consulting,Sweden,719.0,Enterprise,Content/SEO,REP-002,2022-02-11,2024-07-11,False
ACC-105367,COBB-SKINNER,Manufacturing,France,116.0,Pro,Organic Search,,2022-07-08,,True
ACC-104731,Taylor-Williams,consulting,United States,10.0,Starter,Partner,,2025-07-28,,False
ACC-101491,DUNN-TAYLOR,Education,Sweden,4.0,Starter,Referral,,2025-03-20,,True
ACC-102098,WEBSTER INC,SaaS,Germany,47.0,Pro,Content/SEO,,2022-11-09,,True
ACC-102366,Moore Group,FinTech,United Kingdom,223.0,Business,Sales-Led,REP-013,2024/11/04,,True
ACC-105350,Cisneros-Hernandez,Consulting,United States,13.0,Pro,Referral,,2023-10-04,,False
ACC-102642,"Warren, Gibson and Wood",Media,US,77.0,Pro,Organic Search,,03/21/2025,,True
ACC-104953,"Clark, Rodriguez and Horton",Real Estate,US,9.0,Starter,Organic Search,,2023-09-05,05/05/2025,True
ACC-105607,Carpenter-Sanchez,Real Estate,Japan,40.0,Pro,Sales-Led,REP-039,25/04/2023,,True
ACC-102957,Martin and Sons,Logistics,India,116.0,Business,Partner,,06/01/2024,2024-11-01,True
ACC-101593,Hobbs-Hamilton,FinTech,United States,32.0,Pro,Content/SEO,,2022-07-08,2024-06-08,True
ACC-100517,"HERNANDEZ, COLE AND WATSON",Consulting,United States,38.0,Pro,Partner,,2022-05-13,2023-11-13,True
ACC-100321,Brock-Mcdonald,Healthcare,USA,,Pro,Paid Ads,,21-Sep-2023,,True
ACC-103742,HURST-JACKSON,Education,United states ,2.0,Starter,Paid Ads,,2025-06-23,,True
ACC-103835,Howard Inc,Manufacturing,United Kingdom,16.0,Starter,Referral,,2024-03-04,,True
ACC-104157,  Knapp-Pham  ,Media,United states ,97.0,Business,,,2022-09-24,2022-11-24,True
ACC-103796,Davis-Sanchez,Manufacturing,United States,144.0,Business,Partner,,02/01/2022,01-Jul-2023,True
ACC-100217,Erickson and Sons,Healthcare,Australia,64.0,Business,Sales-Led,REP-001,08/01/2022,,True
ACC-105966,King LLC,Education,Canada,,Pro,Paid Ads,,28-Jun-2022,2022-10-28,True
ACC-100568,Levy-Lewis,Consulting,India,-40.0,Pro,Organic Search,,2025-03-01,2025-10-01,True
ACC-100360,Henry Group,Media,India,281.0,Business,Paid Ads,,12/24/2023,2026-03-24,True
ACC-104434,Crawford and Sons,,United States,41.0,Pro,Paid Ads,,29-Oct-2022,,False
ACC-103434,"Flynn, Garcia and Gilmore.",Logistics,U.S.A.,103.0,Pro,Content/SEO,,11/05/2022,,True
ACC-103095,Jenkins-Rogers,FinTech,United Kingdom,8.0,Starter,Organic Search,,2025-01-12,,True
ACC-103660,Hoffman-Webb,,Germany,7.0,Starter,Partner,,2022-12-12,,True
ACC-101052,Anthony-Parker,Manufacturing,India,16.0,Starter,Sales-Led,REP-014,11-Feb-2025,,True
ACC-102876,Hunter LLC,E-commerce,France,28.0,Pro,Partner,,2022-02-16,,True
ACC-100759,Marquez Inc,FinTech,Canada,39.0,Pro,Partner,,08/31/2023,,True
ACC-104732,Bradford and Sons,Healthcare,Netherlands,104.0,Business,Organic Search,,07-Jun-2024,,True
ACC-102638,Garcia PLC,Real Estate,United States,11.0,Starter,Referral,,08/27/2024,2026-05-27,True
ACC-104037,Martinez-Gould,Education,Canada,6.0,Starter,Partner,,01/19/2025,03/19/2025,True
ACC-101426,Wright-Davis,FinTech,India,6.0,Starter,Referral,,06/15/2025,,True
ACC-102718,"Rivera, Allen and Ryan",Healthcare,United Kingdom,50.0,Pro,Partner,,2023-04-14,2023-09-14,True
ACC-103805,Freeman-Yang,Healthcare,,59.0,Business,Partner,,11/10/2023,2025/05/10,True
ACC-100214,"Washington, Hardy and Bray",E-commerce,Germany,18.0,Pro,Paid Ads,,25-Dec-2022,06/25/2023,True
ACC-101614,HANSON-ALEXANDER,E-commerce,United States,22.0,Starter,,,2025-06-16,,True
ACC-104740,"  Harding, Gomez and Jacobs  ",SaaS,Netherlands,15.0,Starter,Organic Search,,21/01/2024,2024-11-21,True
ACC-101717,"ABBOTT, GREEN AND ANDREWS",fintech,united kingdom,79.0,Pro,Paid Ads,,2024-01-02,2025-09-02,True
ACC-102819,"Richardson, Castaneda and Finley",FinTech,United States,964.0,Enterprise,Content/SEO,,2023-08-16,,False
ACC-102110,Zavala-Coleman,Real Estate,Canada,17.0,Pro,Content/SEO,,2024-12-04,,True
ACC-103515,"Ford, Armstrong and Carroll",Media,United Kingdom,58.0,Business,Partner,,2022-04-29,2025-07-29,True
ACC-104358,Kennedy-Woods,Media,united kingdom,27.0,Pro,Content/SEO,,2023-08-26,,True
ACC-101702,Thomas Inc,Consulting,India,5.0,starter,Partner,,2025-01-05,,True
ACC-103896,Morris LLC,Education,United Kingdom,,Starter,Sales-Led,REP-003,2022-01-04,,False
ACC-104453,Erickson PLC,,UK,18.0,Starter,Content/SEO,,26-Feb-2024,26-Mar-2024,True
ACC-103119,Park Inc,Consulting,Canada,20.0,Starter,Content/SEO,,26/04/2024,,True
ACC-100725,Williamson Ltd,Manufacturing,India,80.0,Pro,Partner,,2022-07-19,,True
ACC-102571,"Durham, Ward and Hester",Education,Canada,200.0,Business,Referral,,2022-11-04,2025-04-04,True
ACC-100049,"HARRIS, COLLINS AND CARNEY",,India,4.0,Starter,Paid Ads,,05/09/2022,2024-02-09,True
ACC-104760,Jones-Rivera,Manufacturing,United States,67.0,Pro,Paid Ads,,03/05/2024,,False
ACC-100887,Mcneil Group,E-commerce,Australia,28.0,Starter,Content/SEO,,16-Mar-2022,,True
ACC-104184,"Lucero, Sanchez and Perez",,Sweden,514.0,Enterprise,Paid Ads,REP-003,2022/10/23,,True
ACC-100516,Reyes-Bradley,Consulting,United Kingdom,490.0,Business,Content/SEO,,2023-10-21,,True
ACC-102209,Robinson-Rodriguez,SaaS,United Kingdom,44.0,pro,Content/SEO,,2023-07-13,01/13/2026,True
ACC-100139,Chambers and Sons,Education,United States,15.0,Starter,Referral,,2022/08/07,2023/12/07,True
ACC-104291,Gonzalez-Holmes,Media,Sweden,13.0,Pro,Referral,,2024-12-19,2025-12-19,True
ACC-105507,Dean-Wood,FinTech,Germany,625.0,Enterprise,Paid Ads,REP-009,16/06/2024,,True
ACC-102569,Smith-Howard,Logistics,United States,2.0,Starter,Content/SEO,,2023-10-14,14/09/2024,True
ACC-100463,Spencer-Garcia,Logistics,United States,12.0,Starter,Referral,,2025-04-09,11/09/2025,True
ACC-103405,Skinner PLC!,Consulting,US,123.0,Pro,Organic Search,,08/08/2022,2025-01-08,True
ACC-103184,Reese and Sons,Healthcare,United States,709.0,Enterprise,Paid Ads,REP-022,2022-05-26,2022-06-26,True
ACC-100594,HERNANDEZ-VAUGHN,Education,United States,41.0,Business,Sales-Led,REP-039,2022-12-31,,False
ACC-100450,"Wise, Conley and Stephenson",Real Estate,Great Britain,6.0,Starter,Sales-Led,REP-003,2023/01/15,11/15/2024,True
ACC-104712,Mendoza-Jackson,Manufacturing,Brazil,2.0,Starter,Content/SEO,,2022-01-10,,True
ACC-102594,"Brooks, Neal and Baldwin",Healthcare,Canada,7.0,Starter,Content/SEO,,2022-03-06,,True
ACC-100312,Robinson-Lee,Real Estate,Great Britain,3.0,Starter,Sales-Led,REP-032,2025-08-24,,True
ACC-104410,"Phillips, Gutierrez and Davidson",FinTech,Netherlands,35.0,Pro,Paid Ads,,2025-08-06,,True
ACC-105261,"Wilcox, Garcia and Lee",FinTech,Brazil,5.0,Starter,Referral,,2024-01-20,11/20/2025,True
ACC-100451,Stanley PLC,FinTech,United Kingdom,69.0,Pro,Partner,,2023-06-11,07/11/2024,True
ACC-104913,"Green, Gray and Hernandez",Consulting,Canada,11.0,Starter,Referral,,21/03/2022,01/21/2023,True
ACC-100890,Taylor-Ayala,Education,Sweden,304.0,Business,Paid Ads,,2023-10-05,2024-08-05,True
ACC-104438,Costa-Brown Inc.,Education,United Kingdom,24.0,Starter,Paid Ads,,2024-03-07,2025-12-07,False
ACC-105768,Conley-Powell,,Canada,804.0,Enterprise,Referral,REP-006,2025-01-13,,True
ACC-103589,"Clark, Stone and Andrews",,United Kingdom,61.0,Pro,Organic Search,,2023-06-19,,True
ACC-105697,Collins Inc,Manufacturing,Germany,337.0,Enterprise,Partner,REP-015,08/18/2023,18-Jul-2024,True
ACC-100999,Stokes Group,Consulting,Sweden,198.0,Business,Paid Ads,,04-Jan-2022,,True
ACC-103872,Foster and Sons,E-commerce,Australia,27.0,pro,Referral,,2023-08-29,29-Mar-2024,True
ACC-101476,Nelson-Wallace,Education,U.S.A.,1.0,Starter,,,10/12/2022,10-May-2025,True
ACC-105477,Heath-Ray,Media,Japan,37.0,Pro,Referral,,2022-09-08,,True
ACC-105532,Lawson and Sons,Media,United States,514.0,Enterprise,Referral,,04/15/2024,,True
ACC-105129,Daniel-Morrow,real estate,United States,15.0,Starter,,,2023-10-20,2026-04-20,True
ACC-103540,Johnson PLC!,Real Estate,United States,188.0,Business,Partner,,06-Sep-2024,,True
ACC-104204,"Santos, Huang and Woods",Education,United States,7.0,Starter,Organic Search,,21-Feb-2023,,False
ACC-103697,Wheeler-Jones,E-commerce,Brazil,12.0,Starter,Sales-Led,REP-013,2023-07-27,27/08/2024,True
ACC-105606,Thomas-Zavala.,E-commerce,United States,4.0,Starter,Sales-Led,REP-030,17/10/2024,17-Nov-2025,True
ACC-101293,Miller Inc,Education,Canada,403.0,Enterprise,Paid Ads,,2025-03-08,,False
ACC-105362,"Perry, Webster and Ryan",Manufacturing,Japan,4.0,Starter,Organic Search,,11/29/2023,06/29/2024,True
ACC-105732,"Campos, Mcbride and Caldwell",Manufacturing,Germany,15.0,Starter,,,10/06/2023,06/04/2026,True
ACC-101907,Johnson PLC,Logistics,Singapore,28.0,Pro,Organic Search,,22-Feb-2024,2026-01-22,True
ACC-103869,Potter LLC,SaaS,United Kingdom,120.0,Business,,,2024-10-02,2025-05-02,True
ACC-104974,BOYD-VAUGHN,SaaS,Sweden,17.0,Pro,Paid Ads,,04/06/2024,2025-03-04,True
ACC-100368,Perry-Davis,Healthcare,United States,19.0,Pro,Sales-Led,REP-025,2024-09-15,,True
ACC-101937,"White, Porter and Clements",Healthcare,UK,43.0,Starter,Content/SEO,,2023-12-02,,True
ACC-101151,"Lee, Rhodes and Sims",Healthcare,United States,-1343.0,enterprise,Sales-Led,REP-003,07/17/2023,,True
ACC-103606,Mccoy-Hunt,SaaS,USA,21.0,Business,Partner,,03/07/2025,2026/05/07,False
ACC-102707,Gordon Ltd,SaaS,United Kingdom,1065.0,Enterprise,Partner,REP-012,07/01/2023,2025-06-07,True
ACC-105992,Hernandez Inc,Logistics,India,26.0,Pro,Organic Search,,2022-10-05,,True
ACC-100191,"Wood, Hunter and Peterson",Logistics,Canada,,Pro,Paid Ads,,2025-01-19,,True
ACC-100174,Ramirez-Bean,Education,Australia,,enterprise,Paid Ads,REP-017,10-Feb-2023,,False
ACC-103258,"King, Ortiz and Munoz",FinTech,Germany,243.0,Pro,Sales-Led,REP-037,2023-01-15,,True
ACC-103450,"May, Crawford and Collier",Media,US,30.0,Pro,Partner,,2022-12-12,,True
ACC-103948,Williams PLC,Real Estate,Japan,6.0,Starter,Partner,,2022-08-09,,True
ACC-103939,Stevens-Durham,Healthcare,France,9.0,Pro,Referral,,2023-08-21,,True
ACC-105294,"JONES, MILLER AND REED",Real Estate,US,,Enterprise,Content/SEO,REP-002,2024-03-21,,True
ACC-105927,Hernandez Inc,E-commerce,United Kingdom,9.0,Starter,Paid Ads,,06/17/2022,2023-06-17,True
ACC-104180,Austin-Arellano,Healthcare,United states ,2.0,Starter,Referral,,04/15/2024,,False
ACC-102905,Rice Ltd,Education,united kingdom,4.0,Starter,Referral,,2024-08-10,2026-03-10,True
ACC-101164,"Vang, Stanley and Valdez",Manufacturing,Spain,4.0,Starter,Sales-Led,REP-023,2024/04/07,,True
ACC-102170,MITCHELL INC,fintech,Australia,102.0,Business,Referral,,2024/09/06,2026-04-06,True
ACC-105302,Ball Ltd,Healthcare,United States,482.0,Enterprise,Content/SEO,REP-007,2024-01-12,,True
ACC-101661,Henry-Taylor,Logistics,India,8.0,Starter,Partner,,2024-10-15,,True
ACC-100508,Jackson-Wallace,real estate,France,339.0,Enterprise,Paid Ads,REP-003,06/23/2022,,False
ACC-100166,"Hurst, Freeman and Nelson",E-commerce,Brazil,17.0,Starter,Partner,,2024-10-25,25/12/2024,False
ACC-104043,Shepard Ltd,Media,Japan,163.0,Business,Organic Search,,08/07/2022,2025-05-07,True
ACC-105155,Bentley-Lewis,Consulting,United Kingdom,76.0,Pro,Organic Search,,23-May-2023,2026-03-23,True
ACC-103080,Grant-Rosario,consulting,Germany,139.0,Business,Organic Search,,2024-11-04,,True
ACC-104077,"Gonzalez, Robinson and Anderson",Logistics,India,16.0,Pro,Organic Search,,2024-06-30,30/01/2026,True
ACC-100103,"  Tran, Jordan and Williams  ",Consulting,India,10.0,Starter,Partner,,2025-08-07,,True
ACC-102481,Medina Group,Real Estate,Spain,34.0,Pro,,,05/29/2025,,True
ACC-103290,Villa Inc,Consulting,United States,4.0,Starter,Partner,,21/04/2024,,True
ACC-104030,Parker Inc,SaaS,United States,62.0,Pro,Organic Search,,2023-10-17,,True
ACC-101752,Collins Inc,Consulting,India,14.0,Starter,Paid Ads,,31/05/2023,05/31/2024,True
ACC-105433,"Sanchez, Hernandez and Burnett",Media,United Kingdom,33.0,Pro,Referral,,2022-08-07,07/02/2024,True
ACC-105570,"Miles, Gilbert and Palmer",FinTech,France,70.0,Pro,Partner,,16/02/2024,16-Nov-2024,True
ACC-101658,MILLER-CHAN,Healthcare,Singapore,59.0,Pro,Content/SEO,,2025-05-22,,True
ACC-100152,Manning Group,Education,,87.0,Business,Partner,,2025-04-03,,False
ACC-105186,Powell-Castro,Manufacturing,United States,302.0,Business,Content/SEO,,03/01/2025,,True
ACC-101583,Foley Inc,Logistics,France,90.0,Pro,Content/SEO,,02/20/2022,2023-09-20,True
ACC-103063,Stanley-Cantu,SaaS,United States,86.0,Business,Partner,,2022-09-16,,True
ACC-104224,Perez Ltd,Manufacturing,Netherlands,19.0,Starter,Content/SEO,,06/08/2023,2025-10-08,True
ACC-104464,Jacobs-Herrera,FinTech,United Kingdom,,Pro,Organic Search,,2024-03-23,2024-04-23,True
ACC-102268,Carpenter LLC,E-commerce,United States,4.0,Starter,Content/SEO,,2022-04-09,2024-02-09,True
ACC-102722,Jones-Lee,Real Estate,Canada,182.0,Business,Content/SEO,,2024-05-05,,True
ACC-104012,Decker Inc,FinTech,Germany,13.0,Pro,Content/SEO,,2024-03-07,2024-04-07,True
ACC-101822,  House-Johnston  ,Media,United Kingdom,566.0,Enterprise,Organic Search,REP-033,24/05/2024,,True
ACC-104692,Graham-Valencia,Media,India,73.0,Pro,Partner,,2023-04-07,,True
ACC-103459,"Frederick, Porter and Ross",E-commerce,Canada,30.0,Pro,Organic Search,,2022-09-10,,True
ACC-100309,Smith-Grimes,Manufacturing,France,153.0,Business,Paid Ads,,12/25/2023,2025-02-25,True
ACC-103706,"Miranda, Rivera and Ingram",FinTech,India,104.0,Pro,Referral,,03/11/2023,,True
ACC-104034,"Clark, Turner and Coleman",SaaS,Canada,8.0,Pro,Sales-Led,REP-003,2023-12-18,18/04/2025,False
ACC-102644,Moore-Rodriguez,Consulting,Canada,9.0,Starter,Content/SEO,,2023/09/07,07/01/2024,True
ACC-100495,  Carter Inc  ,SaaS,United States,1044.0,Enterprise,Organic Search,REP-035,2022-02-12,12-May-2024,True
ACC-100205,Freeman-Chang,E-commerce,India,24.0,Starter,Partner,,17/07/2024,2026-03-17,True
ACC-101434,"  Kelly, Maxwell and Wilson  ",Education,Sweden,25.0,Pro,Organic Search,,08/06/2024,,True
ACC-101135,Ruiz Ltd,E-commerce,United Kingdom,11.0,Starter,Referral,,2023-12-09,,True
ACC-100868,Flynn Group,FinTech,United states ,553.0,Enterprise,Sales-Led,REP-028,2024-07-17,2024-12-17,True
ACC-100305,Bruce-Gonzalez Inc.,FinTech,France,297.0,Business,Paid Ads,,2025-07-01,,True
ACC-101849,Mullins-Gutierrez,FinTech,United States,6.0,Starter,Organic Search,,01/05/2023,2023/10/05,True
ACC-102299,"Meadows, Robles and Anderson",Consulting,USA,16.0,Starter,Sales-Led,REP-029,2022-10-13,,True
ACC-101988,Wolfe-Salazar,E-commerce,Australia,10.0,Starter,Sales-Led,REP-013,03/10/2025,2025-05-10,True
ACC-103858,"Lynch, Murray and Fisher",Logistics,France,221.0,Business,Partner,,2022-04-11,06/11/2022,True
ACC-101534,Perkins Ltd,SaaS,Canada,5.0,Starter,Paid Ads,,08/05/2022,2023-03-08,True
ACC-100843,Dunn-Wilson LLC,FinTech,United States,4.0,Starter,Referral,,2022-10-30,2024-10-30,True
ACC-101987,Schmidt-Phillips,FinTech,France,27.0,Pro,Partner,,2023-05-11,,True
ACC-103862,"Porter, Patel and Jackson",Media,Japan,11.0,Starter,Content/SEO,,2023-12-11,,True
ACC-103955,Gonzalez Inc,Manufacturing,United States,13.0,Starter,Organic Search,,11-Mar-2022,2024/04/11,True
ACC-102609,Garcia Inc,Manufacturing,India,20.0,Pro,Partner,,2023-05-30,,True
ACC-103297,"  Barron, Church and Gutierrez  ",Manufacturing,Japan,4.0,Starter,Paid Ads,,05/24/2025,,True
ACC-101538,"Brown, Kelly and Moore",Logistics,Japan,89.0,Business,Sales-Led,REP-026,2022-10-06,,True
ACC-100211,KING-MARTINEZ,SaaS,,163.0,Business,Organic Search,,2025-03-16,,True
ACC-101957,Brown-Graham,E-commerce,united states,158.0,Pro,Referral,,19/05/2023,,True
ACC-103831,"Wood, Simmons and Leonard",Media,Canada,4.0,Starter,Partner,,2025-03-24,24/02/2026,True
ACC-102388,  Soto-Sanchez  ,Logistics,Netherlands,23.0,Pro,Partner,,2023-03-04,,True
ACC-102784,"Wu, Key and Montoya!",SaaS,United States,15.0,Pro,Paid Ads,,08/21/2023,03/21/2024,True
ACC-101349,"Hudson, Bennett and Gray",Logistics,Great Britain,21.0,Starter,Paid Ads,,2023-06-16,2023-09-16,True
ACC-102199,Edwards LLC,Manufacturing,India,-158.0,Business,Referral,,2025-05-05,,True
ACC-104652,"Black, Welch and King",Healthcare,France,6.0,Starter,Partner,,2025-08-27,,True
ACC-100680,Morales and Sons,Logistics,United States,28.0,Pro,Referral,,2024-12-31,,True
ACC-100180,Wells Inc,FinTech,United States,15.0,Starter,Paid Ads,,2025-08-21,,True
ACC-104259,Rasmussen Group,FinTech,USA,7.0,Starter,Referral,,2023-07-11,11/11/2023,True
ACC-104823,"Davis, Obrien and Barker",Healthcare,United States,1038.0,Enterprise,,REP-025,04/12/2025,,False
ACC-104605,"Whitehead, Barton and Williams",SaaS,Brazil,2.0,Starter,Sales-Led,REP-008,2025-08-23,2026-05-23,False
ACC-100278,  Pollard and Sons  ,Real Estate,USA,3.0,Starter,Referral,,2022/05/21,,True
ACC-100289,"James, Stewart and Higgins",Logistics,Japan,6.0,Starter,Partner,,2023/06/26,26-Jul-2025,True
ACC-104563,"Stephens, Stone and Johnston",SaaS,Australia,,Pro,Paid Ads,,04/04/2022,2022/11/04,True
ACC-100993,"Wright, Mcknight and Stephens",Logistics,,74.0,Pro,Organic Search,,2024-04-11,,True
ACC-102664,"Martinez, Wood and Campos",FinTech,France,27.0,Pro,Content/SEO,,2024-11-22,2025-03-22,True
ACC-100733,Chung-Stevens,SaaS,Canada,4.0,Starter,Partner,,2024-12-08,,True
ACC-105435,  Daniel-Barber  ,SaaS,Australia,343.0,Enterprise,Partner,REP-020,2025-07-29,,True
ACC-105973,Irwin LLC,Education,United States,19.0,Pro,Content/SEO,,2023-09-28,,True
ACC-100270,"  Thomas, Lee and Greene  ",Real Estate,United States,27.0,Pro,Organic Search,,2023-08-16,,True
ACC-103520,Morgan-Foster,Manufacturing,U.K.,1644.0,Enterprise,Content/SEO,REP-002,10/09/2024,,True
ACC-104967,"Brown, Gibson and Turner",E-commerce,India,73.0,Business,Paid Ads,,01/29/2025,,True
ACC-105850,"Bishop, Walker and White",Education,India,,Starter,Paid Ads,,2023-09-23,08/23/2025,True
ACC-104724,Young and Sons,Manufacturing,Australia,54.0,Pro,Referral,,03/06/2025,,True
ACC-100111,"Shields, Cochran and Adams",Consulting,United Kingdom,3.0,Starter,Content/SEO,,12/26/2023,,True
ACC-101391,"Olson, Wood and Peters",Consulting,Brazil,8.0,Starter,Organic Search,,2025-06-23,2026-02-23,True
ACC-100220,Garcia-Smith,Media,United States,347.0,Business,Partner,,2024-06-13,,True
ACC-103322,Wheeler PLC,Logistics,United Kingdom,160.0,Business,Referral,,2024-11-11,2025-10-11,True
ACC-100083,"Edwards, Baker and Anderson",Logistics,Canada,8.0,Starter,Paid Ads,,2024-07-18,2025-09-18,True
ACC-103535,Fernandez-Williams,E-commerce,Germany,,Business,Referral,,2023-10-27,2024-05-27,True
ACC-103499,Martinez Ltd,SaaS,United states ,-481.0,Business,Referral,,2023-03-24,,True
ACC-100461,Burch-Montoya,Logistics,United Kingdom,61.0,Business,Paid Ads,,04/07/2025,,True
ACC-105347,ALVAREZ-SINGLETON,Manufacturing,United states ,384.0,Business,Organic Search,,08/20/2023,11/20/2025,True
ACC-100551,"Fowler, Jimenez and Burton",FinTech,Japan,,Pro,Referral,,08/14/2023,2023-11-14,True
ACC-105112,Roman Inc,E-commerce,Germany,35.0,Pro,Referral,,01-Jun-2025,,False
ACC-105678,"Jones, Johnson and Miller",Logistics,Japan,16.0,Pro,Sales-Led,REP-007,05-Oct-2024,,True
ACC-102843,  Ellis-Martin  ,SaaS,India,28.0,Pro,Referral,,2022-09-14,04/14/2024,True
ACC-102146,Jordan-Edwards,Media,Germany,12.0,Starter,Referral,,2023/12/20,10/20/2024,False
ACC-105234,HENDRIX PLC,,Sweden,32.0,Pro,Referral,,2022-01-07,11/07/2023,True
ACC-105300,"Lopez, Peck and Hayes",SaaS,Japan,40.0,Pro,Organic Search,,02/24/2025,,True
ACC-100650,  Gill Ltd  ,Media,,9.0,Starter,Organic Search,,2024-01-16,,False
ACC-100708,"Harrison, Franco and Rocha",Logistics,United Kingdom,22.0,Starter,Referral,,2023/08/13,2025-10-13,True
ACC-104362,"Cooper, Morgan and Miller",Education,United States,9.0,Starter,Referral,,2022-01-17,,True
ACC-103128,"Black, Chandler and Curtis",FinTech,Germany,11.0,Starter,Paid Ads,,20/12/2024,,True
ACC-103975,Moore-Miranda,FinTech,United States,102.0,Business,Referral,,2022-02-08,2022-03-08,True
ACC-101424,"Haynes, Mcbride and Gutierrez",E-commerce,Spain,,Starter,Sales-Led,REP-019,2024-01-27,,True
ACC-101216,"Walsh, Wu and Hart",Logistics,France,5.0,Starter,Sales-Led,REP-020,2025-02-15,,True
ACC-104641,  Allen PLC  ,Healthcare,India,22.0,Pro,Organic Search,,2023-10-17,,True
ACC-101924,"Gardner, Morris and Oconnell",SaaS,Japan,120.0,Business,Sales-Led,REP-017,2023-11-18,,True
ACC-102812,Huynh PLC,E-commerce,Japan,159.0,Business,Referral,,07/02/2023,,True
ACC-102802,Robles-Turner,SaaS,United States,212.0,Business,Organic Search,,2022-01-31,2024-04-30,True
ACC-100314,"  Becker, Taylor and Davis  ",Manufacturing,United States,17.0,Starter,Content/SEO,,15-May-2023,2024-10-15,True
ACC-104903,Duncan Inc,FinTech,united states,220.0,Business,Content/SEO,,10/04/2025,,True
ACC-101427,"Goodman, Peterson and Spencer",Media,Brazil,3.0,Starter,Content/SEO,,2025-03-08,,True
ACC-103946,Robles-White,E-commerce,United States,6.0,Pro,Organic Search,,2024-04-17,2024-10-17,True
ACC-104603,Gonzalez Group,Healthcare,Sweden,65.0,Business,Organic Search,,04/10/2022,,False
ACC-103085,Brown and Sons,Education,UK,113.0,Business,Content/SEO,,2023-06-20,,True
ACC-103978,"Larson, Butler and Barber",Logistics,Germany,3.0,Starter,Partner,,2022-08-02,2022-11-02,True
ACC-103306,Cardenas-Lopez,Healthcare,United States,62.0,Pro,Sales-Led,REP-004,05-Jan-2022,02/05/2022,True
ACC-105980,Cooper PLC,E-commerce,Spain,3.0,Starter,,,2023-01-17,2026-05-17,True
ACC-103384,Bernard Group,Logistics,Singapore,,Starter,Paid Ads,,2025-04-01,01/02/2026,False
ACC-103731,"King, Garrett and Maddox",consulting,Germany,17.0,Starter,Sales-Led,REP-032,2024-12-10,,True
ACC-105492,Thomas Group,Education,India,,Pro,Paid Ads,,2025-03-06,,True
ACC-100684,Young-Walter,SaaS,United States,35.0,Pro,Organic Search,,2022-06-24,,False
ACC-104454,Li and Sons,Healthcare,Australia,4.0,Starter,,,2025/05/29,,False
ACC-103915,Davis-May,Education,U.S.A.,9.0,Starter,Organic Search,,26/11/2023,2024-06-26,True
ACC-105212,"Nolan, Bond and Wall",,Australia,12.0,Starter,Sales-Led,REP-024,2025-04-14,,True
ACC-103010,Vargas Inc,,U.K.,44.0,Pro,Sales-Led,REP-002,01-Jan-2025,,True
ACC-100326,Richards-Carson,,US,557.0,Enterprise,Paid Ads,REP-003,2025-08-27,2025-11-27,True
ACC-105085,Thomas Group,Logistics,Japan,7.0,Starter,Paid Ads,,2024-11-19,,True
ACC-103545,Rodriguez and Sons,E-commerce,Singapore,7.0,Starter,Organic Search,,2023-04-06,,True
ACC-102666,Clark-Williams,Manufacturing,United States,4.0,Starter,Organic Search,,27-Nov-2023,,True
ACC-105260,"Davis, Vasquez and Hoover",Education,Canada,5.0,Starter,Organic Search,,2023-01-13,2024-09-13,True
ACC-105110,Poole LLC,Media,France,82.0,Business,Sales-Led,REP-026,26-Mar-2022,07/26/2025,True
ACC-105694,"Chapman, Cruz and Goodwin",Healthcare,Singapore,24.0,Pro,,,2022-09-14,,True
ACC-102409,"Vargas, Allen and Schroeder",Real Estate,Canada,7.0,Starter,Paid Ads,,2022-12-06,06/07/2024,True
ACC-103897,Kline and Sons,Media,United Kingdom,28.0,Pro,Paid Ads,,2022-01-11,2023-10-11,True
ACC-100348,SCHROEDER-KRAMER,E-commerce,France,352.0,Enterprise,Content/SEO,,30-Oct-2023,,True
ACC-101626,"Williamson, Brown and Pena",Logistics,India,17.0,Starter,Referral,,2023-02-20,,True
ACC-103316,Johnson-Stanley,E-commerce,United States,6.0,Starter,Referral,,2022-11-26,2023-04-26,True
ACC-100871,Kelley-Anderson,Media,United Kingdom,239.0,Business,Organic Search,,,2026-01-06,True
ACC-103047,"Adams, Stephens and Smith",E-commerce,India,33.0,Pro,Sales-Led,REP-005,21/06/2022,21-Feb-2026,True
ACC-105403,Dixon Ltd,Real Estate,United States,70.0,Business,Paid Ads,,2023-06-11,2025-07-11,True
ACC-102406,"Higgins, Hobbs and Meyer",Healthcare,Brazil,,Pro,Referral,,2022-02-17,2023-02-17,True
ACC-102218,Vazquez Ltd,Healthcare,Netherlands,6.0,starter,Organic Search,,2024-06-21,,True
ACC-104768,Gallagher-Johnson,Consulting,Canada,261.0,Business,Paid Ads,,12/07/2022,,True
ACC-102121,"Garcia, Kim and Barrett",E-commerce,India,65.0,Business,Sales-Led,REP-001,01/28/2023,,True
ACC-104577,Martinez-Lopez,Education,Canada,25.0,Pro,Organic Search,,04-Jun-2022,,True
ACC-100085,Smith PLC,Consulting,India,6.0,Starter,Paid Ads,,06/09/2022,12/09/2022,False
ACC-102897,Sutton Group,Real Estate,United Kingdom,999999.0,Pro,Referral,,09/17/2023,,True
ACC-101877,King Group,Healthcare,France,188.0,Business,Partner,,2023-07-17,17-Jul-2024,True
ACC-104800,Briggs-Moore,FinTech,United states ,23.0,Pro,Sales-Led,REP-011,2025-03-30,2026-02-28,True
ACC-105204,Mclean and Sons,SaaS,United States,91.0,Pro,Partner,,2022-04-17,,False
ACC-105100,"  Johnston, Briggs and Wagner  ",Logistics,united states,45.0,Pro,Sales-Led,REP-025,2022/11/15,,True
ACC-100494,Brown Group,,United States,390.0,Enterprise,Referral,REP-004,07/22/2024,,False
ACC-105666,Lee PLC,Healthcare,Australia,1443.0,Enterprise,Sales-Led,REP-025,2022-06-18,,True
ACC-103197,Banks PLC,Manufacturing,United States,21.0,Starter,Paid Ads,,2025-03-12,,True
ACC-103617,Mckinney Inc,E-commerce,India,3.0,Starter,Content/SEO,,2024-11-13,,True
ACC-101270,Williams LLC,SaaS,Spain,2.0,Starter,Paid Ads,,2022-06-06,,True
ACC-105006,"  Chandler, Howe and Burns  ",Media,Germany,25.0,Pro,Referral,,2024-11-13,,True
ACC-105239,Best LLC,Logistics,United Kingdom,8.0,Starter,Content/SEO,,2022-08-30,2022-12-30,True
ACC-105026,Hamilton Ltd,Manufacturing,Spain,40.0,Pro,Partner,,2025-01-22,09/22/2025,False
ACC-100618,Smith PLC,E-commerce,united states,54.0,Business,Paid Ads,,02/13/2025,,True
ACC-105202,"Rhodes, Hamilton and Adams",Healthcare,Netherlands,5.0,Starter,Organic Search,,07/25/2024,2025-09-25,True
ACC-102705,Smith-Barr,Logistics,Brazil,238.0,Business,Paid Ads,,02/18/2022,,True
ACC-105829,"May, Mullins and Brown",Logistics,France,8.0,Starter,Referral,,2023-03-21,2025-04-21,True
ACC-104315,Pineda-Newman,Healthcare,Brazil,66.0,Pro,Content/SEO,,2022-03-11,,False
ACC-102292,Maldonado-Becker,Media,United States,14.0,Starter,Paid Ads,,10/05/2022,2022-11-10,True
ACC-103142,Case PLC,FinTech,India,9.0,Starter,Content/SEO,,12/14/2023,03/14/2024,True
ACC-101413,"Herman, Bailey and Richmond",Healthcare,Germany,1058.0,Enterprise,Paid Ads,,2023-07-22,,False
ACC-102201,Powers-Blackwell,Education,France,19.0,Starter,Referral,,15/08/2025,15-Oct-2025,False
ACC-103321,"Reilly, Lee and Lopez",E-commerce,Spain,,Starter,Content/SEO,,13-Jun-2023,,True
ACC-104538,Johnson-Jimenez,Education,USA,2.0,Starter,Referral,,2024-02-11,,False
ACC-100869,Donaldson and Sons,SaaS,Spain,3.0,Starter,Organic Search,,08/19/2025,,True
ACC-102006,Mullen-Jones,Consulting,United States,8.0,Starter,Partner,,2022-11-07,,True
ACC-104402,Jacobs-Lopez,Education,Japan,80.0,Pro,Partner,,04/08/2024,,True
ACC-100356,Hayes and Sons,Consulting,France,35.0,Starter,Partner,,2022-05-06,2024-12-06,True
ACC-101162,Brooks Ltd,Media,Spain,11.0,Starter,Sales-Led,REP-035,15/02/2022,2022-06-15,False
ACC-104619,Grant-Woods,Manufacturing,India,2.0,Starter,Content/SEO,,2023-09-01,2024-01-01,False
ACC-104882,Cuevas-Holt Inc.,E-commerce,United States,5.0,Starter,Paid Ads,,2023-07-27,06/27/2024,True
ACC-103785,Hines PLC,Media,Australia,40.0,Pro,Organic Search,,10/13/2022,,True
ACC-101890,Waters-Smith,E-commerce,India,39.0,Pro,Sales-Led,REP-006,09/01/2023,03/01/2025,True
ACC-100579,"Morales, Williams and Williams",E-commerce,Singapore,42.0,Business,Organic Search,,04/22/2025,,True
ACC-105058,Chambers-Norton,E-commerce,United Kingdom,23.0,Pro,Referral,,19/06/2023,,False
ACC-101691,Barnes LLC,Healthcare,,23.0,Pro,Referral,,2024-04-08,,False
ACC-100862,Burton-Brooks,Real Estate,Brazil,135.0,Pro,Partner,,2024-10-24,,True
ACC-105860,Sullivan-Taylor,SaaS,Singapore,47.0,Pro,Organic Search,,02-Dec-2022,02/10/2025,True
ACC-103402,Garcia Inc,Education,united kingdom,11.0,Pro,Organic Search,,2023-02-07,2026-02-07,True
ACC-105851,Stafford-Lewis,Healthcare,United States,,Starter,Content/SEO,,25/05/2022,2023-07-25,True
ACC-104710,"Griffin, Coleman and Kim",FinTech,,79.0,Pro,Paid Ads,,2024-10-02,02/01/2026,True
ACC-101116,"Levy, Franco and Hoffman!",Manufacturing,united states,2729.0,Enterprise,Organic Search,,2022-04-21,,True
ACC-101541,Quinn-Smith,Media,Canada,34.0,Pro,Partner,,2023-12-18,,False
ACC-102827,Hernandez-Campbell,Manufacturing,United States,10.0,Starter,Paid Ads,,2023-02-17,2023-04-17,True
ACC-104680,"Ball, Mitchell and Allen",Media,United States,4.0,Starter,Sales-Led,REP-009,2024-02-27,2025-03-27,False
ACC-105599,"Yates, Ballard and Santiago",Manufacturing,Spain,137.0,Business,Referral,,2022-12-31,03/31/2025,True
ACC-102684,Williams-Smith,E-commerce,Spain,,Business,Organic Search,,02/19/2022,2022-12-19,True
ACC-102420,Gibson-Thomas,FinTech,Singapore,183.0,Business,Paid Ads,,12-Feb-2024,,True
ACC-105375,Oneill-Jones,Logistics,United States,,Business,Partner,,2025-02-10,,True
ACC-105391,Sims PLC,Media,Germany,10.0,Starter,Partner,,2022-11-08,2025-09-08,True
ACC-105994,Smith-Brown,,United States,10.0,Starter,Organic Search,,17/02/2022,17/03/2023,True
ACC-105772,"  Williams, Reynolds and Prince  ",Consulting,Singapore,224.0,Business,Paid Ads,,2025-01-14,,True
ACC-105806,Thomas Group,Consulting,United States,12.0,Pro,Paid Ads,,2023-10-11,2024-12-11,True
ACC-105379,Turner-Rosales,Education,United Kingdom,156.0,Business,Content/SEO,,2025-02-08,,True
ACC-103075,Ryan-Vasquez,Real Estate,India,103.0,Pro,Organic Search,,14-Feb-2023,,True
ACC-105838,Scott-Haynes,Manufacturing,United States,130.0,Pro,Organic Search,,2025-04-30,06/30/2025,True
ACC-102052,Thomas LLC,Healthcare,Singapore,5.0,Starter,Partner,,2023-01-23,08/23/2024,True
ACC-101776,Chavez-Johnson,Consulting,India,16.0,Starter,Paid Ads,,17-May-2025,2025-11-17,True
ACC-104245,  Brown-Haas  ,Education,India,5.0,Starter,Partner,,2024-07-28,2024-11-28,True
ACC-104687,"Irwin, Nelson and Tucker",SaaS,Canada,667.0,Enterprise,Partner,REP-013,04/25/2024,,True
ACC-101592,Deleon LLC,Media,United Kingdom,88.0,Business,,,2024-05-13,,True
ACC-101723,"Duarte, Gutierrez and Cook",Real Estate,United States,35.0,Pro,Partner,,2022-03-30,2025-11-30,True
ACC-104758,George LLC,Education,Sweden,10.0,Starter,Paid Ads,,08/22/2025,2025-09-22,True
ACC-104127,Smith-Wilson,Logistics,Canada,,Starter,Organic Search,,2024-07-16,2025-09-16,False
ACC-100490,"Fuller, Ingram and Moss",Education,United States,37.0,Pro,Sales-Led,REP-018,03/26/2022,04/26/2022,True
ACC-105114,Fox-Griffith,SaaS,United States,138.0,Business,Organic Search,,2024-06-15,,False
ACC-101006,Drake-Wolfe,,United States,107.0,Pro,,,04/17/2022,,False
ACC-103237,Schultz-Hayes,Real Estate,Australia,2.0,Starter,Referral,,04/22/2022,,True
ACC-104195,HEATH-ANDERSEN,E-commerce,Spain,11.0,Starter,Organic Search,,2024-04-05,11/05/2025,True
ACC-102314,Davis-Palmer,Logistics,United Kingdom,,Pro,Organic Search,,05/03/2024,,False
ACC-101417,"Jones, Phillips and Arroyo",Logistics,Japan,18.0,Pro,Content/SEO,,2025-06-02,,True
ACC-100025,Wilkerson-Day,SaaS,India,162.0,Business,Organic Search,,2022-10-24,,True
ACC-101113,Stevens-Robinson,Real Estate,Sweden,4.0,Starter,,,16/09/2023,,True
ACC-103262,  Lewis LLC  ,Consulting,Australia,12.0,Starter,Paid Ads,,2023-08-16,08/16/2024,True
ACC-101552,Warren Group,E-commerce,United States,12.0,Pro,Paid Ads,,02/12/2023,12/03/2023,False
ACC-105195,Santos-Roach,Media,United States,63.0,Pro,Partner,,2024-03-15,15-Oct-2025,True
ACC-104554,"Daniels, Ward and Reynolds",Real Estate,United States,304.0,Business,Referral,,07/20/2025,,True
ACC-100433,"Miller, Lucas and Williams",Real Estate,United Kingdom,13.0,Pro,,,05/17/2023,,False
ACC-103792,Ellis-Martin,Media,United states ,9.0,Starter,Referral,,2023-11-14,,True
ACC-102887,Santos-Martin,FinTech,Germany,7.0,Starter,Partner,,26-Aug-2024,,False
ACC-105692,Perez-Wolf,Real Estate,United States,,Starter,Organic Search,,2023-06-07,2026-05-07,True
ACC-104470,Phillips Inc,FinTech,Netherlands,50.0,Pro,Organic Search,,2022-02-13,2024-03-13,True
ACC-103185,Horton-Schroeder,Media,Germany,7.0,Starter,Sales-Led,REP-029,2023-07-22,,True
ACC-103377,Wright Group,E-commerce,Sweden,18.0,Starter,Organic Search,,07/10/2022,2023-07-10,True
ACC-104517,  Clark-Arroyo  ,Manufacturing,France,85.0,Pro,Paid Ads,,02/10/2023,,False
ACC-103105,"Skinner, Velasquez and Mcdonald",Logistics,United States,629.0,Enterprise,Paid Ads,,2023-04-20,,True
ACC-105852,"Ward, Scott and Gallagher",Manufacturing,Netherlands,1895.0,Enterprise,Sales-Led,REP-001,2024-12-05,,True
ACC-101102,Thompson-Harrell,E-commerce,Brazil,859.0,Enterprise,Sales-Led,REP-026,08/28/2025,,True
ACC-103113,ALLEN INC,E-commerce,United Kingdom,637.0,Enterprise,Paid Ads,REP-022,2024-01-29,2026/01/29,True
ACC-104512,"Burgess, Whitaker and Craig",Education,India,7.0,Starter,Partner,,2025-08-09,,True
ACC-104221,WHITE-COLLINS,Education,India,30.0,Pro,,,04/30/2024,,True
ACC-100194,"Hernandez, Thompson and Boyd",E-commerce,Sweden,5.0,Pro,Content/SEO,,2025/05/17,,True
ACC-100615,Sanchez Ltd!,Manufacturing,Singapore,7.0,Starter,Paid Ads,,02-Apr-2024,,True
ACC-100643,"Young, Contreras and Marshall",E-commerce,France,21.0,Pro,Content/SEO,,,07/18/2024,True
ACC-104368,Gomez Group,Media,France,3.0,Starter,Referral,,21/11/2023,,True
ACC-102509,Smith Ltd,Healthcare,Germany,53.0,Pro,,,12/27/2024,,True
ACC-105142,MORGAN-JONES,SaaS,France,13.0,Pro,Partner,,03/07/2024,,True
ACC-100330,  Reid Group  ,Media,Canada,20.0,Starter,Content/SEO,,2024-12-29,2025-04-29,True
ACC-105340,"Washington, Williams and Boyd!",Healthcare,Singapore,33.0,Pro,,,2025-01-17,,True
ACC-104189,  Burton-Oneal  ,SaaS,United States,,Starter,Sales-Led,REP-031,2024-03-18,,False
ACC-103737,Miller Inc,Logistics,united kingdom,24.0,Pro,Partner,,2023-06-29,2026-01-29,True
ACC-103400,"Gonzalez, Jones and Hernandez",Logistics,United States,57.0,Pro,Content/SEO,,2024-12-25,,True
ACC-100483,Mendez and Sons,Consulting,U.S.A.,118.0,Business,Partner,,2024-06-13,,True
ACC-100719,"Bernard, Warren and Combs",SaaS,Netherlands,63.0,Pro,Sales-Led,REP-005,2023-12-27,,True
ACC-103313,MARTIN-PARKER,Education,United States,,Starter,Partner,,2023/05/25,2023-11-25,False
ACC-102059,Davenport-Torres,Media,Germany,3.0,Starter,Content/SEO,,2022/08/07,2025-02-07,True
ACC-104022,"Morgan, Rose and Schwartz",FinTech,France,388.0,Business,Partner,,20-Dec-2022,2024-12-20,True
ACC-100032,"Ferrell, Rice and Maddox Inc.",,United Kingdom,,Starter,Sales-Led,REP-010,2023-01-26,2023/02/26,True
ACC-100664,Mitchell and Sons,Logistics,India,4.0,Starter,Referral,,25/06/2022,25/05/2024,True
ACC-105128,Kennedy-Warner,Logistics,United States,21.0,Pro,Content/SEO,,06/06/2024,2025-10-06,True
ACC-103588,Williams Ltd,Manufacturing,United Kingdom,8.0,Pro,Sales-Led,REP-030,2022/03/04,,True
ACC-101444,Bryant Inc,SaaS,Canada,10.0,Pro,Referral,,2024-01-04,07/04/2024,False
ACC-102771,  Harris Ltd  ,FinTech,Canada,449.0,Business,Partner,,06/06/2022,2025-09-06,True
ACC-102451,"Hogan, Zimmerman and Hoffman",Consulting,Singapore,10.0,Starter,Content/SEO,,06/21/2024,21/04/2026,True
ACC-105940,  Scott Group  ,FinTech,Germany,1593.0,Enterprise,Referral,REP-002,2025-02-19,,True
ACC-101705,Martin LLC,,Canada,28.0,pro,Sales-Led,REP-019,27-Mar-2024,,True
ACC-104767,Stephenson Group,Education,United States,2416.0,Enterprise,Content/SEO,REP-015,2024-09-06,,True
ACC-102654,"  Davis, Lucas and Ellison  ",Logistics,Australia,13.0,Starter,Partner,,2023-06-27,2024-11-27,True
ACC-103649,Johnson Ltd,SaaS,Brazil,40.0,pro,Organic Search,,2023-12-20,2024-11-20,True
ACC-102277,Peters Ltd,Manufacturing,Germany,13.0,Starter,Partner,,2023-08-22,22-Jun-2025,True
ACC-101401,Lynch Ltd,SaaS,Canada,11.0,Starter,Partner,,03/08/2024,07/08/2025,True
ACC-103441,Zhang PLC,SaaS,United states ,6.0,Starter,Organic Search,,12/19/2024,02/19/2025,False
ACC-100170,Meadows PLC,SaaS,united states,18.0,Pro,Sales-Led,REP-027,2023-10-07,,False
ACC-100540,"Matthews, Saunders and Anderson",FinTech,Brazil,182.0,Business,Organic Search,,04/03/2025,,False
ACC-103235,Gutierrez Group,Consulting,France,319.0,Enterprise,Sales-Led,REP-026,2022-12-30,,True
ACC-104556,"Owens, Molina and Hensley",Media,Sweden,9.0,Starter,Paid Ads,,2022-07-30,2023-02-28,True
ACC-103895,Thompson Ltd!,Education,United States,20.0,Pro,Partner,,01-Apr-2024,01-Jun-2026,True
ACC-102794,  Schultz Inc  ,Consulting,India,3.0,Starter,Referral,,2022-09-28,2023-05-28,True
ACC-100674,Hill Ltd,Consulting,United States,67.0,Pro,Referral,,2024-07-19,19/06/2025,True
ACC-100191,"Wood, Hunter and Peterson",Logistics,Canada,,Pro,Paid Ads,,2025-01-19,,True
ACC-102412,Williams Ltd,Media,Germany,381.0,Enterprise,Paid Ads,REP-004,2023-07-30,,True
ACC-101815,May Group,Manufacturing,India,889.0,Enterprise,Content/SEO,REP-033,2022-07-19,,True
ACC-103715,Mccarthy-Kelly,Real Estate,United States,7.0,Starter,Sales-Led,REP-036,2022-10-16,16/09/2024,True
ACC-102100,Johnson-Thomas,FinTech,US,1.0,Starter,Content/SEO,,2024-01-12,12/01/2025,False
ACC-103214,Anderson-Fields,SaaS,United States,5.0,Starter,Referral,,02/09/2025,,True
ACC-105774,Stein Group,Logistics,United States,19.0,Starter,Organic Search,,06/28/2025,,True
ACC-102101,"Mcmahon, Rush and Bailey",manufacturing,united states,4.0,Starter,Organic Search,,07/07/2025,,True
ACC-105152,Myers-Wilkerson,SaaS,Singapore,3.0,Starter,Paid Ads,,23-May-2022,2026-01-23,True
ACC-102882,"Garcia, Weiss and Young",FinTech,,1589.0,Enterprise,Content/SEO,REP-027,2025-05-04,,True
ACC-101548,Weaver-Gibson,Consulting,United states ,13.0,Starter,Partner,,2024-07-21,2025-04-21,True
ACC-104897,Lewis-Lee,Manufacturing,India,,Starter,Referral,,2023-12-20,,True
ACC-105082,JIMENEZ-GALVAN,Manufacturing,France,11.0,Starter,Sales-Led,REP-018,07/11/2024,2024-11-11,True
ACC-100355,Strickland-Palmer,Media,Sweden,29.0,pro,Organic Search,,2023-07-14,2024/12/14,True
ACC-103809,Brewer and Sons,Education,United States,693.0,Enterprise,Referral,REP-040,04-Aug-2023,,True
ACC-104240,Mcfarland-Kelley,FinTech,Germany,113.0,Pro,Partner,,2024-05-15,2026-03-15,True
ACC-103488,Morrison-Zamora,E-commerce,,25.0,Pro,Sales-Led,REP-011,2022-02-22,2022-12-22,True
ACC-105571,"Dyer, Deleon and West",SaaS,United States,29.0,Pro,Referral,,16/06/2024,2025/01/16,True
ACC-104332,Brooks-Parker,Real Estate,France,30.0,Starter,Sales-Led,REP-023,2024-08-02,,True
ACC-102373,Glover-Hammond,Consulting,United States,6.0,Pro,Organic Search,,2023-08-06,,True
ACC-101051,LITTLE INC,,United States,46.0,Pro,Referral,,28-Nov-2023,,True
ACC-102321,Palmer PLC,Consulting,Japan,59.0,Business,Referral,,2023-12-26,,True
ACC-103657,"Johnson, Hill and Harris",Real Estate,US,41.0,Business,,,2025-08-15,01/15/2026,True
ACC-103880,Perez-Powell,Consulting,Germany,36.0,Pro,Content/SEO,,2024-11-09,,True
ACC-101751,Reeves-Boyd,Logistics,Canada,187.0,Business,Paid Ads,,2025-02-08,,True
ACC-102535,Miller Inc,Education,Singapore,246.0,Business,Organic Search,,01/28/2025,,True
ACC-101772,"  Miranda, Ruiz and Meza  ",Logistics,USA,6.0,Starter,Sales-Led,REP-025,2025-02-06,,True
ACC-101196,"Mcpherson, Anderson and Knapp",Logistics,India,,Starter,Content/SEO,,06/30/2025,,True
ACC-101878,"Mayer, Fowler and Livingston",SaaS,India,99.0,Business,Content/SEO,,17-May-2022,2023-08-17,False
ACC-102016,Villanueva LLC,Education,United Kingdom,,Pro,Content/SEO,,2022-05-20,,False
ACC-102005,Miller and Sons,Manufacturing,United States,223.0,Business,Paid Ads,,14/04/2022,,True
ACC-104935,"Haynes, Garcia and Burnett",Education,United States,,Starter,Paid Ads,,2022-08-15,,False
ACC-101482,Brown Group,,United states ,5.0,Starter,Partner,,2022-08-10,10/10/2025,True
ACC-100328,Harvey PLC,Education,Germany,397.0,Business,Content/SEO,,2023/07/20,20/12/2023,False
ACC-100648,"  Zhang, Brooks and Miles  ",Real Estate,United Kingdom,325.0,Business,Content/SEO,,2024-02-26,,True
ACC-102513,"Anderson, Brown and Green",Healthcare,United Kingdom,209.0,Business,Referral,,02-Mar-2023,2025-12-02,True
ACC-101123,"Johnson, Jimenez and Phillips",Media,United Kingdom,33.0,Pro,Referral,,03/26/2023,,True
ACC-102855,Delgado Group,Media,United Kingdom,22.0,Pro,Referral,,12/11/2024,03/11/2026,True
ACC-103045,Ochoa-Parker,SaaS,Australia,,Enterprise,Paid Ads,REP-019,04/09/2023,,True
ACC-102531,Allen-Peterson,FinTech,United States,,Business,Sales-Led,REP-021,2024-01-28,2025-03-28,True
ACC-105456,CLARK PLC,Consulting,Australia,574.0,Business,Sales-Led,REP-012,2022-10-30,2025-01-30,True
ACC-103182,Harding-Mathews,FinTech,United Kingdom,30.0,Pro,Organic Search,,2022-05-17,17/01/2025,True
ACC-105093,Moore-Shah,SaaS,United States,,Starter,Partner,,2022-09-20,2023-05-20,True
ACC-101259,Butler-French,Education,Germany,194.0,Pro,Content/SEO,,2022-08-21,2025-10-21,True
ACC-103127,Mack and Sons,Logistics,Australia,19.0,Pro,Paid Ads,,2024-05-25,2025-07-25,True
ACC-103513,"Goodwin, Aguirre and Tran",Logistics,India,125.0,Business,,,22/08/2025,,True
ACC-103114,"  Cunningham, Elliott and Tyler  ",Healthcare,United States,151.0,Business,Organic Search,,2022-04-03,,True
ACC-101519,Miller-Christensen,Healthcare,United States,239.0,Business,Organic Search,,2024-12-01,,True
ACC-101378,"Reynolds, Fisher and Golden",Consulting,US,11.0,Starter,,,03/12/2023,12/10/2023,True
ACC-104440,"Woods, Roberts and Young",Healthcare,United Kingdom,120.0,Business,Paid Ads,,2024/08/15,15/11/2025,True
ACC-101023,"Fry, Myers and Gamble",SaaS,Brazil,35.0,Pro,Referral,,2024-05-13,,False
ACC-104386,"Miller, Wade and Flores",Real Estate,united states,3.0,Starter,Referral,,2022-05-08,06/08/2023,True
ACC-105160,Howell PLC,Logistics,United States,2022.0,Enterprise,Content/SEO,REP-019,2023-05-08,,True
ACC-102458,"Wallace, Roman and Lawson",Media,Singapore,19.0,Pro,Organic Search,,2024-08-12,05/12/2026,True
ACC-100912,Lewis-Livingston,Education,United States,4.0,Starter,Partner,,01/07/2022,07/05/2024,True
ACC-104125,"Singh, Blackburn and Hernandez",E-commerce,United States,7.0,Starter,Partner,,2023/11/01,01-Sep-2024,True
ACC-101675,Wilkerson-Ayala,Manufacturing,USA,4.0,Starter,Referral,,2024-02-07,12/07/2024,True
ACC-101746,"Johnson, Webb and Porter",Manufacturing,India,405.0,Business,Sales-Led,REP-036,2024-02-09,,True
ACC-103055,Vasquez Inc,SaaS,United States,92.0,Business,,,2025-06-03,,True
ACC-101736,Montes LLC,media,Australia,1000.0,Business,,,03-Jun-2022,2022-07-03,True
ACC-101629,Lin-Smith,,Singapore,1054.0,Enterprise,Referral,,2023-07-12,,True
ACC-103916,Ellis Ltd,Education,Spain,87.0,Pro,Content/SEO,,2022/07/21,,True
ACC-100430,"  Huang, Cole and Pacheco  ",Education,United States,96.0,Business,,,2022-12-29,2023-11-29,True
ACC-101808,Graham-Clark,SaaS,United Kingdom,110.0,Pro,Organic Search,,2022-02-08,,True
ACC-103630,"Ingram, Green and Stewart",FinTech,united states,32.0,Starter,Content/SEO,,2023-01-27,27/06/2025,True
ACC-102615,"Daniels, Green and Carrillo",Real Estate,Brazil,4.0,Starter,Content/SEO,,2025-03-20,,True
ACC-103501,"Alexander, Duran and Benton",Healthcare,India,88.0,Pro,Referral,,2024-10-30,,True
ACC-103583,"Sharp, Ramirez and Mejia",Logistics,U.S.A.,9.0,Starter,Partner,,11/12/2023,,True
ACC-103558,"ROSARIO, ORTIZ AND MILLER",,U.S.A.,100.0,Business,Partner,,01/05/2022,2022-07-05,False
ACC-102222,Smith-Yu,,Germany,11.0,Starter,Referral,,26-Feb-2022,,True
ACC-105629,"Washington, Buck and Adkins",Consulting,India,123.0,Pro,Paid Ads,,11/05/2024,,False
ACC-105023,Cohen Group,Media,United States,,Business,Paid Ads,,15/11/2024,2026-01-15,True
ACC-105429,Estrada PLC,Healthcare,United States,51.0,Pro,Referral,,03/09/2025,,True
ACC-103751,"Miller, Conrad and Davis",Real Estate,United Kingdom,8.0,Starter,Content/SEO,,2025/02/03,,False
ACC-104651,Holt LLC,SaaS,U.S.A.,9.0,Starter,Referral,,07/16/2023,,True
ACC-105402,Nguyen PLC,E-commerce,United States,5.0,Starter,Referral,,2023-02-15,2023-06-15,True
ACC-103422,Bell Ltd,,Germany,9.0,Starter,Paid Ads,,2023-11-18,2024-12-18,True
ACC-101995,Zavala and Sons,Real Estate,Canada,704.0,business,Sales-Led,REP-013,2025-07-31,,True
ACC-103270,"Stafford, Fisher and Avila",FinTech,India,22.0,Starter,Partner,,08-Oct-2023,2024-06-08,True
ACC-102224,Evans and Sons,Logistics,Australia,,Pro,Content/SEO,,,,True
ACC-101106,"Chan, Lewis and Walker",Consulting,Brazil,206.0,Enterprise,Partner,REP-039,25-Jul-2023,,True
ACC-105012,Johnson Inc,Real Estate,United Kingdom,728.0,Enterprise,Sales-Led,REP-002,20/08/2022,,False
ACC-100818,Smith-Lewis,logistics,Sweden,34.0,Pro,Paid Ads,,06/10/2024,2024-07-10,True
ACC-105659,Floyd-Yang,Logistics,United Kingdom,5.0,Starter,Content/SEO,,14-Jun-2024,,True
ACC-104417,Smith-Garner,FinTech,United states ,931.0,Enterprise,Sales-Led,REP-023,2022-06-02,,True
ACC-101697,Chapman Group,Education,Netherlands,2.0,Starter,Partner,,2024-12-22,2025-02-22,True
ACC-103516,"Green, Horne and Mcdonald",Real Estate,France,29.0,Starter,Organic Search,,2024-09-15,,True
ACC-100136,"Lewis, Kennedy and Santana",Consulting,India,,Starter,Content/SEO,,2023-02-17,2024-01-17,True
ACC-103332,"Velez, Howell and Stevenson",Consulting,US,535.0,Enterprise,Partner,,2022-01-18,,True
ACC-104765,"  Stevens, Howell and Mitchell  ",Consulting,United States,288.0,Business,Content/SEO,,07-Jun-2022,,False
ACC-105394,Perry Group,Real Estate,Germany,446.0,Enterprise,Paid Ads,REP-002,04/03/2022,2022-04-04,False
ACC-101180,"Jones, Cummings and Conway",Manufacturing,United States,43.0,Pro,Content/SEO,,22-Apr-2022,2024-09-22,True
ACC-103536,Bailey Inc,Healthcare,Brazil,4.0,Starter,Referral,,2022-04-11,,True
ACC-100888,"Anderson, Jones and Reyes",Manufacturing,United States,,Starter,Sales-Led,REP-027,2024-10-05,,True
ACC-102732,Wagner-Moss,,Brazil,9.0,Starter,Partner,,2025/08/17,,True
ACC-102437,Bowers Group,Education,Brazil,171.0,Business,Partner,,2025-04-09,,True
ACC-102629,Morgan-Barnes,E-commerce,Germany,21.0,Pro,Referral,,06/12/2022,2023-11-12,True
ACC-103169,"  Orozco, White and Brown  ",SaaS,India,190.0,Business,Content/SEO,,08/29/2023,,True
ACC-100817,Cole Group,FinTech,United States,12.0,Pro,Partner,,2022-02-16,2025-09-16,True
ACC-101111,Marquez-Fletcher,Education,United Kingdom,8.0,Starter,Content/SEO,,04/30/2022,,True
ACC-105183,Ashley and Sons,FinTech,Netherlands,6.0,Starter,,,2025-01-26,2025-02-26,True
ACC-102341,  Santos Group  ,Real Estate,Canada,7.0,Starter,Sales-Led,REP-022,2022-10-26,,True
ACC-104487,GARDNER-WARREN,Logistics,United Kingdom,15.0,Starter,Organic Search,,30-Nov-2024,08/30/2025,False
ACC-103870,"Manning, Fritz and Brooks",SaaS,Germany,36.0,Pro,Partner,,19/04/2023,,False
ACC-101264,"Morrison, Parsons and Brandt",Education,United Kingdom,7.0,Starter,Content/SEO,,2022-10-11,,True
ACC-100990,Andrade-Mendoza,Education,Sweden,226.0,Business,Partner,,01/25/2024,,True
ACC-103328,"Sullivan, Long and Robinson",Logistics,Canada,175.0,Business,Content/SEO,,2024-12-09,,True
ACC-101739,Larson LLC,E-commerce,United States,1230.0,Enterprise,Organic Search,REP-014,2024-06-06,,False
ACC-102548,"Martinez, Hicks and Kelly",SaaS,USA,5.0,Starter,Sales-Led,REP-002,2024-08-10,,True
ACC-100353,"Morris, Thompson and Williams",logistics,Germany,13.0,Starter,Sales-Led,REP-003,2022-10-11,05/11/2023,True
ACC-105943,Owen and Sons,Real Estate,Canada,48.0,Pro,Paid Ads,,2024-01-21,,True
ACC-105762,"Roberts, Flores and Sanchez",FinTech,United Kingdom,44.0,Business,Organic Search,,2022-09-19,01/19/2025,True
ACC-104266,Jones-Harris,Healthcare,Canada,,Pro,Sales-Led,REP-019,2025-06-14,,True
ACC-101489,Dalton-Nguyen,Education,Sweden,61.0,Pro,Organic Search,,2022-10-12,06/12/2025,True
ACC-105272,Powell Group,Media,Netherlands,483.0,Enterprise,Paid Ads,REP-021,2022-12-08,,True
ACC-101228,"Morgan, Sherman and Williams",SaaS,United Kingdom,8.0,Starter,Organic Search,,2025-01-23,,True
ACC-104629,Hughes Ltd,SaaS,Germany,2841.0,Enterprise,Organic Search,REP-040,24-May-2022,,True
ACC-105229,  Klein Group  ,Real Estate,Germany,150.0,Business,Organic Search,,2024-02-15,,True
ACC-105764,Hill-Logan,e-commerce,France,7.0,Starter,Partner,,2025-07-25,,False
ACC-105698,"Grant, Potter and Gordon",Logistics,Australia,47.0,Pro,Partner,,2022-06-01,2025-07-01,True
ACC-100052,Chapman and Sons,Media,US,6.0,Starter,Sales-Led,REP-002,2022/04/30,2022-09-30,True
ACC-103211,Allen-Beltran,Logistics,Brazil,78.0,Business,Referral,,2024-06-21,,True
ACC-102821,Boone Group,,India,89.0,Pro,Referral,,09/03/2023,03/11/2024,True
ACC-105038,"Herring, Wilson and Mendoza",Healthcare,France,39.0,Pro,Organic Search,,12/17/2022,,False
ACC-105326,Bowen-Randolph,Manufacturing,Spain,8.0,starter,Referral,,2025-05-31,01/31/2026,True
ACC-103758,Burgess Ltd,E-commerce,Sweden,999999.0,Business,Organic Search,,09/08/2024,,True
ACC-101589,"Nguyen, Olson and Freeman",Real Estate,united states,9.0,Starter,Paid Ads,,2025/02/21,,True
ACC-101479,Martinez and Sons,FinTech,,6.0,Starter,Sales-Led,REP-009,2022-06-28,2023-06-28,False
ACC-101469,"Griffin, Miller and Austin",Healthcare,United States,12.0,Starter,Partner,,06-Dec-2023,,True
ACC-102857,Hancock-Santos,Healthcare,Singapore,,Starter,Referral,,2023-10-06,,True
ACC-102596,"Morse, Silva and Johnson",FinTech,US,5.0,Starter,Content/SEO,,2025-06-14,,True
ACC-102078,Smith PLC,Logistics,U.S.A.,192.0,Business,Partner,,2024-08-28,04/28/2026,True
ACC-103552,Ryan-Martinez,Logistics,United States,51.0,pro,Referral,,2025-01-21,,True
ACC-101266,Lopez and Sons,SaaS,united kingdom,276.0,Business,Organic Search,,2023/10/16,12/16/2024,True
ACC-102671,Santiago-Marshall,E-commerce,US,,Enterprise,Organic Search,,2022-10-05,,True
ACC-100436,ORTIZ-MORGAN,Healthcare,UK,,Starter,Content/SEO,,12/20/2024,05/20/2025,True
ACC-102966,Jordan-Harper,E-commerce,United Kingdom,6.0,Starter,,,06/28/2023,28-May-2025,True
ACC-105352,Johnson LLC,FinTech,Spain,445.0,Business,Referral,,03-Oct-2024,2025-02-03,True
ACC-101588,"Ross, Hardin and Navarro LLC",E-commerce,Germany,46.0,Pro,Content/SEO,,22/08/2023,22-Dec-2023,True
ACC-104478,Pierce-Fuller,Real Estate,Singapore,30.0,Starter,Organic Search,,2024-03-25,11/25/2024,True
ACC-101590,"WARNER, WEISS AND DAVIS",Real Estate,Sweden,82.0,Business,Partner,,2022-07-23,2022-08-23,True
ACC-105678,"Jones, Johnson and Miller",Logistics,Japan,16.0,Pro,Sales-Led,REP-007,05-Oct-2024,,True
ACC-100973,Crane Group,E-commerce,Spain,338.0,Business,,,2024-10-12,,True
ACC-101238,Waller-Chavez,Education,United States,999999.0,Starter,Sales-Led,REP-008,2025-01-10,10-Feb-2025,True
ACC-102342,"Garrison, Ryan and Miller",FinTech,United States,48.0,Starter,Content/SEO,,2022-10-19,2023-08-19,False
ACC-103877,Flores-Cox,Logistics,Australia,3.0,Starter,Organic Search,,2024-08-26,,True
ACC-104377,Anderson PLC,SaaS,Sweden,,Pro,Paid Ads,,2024-07-24,,True
ACC-105192,"Lewis, Hoffman and Vang",SaaS,Spain,6.0,Starter,Sales-Led,REP-001,2024-05-07,,True
ACC-102231,"Daniel, Kelley and Murphy",Manufacturing,united kingdom,2.0,Starter,Partner,,2025-08-31,,False
ACC-105162,Allen PLC,Manufacturing,Great Britain,205.0,Enterprise,Paid Ads,,11/13/2022,,True
ACC-101497,Smith-Mills,FinTech,Germany,,Starter,Content/SEO,,2024-04-23,,True
ACC-100449,Jones Inc,Consulting,United States,10.0,Starter,Paid Ads,,2024-11-22,2025-12-22,True
ACC-102369,HOWARD LLC,Logistics,Brazil,176.0,Business,Content/SEO,,2025-08-08,,True
ACC-104762,Thomas Ltd,Manufacturing,United Kingdom,639.0,Enterprise,Paid Ads,REP-032,2024-01-01,,True
ACC-102422,Coleman and Sons,Healthcare,United States,23.0,Pro,Paid Ads,,26-Apr-2024,,True
ACC-105465,Martinez Ltd,FinTech,united states,7.0,Starter,Paid Ads,,29/05/2022,2024-09-29,True
ACC-103935,Barnett Inc LLC,SaaS,Japan,8.0,Starter,Paid Ads,,2022-04-16,03/16/2023,True
ACC-101551,"Brown, Coffey and Fuentes",Logistics,France,133.0,Pro,Referral,,2025-06-14,,True
ACC-105396,Cooper-Patel,FinTech,France,38.0,Pro,Organic Search,,09/02/2022,,False
ACC-101146,Glover-Chan,Consulting,Germany,52.0,Pro,Content/SEO,,09/29/2022,,True
ACC-103846,Sanford-Leon,Media,Sweden,181.0,Business,Paid Ads,,2023-03-29,,True
ACC-102092,Clark Inc,Logistics,Sweden,139.0,Business,Referral,,11/30/2024,,True
ACC-101313,Lee-White,Healthcare,United states ,204.0,Enterprise,Paid Ads,REP-002,09/03/2022,,True
ACC-102015,"Wilkinson, Wallace and Torres",E-commerce,India,20.0,Starter,Content/SEO,,31-Jan-2025,,True
ACC-103362,"Hernandez, Levy and Hanson",Logistics,United States,34.0,Pro,Referral,,17/05/2024,,False
ACC-102805,"Allen, Lewis and Mullins",E-commerce,Australia,1.0,Starter,Organic Search,,07/31/2023,31-Aug-2025,True
ACC-104507,Long-Santos,Media,Germany,2.0,Starter,Referral,,2023/06/02,02/02/2025,True
ACC-101381,"Johnston, Coleman and Scott",Consulting,United States,46.0,Pro,Content/SEO,,2023/08/16,16/03/2025,True
ACC-103341,"Mooney, Conley and Fox",Real Estate,United States,844.0,Enterprise,Content/SEO,REP-002,2022-03-25,12/25/2023,True
ACC-100413,Cook and Sons,Manufacturing,Spain,44.0,Pro,Organic Search,,01/04/2025,2025-07-01,True
ACC-100941,Finley Inc,saas,Germany,68.0,Pro,Sales-Led,REP-031,2023/10/08,10/08/2024,True
ACC-100801,"Burgess, Grant and Watts",Logistics,Canada,4.0,Starter,Organic Search,,2025-04-09,,True
ACC-102575,White Inc,SaaS,Australia,1062.0,Enterprise,Partner,REP-005,03/30/2023,12/30/2025,True
ACC-103703,  Cross LLC  ,Consulting,Canada,8.0,Starter,Organic Search,,2025-03-01,,False
ACC-100256,Cordova Group,Healthcare,Germany,21.0,Starter,Partner,,2023-09-27,,True
ACC-105975,"GONZALES, HOWARD AND ARIAS",E-commerce,Australia,13.0,Pro,Organic Search,,2023-12-13,2024-01-13,False
ACC-102235,"Miller, Moore and Black",Real Estate,United states ,60.0,Pro,Organic Search,,29/06/2023,,False
ACC-100647,Mendoza Group,E-commerce,United Kingdom,4.0,Starter,Sales-Led,REP-001,2023-03-27,2025-03-27,False
ACC-101767,"Soto, Vaughn and Griffin",Healthcare,India,10.0,Pro,Content/SEO,,2024-03-05,2025-07-05,True
ACC-104163,"Morris, Morales and Bailey",SaaS,Canada,7.0,Starter,Sales-Led,REP-027,23/03/2023,2023-04-23,True
ACC-102647,Reynolds-Mckinney Inc.,Education,Spain,29.0,Pro,Partner,,2023-12-06,06-Jan-2025,True
ACC-104811,"Hernandez, Williams and Ruiz",Education,India,41.0,Pro,Partner,,2022-05-06,2022-11-06,True
ACC-102704,"STEWART, YORK AND OLSON",Logistics,Brazil,27.0,Starter,Organic Search,,03/06/2025,,True
ACC-100024,"Walter, Edwards and Rios",Logistics,United States,,Pro,Referral,,19-Aug-2023,,False
ACC-101088,"Cohen, Compton and Perez",Education,Brazil,8.0,Starter,Sales-Led,REP-037,03/15/2023,04/15/2025,True
ACC-102917,CISNEROS-MEYER,SaaS,United States,105.0,Business,Content/SEO,,2022-05-15,,True
ACC-105199,Barrera PLC,Logistics,Singapore,145.0,Business,Referral,,2022-01-27,,True
ACC-100112,"Rodriguez, Brennan and Garrison",,United States,209.0,Business,Partner,,2022-07-04,,True
ACC-102311,Alvarez-Hart,SaaS,Brazil,,Business,Sales-Led,REP-039,03/17/2023,,True
ACC-102847,"Garcia, Floyd and Garrison",Real Estate,France,38.0,Pro,Sales-Led,REP-035,06/18/2023,11/18/2024,True
ACC-100056,"Washington, Ryan and Cummings",,United States,8.0,Starter,Partner,,11/29/2023,07/29/2024,True
ACC-101309,Medina-Arroyo,Education,United States,75.0,Business,Sales-Led,REP-033,2022-06-08,10/08/2022,True
ACC-100695,Rivera Inc,FinTech,United Kingdom,3.0,Starter,Paid Ads,,21/05/2024,,True
ACC-104886,MORGAN-MASON,Education,United Kingdom,4.0,Starter,Organic Search,,04/12/2023,2024-06-12,True
ACC-101227,BRYANT AND SONS,Consulting,United States,7.0,Starter,Partner,,06/09/2024,,True
ACC-101999,"Frazier, Ramirez and Brown",Healthcare,India,149.0,Pro,Content/SEO,,10/20/2024,,False
ACC-100276,Cook-Hines,Media,United Kingdom,283.0,Business,Content/SEO,,03/18/2025,11/18/2025,True
ACC-105289,YATES-BEAN,SaaS,United states ,31.0,Starter,Partner,,2023-07-29,,False
ACC-103279,"Williams, Newman and Jones",Healthcare,France,28.0,Pro,Referral,,06/20/2022,2022-07-20,True
ACC-101833,Yu-Yates,SaaS,United Kingdom,662.0,Enterprise,Paid Ads,REP-008,2025-06-30,,False
ACC-100682,"Holder, Young and Hendricks",Healthcare,Germany,57.0,Pro,Paid Ads,,03/03/2025,,False
ACC-105035,Bennett-Nichols,Healthcare,United States,75.0,Business,Referral,,07/29/2023,,True
ACC-104393,  Aguilar Group  ,Education,Brazil,6.0,Starter,Content/SEO,,2022-05-26,2023-03-26,True
ACC-103158,Park Group,Consulting,Canada,21.0,Starter,Partner,,2022-04-04,,True
ACC-101137,Mason Ltd,Media,Canada,5.0,Starter,Organic Search,,24-Sep-2022,2025-12-24,True
ACC-105716,Rivers-Serrano,FinTech,Germany,45.0,Pro,Partner,,2024-09-12,,False
ACC-105960,Ali-Collins,FinTech,India,151.0,Business,Partner,,2022-01-04,04/04/2023,True
ACC-103096,"Dominguez, Mitchell and Moore",Logistics,united states,3.0,Starter,Referral,,2023-01-30,01/30/2026,True
ACC-103524,Ford-Gonzales,Logistics,Singapore,,Enterprise,Organic Search,REP-037,2023-06-26,,True
ACC-104902,Johnson and Sons,Education,Canada,12.0,Pro,Partner,,2022-04-29,29-Nov-2024,True
ACC-101346,Keith-Williams,Real Estate,Netherlands,4.0,Starter,Partner,,2024-01-26,2024-09-26,True
ACC-105803,"Lopez, Jones and Weaver",E-commerce,France,586.0,Enterprise,Partner,REP-031,16-May-2022,,True
ACC-103618,Watts-Austin,Real Estate,Netherlands,16.0,Starter,Paid Ads,,19-Jun-2023,,True
ACC-104051,Perez-Haynes,Real Estate,United States,54.0,Pro,Paid Ads,,09/05/2024,03/09/2025,True
ACC-102384,  Montes-Hammond  ,Media,United States,8.0,Starter,Sales-Led,REP-009,2022-05-02,2025-06-02,True
ACC-104040,Harris Group,Real Estate,Japan,38.0,Pro,Content/SEO,,2025-08-30,,True
ACC-104235,Howell PLC,Consulting,United States,38.0,Pro,Referral,,02/27/2022,2025-03-27,True
ACC-102246,Burke-Hernandez,Manufacturing,Australia,811.0,Enterprise,Referral,REP-022,2025-01-15,,False
ACC-105542,Sloan Inc,Manufacturing,United States,9.0,Starter,Sales-Led,REP-003,2022-11-16,2023-01-16,True
ACC-102683,Myers LLC,E-commerce,Germany,14.0,Starter,Partner,,2022-08-04,,True
ACC-103349,"Smith, Irwin and Chase",Consulting,Brazil,27.0,Pro,Referral,,2024-06-06,06/06/2025,True
ACC-105684,Olson-Simpson,E-commerce,Netherlands,18.0,Starter,Partner,,2023-01-26,26-Jul-2023,True
ACC-103988,Wall-Johnson,Healthcare,Spain,17.0,Pro,Paid Ads,,2022-04-22,,True
ACC-105060,Gardner and Sons,Education,Spain,3.0,Starter,Paid Ads,,2025-03-27,,True
ACC-104998,Robinson Inc,Manufacturing,USA,13.0,Starter,Paid Ads,,14-Mar-2022,2024-04-14,True
ACC-100081,Sandoval-Cunningham,Manufacturing,Netherlands,187.0,Business,Partner,,13-Oct-2024,,True
ACC-101972,"Shah, Mcintyre and Villanueva",Education,Netherlands,22.0,Pro,Sales-Led,REP-025,2024-01-18,,True
ACC-101714,"Clark, Brown and Duncan",Consulting,France,86.0,Pro,Content/SEO,,2025-04-19,,True
ACC-103684,Ross-Phillips,Education,France,4.0,Starter,Partner,,2024-06-19,,True
ACC-105166,"English, Taylor and Williams.",,United States,3.0,Starter,Content/SEO,,07-Oct-2023,,True
ACC-103727,Davis-Wood,Logistics,United States,3.0,Starter,Organic Search,,2023-01-21,08/21/2025,True
ACC-101946,Clark-King,E-commerce,United Kingdom,17.0,Starter,Organic Search,,2025-02-18,,True
ACC-104660,"Tran, Harris and Ford",Consulting,India,21.0,Starter,Organic Search,,2025-01-21,,True
ACC-103892,Paul Ltd,SaaS,United States,27.0,Pro,Content/SEO,,22/01/2025,,True
ACC-104262,RODGERS-WARREN,Education,Sweden,1209.0,Enterprise,Referral,REP-009,2023-09-08,,False
ACC-101610,Powers Group,SaaS,UK,9.0,Starter,Partner,,2022-10-26,2025-06-26,True
ACC-103334,Cook Group,FinTech,Germany,11.0,Starter,Sales-Led,REP-036,08/29/2024,,True
ACC-104367,Dawson-Rush,Media,France,51.0,Pro,Content/SEO,,2022-03-18,2026-05-18,True
ACC-104194,Rubio and Sons,SaaS,India,6.0,Starter,Content/SEO,,2022/05/29,29/06/2022,True
ACC-105951,Lewis-Watson,FinTech,Canada,1.0,Starter,Referral,,2025-07-21,2025-11-21,False
ACC-104690,Mcclain and Sons,Consulting,India,5.0,Starter,Partner,,22-Jul-2024,,True
ACC-100665,Cannon Ltd LLC,SaaS,Netherlands,18.0,Pro,Referral,,2025-07-15,02/15/2026,True
ACC-102194,Lucas-Johnson,Education,India,,Business,Referral,,26/11/2022,,False
ACC-104789,Webb-Murphy,Manufacturing,United States,5.0,Starter,Content/SEO,,06-May-2024,,True
ACC-105873,Thomas LLC,E-commerce,Germany,19.0,Pro,Sales-Led,REP-016,2024-08-06,,True
ACC-101017,Daugherty Ltd,Healthcare,United States,19.0,Pro,Partner,,2025/04/20,2026-03-20,True
ACC-100557,Edwards Ltd,Logistics,United States,17.0,Starter,Content/SEO,,2023-06-27,2024-06-27,False
ACC-105251,"Ali, Lin and Morris",Real Estate,United Kingdom,,Pro,Referral,,2022-03-19,2022-06-19,True
ACC-104476,Martinez LLC,Logistics,Canada,3.0,Starter,Paid Ads,,2023-12-17,2024-07-17,True
ACC-101207,  Walton LLC  ,Logistics,Australia,2269.0,Enterprise,Organic Search,REP-006,2022-07-11,2023-12-11,False
ACC-104473,"Moore, Wallace and Edwards.",Consulting,United States,4.0,Starter,,,2022/03/11,11/05/2022,True
ACC-103109,Morrison-Bradford,Logistics,United Kingdom,10.0,Starter,Organic Search,,2023-08-19,07/19/2025,False
ACC-101510,  Nelson-Dean  ,Manufacturing,Sweden,508.0,Business,Paid Ads,,2023-03-20,,False
ACC-104643,"Johnson, Jones and Miller",Manufacturing,India,6.0,Starter,Paid Ads,,2024-05-17,,True
ACC-103794,Turner Inc,Real Estate,United Kingdom,99.0,Business,Content/SEO,,2023-08-07,,True
ACC-104137,"Grimes, Allen and Horn",healthcare,Australia,9.0,Pro,Paid Ads,,2024-01-04,,True
ACC-104139,  Brown-Garcia  ,Education,India,3.0,Starter,Content/SEO,,03/26/2022,2024-01-26,True
ACC-100266,Valentine-Holland,Logistics,Australia,8.0,Starter,Partner,,08/28/2024,,True
ACC-102765,"Parker, Benitez and Velasquez",Real Estate,United States,25.0,Pro,Paid Ads,,2022-05-10,,True
ACC-105765,"May, Lee and Parker",Real Estate,United States,58.0,Pro,Referral,,12/18/2022,,True
ACC-102111,"Perez, Rodriguez and Rollins",SaaS,UK,9.0,Pro,Organic Search,,2022-09-28,28-Jan-2023,True
ACC-104816,Mcneil PLC,Education,France,8.0,Starter,Content/SEO,,2023-06-29,,True
ACC-101909,"Schneider, Porter and Hanna",Consulting,Australia,-13.0,Starter,Content/SEO,,03/04/2022,,True
ACC-103193,Tran and Sons,,India,191.0,Business,Content/SEO,,2025-04-04,,True
ACC-104019,"Santos, Lee and Jones",Education,United Kingdom,122.0,Pro,Partner,,08/21/2025,,True
ACC-105783,"  Sullivan, Price and Stevens  ",,United States,25.0,Pro,Referral,,2024-08-16,,True
ACC-104295,Allen PLC,FinTech,Germany,6.0,Starter,Referral,,2024-07-10,2025-03-10,True
ACC-103674,"George, Savage and Adams",Consulting,United States,12.0,Starter,Referral,,06/11/2022,2023-11-11,True
ACC-100998,"Robinson, Huang and Osborne",Manufacturing,France,149.0,Business,Sales-Led,REP-011,2022-09-12,2023-03-12,True
ACC-103309,"Gibson, Moore and Wagner",Logistics,Australia,72.0,Pro,Content/SEO,,2024-07-20,,True
ACC-101784,Peterson Ltd,Consulting,United States,40.0,Pro,Content/SEO,,04/16/2024,11/16/2025,True
ACC-101237,"Moon, Farmer and Hill",Healthcare,Canada,9.0,Starter,Referral,,2022-04-20,,True
ACC-105397,POWELL-MCCARTHY,Manufacturing,Germany,4.0,Starter,Content/SEO,,2024-09-25,,True
ACC-103089,"Perkins, Woods and Wheeler",Media,India,23.0,Pro,Sales-Led,REP-014,2023-01-11,,True
ACC-105284,"TAYLOR, BRADLEY AND NOVAK",Education,Singapore,95.0,Business,Organic Search,,2022-05-04,04/12/2022,False
ACC-104936,Robinson-Erickson,Logistics,India,56.0,Pro,Partner,,2024-07-07,07/11/2024,True
ACC-104739,"Barber, Oneal and Owens",SaaS,united states,288.0,Enterprise,Paid Ads,REP-023,03/25/2023,04/25/2026,True
ACC-102186,Hernandez-Hernandez,Education,India,11.0,Starter,Organic Search,,2023-07-30,,True
ACC-104771,Guerrero-Gonzales,,Canada,452.0,Business,Content/SEO,,2024-11-18,,True
ACC-100908,Peck-Anderson,Manufacturing,France,,Starter,Partner,,2025-01-17,2026-02-17,True
ACC-105253,"Williams, Roth and Reynolds",Media,United States,56.0,Pro,Sales-Led,REP-027,2022/06/12,2022-10-12,False
ACC-101303,James-Short,E-commerce,Netherlands,44.0,Pro,Organic Search,,03/06/2023,2023-06-06,True
ACC-105682,Holder-Smith,Healthcare,Australia,588.0,Business,Organic Search,,2024-04-09,04/09/2026,True
ACC-101627,Jones Ltd,Manufacturing,Netherlands,11.0,Starter,Referral,,08/09/2025,,True
ACC-101522,Huang LLC,E-commerce,India,39.0,Pro,Sales-Led,REP-020,30/06/2023,,True
ACC-100835,"Brown, Howard and Smith",Education,United Kingdom,15.0,Pro,Sales-Led,REP-025,2024-08-02,,True
ACC-100358,"Turner, Schneider and Johnson",Media,United Kingdom,37.0,Business,Organic Search,,2024-01-28,,True
ACC-100138,"Harvey, Davis and Crane",,Brazil,,Starter,Organic Search,,06-Feb-2023,,True
ACC-100299,Harvey-Allen,Manufacturing,United States,99.0,Business,Organic Search,,2024-07-07,,True
ACC-101556,RUSSO AND SONS,Logistics,India,376.0,Business,Paid Ads,,02/05/2022,,False
ACC-101003,Gallagher and Sons,consulting,Canada,29.0,Pro,Partner,,04/07/2022,2024-12-04,True
ACC-100382,"Austin, Day and Johnson",Education,Australia,5.0,Starter,Paid Ads,,22-Jul-2023,2024-04-22,True
ACC-104984,Lopez Ltd,Consulting,Brazil,1549.0,Enterprise,Referral,REP-005,,,True
ACC-100761,"Moore, Price and Ward",,Australia,-130.0,Business,Organic Search,,09/20/2022,,True
ACC-104340,"Casey, Gonzalez and Jenkins",Logistics,United States,5.0,Starter,Paid Ads,,2022-07-23,2023-12-23,True
ACC-103039,Smith-Serrano,Logistics,United States,34.0,Pro,Referral,,2025-07-24,2026/05/24,True
ACC-104700,Massey-Obrien,Education,Brazil,23.0,Pro,Organic Search,,2023-04-15,2023-06-15,True
ACC-104918,VELAZQUEZ PLC,Media,Netherlands,73.0,Business,Paid Ads,,28/06/2024,,False
ACC-105419,Flores LLC,E-commerce,Canada,63.0,Pro,Partner,,2023-06-19,,False
ACC-101402,Arias-Morales,E-commerce,France,7.0,Starter,Sales-Led,REP-035,2023-03-13,2024-02-13,True
ACC-103642,"Perez, Solis and Lozano",Media,Netherlands,9.0,Starter,Partner,,01/08/2023,2023-05-08,True
ACC-105219,Williams Inc,Manufacturing,United States,114.0,Business,Referral,,01-Feb-2023,2023-09-01,True
ACC-101932,Mann PLC,SaaS,United States,7.0,Starter,Partner,,04/05/2024,,False
ACC-103819,"Hunter, Parks and Smith LLC",Logistics,United States,76.0,Pro,Paid Ads,,2025/05/26,2025-09-26,True
ACC-104498,Johnson-Espinoza,,United Kingdom,,business,Content/SEO,,2022-12-31,,True
ACC-104844,"Parrish, White and Booth Inc.",FinTech,Singapore,6.0,Starter,Content/SEO,,08/09/2023,,True
ACC-105194,Santiago-Morrison,FinTech,United States,627.0,Enterprise,Paid Ads,REP-018,2025-02-07,,True
ACC-103927,Scott-Perez,Real Estate,United Kingdom,6.0,Starter,Paid Ads,,2023-06-15,2026-02-15,True
ACC-103985,"Trujillo, Proctor and Wang",Manufacturing,U.S.A.,113.0,Business,Sales-Led,REP-020,2023-10-23,2024-03-23,True
ACC-102685,Wang-Mcfarland,Healthcare,Japan,10.0,Starter,Partner,,31/12/2024,,True
ACC-102833,Hernandez-Moran,Healthcare,United States,290.0,business,Sales-Led,REP-034,2022-05-03,2024-12-03,True
ACC-100058,Lee-Davis,Real Estate,Germany,50.0,Starter,Sales-Led,REP-030,28-Jan-2024,,True
ACC-100076,"Woods, Calhoun and Schmidt",Media,UK,326.0,enterprise,Organic Search,REP-016,2022-10-30,,True
ACC-100796,Rodriguez and Sons,Media,U.S.A.,23.0,Starter,Organic Search,,19/07/2025,,True
ACC-102416,"Wade, Richard and Hall",SaaS,United States,,Enterprise,Referral,,2023/05/11,11/09/2024,True
ACC-103070,SAUNDERS LLC,FinTech,UK,66.0,Pro,Sales-Led,REP-027,2025-03-22,,False
ACC-104446,Wood Group,E-commerce,Germany,257.0,Business,Sales-Led,REP-012,06/15/2022,2023-05-15,True
ACC-100785,Vargas PLC,SaaS,Brazil,5.0,Starter,Paid Ads,,05-Jan-2025,2025-09-05,True
ACC-104708,Marquez-Johnson,Education,UK,7.0,Starter,Paid Ads,,10/05/2022,,True
ACC-105932,Cook-Walter,E-commerce,France,6.0,Starter,Paid Ads,,2022-01-05,,True
ACC-105048,Henderson Ltd,Education,Australia,7.0,Starter,Partner,,01/24/2022,,True
ACC-102217,"JOHNSON, STEVENSON AND LINDSEY",Real Estate,Spain,35.0,Business,Content/SEO,,2025/04/23,23-Nov-2025,True
ACC-102862,Hill-Mcgee,E-commerce,Sweden,,enterprise,Referral,REP-028,08/16/2023,16-Sep-2025,True
ACC-103698,"Hansen, Perez and Fuller",Logistics,United States,81.0,Pro,Paid Ads,,05/08/2024,05/08/2025,True
ACC-103607,Mann LLC,E-commerce,United States,10.0,Starter,Content/SEO,,2025/01/05,,True
ACC-104756,Brooks-Bell,Manufacturing,Australia,7.0,Starter,Referral,,05/10/2023,2023-07-10,True
ACC-104997,Higgins-Walker,Manufacturing,Germany,18.0,Starter,Referral,,2024-05-26,,False
ACC-104693,Griffin-Hall,FinTech,United States,140.0,Business,Partner,,2025-06-14,,False
ACC-100910,BEST-TOWNSEND,E-commerce,United States,7.0,Pro,Paid Ads,,2025-08-28,,False
ACC-102172,Weber Inc,FinTech,India,961.0,Enterprise,,REP-011,2022-04-12,,True
ACC-105799,Ward-Dixon,,United States,52.0,Business,Paid Ads,,18-Oct-2022,,True
ACC-102309,"MUNOZ, HOWARD AND DAVIS",,Brazil,6.0,Starter,Partner,,2023-07-08,2024-02-08,True
ACC-105700,Williams-Lowe,Healthcare,Japan,,Pro,Content/SEO,,2025-07-05,,True
ACC-101257,"Price, Dixon and Robles",SaaS,Germany,12.0,Starter,Partner,,11-Feb-2024,11/06/2025,True
ACC-102495,"Nielsen, Lynch and Smith",FinTech,Canada,58.0,Pro,Referral,,2023-07-16,,True
ACC-105329,Shah-Walker,Manufacturing,Netherlands,25.0,Pro,Content/SEO,,21/08/2023,2025-11-21,True
ACC-104482,"Love, Anderson and Brown",FinTech,Japan,3.0,Starter,Paid Ads,,2023-03-18,04/18/2024,True
ACC-101178,"Davis, Rodriguez and Andrews",Manufacturing,United Kingdom,5.0,Starter,Sales-Led,REP-035,06/06/2023,2024-08-06,False
ACC-104576,Johnson Inc,FinTech,United States,7.0,Starter,Content/SEO,,11/10/2024,2025-01-10,True
ACC-104970,Martin-Walker,Education,France,10.0,starter,Sales-Led,REP-010,2024-09-12,2025-02-12,True
ACC-100442,"Hale, Myers and Larson",Real Estate,United states ,3.0,Starter,Sales-Led,REP-014,2022-01-24,24-May-2023,True
ACC-101399,Frost-Graham,Manufacturing,Singapore,91.0,Pro,Organic Search,,2025-02-22,,True
ACC-103123,Willis-Christian,Media,Australia,807.0,Enterprise,Sales-Led,REP-035,08/19/2025,,False
ACC-105724,Alexander-Wagner,Education,Canada,21.0,Starter,Organic Search,,26-May-2024,,True
ACC-105802,Freeman Group,real estate,United Kingdom,104.0,Business,,,2024-12-20,,True
ACC-101054,Davis-Stephens,E-commerce,Spain,,Business,Sales-Led,REP-027,01/03/2022,2024-01-01,True
ACC-103469,George-Salazar,Logistics,India,7.0,Starter,Organic Search,,02/06/2024,02-May-2026,False
ACC-104661,"Thompson, Hardy and Walter",Consulting,Singapore,178.0,Business,Organic Search,,05/26/2022,2024-06-26,True
ACC-103130,Ward-Chase,E-commerce,US,18.0,Starter,Paid Ads,,24-Jan-2023,2023-03-24,True
ACC-101415,Spears-Andrews,E-commerce,India,43.0,Business,Organic Search,,2023-11-01,01/02/2024,True
ACC-102372,"Perez, Hoffman and Tucker",Logistics,Spain,952.0,Enterprise,Partner,,2023-02-13,,False
ACC-104296,Kim-Thomas,FinTech,India,28.0,Business,Organic Search,,06/23/2024,2024-07-23,True
ACC-104922,"Mcbride, Hall and Hill",Logistics,United Kingdom,,Starter,Partner,,2024-07-22,2025-11-22,True
ACC-103889,Dougherty-Nguyen,FinTech,Brazil,15.0,Pro,Content/SEO,,01/14/2023,,False
ACC-103768,"Hamilton, Brewer and Fleming",FinTech,Netherlands,13.0,Starter,Partner,,2022-03-17,2026/05/17,True
ACC-105292,Wong-Evans,Media,Australia,79.0,Pro,Referral,,19-Mar-2022,19/05/2024,True
ACC-101502,"Brooks, Jenkins and Castro",Consulting,Canada,13.0,Starter,Paid Ads,,08/02/2023,2023/04/08,True
ACC-103203,Bell Group,Consulting,Brazil,28.0,Pro,Referral,,06/24/2024,,True
ACC-103958,Perkins Inc,Consulting,United Kingdom,1261.0,Enterprise,Referral,,05/01/2022,,True
ACC-102011,Rojas-Smith,Manufacturing,United Kingdom,47.0,Pro,Organic Search,,11/18/2023,18/08/2024,True
ACC-104608,"Gould, Wilson and Martin",Healthcare,Brazil,77.0,Pro,Organic Search,,07/15/2022,2023-04-15,True
ACC-104320,"Thompson, Coffey and Kidd",Manufacturing,Australia,,Starter,Content/SEO,,2024-08-13,,True
ACC-103658,Costa-Johnston,Consulting,United Kingdom,87.0,Pro,Partner,,2023-03-06,2024-09-06,True
ACC-104905,Montes Group,Healthcare,Brazil,2.0,Starter,Referral,,01/27/2022,,True
ACC-104594,Morris PLC,Logistics,United Kingdom,10.0,Starter,Content/SEO,,2025-02-09,,True
ACC-104450,Buchanan-Peters,Manufacturing,India,48.0,Pro,Referral,,02-Mar-2025,2025-09-02,False
ACC-100006,Blake and Sons,SaaS,Brazil,27.0,Pro,Content/SEO,,2022-09-12,,True
ACC-102487,"Hart, Turner and Foster",Real Estate,India,17.0,Pro,Sales-Led,REP-023,2023-12-05,2025-10-05,True
ACC-100678,Wheeler Group,SaaS,Brazil,94.0,Business,Paid Ads,,23/01/2023,,True
ACC-101943,Jennings Group,Logistics,Germany,47.0,Pro,Paid Ads,,2024-06-30,30/09/2024,True
ACC-103826,"Miller, Smith and Vaughan",Logistics,United Kingdom,10.0,Pro,Organic Search,,08/18/2024,,True
ACC-105601,"Howe, Miles and Campbell",Manufacturing,United states ,1124.0,Enterprise,Content/SEO,REP-007,2024-06-11,,True
ACC-103425,Jones-Franco,Education,India,8.0,Starter,Paid Ads,,,2025-04-30,True
ACC-104667,Martinez-Bennett,Media,India,15.0,Starter,Content/SEO,,2022-06-22,2025-04-22,True
ACC-105993,Mcmillan Group,FinTech,Japan,18.0,Pro,Sales-Led,REP-022,2022-01-01,01-Jun-2022,True
ACC-102607,Valenzuela-Phillips,,United States,511.0,Business,Paid Ads,,2024-09-16,,True
ACC-104373,Williams and Sons,Consulting,United States,538.0,Enterprise,Organic Search,REP-036,2025-02-16,,True
ACC-105597,"  Tran, Walker and Sharp  ",Real Estate,Spain,46.0,Starter,Paid Ads,,2024-12-01,,True
ACC-101064,Miller-Orr,Education,United States,-9.0,Starter,Paid Ads,,2024-09-14,,True
ACC-103842,"Little, Macias and Reyes",Education,Sweden,5.0,Starter,Organic Search,,11/05/2024,2026/03/05,True
ACC-102242,Smith Inc,Media,United States,7.0,Starter,Paid Ads,,2022-01-16,,True
ACC-101474,Edwards Ltd LLC,SaaS,United States,,Business,Sales-Led,REP-039,11/17/2024,,False
ACC-104510,Williams Inc,Education,United States,4.0,Starter,Content/SEO,,03-Sep-2024,,False
ACC-101889,Jones Ltd,Healthcare,United States,6.0,Starter,Partner,,02/12/2024,,True
ACC-104544,Patrick-Forbes,Manufacturing,United Kingdom,663.0,Enterprise,Paid Ads,REP-029,17-Nov-2024,05/17/2025,True
ACC-102021,Joseph LLC,E-commerce,Canada,23.0,Pro,Paid Ads,,2022-01-26,,True
ACC-105904,Brown Group!,Logistics,United States,675.0,Enterprise,Organic Search,REP-006,2023-08-12,,True
ACC-104329,Marquez PLC,Healthcare,United Kingdom,,Pro,Paid Ads,,2023-03-09,2024-05-09,True
ACC-102658,"Quinn, Ellis and Bartlett",Manufacturing,United Kingdom,8.0,Starter,Referral,,25/04/2024,,True
ACC-102467,Reeves LLC,Manufacturing,India,93.0,Pro,Content/SEO,,2023-02-27,2024-11-27,True
ACC-102829,"Flores, Shaw and Barker",E-commerce,Sweden,3.0,Starter,Sales-Led,REP-001,24/12/2022,,True
ACC-101130,Hardy-Hansen,Healthcare,Germany,7.0,Starter,Sales-Led,REP-021,2022-02-18,2023/07/18,True
ACC-101461,Brown LLC,Consulting,USA,7.0,Starter,Referral,,2025-01-01,2025-03-01,True
ACC-104705,Gray Group,Media,India,-4.0,Starter,Organic Search,,03-Apr-2025,,True
ACC-105510,Mendoza-Rodriguez,Healthcare,United States,16.0,Starter,Paid Ads,,04/08/2022,04-Jan-2023,True
ACC-103406,Underwood-Maldonado Inc.,,United States,3.0,Starter,Paid Ads,,2023-01-29,,True
ACC-103728,Shaw-Smith,Consulting,United States,5.0,Starter,Partner,,08-Jun-2022,08-Jan-2023,True
ACC-100222,Sheppard LLC,Logistics,Great Britain,32.0,Pro,Sales-Led,REP-034,2023-08-04,,True
ACC-105643,Rodriguez PLC,Logistics,United Kingdom,100.0,Enterprise,Paid Ads,,13-Feb-2023,,True
ACC-100048,Hickman Ltd,Healthcare,United States,58.0,Business,Organic Search,,06/13/2024,2024-12-13,True
ACC-100573,Williams-Williams,Consulting,United States,5.0,Starter,,,06/29/2025,08/29/2025,True
ACC-101236,"Andrade, Gordon and Cruz",Media,United Kingdom,29.0,Pro,Content/SEO,,2023-03-14,,False
ACC-104626,Flores and Sons,Healthcare,U.K.,372.0,Business,Referral,,2024-04-29,,False
ACC-105901,"  Howard, Wolf and Sanchez  ",SaaS,United Kingdom,14.0,Pro,Organic Search,,2023-07-20,2023-11-20,True
ACC-105468,Randolph-Gonzalez,Media,United states ,126.0,Business,Content/SEO,,2025-06-21,,True
ACC-102282,Alexander Ltd,Manufacturing,United Kingdom,61.0,pro,Content/SEO,,06/26/2022,,True
ACC-105078,Hebert Group,SaaS,Australia,15.0,Pro,Paid Ads,,2023-01-04,2023-09-04,True
ACC-100267,Jimenez Ltd,Real Estate,Canada,15.0,Starter,Referral,,2023-02-15,2024/06/15,True
ACC-101104,Curry-Barker,e-commerce,Germany,1246.0,Enterprise,Paid Ads,REP-004,24/02/2025,02/24/2026,False
ACC-102305,Price Group,Manufacturing,Australia,61.0,Pro,Sales-Led,REP-006,02/12/2024,,True
ACC-104783,Jensen-Krause,E-commerce,United States,14.0,starter,Content/SEO,,04/08/2025,08/08/2025,True
ACC-101935,"Nelson, Cole and Allen",Manufacturing,Germany,63.0,Pro,Organic Search,,06/05/2024,,True
ACC-100386,"MORALES, THOMAS AND SCHULTZ",Healthcare,India,7.0,Starter,Paid Ads,,2023-01-02,02-Jun-2024,True
ACC-101701,Brown LLC,Healthcare,France,68.0,Business,,,04/26/2022,,True
ACC-101628,Alvarado-Durham,Consulting,United States,11.0,Pro,Paid Ads,,2023-06-05,,True
ACC-103346,Carey LLC,Healthcare,United States,44.0,Pro,Partner,,03/17/2023,02/17/2024,True
ACC-102714,Stevenson-Murphy,FinTech,France,325.0,Business,Content/SEO,,10/07/2023,2025-01-10,True
ACC-103166,Thomas LLC,E-commerce,United States,3.0,Starter,,,2023-04-16,2025-07-16,True
ACC-105381,"Henry, Porter and Jefferson",Education,Singapore,7.0,Starter,Partner,,2024-12-12,,False
ACC-101563,Owen-Brown,FinTech,India,,Enterprise,Paid Ads,REP-002,2022-03-19,,True
ACC-102760,"Turner, Ponce and Barrett",Logistics,United Kingdom,1579.0,Enterprise,,REP-030,2025-08-23,,True
ACC-103682,Jackson-Pratt,Logistics,Canada,299.0,Business,Content/SEO,,2023/09/21,,True
ACC-100209,"  Wood, Tran and Cooper  ",FinTech,Australia,5.0,Starter,Content/SEO,,2024-10-26,,False
ACC-100909,"Fisher, Payne and Thompson",SaaS,United States,18.0,Pro,Sales-Led,REP-001,01/14/2023,,True
ACC-101289,  Hancock Group  ,Real Estate,Canada,34.0,Pro,Organic Search,,01/13/2024,,True
ACC-104591,Miller Ltd,Media,Japan,26.0,Pro,Partner,,04/22/2022,2022-05-22,True
ACC-103968,Chambers-Davis,Consulting,,8.0,Starter,Organic Search,,06/08/2023,,True
ACC-101842,Smith-Rodriguez,SaaS,Australia,237.0,Business,Paid Ads,,2025/08/11,2025-11-11,False
ACC-102497,"Woodard, Warner and Farmer",Real Estate,Japan,-349.0,Business,Organic Search,,21/11/2023,,False
ACC-105330,"Walker, Moreno and Harrington",Education,United States,191.0,Business,Content/SEO,,12-Mar-2025,,True
ACC-105130,"Wilson, Hardy and Perry",SaaS,United States,2.0,Starter,Partner,,2022-11-11,,True
ACC-100958,JONES-BRADLEY,E-commerce,India,226.0,Pro,Partner,,2023-01-09,08/09/2025,False
ACC-101793,"Brown, Robinson and Taylor",Logistics,Brazil,5.0,Starter,Content/SEO,,2022-01-23,12/23/2023,True
ACC-102088,Preston-Harper,Consulting,Germany,204.0,Business,Partner,,2023-01-31,2023-11-30,True
ACC-102702,"Nguyen, Mccoy and Price",FinTech,India,2.0,Starter,Content/SEO,,2022-06-15,,True
ACC-100331,"Turner, Ortiz and Taylor",Logistics,United Kingdom,57.0,Business,Organic Search,,2024-02-16,12/16/2024,True
ACC-104299,Williams-Smith,Manufacturing,United States,10.0,Starter,Organic Search,,2025-03-01,,True
ACC-103996,"Willis, Brown and Brown",Healthcare,Japan,8.0,Pro,Paid Ads,,29/05/2025,,True
ACC-103076,"Underwood, Cruz and Carpenter",FinTech,United States,,Pro,Paid Ads,,2024-12-07,,True
ACC-102459,Chapman-Henry,,Canada,2433.0,Enterprise,Referral,REP-026,26/06/2023,,True
ACC-101774,Durham-Myers,,Germany,14.0,Starter,Paid Ads,,2024-12-20,,True
ACC-104270,Smith-Allen,E-commerce,Germany,6.0,Starter,Organic Search,,2024-09-08,,True
ACC-104907,"Meyer, Miranda and Watkins",Healthcare,Brazil,44.0,Pro,Paid Ads,,2022-05-16,12/16/2025,False
ACC-103822,MUNOZ GROUP,FinTech,United states ,4.0,Starter,Content/SEO,,03/28/2024,28-Jan-2025,True
ACC-103323,"  Snyder, Hamilton and Maldonado  ",Education,united kingdom,11.0,Pro,Organic Search,,17-Aug-2025,,True
ACC-104938,"Allen, Russell and Maldonado",Manufacturing,France,1.0,Starter,Organic Search,,03/16/2022,,True
ACC-102951,Diaz-Mcclain,,United States,342.0,Enterprise,Paid Ads,REP-013,21/05/2023,,True
ACC-105002,Carr Inc,healthcare,United States,17.0,Starter,Paid Ads,,2022-09-15,15-Oct-2023,True
ACC-101715,"Rice, Miller and Ramsey",Logistics,Canada,12.0,Starter,Paid Ads,,2022-09-05,12/05/2023,True
ACC-101710,Chang PLC,FinTech,France,44.0,Pro,Content/SEO,,04-May-2023,2025-10-04,True
ACC-104644,Mejia Inc,Media,United States,20.0,Pro,Referral,,2025/05/19,,False
ACC-102478,Miller-Fields,FinTech,United States,37.0,Starter,Referral,,2024-01-03,,False
ACC-101366,"Haney, Dillon and Jackson",Real Estate,Canada,26.0,Starter,Organic Search,,2024/01/04,,True
ACC-100173,Lewis-Murphy,SaaS,United States,13.0,Pro,Sales-Led,REP-033,2023-06-04,,True
ACC-100858,Sellers-Riddle,Healthcare,United States,22.0,Pro,Content/SEO,,2025-05-02,02-Nov-2025,True
ACC-104480,Schneider LLC,Consulting,united states,17.0,Starter,Content/SEO,,08/20/2023,,True
ACC-102977,Smith-Gonzalez,E-commerce,Sweden,33.0,Pro,Content/SEO,,30-Oct-2024,,False
ACC-105455,Ray Group,Education,India,229.0,Business,,,2025-03-06,,True
ACC-103518,  Marsh-Tapia  ,FinTech,United States,6.0,Starter,Content/SEO,,2023-12-23,,True
ACC-101952,Burgess LLC,Media,Netherlands,6.0,Starter,,,2024-08-21,,True
ACC-103295,Silva Inc,E-commerce,United Kingdom,17.0,Pro,Sales-Led,REP-002,02/03/2025,,True
ACC-105778,Garcia-Mendez,SaaS,United States,627.0,Enterprise,Organic Search,REP-032,2023-06-29,2023-11-29,True
ACC-102036,Mccullough-Taylor,Manufacturing,United States,2.0,Starter,Organic Search,,2023-09-17,17/11/2024,True
ACC-105447,Rodriguez-Jones,Manufacturing,France,62.0,Pro,Sales-Led,REP-005,2024-08-02,,True
ACC-105019,Richardson LLC,Media,United Kingdom,19.0,Starter,Partner,,2022-04-12,12/03/2025,True
ACC-100018,"  Adams, Zuniga and Wong  ",Education,Germany,7.0,Starter,Paid Ads,,19/01/2022,2024-03-19,True
ACC-100000,"Rodriguez, Figueroa and Sanchez",SaaS,United states ,3.0,Starter,Sales-Led,REP-036,2022/09/24,2023-03-24,True
ACC-102174,KNIGHT PLC,Logistics,India,,starter,Sales-Led,REP-028,2025-04-03,10/03/2025,True
ACC-101356,"Campbell, Hernandez and Moore",Real Estate,Canada,43.0,Pro,Partner,,2023/05/09,11/09/2025,True
ACC-104526,Brewer Group,FinTech,India,23.0,Pro,Sales-Led,REP-005,2024-03-17,05/17/2025,True
ACC-103707,"Jacobs, Levy and Mclaughlin",Logistics,Brazil,16.0,Starter,Content/SEO,,2023-03-14,2025-09-14,False
ACC-102826,Hood-Porter,Consulting,United States,16.0,Pro,Organic Search,,07/24/2024,,True
ACC-103248,Bailey PLC,SaaS,United States,88.0,Pro,Partner,,2024-05-09,2024-08-09,True
ACC-100396,Gregory-Watkins,Real Estate,United States,8.0,Starter,Organic Search,,2022-11-14,2022-12-14,True
ACC-105223,Chavez and Sons,Manufacturing,Singapore,10.0,Pro,Partner,,01/14/2023,,True
ACC-103439,"Welch, Johnson and Thompson",e-commerce,Sweden,32.0,Pro,Content/SEO,,2024-05-19,2024-10-19,True
ACC-101812,Taylor Inc,FinTech,United Kingdom,39.0,Pro,Organic Search,,03/12/2023,11/03/2025,False
ACC-103718,Dawson-Larsen,Consulting,Brazil,-53.0,Pro,,,2025-06-14,2026-01-14,True
ACC-104904,"Peck, Wong and Perry",FinTech,,33.0,Pro,Referral,,15-Nov-2023,,True
ACC-100816,Foster-Mclaughlin,Manufacturing,Australia,37.0,Business,Organic Search,,31/12/2023,31-Jan-2026,True
ACC-101572,Andrade-Jackson,Education,United States,5.0,Starter,Content/SEO,,2024-10-29,,True
ACC-104209,Lewis-Hayes,Consulting,Brazil,21.0,Pro,Content/SEO,,08/30/2023,,True
ACC-101800,"Haas, Cooper and Davis",Consulting,U.S.A.,4.0,Starter,Partner,,2023-11-21,,False
ACC-102280,Martin-Mcdonald,Education,United Kingdom,,Starter,Paid Ads,,04/30/2024,2024-09-30,True
ACC-103855,George-Daugherty,Healthcare,Singapore,52.0,Pro,Referral,,11/05/2022,2026-01-05,True
ACC-104810,Michael Ltd,Healthcare,United States,4.0,Starter,Content/SEO,,12-Feb-2022,,True
ACC-105808,Shepherd LLC,Real Estate,Germany,16.0,Starter,Sales-Led,REP-022,2023/05/11,,False
ACC-105913,Atkins-Smith,SaaS,France,21.0,Pro,Sales-Led,REP-018,2025-02-04,,True
ACC-104481,"AVILA, WILLIAMS AND HUNT",E-commerce,United States,29.0,Pro,Partner,,15-Apr-2022,,True
ACC-105246,Bryan Ltd,FinTech,Australia,40.0,Pro,Content/SEO,,2025-08-12,2025-09-12,True
ACC-105549,"Greer, Underwood and Noble",Logistics,France,18.0,Pro,Organic Search,,09/07/2022,07/02/2025,True
ACC-103555,Bartlett-Murphy,Media,Singapore,142.0,Pro,Paid Ads,,2025-01-09,,False
ACC-103667,Davis and Sons,SaaS,Canada,6.0,Starter,Paid Ads,,13-Feb-2022,2022-11-13,True
ACC-104252,Powell-Bennett,E-commerce,India,,Enterprise,Content/SEO,REP-024,22-Feb-2023,,False
ACC-104357,Davis-Williams,Media,united states,8.0,Pro,Paid Ads,,02/06/2022,,True
ACC-100554,Evans-Jones,Manufacturing,United States,6.0,starter,Partner,,2023-08-14,2024-04-14,True
ACC-101159,Perez Ltd,Manufacturing,Germany,603.0,Enterprise,Organic Search,REP-028,2023-04-18,,True
ACC-101213,Mcgee-Smith LLC,SaaS,United Kingdom,6.0,starter,Content/SEO,,2023-08-01,2024-09-01,False
ACC-103220,Harris-Davis,Real Estate,US,183.0,Business,Referral,,2024-07-30,,True
ACC-101325,"Quinn, Humphrey and Ford",Consulting,United States,57.0,Pro,Partner,,12/12/2022,12-Sep-2024,True
ACC-103383,Murray-Gaines,Real Estate,India,,Starter,Referral,,06/26/2024,,True
ACC-103447,Barry LLC,E-commerce,India,,Enterprise,Organic Search,REP-010,2024-04-09,,True
ACC-100700,Turner-Stout,FinTech,Australia,345.0,Business,Partner,,2024-01-08,,False
ACC-102700,Marquez PLC,Real Estate,United States,457.0,Business,Referral,,07/07/2025,,False
ACC-104352,Lester and Sons,Media,Netherlands,7.0,Starter,Paid Ads,,31/08/2023,2023-11-30,True
ACC-101847,Cooper Inc,Logistics,Brazil,36.0,Pro,Referral,,16-Jan-2023,2024-11-16,False
ACC-104466,Quinn-Moss,SaaS,United States,4.0,Starter,Paid Ads,,25/10/2023,,True
ACC-103977,"  Moore, Frye and Zavala  ",Education,Singapore,18.0,Pro,Sales-Led,REP-018,2022-08-03,,True
ACC-101455,  Gonzalez-Marsh  ,Education,Germany,3.0,Starter,Sales-Led,REP-026,07/10/2022,2024-01-10,False
ACC-105091,Miller-Marks,Education,France,188.0,Business,Organic Search,,30/04/2025,,True
ACC-103035,"Lopez, Thomas and Simmons",Consulting,United States,46.0,Pro,Paid Ads,,2023-04-23,,False
ACC-102943,Murphy-Gomez Inc.,Logistics,Spain,10.0,Starter,Content/SEO,,2024-02-17,,False
ACC-100866,"Smith, Schroeder and Oconnor",FinTech,United States,75.0,Pro,Partner,,2023-08-06,06-Mar-2024,True
ACC-104649,"Lawrence, Castro and Fleming",,United Kingdom,2.0,Starter,Paid Ads,,2022-07-19,2024-04-19,True
ACC-101644,Browning-Murphy,Logistics,US,15.0,Starter,Organic Search,,2023-03-21,2025-10-21,True
ACC-102140,"JIMENEZ, WAGNER AND DANIELS",healthcare,United States,5.0,Starter,Paid Ads,,03/25/2022,04/25/2025,True
ACC-104104,Sanders PLC,Healthcare,Germany,19.0,Pro,Sales-Led,REP-023,2022-02-08,2024-06-08,True
ACC-103547,"Logan, Marquez and Case",Healthcare,India,13.0,Starter,Partner,,01/09/2023,01-Apr-2024,True
ACC-101490,Mcdonald-Pitts,Healthcare,Australia,124.0,Business,Paid Ads,,2022/02/14,2023/09/14,True
ACC-103446,"Moyer, Davis and Johnson",E-commerce,Canada,4.0,Starter,Sales-Led,REP-011,2022-11-24,,True
ACC-100729,"Li, Craig and Drake",Media,Netherlands,27.0,Starter,Sales-Led,REP-038,2025-01-15,,True
ACC-104715,Hodges Inc Inc.,Logistics,United Kingdom,,Pro,Content/SEO,,2024-02-16,2026-03-16,True
ACC-104095,Peterson-Wiggins,Manufacturing,United States,24.0,Starter,Sales-Led,REP-016,2023-04-05,2024/07/05,True
ACC-102620,CUMMINGS AND SONS,Healthcare,France,20.0,Pro,Content/SEO,,10/20/2023,,True
ACC-101936,Bishop Inc,Logistics,United Kingdom,1.0,Starter,Content/SEO,,2022-01-24,24-Sep-2025,False
ACC-105786,"Knight, Kennedy and Cooley",,Spain,22.0,Pro,Paid Ads,,2022-10-08,,True
ACC-101110,"OWEN, WALKER AND FRANKLIN",Logistics,India,75.0,Business,Paid Ads,,12-Feb-2025,2025-08-12,True
ACC-104941,Jordan PLC,Healthcare,Brazil,16.0,Pro,Partner,,2025-08-31,,True
ACC-105439,Stone-Hunter,Education,United States,151.0,Business,Sales-Led,REP-037,2022-08-06,2024-09-06,True
ACC-102394,Hamilton Group,,United states ,4.0,Starter,Paid Ads,,2022-05-03,2025-05-03,True
ACC-101185,Smith and Sons,Real Estate,Brazil,12.0,Starter,Sales-Led,REP-016,2023-06-09,,False
ACC-102007,Hill Ltd,Logistics,Japan,99.0,Pro,Content/SEO,,2023/02/02,,True
ACC-100193,Reid-Poole,Manufacturing,Canada,15.0,Starter,Referral,,2023-11-29,05/29/2025,True
ACC-101515,Hall and Sons,Media,Netherlands,11.0,Starter,Content/SEO,,2024-12-15,,True
ACC-104863,Leblanc PLC,SaaS,Brazil,6.0,Starter,Partner,,2024-08-04,,True
ACC-100578,"Mcmillan, Fischer and Gonzalez",Real Estate,Australia,179.0,Business,Referral,,2024-12-03,,True
ACC-102123,Neal-Madden,Education,Germany,34.0,Pro,Partner,,03/12/2023,,True
ACC-101429,Shannon LLC,Healthcare,United States,269.0,Enterprise,Content/SEO,REP-008,2022-11-26,04/26/2025,True
ACC-100771,"James, Taylor and Turner",FinTech,Sweden,153.0,Business,Referral,,2025-06-16,2025-11-16,True
ACC-104697,Macias Group,SaaS,United States,36.0,Starter,,,2022-12-17,,True
ACC-102395,Keller Ltd,Consulting,Spain,14.0,Starter,Content/SEO,,01/01/2023,01/08/2023,True
ACC-103638,"Smith, Gray and Deleon",Consulting,Canada,-22.0,Pro,Sales-Led,REP-034,2022/07/07,2024-04-07,True
ACC-101846,Washington PLC,Logistics,United States,4.0,Starter,Paid Ads,,11/04/2022,,True
ACC-100131,Spencer-Lee,Manufacturing,U.S.A.,5.0,Starter,Content/SEO,,2025-04-27,27/02/2026,False
ACC-100178,"Williams, Johnson and Wright",E-commerce,U.S.A.,2437.0,Enterprise,,REP-013,29/06/2024,,True
ACC-105434,  Taylor LLC  ,E-commerce,,2.0,Starter,Referral,,2024-11-21,,True
ACC-103922,"Cox, Carter and Duffy",E-commerce,,2.0,Starter,Referral,,2022-11-07,2023-10-07,True
ACC-103671,Brown Group,FinTech,USA,45.0,Pro,Referral,,2025-06-25,,False
ACC-102580,Wood LLC,Media,Germany,39.0,Pro,Partner,,02/13/2025,,True
ACC-105594,"Wilson, Conway and Davis",Logistics,United States,8.0,Starter,Content/SEO,,2024-06-26,26/04/2025,True
ACC-103656,Glover-Coleman,Consulting,France,12.0,Starter,Partner,,2023/01/07,07/03/2023,False
ACC-102652,Fox PLC,Manufacturing,Spain,51.0,Pro,Partner,,2022-11-30,,True
ACC-105273,Mccullough PLC,SaaS,France,60.0,Pro,Paid Ads,,04/04/2023,,True
ACC-102073,"Mayer, Palmer and Miranda",SaaS,United States,-20.0,Pro,Content/SEO,,2025-08-10,,True
ACC-100658,Bryant-Brown,Media,Germany,32.0,Pro,,,2024-09-04,,True
ACC-101896,Fernandez Inc,Healthcare,,2030.0,Enterprise,Partner,REP-023,07/21/2025,,True
ACC-104471,"Schneider, Fisher and Richardson",Healthcare,United States,8.0,Starter,Sales-Led,REP-024,03-Mar-2023,03-Oct-2023,True
ACC-102606,Baker Inc,Real Estate,India,12.0,Pro,Referral,,2024-09-30,,True
ACC-102221,"Martinez, Camacho and Mathews!",Logistics,France,15.0,Starter,Content/SEO,,20-Mar-2023,,True
ACC-105760,Reyes-Davis,Healthcare,United States,36.0,Pro,Sales-Led,REP-007,21/06/2022,21/11/2023,True
ACC-102379,Romero and Sons,Real Estate,United States,41.0,Pro,Partner,,2025-01-14,,True
ACC-101447,"Hensley, Lopez and Baker.",Media,Canada,5.0,Starter,Sales-Led,REP-026,2024-01-08,,True
ACC-100342,Lopez-Martinez,E-commerce,Germany,135.0,Business,Sales-Led,REP-018,05/11/2024,,True
ACC-105444,Harris LLC,FinTech,United States,13.0,Pro,Content/SEO,,19/01/2024,,True
ACC-102527,Murphy Inc,FinTech,Spain,173.0,Business,Referral,,09/12/2023,02/12/2026,True
ACC-100727,"Arnold, Smith and Moreno",Manufacturing,Canada,29.0,Pro,Organic Search,,26/08/2025,,False
ACC-104787,"  Lawrence, Fleming and Drake  ",Healthcare,United States,33.0,Pro,Organic Search,,2023-06-29,2024-02-29,True
ACC-100976,Anderson Group,E-commerce,Sweden,1001.0,Enterprise,Content/SEO,REP-032,05/01/2022,,True
ACC-103382,Gomez-Owens,E-commerce,Australia,14.0,Pro,Paid Ads,,12/05/2023,,True
ACC-104220,Horton-Taylor,SaaS,Sweden,,Business,Paid Ads,,05/30/2025,,True
ACC-101928,"Wood, Martin and Sanchez",Media,Germany,186.0,Business,Referral,,2023-09-16,,False
ACC-103802,Ross LLC,E-commerce,United States,40.0,Starter,Organic Search,,07-Mar-2022,,False
ACC-105844,  Miranda-Gutierrez  ,Logistics,Germany,36.0,Pro,Referral,,2024-02-14,,True
ACC-101299,Avila PLC,Manufacturing,Brazil,76.0,Pro,Partner,,2024-10-21,,True
ACC-105831,"Thompson, Marshall and Aguirre",E-commerce,Japan,5.0,Starter,Partner,,2023-01-23,08/23/2023,True
ACC-105589,Greene Group,SaaS,Canada,17.0,Pro,Content/SEO,,2022-11-28,,False
ACC-100660,Foster Inc,Manufacturing,India,14.0,Starter,Sales-Led,REP-030,2022-10-26,2024-02-26,True
ACC-101790,  Parker Group  ,Media,United States,8.0,Starter,Paid Ads,,2024-09-12,,True
ACC-105866,"Summers, Wheeler and Fernandez",Manufacturing,United Kingdom,,Pro,Paid Ads,,17-Aug-2022,10/17/2023,True
ACC-104059,Barnes and Sons,Real Estate,Canada,2.0,Starter,Partner,,05/26/2023,2025-01-26,True
ACC-100493,"Marshall, Dominguez and Welch",SaaS,Canada,238.0,Business,Sales-Led,REP-032,2022-06-10,2024-10-10,True
ACC-103200,"Shaffer, Contreras and Christian",Healthcare,Spain,480.0,Business,Referral,,2024/06/15,,True
ACC-104271,Joyce-Benitez,Logistics,United States,26.0,Pro,Sales-Led,REP-009,10/30/2024,,True
ACC-103198,Garcia-Brady,Real Estate,Netherlands,26.0,Business,,,24/03/2024,,True
ACC-103940,  Larsen PLC  ,FinTech,United States,5.0,Starter,Referral,,30/07/2024,2025-04-30,True
ACC-105603,"Patterson, Baker and Hunt",Healthcare,Great Britain,161.0,Business,Partner,,30-Sep-2023,,True
ACC-105151,Meyer and Sons,Media,India,26.0,Pro,Paid Ads,,05/09/2023,,True
ACC-101085,Mccall-Prince,FinTech,United States,34.0,Business,Paid Ads,,2023-08-28,,True
ACC-105744,"Wong, Vargas and Martin",Real Estate,Germany,64.0,Pro,Content/SEO,,2024-03-27,2024-11-27,True
ACC-100694,Price LLC,FinTech,,50.0,Pro,Partner,,2024-03-20,2025-01-20,True
ACC-101278,"Moreno, Barajas and Colon",Education,Germany,7.0,Starter,Content/SEO,,2024-08-24,,True
ACC-104288,Mitchell-Hudson,E-commerce,United States,23.0,Pro,Referral,,16/06/2023,,True
ACC-101621,Singh and Sons,,U.S.A.,5.0,Starter,Paid Ads,,2023-06-18,2023-10-18,True
ACC-102561,"Schwartz, Christian and Knight",SaaS,,13.0,Starter,Sales-Led,REP-023,2022-12-19,19-Jun-2024,True
ACC-104247,"Webster, Garza and Abbott",Education,United States,233.0,Business,Paid Ads,,2023-02-14,,True
ACC-104110,"Jackson, Moore and Becker",Manufacturing,United States,4.0,Starter,Paid Ads,,11/02/2023,,True
ACC-100067,Novak and Sons,SaaS,Spain,17.0,Starter,Paid Ads,,15/05/2022,2025-02-15,True
ACC-104681,Montgomery PLC,Real Estate,Canada,855.0,Enterprise,Organic Search,,2023-11-04,,True
ACC-103098,Sanders Group,Media,India,161.0,Business,Partner,,01/12/2025,,False
ACC-102269,Gordon LLC,Media,United Kingdom,261.0,Business,Content/SEO,,15-Jun-2023,2025-09-15,True
ACC-104889,Gomez Group,SaaS,United Kingdom,55.0,Pro,Organic Search,,2024-06-05,,True
ACC-104790,"  Turner, Kaufman and Esparza  ",FinTech,Netherlands,,Pro,Sales-Led,REP-012,2024-04-03,,True
ACC-100820,RAY PLC,Healthcare,United States,32.0,Starter,Organic Search,,2022-09-22,22/02/2023,True
ACC-101226,Lopez Group,SaaS,Australia,144.0,Business,Sales-Led,REP-020,04/10/2025,,True
ACC-101677,"Ellison, Vaughn and Mckee",E-commerce,Netherlands,2.0,Pro,Paid Ads,,2023-12-19,2024-04-19,True
ACC-105083,"Lee, Robbins and Lopez",Healthcare,United States,5.0,starter,Partner,,21/06/2023,12/21/2023,True
ACC-102867,"Roth, Logan and Moreno",Real Estate,UK,,Pro,Content/SEO,,2022-06-06,,True
ACC-104684,"Stewart, Robinson and Shaffer",Logistics,Germany,11.0,Pro,Organic Search,,2022-02-02,2025-04-02,True
ACC-102367,Leon Group,Education,United States,1045.0,Enterprise,Partner,,03/15/2024,11/15/2024,True
ACC-103125,  Mcclure Inc  ,Real Estate,France,156.0,Business,Partner,,2023-11-16,,True
ACC-104568,"Weiss, Robinson and Bell",FinTech,United States,,Starter,Content/SEO,,2024-09-29,,True
ACC-102512,"Chambers, Morrison and Thompson",E-commerce,United States,177.0,Business,Organic Search,,2023-09-07,2024-02-07,True
ACC-105310,Wood Ltd,SaaS,United states ,137.0,Business,Partner,,2025-06-24,,True
ACC-102723,"Braun, Mays and Martinez",Logistics,USA,187.0,Business,Sales-Led,REP-006,2024-10-08,,True
ACC-105422,Morton LLC,E-commerce,Canada,29.0,Pro,Content/SEO,,01/05/2025,,True
ACC-105176,Greer-May,SaaS,United States,180.0,Business,Referral,,2022-07-25,,True
ACC-105689,Farrell-Little Inc.,Media,United States,374.0,Business,Partner,,2022-07-03,03-Jun-2025,True
ACC-101143,Welch-Thompson,saas,France,2.0,Starter,Sales-Led,REP-008,2024-03-04,,True
ACC-100397,"Estrada, Williams and Foster",Healthcare,United States,325.0,Enterprise,Partner,REP-008,09-Sep-2023,,True
ACC-105612,Foster-Hernandez,E-commerce,Netherlands,11.0,Starter,Organic Search,,2024-11-22,,False
ACC-100786,  Maldonado PLC  ,Education,Germany,69.0,Pro,Paid Ads,,06/15/2024,,True
ACC-105879,"Taylor, Kim and Edwards",SaaS,France,5.0,Starter,Partner,,2025-06-15,,False
ACC-104309,WOOD-THOMAS,E-commerce,Canada,13.0,Starter,Sales-Led,REP-009,2024-08-05,04/05/2025,False
ACC-101398,Brock and Sons,E-commerce,Netherlands,195.0,Business,Sales-Led,REP-013,2022-04-28,,True
ACC-101659,  Shaw PLC  ,Manufacturing,Canada,4.0,Starter,Sales-Led,REP-020,2022-09-27,,True
ACC-103429,"Bailey, Williamson and Powell Inc.",Logistics,,619.0,Business,Content/SEO,,28/02/2023,,True
ACC-102220,Fowler-Haynes,SaaS,Canada,2.0,Starter,Sales-Led,REP-030,2023-07-21,,True
ACC-100979,Johnson Inc,SaaS,France,2.0,Starter,Referral,,2025-01-19,,True
ACC-102331,"Hendrix, Green and Nunez",Manufacturing,United States,-17.0,Starter,Content/SEO,,2022-04-21,,True
ACC-101298,"Wilson, Smith and Cortez",e-commerce,Netherlands,4.0,Starter,Paid Ads,,2023-04-26,2025-01-26,True
ACC-105939,Wood-Meyer,SaaS,France,479.0,Business,Paid Ads,,02/09/2025,,True
ACC-104607,"Bruce, Perez and Wallace",manufacturing,United Kingdom,32.0,Pro,Organic Search,,2023-07-10,2025-10-10,True
ACC-104523,Vincent LLC,Logistics,United Kingdom,7.0,Starter,Content/SEO,,2025-01-20,,True
ACC-100082,Donovan-Harris,Real Estate,France,18.0,Starter,Sales-Led,REP-033,2024-11-11,,False
ACC-103187,"Ray, Smith and Cervantes",Manufacturing,Australia,10.0,Starter,Organic Search,,2024-10-12,,True
ACC-105407,Bryant and Sons,Media,Australia,,Starter,Partner,,21-Jul-2023,03/21/2024,True
ACC-104753,"Marshall, Khan and Ford",SaaS,Australia,363.0,Enterprise,Partner,,29/10/2024,,True
ACC-104046,Woods-Hicks,Real Estate,Canada,10.0,Starter,Content/SEO,,2022-04-05,,True
ACC-104786,"Ortega, Rose and Contreras",Real Estate,India,314.0,Business,Paid Ads,,2023-02-25,01/25/2025,False
ACC-105210,Ross-Hernandez,SaaS,Singapore,301.0,Business,Organic Search,,2022-08-01,2024-12-01,True
ACC-102903,Thompson Ltd,Education,United States,8.0,Starter,Paid Ads,,2024-02-03,2026-04-03,True
ACC-100423,Hernandez-Jones,Real Estate,Great Britain,8.0,Starter,Content/SEO,,04/26/2022,,True
ACC-105355,Hoffman-Jacobs,Logistics,United Kingdom,21.0,Starter,Organic Search,,04/30/2023,30/05/2025,True
ACC-101904,"Lee, Dominguez and Mosley",Education,United Kingdom,1743.0,Enterprise,,,2022-02-13,,True
ACC-105519,Oneill Inc,Manufacturing,India,6.0,Starter,Organic Search,,2022-01-25,03/25/2023,True
ACC-101530,"Evans, Ward and Williams",Consulting,France,19.0,Starter,Content/SEO,,03/08/2025,,True
ACC-104310,Sutton Inc,Manufacturing,Spain,37.0,Pro,Content/SEO,,2024-12-27,,False
ACC-101565,"Brown, Jensen and Rice",SaaS,United Kingdom,2.0,Starter,Referral,,,,True
ACC-104727,"Hodges, Cummings and Hernandez",SaaS,United States,2.0,Starter,Sales-Led,REP-007,10-Feb-2025,,True
ACC-102749,Hicks-Burns,Real Estate,Japan,,Pro,Partner,,02/07/2024,07-Sep-2024,True
ACC-100839,Miller Inc,Consulting,Canada,,Starter,Content/SEO,,2023/01/05,10/05/2023,False
ACC-100500,"Rivera, Martinez and Richardson",Logistics,Spain,18.0,Starter,Sales-Led,REP-009,06/23/2023,,False
ACC-104993,Norris Inc,Consulting,Japan,,Business,Paid Ads,,2024-03-12,2026-01-12,True
ACC-100141,Riggs PLC,SaaS,India,774.0,Enterprise,,REP-018,2025-06-24,,False
ACC-105021,Wells Inc,Consulting,Australia,11.0,Pro,Partner,,2023/08/13,2024-11-13,True
ACC-102605,Reyes-White,FinTech,United Kingdom,77.0,Pro,Sales-Led,REP-021,2025-07-13,,True
ACC-103608,Hamilton Ltd,Logistics,Canada,,Starter,Paid Ads,,2023-06-24,2024-08-24,True
ACC-101377,Prince Ltd,Healthcare,Germany,12.0,Starter,Referral,,2023-01-05,,False
ACC-104726,Ferguson Group,Education,U.S.A.,25.0,Pro,Paid Ads,,05/27/2023,,True
ACC-105970,Ray-Page,saas,Brazil,961.0,Enterprise,Paid Ads,REP-010,2022-10-14,,False
ACC-102266,"Harvey, Turner and Foster",,United States,14.0,Starter,Organic Search,,2023-09-13,13/01/2024,True
ACC-105255,Fleming Inc,Healthcare,United States,,Pro,Partner,,26-Aug-2023,08/26/2025,True
ACC-101138,Moreno-Gutierrez,Education,Netherlands,5.0,Starter,Paid Ads,,2023-08-01,,True
ACC-102257,Aguilar-Holland,SaaS,Netherlands,41.0,pro,Sales-Led,REP-026,2023-09-05,,True
ACC-103708,"Barnett, Kennedy and Jackson",SaaS,France,3.0,Starter,Paid Ads,,2024-07-29,2025-09-29,True
ACC-101787,"Caldwell, Stevenson and Joseph",E-commerce,Singapore,5.0,Starter,Sales-Led,REP-001,04/25/2025,2025-07-25,True
ACC-103740,LUCERO-LEE,Consulting,Sweden,-4.0,Starter,Organic Search,,2022-06-26,,True
ACC-100550,"Baker, Clark and Armstrong",Education,United Kingdom,34.0,Pro,Paid Ads,,2022-10-30,2024-05-30,False
ACC-100459,"Valentine, Joyce and Murray",SaaS,United States,163.0,Business,Sales-Led,REP-003,10/20/2023,,True
ACC-102019,Hernandez LLC,Media,U.K.,1586.0,Enterprise,Organic Search,REP-035,2025-01-02,,False
ACC-100948,Hernandez Group.,Logistics,Sweden,6.0,Starter,Sales-Led,REP-031,03/20/2025,,True
ACC-103949,Arnold-Davis,Education,Canada,19.0,Starter,Referral,,2024-07-20,,True
ACC-103210,"Greene, Rogers and Haley",FinTech,India,54.0,Business,Partner,,2022-05-21,,True
ACC-100532,Johnson-Spencer,,USA,,Pro,Sales-Led,REP-033,2022-03-11,,True
ACC-103956,Miller-Gonzalez,Education,United States,10.0,starter,Sales-Led,REP-027,03/22/2022,,True
ACC-101829,"Miller, Schultz and Yates",Education,Canada,67.0,Business,Organic Search,,2025-03-05,2025/10/05,True
ACC-104168,"Sullivan, Howell and Fowler",Real Estate,United States,17.0,Pro,Content/SEO,,2023-05-12,,True
ACC-105369,"Lozano, Ponce and Burnett",Logistics,United States,19.0,Starter,Sales-Led,REP-007,2022-10-02,08/02/2024,True
ACC-104914,ATKINSON-ZAVALA,Real Estate,India,4.0,Starter,Paid Ads,,15/11/2023,,True
ACC-103625,"Coleman, Thompson and Huber",FinTech,United Kingdom,4.0,Starter,Paid Ads,,06/09/2022,09/09/2025,True
ACC-101602,Duncan-Williams,Manufacturing,Brazil,11.0,Starter,Sales-Led,REP-036,2023-08-23,12/23/2023,False
ACC-102238,Green Ltd,e-commerce,United Kingdom,24.0,Starter,Sales-Led,REP-026,01/10/2022,2024-06-01,True
ACC-100639,  Boyle-Smith  ,FinTech,United states ,33.0,Pro,Organic Search,,2022-07-24,2022-10-24,True
ACC-105878,Bolton Inc,SaaS,United Kingdom,184.0,Business,Referral,,2025-03-19,,True
ACC-100967,Baker-Wilson,consulting,France,142.0,Business,Content/SEO,,2023-04-16,,True
ACC-105138,Avila Group,SaaS,Australia,5.0,Starter,Sales-Led,REP-022,30/12/2024,,True
ACC-103821,Coleman-Harmon,Education,France,46.0,Pro,Paid Ads,,2023-10-16,2025-03-16,True
ACC-101683,  Holt-Meadows  ,Logistics,Great Britain,23.0,Starter,Organic Search,,2022-02-15,,True
ACC-102248,Higgins Group,Manufacturing,India,372.0,Pro,Referral,,2022-02-07,2023-12-07,True
ACC-100399,Duran LLC,Education,United States,293.0,Enterprise,Partner,REP-036,05/08/2024,2024-10-08,True
ACC-105438,"Burns, Cochran and Parks",SaaS,United States,10.0,Starter,Referral,,,08/25/2025,True
ACC-104988,James PLC,Logistics,U.S.A.,12.0,Starter,Content/SEO,,28-Nov-2023,,True
ACC-100155,Hill Inc,Consulting,India,47.0,Pro,Paid Ads,,2022-01-22,02/22/2023,True
ACC-102295,Miller Ltd,Real Estate,United States,-71.0,Pro,Organic Search,,2024-04-27,,True
ACC-103626,"Wilson, Terry and Bush",Media,Netherlands,9.0,Starter,Referral,,01/28/2023,2025-04-28,True
ACC-104118,"Barnett, Clark and Quinn",FinTech,United States,4.0,Starter,,,2023/09/02,02/04/2026,True
ACC-101089,Mccann-Ramos,Healthcare,India,14.0,Starter,Partner,,2022-06-29,2024-06-29,True
ACC-103859,"Murphy, Price and Spears LLC",Consulting,France,147.0,Pro,Paid Ads,,14/07/2022,2024-04-14,True
ACC-102319,"Leach, Skinner and Mills",Logistics,United Kingdom,566.0,Enterprise,Paid Ads,REP-025,13-Dec-2024,13/03/2026,False
ACC-102940,"Long, Leblanc and Hickman",Logistics,UK,403.0,Business,Content/SEO,,08/03/2025,,True
ACC-105143,Peck-Dominguez,Education,,20.0,Starter,Paid Ads,,11/14/2024,,True
ACC-100288,"  Miller, Murphy and Craig  ",Healthcare,US,96.0,Pro,Partner,,23/03/2025,,True
ACC-100930,"Ward, Porter and Bradley!",E-commerce,Germany,4.0,Starter,Referral,,2022-02-05,03/05/2024,True
ACC-102909,"Faulkner, Schmidt and Wheeler",Healthcare,Canada,12.0,Starter,Organic Search,,2023-06-30,2026-05-30,True
ACC-103689,Stone-King,real estate,United Kingdom,982.0,Enterprise,Referral,,01/17/2022,,True
ACC-105715,"Brown, Bradford and Lawson",Consulting,United States,46.0,Business,Partner,,2024-02-16,,True
ACC-102884,Guzman and Sons,Logistics,,27.0,Starter,Sales-Led,REP-026,2022-07-09,2022-09-09,True
ACC-104989,Zamora LLC,Consulting,Australia,61.0,Pro,Sales-Led,REP-036,2022-01-27,,True
ACC-103312,"Harris, Ross and Jones",SaaS,United Kingdom,17.0,Starter,Paid Ads,,29/03/2022,,False
ACC-105524,WARD-SCHMIDT,Real Estate,United Kingdom,,Pro,Partner,,10/12/2023,,True
ACC-103000,"Dawson, Snow and Malone",FinTech,Netherlands,13.0,Starter,Content/SEO,,01/12/2025,05/12/2025,True
ACC-104511,"Fitzpatrick, Harris and Wolf",E-commerce,Brazil,150.0,Business,Content/SEO,,2024/01/06,,True
ACC-103509,"Hines, Pineda and Kent",Media,Germany,14.0,Starter,,,2023-10-21,,True
ACC-102588,Wright-Soto,Real Estate,United states ,4.0,Starter,Sales-Led,REP-017,2024-09-20,01/20/2025,True
ACC-100942,Cline-Ayala,FinTech,Sweden,86.0,Pro,Content/SEO,,2023-04-08,,True
ACC-102354,Henderson LLC,Real Estate,India,162.0,Pro,Partner,,05/08/2022,2025-09-05,True
ACC-104856,Carrillo-Simon,SaaS,Germany,187.0,Business,Paid Ads,,11/11/2022,11/01/2025,True
ACC-105247,Anderson-Simpson,E-commerce,United Kingdom,7.0,Starter,Sales-Led,REP-001,2024/12/21,,True
ACC-105674,Thompson LLC,SaaS,United Kingdom,1.0,Starter,,,05/19/2022,19/06/2023,False
ACC-101698,Ortiz-Miller,SaaS,United States,204.0,Business,Partner,,,2024-12-01,True
ACC-105728,"Clark, Nichols and Ward",E-commerce,Singapore,24.0,Pro,Content/SEO,,08/10/2024,,True
ACC-104445,"Campbell, Hardy and Roman",Education,France,172.0,Business,Content/SEO,,02/02/2025,,True
ACC-103648,Hall Ltd,E-commerce,United States,9.0,Starter,Organic Search,,13/01/2024,2024-06-13,True
ACC-104093,Rios-Robertson,real estate,Brazil,75.0,Business,Content/SEO,,2022-01-03,,True
ACC-104579,Duffy-Stanley,SaaS,united kingdom,29.0,Pro,Partner,,09/28/2023,,True
ACC-100985,Reyes Group,,Japan,542.0,Enterprise,Partner,REP-002,2023-01-11,11-Sep-2024,False
ACC-104041,"Olsen, Davis and Thompson",Real Estate,Singapore,6.0,Starter,Content/SEO,,01/04/2023,04/05/2023,True
ACC-103195,"Kim, Campbell and Oliver",Manufacturing,Netherlands,2.0,Starter,Referral,,2023-04-15,2023-07-15,True
ACC-103254,Hamilton-Griffin,Logistics,United States,174.0,business,,,2024-03-21,21/08/2025,True
ACC-105809,"Simon, Adams and Anderson",,United States,14.0,Starter,Organic Search,,2022-07-13,2025-12-13,True
ACC-100981,Davis LLC,Media,United States,,Enterprise,Sales-Led,REP-012,11/10/2024,2026-02-11,True
ACC-105167,Brewer PLC,SaaS,united kingdom,15.0,Starter,Paid Ads,,05/01/2022,2024/10/01,True
ACC-103357,Parker-Williams,,India,59.0,Pro,Content/SEO,,2025-04-01,,True
ACC-105538,Perry-Garcia,Healthcare,United States,54.0,Pro,Organic Search,,2025/02/24,,False
ACC-103544,Conrad-Buck,E-commerce,Netherlands,21.0,Starter,Partner,,23-Sep-2023,,True
ACC-104355,"Lucero, Vaughn and Mckee",Education,US,908.0,Business,Referral,,2024-01-02,,True
ACC-104965,Taylor-Ramirez,E-commerce,Brazil,7.0,Starter,Partner,,2024-04-16,2026/02/16,True
ACC-101473,  Miller LLC  ,Logistics,Germany,366.0,Business,Referral,,03/01/2024,,True
ACC-104614,"Henderson, Brown and Baker LLC",SaaS,Sweden,9.0,Starter,Content/SEO,,16-Jun-2025,,True
ACC-103454,"EVANS, WILSON AND HALL",Consulting,Germany,60.0,Pro,,,06/23/2022,,True
ACC-104824,Long LLC,E-commerce,France,16.0,Pro,Sales-Led,REP-016,21/09/2023,2024-10-21,True
ACC-101457,Taylor-Barry,Media,France,,Starter,,,2023-02-02,,True
ACC-101395,"Avery, Garcia and Romero",FinTech,Germany,41.0,Business,Sales-Led,REP-023,2025-03-30,,True
ACC-100264,Tran Inc,Manufacturing,United States,5.0,Starter,Partner,,15/12/2023,,False
ACC-102748,Wise-Walton,Manufacturing,United Kingdom,203.0,Enterprise,Partner,REP-018,2023-01-18,,True
ACC-103492,Wallace LLC,Real Estate,India,110.0,Business,Sales-Led,REP-010,05/28/2024,,True
ACC-102692,"Sims, Weber and Villa",Healthcare,United Kingdom,217.0,Business,Partner,,05/30/2022,2026-05-30,False
ACC-103933,Wong-Harrell,Real Estate,Canada,21.0,Pro,Organic Search,,2023-01-09,05/09/2024,True
ACC-100929,"Proctor, Burton and Crawford",Consulting,Canada,16.0,Pro,Paid Ads,,10-Jun-2024,,True
ACC-104279,Montoya Group,Education,United States,80.0,Pro,Organic Search,,2023-02-03,,True
ACC-105725,"Stein, Kirby and Reed",Logistics,France,21.0,Pro,Partner,,2024-12-16,,True
ACC-102400,Smith-Ramirez,SaaS,US,,Business,Referral,,2022-06-10,2023-12-10,True
ACC-102178,Perry LLC,Media,France,1359.0,Enterprise,Organic Search,,2025-08-09,,True
ACC-103918,Phillips-Wallace!,Logistics,United States,7.0,Starter,,,2024-10-18,18-Apr-2026,True
ACC-100246,DAVIS LTD,fintech,Brazil,50.0,Pro,Organic Search,,24-Aug-2024,11/24/2024,True
ACC-101594,Kane and Sons,Healthcare,Spain,96.0,Pro,Content/SEO,,2024-06-08,,True
ACC-101758,Lambert-Nelson,SaaS,United States,13.0,Pro,Partner,,,,False
ACC-105923,SMITH INC,Media,France,5.0,Starter,,,2023-10-09,2024-05-09,True
ACC-104092,Gardner-Wilson,FinTech,France,,Starter,Referral,,2025-01-22,,False
ACC-100923,"Yang, Wilson and Zimmerman",,India,90.0,Business,Organic Search,,08/14/2025,,True
ACC-105738,"Brown, Kaiser and Edwards",education,Australia,3.0,Starter,Referral,,2025-05-24,2025-08-24,False
ACC-100268,Hicks-Hill,Consulting,United Kingdom,15.0,Starter,Organic Search,,03/28/2022,2023-02-28,True
ACC-100669,"ANDERSON, DALTON AND WILSON",FinTech,United Kingdom,245.0,Business,Paid Ads,,2024-07-04,,True
ACC-103989,Gibbs-Nguyen,Education,France,20.0,Pro,Paid Ads,,2023-09-23,2025-11-23,True
ACC-101910,Levy-Smith,Healthcare,U.S.A.,44.0,Pro,Sales-Led,REP-009,2025-01-12,,True
ACC-105252,Lin LLC,Logistics,United States,4.0,Starter,Content/SEO,,2022-04-14,,True
ACC-101152,Perez LLC,fintech,US,4.0,Starter,Referral,,15-Jul-2024,,True
ACC-105587,"Contreras, Villa and Dixon",E-commerce,U.S.A.,4.0,Starter,Referral,,22/10/2024,22/11/2024,True
ACC-104990,Hodge LLC,Real Estate,France,140.0,Business,Partner,,2022-04-24,2023-03-24,True
ACC-105856,"Patterson, Lee and Kelley",consulting,France,677.0,Enterprise,Organic Search,REP-014,2022-04-26,10/26/2024,True
ACC-104562,"SANDERS, COLON AND GILMORE",E-commerce,US,8.0,Starter,Partner,,09/24/2024,2025-09-24,True
ACC-102696,Smith-Lewis,Real Estate,Sweden,774.0,Business,Paid Ads,,02/26/2023,2023-03-26,True
ACC-102591,Gibbs-Mendez,FinTech,Canada,2.0,Starter,Content/SEO,,13-Jul-2022,,True
ACC-105144,"Carter, Stone and Russell",Manufacturing,France,80.0,Pro,Organic Search,,2025-01-07,,True
ACC-101781,Patel-Morales,,United States,305.0,Business,Paid Ads,,2023-08-31,10/31/2024,True
ACC-102413,WEST PLC,Manufacturing,Australia,42.0,Pro,Organic Search,,06/29/2022,2022/05/05,True
ACC-103013,Arnold-Jackson,Consulting,Brazil,8.0,Starter,Content/SEO,,27-Feb-2025,2025-06-27,True
ACC-105313,"Harvey, Jennings and Carroll",E-commerce,United States,14.0,Pro,Partner,,06/07/2022,2024-10-06,False
ACC-102307,Martinez Group,SaaS,U.K.,571.0,Business,Sales-Led,REP-032,2022-05-16,,True
ACC-103165,Nelson-Reid,media,United States,,Starter,Sales-Led,REP-024,2022-02-09,2023-07-09,True
ACC-100687,"Shelton, Peters and Williams",Manufacturing,Germany,18.0,Pro,Content/SEO,,2022-02-18,2023-06-18,True
ACC-101915,  Moss Group  ,Real Estate,United States,,Starter,Sales-Led,REP-006,2024-05-02,2026/01/02,True
ACC-105898,Brown-Daniels,E-commerce,United States,2.0,Starter,Organic Search,,2024-04-15,2025-04-15,True
ACC-100612,"Scott, Mendoza and Harris",SaaS,Canada,3.0,Starter,Sales-Led,REP-014,13/02/2023,2024-04-13,False
ACC-103071,Snyder-Olson,saas,United States,24.0,Pro,Referral,,25/06/2025,,True
ACC-103504,Brown PLC,Education,U.S.A.,2916.0,Enterprise,Referral,REP-016,11/22/2024,2025-02-22,False
ACC-102267,Anderson-Mcclain,SaaS,US,3.0,Starter,Referral,,08/06/2023,,True
ACC-105836,Pacheco PLC,Real Estate,US,7.0,Starter,Partner,,2022-09-06,2023/01/06,True
ACC-102533,Harding PLC,Education,U.K.,21.0,Starter,Sales-Led,REP-032,2022-10-05,2025-09-05,True
ACC-100039,"Romero, Gonzalez and Brooks",Consulting,Brazil,62.0,Pro,Partner,,2024-07-13,,True
ACC-101898,Martinez-Nichols,Consulting,Brazil,3.0,Starter,Paid Ads,,2025-03-01,,True
ACC-101649,STEWART PLC,Real Estate,Singapore,71.0,Business,,,2023-10-16,,True
ACC-103573,Terry-Allen,E-commerce,U.S.A.,117.0,Enterprise,Paid Ads,REP-033,2024-04-25,2025-04-25,False
ACC-100258,Gutierrez-Lopez,Consulting,,17.0,Pro,Partner,,2022-10-10,2024-06-10,True
ACC-102924,Hayden Group,Manufacturing,United Kingdom,68.0,business,Sales-Led,REP-013,05/17/2025,,True
ACC-102434,WILLIAMS-HERNANDEZ,Real Estate,United Kingdom,6.0,starter,Referral,,2024-03-22,2024-10-22,True
ACC-100847,"Greer, Potter and Evans",Real Estate,United States,209.0,Business,Paid Ads,,01/21/2022,,True
ACC-102822,Wise-Salinas,Manufacturing,United Kingdom,963.0,Enterprise,Referral,REP-033,2023-08-22,,True
ACC-104461,Wells and Sons,,France,4.0,Starter,Paid Ads,,2023-11-10,,True
ACC-105156,Saunders LLC,Real Estate,Netherlands,26.0,Pro,Sales-Led,REP-020,05/03/2022,2023-09-03,True
ACC-105627,French Group,Consulting,United States,-5.0,Starter,Paid Ads,,01/18/2024,,False
ACC-104082,Page-Murray,Education,Singapore,,Starter,Content/SEO,,2022-03-08,,True
ACC-101233,"Webb, Romero and Morse",,India,13.0,Starter,Referral,,06/06/2024,2026/04/06,False
ACC-101127,Knox-Powers,Logistics,United States,232.0,Business,Sales-Led,REP-034,2022-12-21,05/21/2024,True
ACC-103592,Roberts LLC,Real Estate,U.K.,84.0,Pro,Paid Ads,,07/26/2024,,True
ACC-101967,Miller PLC,FinTech,United States,6.0,Starter,Partner,,2024-10-27,04/27/2026,True
ACC-100558,Gross-Valencia,E-commerce,United Kingdom,242.0,Business,Organic Search,,11/19/2024,,True
ACC-100904,Adkins LLC,Media,India,27.0,Pro,Paid Ads,,12/17/2023,17-Nov-2024,True
ACC-102614,Murillo Ltd,FinTech,United States,7.0,starter,Paid Ads,,2025-07-12,12/12/2025,False
ACC-103143,Williams-Trevino,Consulting,UK,26.0,Pro,Organic Search,,2024-12-23,02/23/2025,True
ACC-100484,"Butler, Beck and Miller",E-commerce,United States,57.0,Pro,Paid Ads,,09/19/2024,,True
ACC-102211,King-Lawrence,Consulting,Germany,54.0,Pro,Referral,,22-Sep-2023,,False
ACC-101320,JENSEN-TORRES,Consulting,Brazil,12.0,Starter,Sales-Led,REP-030,2024-10-11,,True
ACC-104685,Harris-Jensen,FinTech,United States,4.0,Starter,Sales-Led,REP-037,2023-02-05,,True
ACC-102555,"Cooper, Wood and Smith",Healthcare,Canada,170.0,Business,Referral,,05/21/2022,,False
ACC-100007,"Henderson, Ramirez and Lewis",Logistics,Sweden,2.0,Starter,Sales-Led,REP-022,09/30/2022,2023-06-30,True
ACC-102315,RHODES-HOLLAND,Real Estate,Spain,13.0,Starter,Content/SEO,,02/01/2022,,True
ACC-105150,Mcmillan and Sons,Healthcare,United Kingdom,7.0,Starter,Content/SEO,,2024-03-13,,True
ACC-104443,Morgan LLC,Education,Canada,23.0,Pro,Content/SEO,,2023-05-27,,True
ACC-104374,"Parker, Cole and Hamilton",Consulting,Germany,8.0,Starter,Partner,,18/02/2022,18-Sep-2023,False
ACC-105343,Parker-Nguyen,Education,Canada,35.0,Pro,Content/SEO,,2023-07-08,11/08/2024,True
ACC-101450,Haynes-Watson,Logistics,US,25.0,Pro,Paid Ads,,2024-09-22,,True
ACC-101201,"Marks, Stone and Watts",Logistics,United States,8.0,Starter,Sales-Led,REP-032,2023-08-14,,True
ACC-102426,"Henderson, Alexander and Galvan",SaaS,United States,14.0,Starter,Content/SEO,,01/10/2025,,True
ACC-102648,Moore-Andrews,E-commerce,Canada,9.0,Starter,Sales-Led,REP-026,2024-11-10,12/10/2025,False
ACC-101814,Proctor-Taylor,FinTech,United States,8.0,Starter,,,2024/10/20,2025-10-20,True
ACC-102726,"Mcdonald, Martin and Gonzalez",E-commerce,United States,1367.0,Business,Paid Ads,,2022-02-01,,True
ACC-100773,Fisher-Washington,Healthcare,United States,15.0,Pro,Partner,,2025-06-30,,False
ACC-102274,Austin-Juarez,Consulting,Germany,15.0,Pro,Referral,,2024-05-05,2024-07-05,True
ACC-101011,"Robinson, Fox and Smith",Consulting,United States,153.0,Business,Partner,,03/04/2023,2023-06-04,True
ACC-104099,  Perez Group  ,Healthcare,Brazil,5.0,Starter,Sales-Led,REP-039,2024-08-26,,True
ACC-103168,Savage-Warren,Media,Germany,181.0,Business,Content/SEO,,23/11/2024,,True
ACC-104776,Hudson-Butler,Healthcare,France,2.0,Starter,Organic Search,,2022-12-13,2024-06-13,True
ACC-101991,"Cox, Williams and Reyes",Manufacturing,U.K.,7.0,Starter,Paid Ads,,2022-02-20,2024-07-20,True
ACC-101277,Rivera-Carter,Manufacturing,United States,33.0,Pro,Organic Search,,2024/08/10,,True
ACC-101783,Dickson Group,Real Estate,United States,49.0,Starter,Referral,,12/10/2024,10/12/2025,True
ACC-105990,Baker Ltd,Media,Spain,5.0,Starter,Referral,,07-Aug-2022,2022-12-07,True
ACC-100446,"Henderson, Cox and Cox",SaaS,Spain,20.0,Pro,,,2025-01-12,,True
ACC-100880,Watson Ltd,FinTech,United States,39.0,Pro,Content/SEO,,06/03/2025,,False
ACC-105528,Bailey PLC,FinTech,United States,,Starter,Partner,,03-Nov-2023,2024-02-03,True
ACC-105425,Carr-Hardy,Logistics,France,6.0,Starter,Organic Search,,2023-08-14,,True
ACC-102727,Thompson-Wright,E-commerce,Sweden,282.0,Business,Organic Search,,2023-05-30,,False
ACC-103048,Garcia LLC,FinTech,United States,30.0,Pro,Paid Ads,,2024-12-28,,True
ACC-100781,Carter-Neal,SaaS,UK,,Pro,Partner,,,25-Apr-2026,True
ACC-102651,Brown-Ross,SaaS,Sweden,11.0,Starter,Organic Search,,2023-01-12,,True
ACC-105914,Henry-Bennett,Media,Brazil,69.0,Business,Sales-Led,REP-036,07/30/2024,11/30/2024,False
ACC-101749,Short PLC,Manufacturing,France,92.0,Pro,Content/SEO,,2024-08-09,,True
ACC-102126,Martinez-Massey,Healthcare,United States,64.0,Pro,Sales-Led,REP-032,2022-02-23,2025-02-23,True
ACC-103783,Burke-Olson,Media,Brazil,10.0,Starter,Sales-Led,REP-002,2024-12-05,,True
ACC-102791,Hayes-Parks,Media,United States,5.0,Starter,Referral,,2022-10-20,2023-10-20,True
ACC-102423,Lewis-Miller,Media,India,19.0,Pro,Organic Search,,2023-04-01,,True
ACC-105945,White Group,FinTech,Sweden,154.0,Business,Paid Ads,,2023-05-10,,True
ACC-105241,Moon-Morales,Healthcare,USA,17.0,Starter,Sales-Led,REP-035,2025-03-30,2025-11-30,True
ACC-100883,Rios-Padilla,Media,Brazil,131.0,Business,Partner,,,,True
ACC-103455,"Fernandez, Johnson and Nicholson",E-commerce,USA,,Starter,Referral,,2022-07-03,,True
ACC-101091,"Davis, Alexander and Mcintyre",Consulting,Canada,485.0,Business,Sales-Led,REP-023,07/07/2024,,True
ACC-104400,Hughes Ltd,Logistics,united states,143.0,Business,Paid Ads,,12/09/2023,,False
ACC-104183,"Haney, Johnson and Walker",Real Estate,India,12.0,Starter,Partner,,2024-03-20,2024-08-20,True
ACC-100531,Conner and Sons,Education,France,,Starter,Partner,,05-Jul-2025,,True
ACC-103694,Collins and Sons,Consulting,Germany,680.0,Enterprise,Sales-Led,REP-031,2022-09-26,,True
ACC-102438,Zuniga LLC,E-commerce,Brazil,786.0,Enterprise,Referral,REP-032,05/22/2025,,True
ACC-104932,Weaver-Baker,Education,U.S.A.,3.0,Starter,Organic Search,,22/11/2023,,True
ACC-104475,"Chavez, Martin and Anderson",Manufacturing,United states ,351.0,Enterprise,Content/SEO,REP-014,04/09/2022,2022-09-09,True
ACC-104071,Lucero-Chase,Manufacturing,United States,68.0,Business,Referral,,07-Dec-2023,,True
ACC-104982,Mack-Carrillo,Manufacturing,U.S.A.,6.0,Starter,Sales-Led,REP-032,06/27/2025,,True
ACC-102290,Tate Ltd,Healthcare,United Kingdom,141.0,Business,Paid Ads,,15-Oct-2022,2024-10-15,True
ACC-101727,Peterson-Ramsey,FinTech,France,11.0,Pro,Partner,,02/28/2023,,True
ACC-100610,Williams-Moses,Education,Germany,56.0,Pro,Sales-Led,REP-018,2024-09-09,,True
ACC-100570,"Khan, Pena and Ruiz",Consulting,Canada,7.0,Starter,Referral,,2025-01-24,2025-03-24,False
ACC-103886,Jenkins-Fields,Consulting,Sweden,31.0,Pro,Organic Search,,2022-06-06,11/06/2022,True
ACC-101317,"Carpenter, Lynn and Howard",manufacturing,United states ,83.0,Pro,Paid Ads,,2022-08-31,2024-12-31,True
ACC-100343,Davis-Lewis,E-commerce,Australia,133.0,Business,Paid Ads,,2023-01-31,,True
ACC-100587,Robles-Swanson,Logistics,USA,29.0,Pro,Organic Search,,2024-02-12,12-Feb-2026,True
ACC-104742,Jackson-Hodge,Consulting,UK,84.0,Business,Partner,,2022-08-17,17/02/2023,True
ACC-100636,Wilcox-Robertson,Logistics,Netherlands,45.0,Pro,,,2023-02-02,,False
ACC-100434,"Kim, Gonzales and Mills",Consulting,Germany,8.0,Starter,Content/SEO,,29/08/2022,,True
ACC-101903,"Harris, Spencer and Ponce",Logistics,Spain,3.0,Starter,Referral,,2022-09-27,27/10/2024,False
ACC-103215,"Thompson, Strong and Holmes",Media,Australia,-1856.0,Enterprise,Sales-Led,REP-022,2024-04-17,,True
ACC-100097,Davis Group,Consulting,Germany,159.0,Business,Sales-Led,REP-037,2024-07-07,2025-05-07,True
ACC-103268,Hoffman Ltd,E-commerce,Spain,524.0,Business,Referral,,20-Mar-2023,04/20/2023,True
ACC-103527,Hill PLC,FinTech,Germany,1089.0,Enterprise,Sales-Led,REP-014,2023/12/14,,True
ACC-103479,Cannon-Dominguez,Consulting,United States,72.0,Pro,Content/SEO,,2022-06-14,,True
ACC-105796,Turner Inc,Consulting,Germany,2.0,Starter,Content/SEO,,24/02/2024,,True
ACC-102069,"  Brown, Flores and Johns  ",Media,United states ,27.0,Pro,Sales-Led,REP-019,2024-01-02,,True
ACC-101537,Parks LLC,Logistics,India,34.0,Business,Referral,,2024-10-22,,True
ACC-103754,Wang Inc,Media,UK,108.0,Business,Referral,,10-Nov-2022,,True
ACC-104192,Diaz-Schaefer,E-commerce,United States,17.0,Starter,Sales-Led,REP-012,2022-08-26,26-Nov-2022,False
ACC-104838,Lee-Jones,FinTech,United Kingdom,5.0,Starter,Sales-Led,REP-018,2024-06-12,2025-07-12,False
ACC-105170,Kaiser-Carpenter,Real Estate,Germany,65.0,Pro,Sales-Led,REP-002,2024-05-06,,True
ACC-101517,Collins-Lloyd,Healthcare,United States,29.0,Pro,Paid Ads,,07/18/2023,,True
ACC-100965,Owens-Russell,Manufacturing,United States,1165.0,Enterprise,Organic Search,REP-018,2023-01-08,08-May-2024,True
ACC-105351,"Lang, Campbell and Carrillo",Consulting,United States,218.0,Business,Sales-Led,REP-026,11/04/2025,,False
ACC-100528,"Daniels, Vance and York",SaaS,Brazil,35.0,Pro,Paid Ads,,08-Feb-2022,2023-09-08,True
ACC-100176,Curry Inc,SaaS,U.S.A.,,Starter,,,2023-03-14,,True
ACC-102470,Williams and Sons,Manufacturing,India,33.0,Pro,Sales-Led,REP-009,22/10/2024,,True
ACC-104584,Porter LLC,,Brazil,4.0,Starter,Paid Ads,,2022-04-30,2025-04-30,True
ACC-104928,"Cook, Figueroa and Taylor",SaaS,Canada,16.0,Pro,Sales-Led,REP-005,2023-06-21,2024-05-21,True
ACC-103001,"Hester, Jacobson and West",Consulting,Canada,74.0,Pro,Content/SEO,,09-Apr-2024,,False
ACC-105206,POWERS LTD,,United Kingdom,205.0,Business,,,05/20/2023,,False
ACC-100572,Luna-Gallagher,Logistics,Spain,,Pro,Paid Ads,,2022-01-25,2022-05-25,True
ACC-103360,Roberts-Montes,Logistics,United Kingdom,94.0,Pro,Partner,,2023/09/16,2024-11-16,True
ACC-100592,"Allen, Armstrong and Graves",SaaS,United States,97.0,Pro,Partner,,06/12/2024,,True
ACC-105046,Taylor and Sons,Education,Canada,22.0,Starter,Paid Ads,,2024-03-17,2025-03-17,True
ACC-103062,"Roth, Bailey and Garcia",Education,United Kingdom,10.0,Starter,Referral,,08/26/2022,2022-12-26,True
ACC-103585,Elliott PLC,SaaS,Germany,11.0,Pro,Referral,,2025-08-02,,True
ACC-102374,"Adams, Hernandez and Vaughn",Real Estate,Germany,30.0,Pro,Referral,,05/08/2025,,True
ACC-103064,"Lindsey, Mccormick and Hensley",Consulting,USA,206.0,Business,Organic Search,,2022-12-02,2025-03-02,True
ACC-105709,Duran-Sanchez,E-commerce,Netherlands,32.0,Pro,Content/SEO,,2025-06-14,,True
ACC-104391,Sharp Ltd,Healthcare,Germany,18.0,Starter,Paid Ads,,2025-02-06,,True
ACC-104441,Lara-Butler,Logistics,Sweden,5.0,Starter,Referral,,02/15/2025,,True
ACC-104257,"Adkins, Duncan and Thompson",Education,India,6.0,Starter,Referral,,03/08/2023,,False
ACC-102208,Shaffer-Manning,Education,United States,3.0,Starter,Paid Ads,,2025/02/24,01/24/2026,True
ACC-103739,Edwards PLC,FinTech,United States,10.0,Starter,Sales-Led,REP-028,06/11/2022,2023/07/06,True
ACC-102492,"Chavez, Sanchez and Bird",Manufacturing,,7.0,Starter,Content/SEO,,2023-03-31,2023-10-31,True
ACC-104017,SCHMIDT PLC,SaaS,United States,11.0,Starter,Organic Search,,2025-05-05,,False
ACC-100383,"Gallegos, Adams and White",SaaS,United States,137.0,Business,Referral,,2025-05-31,,True
ACC-100852,Martin-Taylor,Healthcare,Australia,8.0,Starter,Partner,,2025/01/31,,True
ACC-101880,"Carrillo, Morris and Martin",E-commerce,Netherlands,317.0,Enterprise,Content/SEO,REP-011,16-Oct-2024,,True
ACC-100370,Mcdaniel Group LLC,Manufacturing,Australia,29.0,Pro,Content/SEO,,2024-11-22,2026-01-22,False
ACC-104395,  Brown and Sons  ,Logistics,Germany,4.0,Starter,Sales-Led,REP-030,01/09/2023,2024-05-09,False
ACC-104290,Clements PLC,Real Estate,Brazil,3.0,starter,Partner,,11/16/2022,,True
ACC-105815,Hurley Inc,Healthcare,Japan,57.0,Pro,Referral,,2025-07-22,,False
ACC-105244,"Garcia, Morrison and Smith",E-commerce,United Kingdom,86.0,Pro,Partner,,2022-07-07,2025-12-07,True
ACC-103175,Hoffman PLC,Manufacturing,Canada,26.0,Pro,Sales-Led,REP-017,2024/04/07,2025-04-07,False
ACC-101105,Johnson-Williams,Education,,6.0,Starter,Sales-Led,REP-030,2022-01-19,2023/06/19,True
ACC-105905,"Shepard, Smith and Smith",Education,United States,213.0,Pro,Content/SEO,,2025-08-01,,True
ACC-102361,"Mcdonald, Ware and Sharp",Manufacturing,United Kingdom,179.0,Business,Sales-Led,REP-031,10/06/2022,06/06/2024,True
ACC-104890,Gardner LLC,Logistics,Japan,847.0,Enterprise,Partner,REP-036,2022-12-23,,True
ACC-101336,"Vincent, Anderson and Mason",SaaS,Germany,146.0,Business,Paid Ads,,07/21/2025,,True
ACC-102189,Colon-Lucas,SaaS,United States,999999.0,Starter,Paid Ads,,2023-02-17,,False
ACC-105583,Wells-Kennedy,FinTech,U.K.,48.0,Pro,Content/SEO,,23/08/2022,23/09/2023,True
ACC-105482,Cochran Ltd,Manufacturing,Germany,26.0,Pro,Sales-Led,REP-032,2024-04-14,04/14/2025,True
ACC-105097,Lee-Grimes,education,Brazil,911.0,Enterprise,Organic Search,REP-024,2022-03-22,,True
ACC-102246,Burke-Hernandez,Manufacturing,Australia,811.0,Enterprise,Referral,REP-022,2025-01-15,,False
ACC-104176,"MELENDEZ, ALVARADO AND PHELPS",Logistics,united kingdom,,Starter,Content/SEO,,2022-06-26,2026-02-26,False
ACC-105897,Williams-Carr,,United States,182.0,Business,Partner,,2024-02-04,,True
ACC-101171,Hunt PLC,Media,India,-6.0,Starter,Paid Ads,,2024-10-14,,True
ACC-103274,Martinez and Sons,,Australia,,Business,Paid Ads,,2024-01-13,,True
ACC-104318,"Gibson, Calhoun and Hernandez",Healthcare,united kingdom,1768.0,Enterprise,Organic Search,REP-018,02/09/2025,,True
ACC-103921,Walker LLC,Real Estate,Sweden,175.0,Business,Organic Search,,06/18/2025,,True
ACC-101422,Olson LLC,SaaS,Canada,361.0,Enterprise,Referral,REP-003,2023-09-15,03/15/2024,True
ACC-102686,Kerr-Gonzalez,Education,United States,3.0,Starter,Partner,,2024-03-24,24-Dec-2024,True
ACC-105459,Dennis Inc,SaaS,Brazil,26.0,Pro,Partner,,2024-12-13,,False
ACC-104795,Terry PLC,Consulting,United Kingdom,6.0,Starter,Referral,,2023-12-04,,False
ACC-104739,"Barber, Oneal and Owens",SaaS,united states,288.0,Enterprise,Paid Ads,REP-023,03/25/2023,04/25/2026,True
ACC-105045,"Taylor, White and Patterson",Logistics,Singapore,14.0,Starter,Paid Ads,,03/02/2024,,True
ACC-101464,Cooper-Jenkins,FinTech,United States,153.0,Pro,Referral,,09/30/2023,2025-08-30,True
ACC-100874,Smith-Noble,Logistics,United States,3.0,Starter,Content/SEO,,19/12/2024,2025-08-19,True
ACC-102297,"Smith, Booker and Douglas",Real Estate,United States,45.0,Pro,Partner,,12/21/2024,,False
ACC-102643,Jackson Group,Manufacturing,Germany,9.0,Starter,Paid Ads,,03/04/2025,2025-10-03,False
ACC-103399,SHAFFER PLC,Consulting,Brazil,12.0,Starter,Paid Ads,,2025-08-12,2026-05-12,True
ACC-105265,Baxter PLC,Media,Brazil,390.0,Business,Content/SEO,,2024-05-19,,True
ACC-101251,Adams and Sons,Consulting,Brazil,4.0,Starter,Sales-Led,REP-020,2023-02-08,12/08/2025,True
ACC-103424,Glover-Barrett,saas,United States,64.0,Pro,Paid Ads,,2023-01-17,17-Jun-2024,False
ACC-100840,Carter LLC,Logistics,Spain,22.0,Pro,Organic Search,,07/06/2024,,True
ACC-104287,"Espinoza, Neal and Mitchell",SaaS,Canada,,Starter,Content/SEO,,2023-08-15,2024-08-15,True
ACC-100581,"Barry, Taylor and Velazquez",Logistics,United Kingdom,41.0,Pro,Partner,,03/03/2022,03-Jan-2025,True
ACC-100204,Miller Ltd,E-commerce,United States,3.0,Starter,Organic Search,,2024-03-20,20-Aug-2025,True
ACC-101641,"Taylor, Blair and Meyer LLC",FinTech,Spain,37.0,Pro,Referral,,2024-10-02,,True
ACC-102014,"Buchanan, Tucker and Wade",Healthcare,USA,115.0,Business,Referral,,2024-12-06,,True
ACC-103253,"Collins, Bauer and Mckay",SaaS,UK,3.0,Starter,Paid Ads,,2024-09-16,,True
ACC-100905,"Brown, Hurst and Blevins",Consulting,US,42.0,Pro,Referral,,2022-12-15,,True
ACC-100631,"Mcdonald, Lee and Rodriguez",Consulting,Germany,48.0,Pro,Content/SEO,,2024-12-09,,True
ACC-104303,"Brown, White and Lee",SaaS,USA,17.0,Pro,Paid Ads,,2024-05-04,,True
ACC-103668,Hancock Group,Media,Canada,4.0,Starter,Content/SEO,,21/03/2023,,False
ACC-101974,Quinn-Gordon LLC,Logistics,United Kingdom,158.0,Business,Organic Search,,2023-01-25,,True
ACC-100162,"Smith, Gilmore and Johnston",Education,France,14.0,Pro,Paid Ads,,2023-11-05,,True
ACC-105318,Serrano-Carr,manufacturing,Spain,33.0,Pro,Referral,,2024-09-04,,True
ACC-105925,"  Williams, Sanchez and Walsh  ",Consulting,U.S.A.,842.0,Enterprise,,REP-001,2024-12-17,2025-07-17,False
ACC-105467,STANLEY-SCHAEFER,FinTech,India,866.0,Enterprise,Sales-Led,REP-029,2025-03-06,,False
ACC-103616,Henry PLC,Logistics,Sweden,305.0,Business,Organic Search,,2023-06-10,2026-03-10,True
ACC-100617,Love-Garcia,media,United States,41.0,Starter,Organic Search,,2023-08-10,,True
ACC-100875,Alexander Inc,education,India,426.0,Enterprise,Organic Search,,08/08/2024,,True
ACC-101431,Porter and Sons,fintech,United States,55.0,Business,,,2024-10-05,,True
ACC-102973,Haynes PLC,Healthcare,United States,380.0,Business,Referral,,2024-10-30,,True
ACC-104205,"Hernandez, Fleming and Jones",Media,US,80.0,Pro,Partner,,2025-06-23,,True
ACC-100547,"Moore, Hopkins and Le",SaaS,Canada,84.0,Business,Content/SEO,,04/11/2025,,True
ACC-104483,Taylor Inc,Healthcare,France,-12.0,Starter,Partner,,2024-12-13,,True
ACC-105529,"Kelly, Simmons and Jordan",Media,Germany,4.0,Starter,Referral,,06/25/2022,2022-09-25,True
ACC-105120,"Juarez, Crawford and Nixon",FinTech,U.K.,10.0,Starter,Paid Ads,,2023-11-29,,True
ACC-103480,Miles-Dunn,real estate,Spain,52.0,Pro,Partner,,2022-06-16,,True
ACC-105531,"Smith, Gonzalez and Lambert",Logistics,Brazil,46.0,Pro,Referral,,2023-09-26,,True
ACC-104260,Bell PLC,FinTech,United States,36.0,Pro,Content/SEO,,01-Jul-2024,,True
ACC-104962,Ford-Brown,Logistics,United Kingdom,4.0,Starter,Paid Ads,,08/10/2025,05/10/2026,True
ACC-102856,"Esparza, Lambert and Davis",Healthcare,United Kingdom,9.0,Starter,Paid Ads,,2024-01-27,02/27/2024,True
ACC-101861,"Garrison, Rogers and Adams",Healthcare,Spain,38.0,Pro,Sales-Led,REP-005,2023/06/27,,True
ACC-102659,Hale Inc,Logistics,Canada,-8.0,Starter,Content/SEO,,2025/06/10,,False
ACC-105586,Larson-Davis,Manufacturing,Germany,22.0,Pro,Sales-Led,REP-015,06/03/2025,,True
ACC-100640,Young-Molina,Media,United States,3.0,Starter,Organic Search,,2025-07-04,,True
ACC-105354,"Gould, Martinez and Vargas",Healthcare,Canada,58.0,Pro,Sales-Led,REP-034,18-Aug-2022,2024-11-18,True
ACC-101009,Weaver-Thompson,Healthcare,United Kingdom,96.0,Pro,Organic Search,,2024-05-13,13/03/2026,True
ACC-103366,Torres-Jordan,Education,India,27.0,Pro,Sales-Led,REP-008,2022-06-11,2023-09-11,True
ACC-105950,Mejia PLC,Consulting,Australia,365.0,Business,Partner,,11/02/2023,,False
ACC-100637,MORALES INC,E-commerce,Canada,319.0,Enterprise,Referral,REP-016,01/21/2025,,True
ACC-103833,Kelly-Smith,Manufacturing,United States,27.0,Pro,Content/SEO,,20/08/2022,2023/05/20,True
ACC-104971,SMITH AND SONS,SaaS,France,132.0,Business,Content/SEO,,02/21/2025,,True
ACC-104870,"Olsen, Payne and Butler",Education,Canada,372.0,Business,Content/SEO,,2023/10/14,,True
ACC-102308,Fitzgerald-Dorsey,Real Estate,Spain,22.0,Pro,Organic Search,,2022-12-03,03-Sep-2023,True
ACC-105086,"Gregory, Barber and Boyd",Manufacturing,United States,933.0,Enterprise,Organic Search,REP-022,2024-02-24,2025-10-24,True
ACC-103145,"Anderson, Richardson and Kirk",E-commerce,Canada,2.0,Starter,Paid Ads,,2024-08-02,,True
ACC-103893,Arnold-Boyer,Consulting,Netherlands,128.0,Business,Referral,,2023-07-20,,True
ACC-102096,"Palmer, Brown and Wilson",Consulting,United States,17.0,Starter,Sales-Led,REP-030,2022-12-03,,True
ACC-103615,"Vincent, Curry and Smith",Education,Germany,1063.0,Enterprise,Referral,REP-016,2023-12-16,,False
ACC-101956,Jones PLC,Manufacturing,United Kingdom,34.0,Pro,Sales-Led,REP-038,03/03/2025,2025-12-03,True
ACC-101372,Mills PLC,FinTech,Netherlands,6.0,Starter,Paid Ads,,05/09/2023,09/09/2023,True
ACC-105624,Simpson-Baker,,Brazil,36.0,Starter,Content/SEO,,2022-01-28,2025-09-28,True
ACC-100921,Wilson-Salazar,Healthcare,France,96.0,Business,Partner,,2024-01-11,,True
ACC-105563,Johnson Group,E-commerce,France,107.0,Pro,Content/SEO,,2022-08-03,2026-03-03,True
ACC-100546,"Ferguson, Shaw and Jackson",SaaS,,2.0,Starter,Content/SEO,,11/21/2022,,True
ACC-101449,White-Coleman,e-commerce,USA,6.0,Starter,Partner,,14/08/2023,11/14/2024,False
ACC-102804,Friedman-Olson!,,Australia,,Business,Referral,,2024-02-16,,False
ACC-102610,JOHNSON-GONZALEZ,Education,Brazil,5.0,Starter,Paid Ads,,2022-10-20,05/20/2025,True
ACC-101900,Chen Ltd,Healthcare,France,2.0,Starter,Partner,,2025-07-01,2026-05-01,True
ACC-102757,"Dawson, Cruz and Mccarthy",Media,Canada,184.0,Business,Content/SEO,,07/01/2025,,True
ACC-102028,Ferguson Inc,Manufacturing,United States,,Pro,Paid Ads,,2022/01/21,2024-06-21,True
ACC-102301,Yates-Manning,media,Spain,5.0,Starter,Organic Search,,2024-11-19,,False
ACC-101885,Bishop and Sons,Logistics,Australia,11.0,Starter,Paid Ads,,2024-04-18,,True
ACC-101642,"SALAZAR, GARRETT AND PEREZ",Real Estate,Brazil,5.0,Starter,Partner,,2022/06/21,,True
ACC-100972,Green-Ewing,Real Estate,France,571.0,Business,Content/SEO,,2024-09-19,2025/04/19,True
ACC-105848,"Ayala, Johnson and Cook",Logistics,India,1.0,Starter,Sales-Led,REP-030,04-Dec-2022,,True
ACC-102097,Williams-Turner,Real Estate,Brazil,78.0,Pro,Paid Ads,,2022-07-01,01-Oct-2025,False
ACC-105283,"Curtis, Giles and Jones",logistics,United States,117.0,Business,Sales-Led,REP-028,2023-04-03,2025-12-03,True
ACC-104640,Lucas-Campos,Media,united kingdom,9.0,Starter,Sales-Led,REP-040,02-Feb-2025,2025-04-02,True
ACC-105466,Griffin Ltd,FinTech,India,6.0,Starter,Referral,,2024-05-13,2025-04-13,True
ACC-103531,"Douglas, Hall and Pena",Logistics,France,82.0,Pro,Content/SEO,,2023-12-06,,True
ACC-100836,Lee Group,Consulting,Spain,1531.0,Enterprise,Paid Ads,,2023-01-26,,True
ACC-100601,Payne-Lowe,Consulting,US,156.0,Business,Referral,,11/23/2022,23/09/2023,True
ACC-102184,Michael-Barber,Logistics,Germany,155.0,Business,Partner,,2022-04-03,,True
ACC-105383,Ball-Carter,,United States,12.0,Pro,Referral,,07/01/2022,,False
ACC-104035,HALL-GILLESPIE,FinTech,France,5.0,Starter,Partner,,04/15/2022,,True
ACC-105221,Miller-Soto,FinTech,Japan,124.0,Business,Content/SEO,,2023-07-11,,True
ACC-101582,Smith-Joyce,Manufacturing,India,7.0,Starter,Referral,,05/06/2025,,False
ACC-105670,Townsend LLC,Real Estate,US,48.0,Business,Referral,,26/01/2022,,True
ACC-105064,Gray-Williams,Healthcare,Japan,19.0,Starter,Sales-Led,REP-030,2022-06-19,,True
ACC-104609,Yang PLC,Real Estate,Australia,21.0,Pro,,,2025-07-30,,True
ACC-101070,HARRIS-CARSON,FinTech,Japan,1860.0,Enterprise,Sales-Led,REP-035,24-Jan-2022,,True
ACC-101775,"Stark, Rivera and Valencia",Manufacturing,U.K.,12.0,Starter,Organic Search,,2024-03-27,,True
ACC-105968,Simon Ltd,Real Estate,Germany,10.0,Starter,Partner,,19/04/2023,,True
ACC-101283,"Campbell, Pruitt and Short",FinTech,Canada,34.0,Pro,Referral,,2023-04-29,2023-10-29,True
ACC-105059,"Brewer, Goodwin and Green",Healthcare,Canada,14.0,Starter,Partner,,2022-09-19,,True
ACC-104439,Jones LLC,Logistics,France,504.0,Enterprise,Content/SEO,REP-006,08-Dec-2023,,True
ACC-105782,"Taylor, Ferguson and Bradley",Media,,9.0,Pro,Content/SEO,,05/01/2023,,True
ACC-101836,Soto PLC,E-commerce,Brazil,57.0,Pro,Paid Ads,,2024-03-19,2025-11-19,False
ACC-105233,"Garrett, Wells and Cruz",Manufacturing,U.S.A.,31.0,Pro,Paid Ads,,03/08/2024,,True
ACC-101019,"Stewart, Mann and Hoffman",Consulting,Australia,8.0,Starter,Paid Ads,,2025-08-16,,True
ACC-100970,Hernandez-Dawson,Education,Spain,71.0,Business,Paid Ads,,2023-01-08,2024-09-08,True
ACC-101326,Hampton-Tucker,Education,Canada,18.0,Starter,Partner,,2025-06-16,16/07/2025,False
ACC-103593,"Molina, Middleton and Estrada",Consulting,India,332.0,Business,Organic Search,,24-Jan-2025,,True
ACC-100475,Gilbert-Bullock,Healthcare,U.S.A.,53.0,Pro,Referral,,24/08/2023,,True
ACC-102810,"Martinez, Taylor and Nichols",Logistics,United States,38.0,Pro,Paid Ads,,2025-04-05,,True
ACC-104557,  Preston LLC  ,E-commerce,United States,6.0,Starter,Content/SEO,,2023-01-18,18-Jan-2025,True
ACC-101651,ACOSTA LLC,Manufacturing,,26.0,Pro,Partner,,2024-08-02,,True
ACC-105650,"Medina, Wise and Aguirre",Media,France,22.0,Starter,Content/SEO,,08/08/2023,2023-10-08,True
ACC-105193,Meyer and Sons,Real Estate,Australia,5.0,Starter,Content/SEO,,2022-11-16,2023-01-16,True
ACC-102528,"Garrett, Johnson and Reynolds",manufacturing,Canada,16.0,Starter,Referral,,2024-11-23,,True
ACC-104837,Douglas-Diaz,Healthcare,Brazil,495.0,Enterprise,Sales-Led,REP-026,2024-12-30,,True
ACC-104573,Simpson Inc,Consulting,Netherlands,46.0,Pro,Organic Search,,03/07/2024,2025-03-07,False
ACC-105895,Smith LLC,Logistics,France,29.0,Pro,Sales-Led,REP-005,01/04/2024,,True
ACC-101373,"Barnes, Hernandez and Davis",Media,United States,2.0,Starter,Content/SEO,,2023-09-17,2024-08-17,True
ACC-100739,Miller Group,E-commerce,United States,389.0,Enterprise,Paid Ads,REP-027,2025-06-06,,True
ACC-105304,Weaver-Vincent,Education,United States,3.0,Starter,,,2025-08-29,,True
ACC-103559,"Wagner, Melendez and Valdez",E-commerce,Canada,27.0,Pro,Paid Ads,,2023-02-16,2025/10/16,False
ACC-100867,"Stanton, Reid and Terry",SaaS,India,455.0,Enterprise,Paid Ads,REP-022,09/30/2024,,True
ACC-102974,"White, Riddle and Garza",SaaS,U.S.A.,265.0,Business,Referral,,06/04/2023,,True
ACC-101140,Ortiz-Hudson,Education,Netherlands,-15.0,Business,Sales-Led,REP-035,06/04/2024,,True
ACC-100997,Nelson-Johnson,Real Estate,Germany,553.0,Enterprise,,REP-013,03/29/2024,,True
ACC-101337,Sanders PLC,Real Estate,Germany,44.0,Business,Organic Search,,2022-07-05,,True
ACC-100541,"Bartlett, Brown and Martinez",E-commerce,United States,5.0,Pro,Paid Ads,,13-Apr-2025,,False
ACC-101099,Hill Group,FinTech,United States,13.0,Pro,Paid Ads,,2024-02-26,07/26/2024,True
ACC-101132,"Davis, Kelly and Garner",Media,India,52.0,Pro,Sales-Led,REP-020,04-Feb-2025,,True
ACC-105902,Parks-Peterson,Real Estate,Canada,1.0,Starter,Organic Search,,2023-04-28,2025-09-28,True
ACC-104141,Bowman-Murphy,E-commerce,Germany,13.0,Starter,Sales-Led,REP-033,2023-11-04,,True
ACC-102258,Smith and Sons,Consulting,United States,119.0,Business,Referral,,2025-02-16,,True
ACC-104912,Ortega-Murillo,Real Estate,Germany,12.0,Pro,Content/SEO,,2022-08-02,2026-02-02,True
ACC-103390,Aguirre-Golden,FinTech,Spain,7.0,Starter,Sales-Led,REP-028,21/09/2023,2023-11-21,True
ACC-102962,Shaw-Mclean,Real Estate,Australia,179.0,Business,Partner,,2023-12-02,2025-11-02,True
ACC-100059,Gomez-Jenkins,Consulting,France,53.0,pro,Content/SEO,,2022-07-01,,True
ACC-103259,"Clements, Moreno and Sanders",SaaS,Brazil,,Starter,Paid Ads,,2025-03-16,,True
ACC-102206,Young Inc,Real Estate,Canada,12.0,Starter,Organic Search,,2024-04-02,2025-01-02,True
ACC-101938,"Serrano, Turner and Barnes",Consulting,United Kingdom,22.0,Starter,Referral,,2025-02-02,,True
ACC-105032,Carr Group,Consulting,United States,2.0,Starter,Referral,,2024-11-29,,True
ACC-101357,"Love, Wilson and Hall",Manufacturing,Netherlands,127.0,Business,,,2024-09-25,,True
ACC-103494,"Sanchez, Orozco and Flores",Media,Canada,18.0,Pro,Content/SEO,,2022-05-22,,True
ACC-102813,Schneider Group,SaaS,Spain,1292.0,Enterprise,Sales-Led,REP-039,2022/04/20,,True
ACC-105266,Mcdowell PLC,Real Estate,united states,42.0,Pro,Sales-Led,REP-033,2024-04-16,,True
ACC-105449,"Roach, Dillon and Johnson",Consulting,Spain,46.0,Business,Partner,,09/09/2023,2024-01-09,True
ACC-101078,"CHANG, AYERS AND BUCKLEY",Education,United Kingdom,51.0,Pro,Referral,,2022/05/30,,True
ACC-104595,"Bond, Robinson and Jenkins",Manufacturing,India,212.0,Business,Partner,,2024-04-11,,True
ACC-105585,James Inc,Education,France,320.0,Business,Organic Search,,05/29/2022,2024/01/29,False
ACC-104331,"Mueller, Cox and Ford",real estate,Brazil,5.0,Starter,Referral,,,,True
ACC-103824,"Bonilla, Rodriguez and White",Manufacturing,Netherlands,132.0,Business,Partner,,08/06/2022,08/03/2023,True
ACC-105171,Pratt LLC,Logistics,Singapore,44.0,Pro,Paid Ads,,01/15/2023,2023-03-15,True
ACC-102630,"Goodwin, Farmer and Vaughn",Media,Sweden,13.0,Pro,Partner,,2023-10-25,2023-12-25,False
ACC-105662,Wilkins LLC,Real Estate,USA,103.0,Pro,Sales-Led,REP-023,04/22/2022,2024-09-22,True
ACC-105424,Green-King,Manufacturing,United States,15.0,Pro,,,2023-08-18,,True
ACC-103903,"Rhodes, Camacho and Cowan",SaaS,United Kingdom,7.0,Starter,Sales-Led,REP-002,2023-12-28,2024-09-28,True
ACC-100940,Walker PLC,Logistics,United States,5.0,Starter,Paid Ads,,2024-05-21,02/21/2025,True
ACC-101080,Humphrey-Baker,Real Estate,United States,44.0,Pro,Partner,,01/17/2023,,True
ACC-100187,Vargas Ltd,Media,India,339.0,Business,Referral,,2022-04-28,02/28/2023,True
ACC-103832,Daniels and Sons,E-commerce,Spain,109.0,Business,Content/SEO,,2022/11/25,,True
ACC-104190,Francis-Mann,Healthcare,Sweden,83.0,Business,Sales-Led,REP-013,2022-03-13,,True
ACC-102085,Moon-Wilson,Real Estate,India,9.0,Starter,Organic Search,,2024-06-16,08/16/2024,True
ACC-102249,Wilcox-Snyder,Healthcare,United states ,12.0,Starter,Content/SEO,,2022-09-14,2024-10-14,True
ACC-103795,Young and Sons,FinTech,Sweden,358.0,Business,Organic Search,,2025-03-25,2025-04-25,True
ACC-105956,Mendoza Ltd,Logistics,United States,92.0,Pro,Sales-Led,REP-006,2024-01-11,,True
ACC-102023,"Conway, Bauer and Martin",,United States,4.0,Starter,Sales-Led,REP-002,11/06/2022,2023/11/06,True
ACC-104100,Martinez Ltd,Media,United Kingdom,93.0,Pro,Paid Ads,,2024-10-12,,False
ACC-101492,"Ryan, Garza and Bryant",Consulting,united states,-22.0,Pro,Sales-Led,REP-012,17-Aug-2025,,True
ACC-104666,Scott Inc,Media,,63.0,Pro,Partner,,04/12/2024,,True
ACC-104126,Thomas-Hill,E-commerce,Canada,11.0,Starter,Partner,,2022-01-07,09/07/2023,True
ACC-100226,Miller-Wright,Logistics,Germany,12.0,Pro,Partner,,08/07/2022,,True
ACC-101013,Brown-Hernandez,E-commerce,France,58.0,Pro,Partner,,2022-08-29,2024-06-29,False
ACC-102583,Andrade and Sons,Logistics,Canada,54.0,Pro,Sales-Led,REP-035,20-Feb-2025,,True
ACC-101929,"Williams, Garcia and Boone",Education,United States,53.0,Business,Referral,,2022-03-17,,True
ACC-104274,HOWELL LLC,Education,Singapore,88.0,Business,Organic Search,,06/06/2025,,True
ACC-105461,"Choi, Ortiz and Goodwin",,U.S.A.,10.0,Starter,Referral,,2022-02-10,2022-08-10,True
ACC-101404,BOWMAN GROUP,Real Estate,Netherlands,,Enterprise,Sales-Led,REP-025,2024-10-18,,True
ACC-102179,"Robertson, Powers and Kelley",logistics,United States,6.0,Starter,Organic Search,,,,True
ACC-100697,"Calderon, Williams and Bennett",FinTech,United States,17.0,Starter,Organic Search,,2024-03-24,12/24/2025,True
ACC-101124,Sullivan-Doyle,Real Estate,India,89.0,Pro,Content/SEO,,2025-04-09,,False
ACC-103282,Hawkins LLC,E-commerce,Germany,83.0,Business,Referral,,17-Dec-2022,17/11/2023,True
ACC-104076,Woods Ltd,Real Estate,France,22.0,pro,Paid Ads,,20-Apr-2023,,True
ACC-104169,Harris-Chase,E-commerce,United States,24.0,Pro,Content/SEO,,06/07/2022,2023-06-07,True
ACC-101778,Campbell LLC,SaaS,United States,29.0,Pro,Organic Search,,11/13/2023,,False
ACC-102634,"Berry, Myers and James Inc.",,Canada,16.0,Pro,Partner,,2025-08-10,,True
ACC-103091,Miller Inc,SaaS,Australia,27.0,Pro,Paid Ads,,02/07/2023,,True
ACC-105178,Davis-Boyd,education,United Kingdom,27.0,Pro,Paid Ads,,2024-08-05,2025-09-05,True
ACC-105345,Rodriguez Ltd,Media,Brazil,25.0,Pro,Partner,,09/08/2024,,True
ACC-103489,Anderson-Sanders,Consulting,Australia,9.0,Starter,Referral,,06/10/2023,02/06/2026,True
ACC-101656,"Adams, Bradley and Hall",Media,Spain,101.0,Pro,Organic Search,,2024-05-15,10/15/2024,False
ACC-101037,Phillips LLC!,E-commerce,Germany,18.0,Pro,Partner,,2022-07-14,2025-01-14,True
ACC-105066,Smith LLC,Healthcare,Germany,6.0,starter,Content/SEO,,05-Dec-2024,,True
ACC-102256,Williamson and Sons,Healthcare,United Kingdom,328.0,Business,Content/SEO,,2024-11-20,,True
ACC-103885,"Solomon, Reyes and Delgado",Education,Spain,371.0,Enterprise,,,2023-03-24,2024-08-24,False
ACC-102406,"Higgins, Hobbs and Meyer",Healthcare,Brazil,,Pro,Referral,,2022-02-17,2023-02-17,True
ACC-100313,Byrd-Le,Logistics,,12.0,Starter,Partner,,2022-08-31,,True
ACC-102649,Matthews-Shaw,Media,United Kingdom,15.0,Pro,Sales-Led,REP-039,2025-01-12,,True
ACC-102281,Carney Group,logistics,Singapore,2093.0,Enterprise,Sales-Led,REP-008,2024-03-17,,True
ACC-103801,Hughes LLC,Education,Germany,11.0,Starter,Paid Ads,,24-Dec-2023,2024-07-24,True
ACC-104702,"Vega, Jackson and Powell",SaaS,U.S.A.,111.0,Business,Content/SEO,,2024-09-27,27-Jul-2025,False
ACC-102547,Watkins and Sons,Manufacturing,Australia,18.0,Starter,Paid Ads,,06/19/2025,,True
ACC-101416,  Thompson-Hunter  ,Manufacturing,Brazil,60.0,Pro,Referral,,2023-07-27,,True
ACC-101036,"Perez, Hayes and Lloyd",Consulting,USA,2.0,Starter,Sales-Led,REP-011,2022-12-21,2025-07-21,True
ACC-102159,Melton Inc,Manufacturing,United States,,Starter,Sales-Led,REP-020,2024-04-27,27/02/2025,True
ACC-102984,Wright-Jacobson,Real Estate,Singapore,,Starter,Referral,,2023-05-16,16-Sep-2024,True
ACC-103137,Jackson-Phillips,Media,United States,312.0,Business,Paid Ads,,25/05/2025,2025-12-25,True
ACC-105609,"Ponce, Choi and Osborne",Logistics,India,20.0,Pro,Content/SEO,,2025-04-26,,True
ACC-101754,Garcia Ltd,SaaS,United States,8.0,Starter,Paid Ads,,03/28/2024,02/28/2025,True
ACC-104653,Villa-Baxter,Healthcare,United States,2.0,Starter,Referral,,2024-04-21,2025-10-21,True
ACC-104096,"Bryant, Davis and Chase.",Healthcare,United States,56.0,Pro,Organic Search,,2022-02-25,,True
ACC-105584,  Poole and Sons  ,Manufacturing,Germany,11.0,Starter,Organic Search,,2022-03-18,,True
ACC-103732,Roy Group,Real Estate,Singapore,,Starter,Referral,,2023-12-08,08/06/2024,True
ACC-102520,Frazier Group,Healthcare,Germany,679.0,Enterprise,Referral,,2022/11/11,2025-02-11,True
ACC-100873,Williams Ltd,Real Estate,Netherlands,,Business,Paid Ads,,2022-09-22,2025-03-22,True
ACC-104868,Sanders Group,SaaS,Spain,21.0,Pro,Sales-Led,REP-025,29-Mar-2023,,True
ACC-104550,"Fernandez, Flores and Fowler",,Canada,4.0,Starter,Content/SEO,,2025-05-05,,True
ACC-101506,"Aguirre, Cohen and Mitchell",Healthcare,U.S.A.,9.0,Starter,Content/SEO,,09/06/2025,,True
ACC-105613,"Wallace, Johnston and Coleman",Real Estate,United States,18.0,Pro,Sales-Led,REP-021,2024-01-13,2026-03-13,False
ACC-101923,"  Gregory, Nguyen and Daugherty  ",Logistics,Japan,19.0,Starter,Content/SEO,,2025-02-11,,True
ACC-100448,Lee-Cooke,Real Estate,Canada,30.0,Business,Referral,,06/19/2022,,True
ACC-104219,"Haynes, Jennings and Ballard",Healthcare,United States,50.0,Pro,Organic Search,,2022-11-03,03/01/2025,True
ACC-103882,Bradshaw and Sons,Consulting,,-64.0,Business,Referral,,2023-08-28,11/28/2023,True
ACC-101858,Gregory-Nixon,E-commerce,Brazil,4.0,Pro,Partner,,11/14/2022,2024-09-14,True
ACC-104578,"Jones, King and Tapia",Media,Netherlands,45.0,Pro,Sales-Led,REP-024,2023-10-13,2025-03-13,True
ACC-103257,"WEISS, COLE AND PRESTON",Healthcare,United States,3.0,Starter,Organic Search,,2023-06-27,,True
ACC-100361,Lam LLC,manufacturing,Singapore,,Pro,Content/SEO,,2022-08-22,,True
ACC-102183,"Patel, Mendez and Hammond",Healthcare,India,8.0,Starter,Sales-Led,REP-016,2022-04-11,11/12/2024,True
ACC-101134,Green-Carter,Consulting,United States,608.0,Enterprise,Referral,REP-025,2023-07-13,08/13/2024,True
ACC-104899,"Perez, Sandoval and Durham",FinTech,U.S.A.,115.0,Business,Partner,,2025-07-18,,True
ACC-103199,"Ho, Garcia and Wallace",Manufacturing,Canada,5.0,Starter,Referral,,2023-01-24,,True
ACC-105484,"Carlson, Anderson and Neal",Media,United States,5.0,Starter,Partner,,07/21/2023,,True
ACC-103438,Alexander LLC!,,United States,1427.0,Enterprise,Sales-Led,REP-038,17-Jan-2024,,True
ACC-102155,"Peterson, Davis and Reed",Healthcare,Canada,114.0,Business,Partner,,2024-05-03,2024-09-03,True
ACC-101830,Austin-Berger,Real Estate,France,6.0,Starter,Sales-Led,REP-023,2023-07-08,,True
ACC-101053,Ruiz-Jacobson,Consulting,Great Britain,43.0,Pro,Content/SEO,,09/08/2024,09-Sep-2024,False
ACC-102460,Morgan and Sons,Manufacturing,United States,88.0,Business,Partner,,2025-06-26,,True
ACC-100022,Perez Inc,Logistics,France,45.0,Starter,Referral,,03/30/2023,30/03/2024,True
ACC-102066,"Castillo, Graham and Scott",Media,India,338.0,Business,Content/SEO,,2024-12-14,14-Dec-2025,True
ACC-101653,"Peck, Shannon and Mahoney",Real Estate,Great Britain,1121.0,Enterprise,Organic Search,REP-023,12/09/2023,,True
ACC-103767,Moore-Carroll,Media,Japan,156.0,Business,Sales-Led,REP-015,2024-01-04,,True
ACC-104390,Maxwell Inc,Consulting,Canada,1.0,Starter,Sales-Led,REP-018,06-Apr-2025,,True
ACC-102743,Waller-Brooks,Manufacturing,India,,Pro,Partner,,2023-10-23,2024-04-23,True
ACC-104078,Perez Inc,,Spain,44.0,Pro,Referral,,2022-03-07,,True
ACC-104943,Sullivan PLC,Education,Spain,27.0,Pro,Sales-Led,REP-017,2023/05/19,,True
ACC-102468,Garcia-Thomas Inc.,FinTech,Germany,15.0,Pro,Paid Ads,,2024-04-03,,False
ACC-102325,Yang Group,Logistics,United States,112.0,Pro,Partner,,2024-01-14,,True
ACC-100460,Strickland-Shaw,,United States,26.0,Pro,Partner,,2024-03-06,,True
ACC-101067,Thompson-Joyce,Media,India,,Enterprise,Content/SEO,REP-021,2024-07-02,2025-06-02,True
ACC-100087,Anderson-Bailey,FinTech,United States,270.0,Enterprise,Content/SEO,REP-022,20-Feb-2022,2023-03-20,True
ACC-101430,Valentine Ltd,FinTech,United States,35.0,Pro,Paid Ads,,13/02/2025,13-Sep-2025,True
ACC-103849,Berry-Lewis,Real Estate,United States,,Pro,Sales-Led,REP-033,06/07/2022,2024/12/07,True
ACC-100282,"Pollard, Simpson and Johnson",Media,India,285.0,Business,Sales-Led,REP-024,2022-11-20,,True
ACC-102483,"Roberts, Stanton and Smith",Logistics,United States,59.0,Business,Content/SEO,,2022-06-11,2022-08-11,True
ACC-100462,"  Taylor, Wright and Davidson  ",FinTech,U.K.,31.0,Pro,Referral,,02-Aug-2023,,True
ACC-100212,Stewart Ltd,Real Estate,Canada,107.0,Business,Partner,,10/11/2022,,True
ACC-102588,Wright-Soto,Real Estate,United states ,4.0,Starter,Sales-Led,REP-017,2024-09-20,01/20/2025,True
ACC-104763,"  Nelson, Johnson and Robinson  ",Media,India,107.0,Pro,Sales-Led,REP-002,01/03/2024,04/03/2026,True
ACC-104833,Townsend-Watts,E-commerce,Germany,29.0,Pro,Sales-Led,REP-028,2024-11-22,03/22/2026,True
ACC-102907,Jackson Group,Real Estate,United States,2.0,Starter,Sales-Led,REP-019,15-Oct-2022,2024-03-15,True
ACC-102581,"Jackson, Rose and Lloyd",E-commerce,India,97.0,Business,Sales-Led,REP-015,2023-02-24,,True
ACC-101368,Hanson PLC,FinTech,U.K.,14.0,Pro,Paid Ads,,07/02/2025,,True
ACC-100234,Ortiz Ltd!,SaaS,Australia,6.0,Starter,Partner,,16/07/2025,,True
ACC-104038,WALLACE LTD,Real Estate,Netherlands,53.0,Pro,Referral,,10/02/2024,11/10/2024,True
ACC-100597,Thornton PLC,Education,United Kingdom,,Business,Paid Ads,,2023/05/12,,True
ACC-105372,Solis LLC,,India,41.0,Pro,Organic Search,,02-Apr-2025,,True
ACC-102250,Reeves and Sons,Real Estate,Germany,26.0,Pro,Referral,,2023-07-12,2024-05-12,True
ACC-104940,Vasquez and Sons,E-commerce,United States,68.0,Business,Partner,,10/02/2024,,True
ACC-102283,"Washington, Vasquez and Singleton",Healthcare,India,1.0,Starter,Paid Ads,,2023-03-22,,True
ACC-100662,"Brown, Mcknight and Michael",Education,Canada,64.0,Pro,Sales-Led,REP-036,2022-02-10,10-Jan-2025,True
ACC-101959,Hughes and Sons,,Canada,612.0,Enterprise,Organic Search,REP-024,01/30/2023,,True
ACC-102285,Oneill and Sons,FinTech,Japan,290.0,Business,Paid Ads,,2024-07-04,08/04/2025,True
ACC-103431,Hall Ltd,Real Estate,United Kingdom,83.0,Business,Sales-Led,REP-004,21-Mar-2022,,False
ACC-105737,"Frank, Dyer and Duran",E-commerce,USA,31.0,Starter,Organic Search,,09/14/2023,,True
ACC-104379,James-Conway.,Real Estate,Germany,7.0,Starter,Organic Search,,2022-01-22,08/22/2022,True
ACC-105785,Grant-Meyer,Healthcare,Germany,9.0,Starter,Organic Search,,2023-10-19,2025-09-19,True
ACC-105553,"  Martinez, Perry and Morrison  ",FinTech,Canada,17.0,Starter,Partner,,2024-08-09,,True
ACC-103468,Reed Inc,E-commerce,Spain,21.0,Pro,Content/SEO,,2024-04-13,,True
ACC-105235,"Randolph, Jones and Strickland",Media,United states ,170.0,Business,Paid Ads,,2025-03-09,,True
ACC-102990,Ward-Patrick,Consulting,Japan,24.0,Starter,Organic Search,,2025-08-27,,True
ACC-105411,White-Moore!,Healthcare,Japan,1.0,Starter,Referral,,2022-10-27,,False
ACC-100779,"Mccann, Taylor and Flores",E-commerce,United States,31.0,Pro,Referral,,09/02/2023,,True
ACC-102544,Curtis-Lowe,Manufacturing,Brazil,156.0,Business,Partner,,2023-05-10,,True
ACC-104516,Robinson and Sons,,Netherlands,15.0,Pro,Partner,,2025-02-17,,True
ACC-104545,RUSSO GROUP,Healthcare,United States,1094.0,Enterprise,Content/SEO,REP-015,2022-08-30,03/30/2025,True
ACC-104448,Sanchez-Blackburn,E-commerce,Canada,118.0,Business,,,14/10/2024,,True
ACC-104383,Anderson-Reed,Healthcare,Australia,8.0,Starter,Referral,,08/17/2024,,True
ACC-105003,Moody-Herrera,Healthcare,Canada,254.0,Business,Referral,,2025-03-22,02/22/2026,True
ACC-105882,Miller Inc,Media,united states,6.0,Starter,Referral,,2024-09-08,,True
ACC-100685,"BOYD, GUTIERREZ AND HILL",Manufacturing,United Kingdom,165.0,Business,Content/SEO,,2025-08-18,,True
ACC-104945,Jensen Inc,Healthcare,Germany,349.0,Business,Referral,,2023-01-08,2024-02-08,True
ACC-104477,"WOODS, THOMAS AND DECKER",Education,Netherlands,336.0,Business,Content/SEO,,08/15/2025,,True
ACC-103243,Lee Inc,,United States,3.0,Starter,Sales-Led,REP-031,06-Oct-2022,,True
ACC-101748,"Russo, Collins and Murphy",SaaS,United States,13.0,Starter,Sales-Led,REP-038,2024-11-01,01-Apr-2026,False
ACC-104004,Taylor Inc,Media,Japan,1849.0,Enterprise,Organic Search,REP-012,2023-04-03,,True
ACC-104703,EDWARDS GROUP,Education,Netherlands,,Starter,Paid Ads,,09/01/2022,11/09/2022,True
ACC-102837,Ritter PLC,Real Estate,United States,13.0,Pro,Paid Ads,,22/01/2023,,True
ACC-103032,Lopez Group,E-commerce,United States,211.0,Business,Sales-Led,REP-034,2022-12-17,,True
ACC-102171,Davies-Morales,FinTech,India,19.0,Starter,Referral,,25/07/2022,2023-07-25,True
ACC-103878,Beck Ltd,Manufacturing,UK,3.0,Starter,Paid Ads,,13-Feb-2025,13/11/2025,True
ACC-101850,YOUNG-ALEXANDER,E-commerce,Germany,609.0,Business,Content/SEO,,2024-09-16,2025-08-16,True
ACC-100487,WILLIAMS-HUGHES,SaaS,United Kingdom,2.0,Starter,Referral,,03/12/2022,12-Sep-2022,True
ACC-101688,Tate LLC,SaaS,United States,6.0,Starter,Referral,,2025-06-14,,True
ACC-102230,Hunter-Bell,Real Estate,Canada,8.0,Starter,Paid Ads,,20-Dec-2024,,True
ACC-103473,Santos Group,Logistics,Singapore,5.0,Starter,Partner,,2024-01-13,2025-04-13,True
ACC-105598,Rodriguez-Galvan,E-commerce,Spain,5.0,Starter,Content/SEO,,2022-08-04,,True
ACC-102320,  Carroll-Arnold  ,FinTech,UK,1.0,Starter,Referral,,03-Jun-2024,,False
ACC-100782,Faulkner-Casey,Real Estate,U.S.A.,,Pro,Referral,,2025/04/03,,True
ACC-100521,Holmes-Mcintyre,Manufacturing,India,33.0,Pro,Partner,,2024-07-30,,True
ACC-100522,Green LLC,,U.S.A.,6.0,Starter,Content/SEO,,2024-03-17,,True
ACC-104500,"Johnson, Perez and Henry",Logistics,United Kingdom,,Business,Partner,,2024-08-25,,True
ACC-102939,Smith Ltd,SaaS,Japan,31.0,Pro,Paid Ads,,2023-04-12,12/09/2025,True
ACC-104745,  Wilson-Strong  ,Consulting,Germany,33.0,Pro,,,01/18/2022,,True
ACC-104915,"Cox, Jimenez and Rodgers",FinTech,Germany,,Business,Referral,,2023-01-08,,True
ACC-102398,Barnes-Blackwell,Media,Australia,240.0,Business,Sales-Led,REP-006,04/28/2025,,True
ACC-102207,Murphy-Silva,Logistics,US,268.0,Enterprise,Referral,REP-008,31/07/2024,,False
ACC-104581,Hughes-Clark,Education,Netherlands,5684.0,Enterprise,Partner,REP-007,10-Apr-2022,2023-05-10,True
ACC-100780,"Harris, Edwards and Oconnell",Healthcare,United States,18.0,Starter,Organic Search,,11/24/2024,,True
ACC-105652,Daugherty-Holland,Education,United Kingdom,9.0,Starter,Content/SEO,,2025/04/17,2026-05-17,True
ACC-104103,Burch PLC,E-commerce,Germany,499.0,Enterprise,Paid Ads,REP-040,08/20/2024,,True
ACC-101511,  Flores and Sons  ,SaaS,India,43.0,Starter,Organic Search,,2024-02-13,2025-03-13,True
ACC-101882,Price-Ferrell,Logistics,India,1967.0,Enterprise,Organic Search,REP-015,2024-11-05,,True
ACC-100651,"  Marks, Miller and Griffin  ",,United States,117.0,Business,Sales-Led,REP-013,12/28/2024,,True
ACC-104063,Powell-Brooks,SaaS,Germany,121.0,Pro,Sales-Led,REP-030,,,True
ACC-101801,Carr PLC,SaaS,India,4.0,Starter,,,11/12/2023,12/08/2025,True
ACC-100369,  Edwards-Scott  ,Real Estate,United States,5.0,Starter,Organic Search,,2022-10-15,2023-06-15,True
ACC-105309,"Smith, Schneider and Fleming",Healthcare,France,362.0,Enterprise,Paid Ads,REP-010,12/08/2023,,False
ACC-103841,Watson-Thomas,FinTech,India,381.0,Business,Organic Search,,03/25/2025,,True
ACC-100118,May-Ross,Media,Canada,51.0,Pro,Referral,,2022-12-30,,True
ACC-100377,Bell-Lane,Media,United Kingdom,8.0,Starter,Content/SEO,,2023-08-23,,True
ACC-100216,Perez-White,Real Estate,United States,8.0,Starter,Partner,,2024-06-01,01/12/2025,False
ACC-102216,Underwood-Smith,Logistics,Germany,2262.0,Enterprise,Sales-Led,REP-020,2023-08-06,,True
ACC-104623,Watson PLC,,Spain,20.0,Starter,Sales-Led,REP-025,2023-08-28,10/28/2025,True
ACC-101613,Jensen-Branch,,India,26.0,pro,Paid Ads,,2023-06-06,,True
ACC-102883,Thomas and Sons,Healthcare,United States,26.0,pro,Referral,,2024-01-03,,False
ACC-104354,"Ortiz, Hoffman and Fuller",Media,United States,56.0,Pro,Partner,,2023-09-04,2025-08-04,True
ACC-105460,Moore Ltd,E-commerce,Germany,12.0,Starter,Organic Search,,23-Sep-2024,10/23/2024,True
ACC-103632,Gaines-Adams,Healthcare,Sweden,28.0,Pro,Content/SEO,,2022/02/15,,True
ACC-100962,Chavez-Hall,Logistics,Japan,,Starter,Content/SEO,,2025-06-13,,True
ACC-105476,Garrett-Taylor LLC,Real Estate,India,340.0,Business,Referral,,08/01/2024,,True
ACC-102510,Rodriguez-Ramirez,Education,United States,,Pro,Sales-Led,REP-006,08/02/2024,,True
ACC-105711,Burns Inc,Manufacturing,Canada,8.0,Starter,,,2023-10-28,2024-09-28,False
ACC-104628,Mendoza-Lewis,Consulting,Brazil,,Starter,Referral,,15/05/2023,,True
ACC-104686,  Davis Ltd  ,E-commerce,United Kingdom,47.0,Business,Content/SEO,,2024-03-13,,True
ACC-100359,Boone-Simmons,Logistics,United States,12.0,Pro,Paid Ads,,2023-03-09,11/09/2024,True
ACC-101246,Aguilar-Bender,Logistics,Netherlands,7.0,Starter,Sales-Led,REP-024,2025/06/27,,True
ACC-103408,Thomas Ltd,Healthcare,U.K.,26.0,Pro,Partner,,2024-11-17,,True
ACC-104229,"Elliott, Villarreal and Sosa",FinTech,Germany,84.0,Business,Sales-Led,REP-030,26-Jan-2025,,True
ACC-102415,"Zhang, Cunningham and Kline",FinTech,India,,Pro,Paid Ads,,2022/09/11,,True
ACC-105660,"Austin, Reynolds and Jenkins",Media,Brazil,431.0,Enterprise,Sales-Led,REP-029,2023-06-20,,True
ACC-105135,"Fowler, Andrews and Rodriguez",E-commerce,U.K.,312.0,enterprise,Paid Ads,REP-038,,,False
ACC-102185,Boyd LLC,Manufacturing,Japan,3.0,Starter,Organic Search,,2025-06-26,,True
ACC-104102,Graham-Joyce,E-commerce,Sweden,34.0,Business,Sales-Led,REP-031,02/24/2024,,True
ACC-102567,Aguirre-Bennett,Media,Canada,50.0,Pro,Organic Search,,2025/05/18,,True
ACC-103423,"Morgan, Espinoza and Buchanan",Education,United Kingdom,37.0,Pro,Content/SEO,,2022/04/27,2026-04-27,True
ACC-102037,"Wilson, Johnson and Williamson",Logistics,Canada,2.0,Starter,Sales-Led,REP-039,2025-04-26,,True
ACC-105168,"MARTINEZ, GARCIA AND WOOD",FinTech,united kingdom,139.0,Business,Organic Search,,2023-07-10,03/10/2025,True
ACC-100772,Thomas-Jackson,,India,31.0,Business,Sales-Led,REP-032,2024/05/06,,False
ACC-101284,Robertson-Hicks,media,United States,19.0,Starter,Referral,,2022-02-24,2024/08/24,True
ACC-105593,Chapman and Sons,Real Estate,Germany,371.0,Business,Sales-Led,REP-003,2022-03-19,,True
ACC-103562,Craig-Wade,Manufacturing,Japan,52.0,Pro,Paid Ads,,05/16/2022,2024-01-16,True
ACC-105761,Lowery and Sons,Logistics,Netherlands,14.0,Starter,Content/SEO,,05/27/2023,2024-05-27,True
ACC-102587,"Lopez, Nichols and Clarke",Logistics,India,33.0,Business,Sales-Led,REP-021,09/02/2024,2026-04-02,True
ACC-105561,Jones LLC,logistics,Canada,3.0,Starter,Content/SEO,,2024-11-24,,True
ACC-101414,PEREZ-MCCARTY,E-commerce,Australia,39.0,Starter,Sales-Led,REP-038,01/08/2024,12/01/2024,True
ACC-101234,Holt and Sons,Education,USA,5.0,starter,Content/SEO,,09/03/2023,2023-10-09,True
ACC-103931,Schneider-Matthews,SaaS,Spain,4.0,Starter,Content/SEO,,03/11/2022,,False
ACC-100435,Cox LLC,Logistics,France,636.0,Enterprise,Content/SEO,REP-039,2023-08-06,,True
ACC-101674,Lee Group.,media,Germany,19.0,Pro,Organic Search,,2022-03-05,,True
ACC-103299,Lane Ltd,real estate,Spain,,Pro,Organic Search,,2023-09-04,,True
ACC-100365,"Wilson, Pena and Rich",Manufacturing,united states,524.0,Business,Paid Ads,,22-Aug-2023,22-Oct-2023,False
ACC-105527,Smith Group,Real Estate,United Kingdom,10.0,Starter,Partner,,2024/11/22,,True
ACC-100231,"Choi, Garcia and Farmer",Logistics,Sweden,6.0,Starter,Partner,,11-Aug-2025,,False
ACC-105174,"Mccarthy, Hanson and Garrett",Consulting,Germany,238.0,Business,Content/SEO,,02/15/2025,,True
ACC-100147,"HOLMES, WILLIAMS AND WRIGHT",Education,Germany,6.0,Starter,Referral,,24/08/2022,2022-12-24,True
ACC-105342,Roberson and Sons,,United Kingdom,5.0,Starter,Sales-Led,REP-010,02/08/2025,,True
ACC-103088,"Hanna, Watson and Miles",SaaS,United States,7.0,Starter,Referral,,2023-11-27,,True
ACC-104794,  Marshall and Sons  ,Manufacturing,United Kingdom,272.0,Business,Content/SEO,,2025-01-21,,True
ACC-103554,"Alexander, Adams and Huff",,United States,25.0,Pro,Partner,,11-Apr-2025,2025-07-11,True
ACC-100407,Roberts-Sullivan,Education,United States,43.0,Pro,Sales-Led,REP-020,2024-02-18,06/18/2024,True
ACC-105619,Kline-Peterson,SaaS,United States,283.0,Business,Content/SEO,,2022-04-15,2022-07-15,True
ACC-103692,"Espinoza, Wells and Stewart",Healthcare,India,47.0,Starter,Organic Search,,2025-08-27,,True
ACC-103456,Nielsen-King LLC,SaaS,United States,13.0,Starter,Organic Search,,2024/08/11,2024-12-11,True
ACC-102090,"Olsen, Walker and Vincent",Consulting,,3.0,Starter,Partner,,2022-07-01,02/01/2023,True
ACC-100086,"Ferrell, Jones and Lewis",Education,United Kingdom,6.0,Starter,Partner,,2023-06-25,,True
ACC-103576,"Williams, Rodgers and Kelly",Consulting,Germany,48.0,Business,Paid Ads,,2024-01-22,,True
ACC-103271,Li-Gonzalez,FinTech,Spain,367.0,Business,Organic Search,,2022-04-14,14-May-2022,True
ACC-100844,Adams PLC,Manufacturing,Brazil,44.0,Starter,Paid Ads,,2023-12-25,,True
ACC-101031,"Jones, Scott and Rodriguez",,Canada,5.0,Starter,Sales-Led,REP-031,2022-12-05,2025-06-05,True
ACC-104857,  Gibson Ltd  ,Manufacturing,United States,13.0,Pro,Paid Ads,,2023-05-28,,True
ACC-104674,Ward Inc,Real Estate,Brazil,284.0,Enterprise,,REP-028,09/25/2022,,False
ACC-105562,Stephenson Ltd,Consulting,Brazil,65.0,Business,Referral,,2025-03-18,,False
ACC-102987,"Garcia, Lopez and Vaughan Inc.",FinTech,United Kingdom,520.0,Enterprise,Organic Search,REP-022,12-Oct-2023,,True
ACC-104409,Martin Ltd,Media,Netherlands,9.0,Starter,Paid Ads,,,2026-04-24,False
ACC-102628,PORTER LTD,Manufacturing,United States,235.0,Business,Partner,,12-Jul-2024,09/12/2024,True
ACC-103864,"Faulkner, Welch and Hoffman",Education,France,8.0,Starter,Organic Search,,2023-05-28,,True
ACC-103887,"Walker, Lynch and Gordon",Media,UK,118.0,Business,Organic Search,,2024/02/22,,True
ACC-100855,Werner-Carter,Education,Japan,,Pro,Partner,,19/11/2022,2024-02-19,True
ACC-103003,"Velazquez, Gordon and Johnson",Real Estate,Netherlands,8.0,Pro,Paid Ads,,08/31/2025,,True
ACC-100078,Jones Inc,Education,Singapore,3.0,Starter,Referral,,2023-02-23,,True
ACC-102992,"Hill, Silva and Miller",Consulting,India,134.0,Business,Organic Search,,23/03/2023,,True
ACC-102247,Jackson-Bradley,Real Estate,United States,6.0,Starter,Referral,,2024-08-01,,True
ACC-105965,Taylor and Sons,Manufacturing,Singapore,826.0,Enterprise,Content/SEO,REP-031,2024-05-08,,True
ACC-105555,Hernandez Group,SaaS,Singapore,11.0,Starter,Partner,,01/28/2024,,False
ACC-105703,Kane Inc,Consulting,Germany,2367.0,Enterprise,Content/SEO,,2024-05-17,06/17/2025,True
ACC-100758,Miller-Montgomery,Manufacturing,,148.0,Pro,Content/SEO,,2022-01-04,12/04/2022,True
ACC-104166,Stewart LLC,,United States,23.0,Starter,Partner,,14-Feb-2025,,True
ACC-103355,"Thompson, Lozano and Bailey",E-commerce,United States,11.0,Starter,Referral,,2025-06-06,,True
ACC-100788,"Clark, Salinas and Guerra",SaaS,France,3.0,Starter,Content/SEO,,15-Dec-2024,2026-01-15,True
ACC-102279,White Group,Manufacturing,United States,17.0,Starter,Content/SEO,,24/05/2023,08/24/2023,True
ACC-103781,Watkins-Neal,Consulting,France,74.0,Pro,Paid Ads,,04/06/2024,,False
ACC-104306,"Martin, Payne and Stewart",E-commerce,Japan,35.0,Pro,Referral,,2025-06-27,,True
ACC-105049,"Miller, Wolf and Murray",FinTech,Australia,36.0,Starter,Content/SEO,,2024-10-22,,True
ACC-104840,Lopez-Jimenez,education,Canada,14.0,Pro,Referral,,2023-07-19,06/19/2024,True
ACC-103631,Lamb-Coleman,Logistics,United States,32.0,Pro,Referral,,2023-09-04,,True
ACC-105931,Rosario-Mclean,Healthcare,France,688.0,Business,Sales-Led,REP-025,2022-03-04,2024-08-04,True
ACC-103867,"Mcdonald, Moore and Richards",Consulting,Australia,37.0,Pro,Paid Ads,,09/06/2023,,True
ACC-102176,Pearson LLC,Healthcare,Singapore,459.0,Business,,,05/05/2024,,False
ACC-100424,Welch-Hogan,Consulting,United Kingdom,544.0,Enterprise,Referral,REP-025,03/17/2023,2024-12-17,True
ACC-100392,Webster Inc,Consulting,Brazil,11.0,Pro,Paid Ads,,2024-01-01,,True
ACC-104535,"Nelson, Johnson and Hart",SaaS,Australia,14.0,Pro,Referral,,2022-08-12,2024-07-12,False
ACC-105747,"Dunn, Johnson and Mora",Manufacturing,Australia,4.0,Pro,Referral,,25/08/2023,02/25/2024,True
ACC-102239,"Serrano, Marsh and Gonzalez",Healthcare,Canada,76.0,Business,Sales-Led,REP-034,04-Sep-2023,09/04/2025,True
ACC-100104,Nolan-Flynn,Manufacturing,Netherlands,80.0,business,Referral,,09/01/2023,,True
ACC-102672,Jones-Kelley,Real Estate,India,763.0,Enterprise,Content/SEO,REP-026,2025-08-30,2026-04-30,False
ACC-105565,Garcia Group.,SaaS,Great Britain,149.0,Business,Partner,,22/08/2023,,True
ACC-103749,"  Wilkinson, Everett and Collins  ",E-commerce,USA,17.0,Starter,Referral,,2023-11-25,25/05/2026,True
ACC-102068,"Quinn, Smith and Green",SaaS,United Kingdom,153.0,Business,Organic Search,,06-Oct-2023,,False
ACC-104091,"SULLIVAN, HANEY AND CHAVEZ",Consulting,UK,3.0,Starter,Referral,,03/21/2025,,False
ACC-103493,Deleon-Carter,Education,Australia,10.0,Starter,Content/SEO,,02/03/2022,2022/04/02,True
ACC-101948,"Williams, Medina and Moore",,United States,69.0,Pro,Sales-Led,REP-008,2024-05-06,,False
ACC-101459,King-Garrison,Media,India,58.0,Business,Sales-Led,REP-024,07/01/2024,,False
ACC-101768,Edwards-Roth,E-commerce,United States,13.0,Starter,Sales-Led,REP-027,2024-06-05,2025-02-05,True
ACC-103298,Barnett-Boyd,E-commerce,Brazil,,Business,Organic Search,,09-May-2023,,True
ACC-104085,"Thomas, Doyle and Rosales",Consulting,Japan,9.0,Starter,Organic Search,,2022-01-09,09/05/2024,True
ACC-103945,Knight-Wright,Media,Spain,,Pro,Referral,,04/28/2023,28/05/2023,True
ACC-105824,Barker Ltd,Healthcare,Canada,68.0,Business,Referral,,2023-12-29,,True
ACC-101587,"Wright, Scott and Evans",Consulting,India,265.0,Business,Organic Search,,02/22/2023,,True
ACC-104704,Wright-Roberts,Manufacturing,France,12.0,Starter,Organic Search,,2022-04-10,,True
ACC-101731,Moore-Murray,SaaS,,9.0,Starter,,,2024-08-02,2024/09/02,True
ACC-105795,"Ray, Guerra and Lopez",Logistics,Australia,23.0,Pro,Content/SEO,,2025-04-24,,True
ACC-105880,"Howard, Hayden and Smith",Education,Singapore,848.0,Enterprise,Organic Search,,01/22/2025,,True
ACC-100182,Jackson-Lawson,Real Estate,Canada,2.0,Starter,,,2023-11-02,02/10/2024,True
ACC-101791,George Ltd,E-commerce,India,4.0,Starter,Paid Ads,,2024-12-06,,True
ACC-102355,"Brown, Orozco and Butler",,France,,Pro,Content/SEO,,28/07/2024,,True
ACC-101940,Montgomery PLC,Real Estate,Singapore,8.0,Pro,Organic Search,,05/05/2024,,True
ACC-100702,  Burgess Group  ,Media,Australia,169.0,enterprise,Partner,REP-020,03/15/2025,,True
ACC-102442,Berry-Knight,Real Estate,United States,127.0,Business,Referral,,2024-02-18,,True
ACC-105733,Schneider Inc,healthcare,United States,699.0,Enterprise,Sales-Led,REP-025,10/04/2022,,False
ACC-100496,Blackwell LLC,,united states,16.0,Starter,Paid Ads,,03/27/2025,02/27/2026,True
ACC-104728,Sanchez Inc,Education,Canada,30.0,Business,Sales-Led,REP-016,2025-06-14,,False
ACC-100464,"Rosales, Mitchell and Hines",Healthcare,Canada,3.0,starter,Content/SEO,,10/29/2023,2025-05-29,True
ACC-103912,"Molina, Rodriguez and Jackson",Media,Canada,90.0,Business,Sales-Led,REP-009,2024-05-05,,True
ACC-105985,Ewing Inc,Manufacturing,Canada,13.0,Starter,Content/SEO,,2023-08-10,2025-04-10,True
ACC-100172,White-Green,SaaS,USA,26.0,Pro,,,26-Jun-2024,,True
ACC-102020,Huber-Montgomery,Logistics,Australia,1.0,Starter,Sales-Led,REP-014,10/13/2024,,True
ACC-105833,Manning and Sons,consulting,Sweden,260.0,Enterprise,Content/SEO,REP-021,2023-01-25,,True
ACC-103764,Kelly-Cox,FinTech,United Kingdom,887.0,Enterprise,Sales-Led,REP-033,2022-09-24,,True
ACC-105417,Valdez-Park,,Canada,5.0,Starter,Paid Ads,,2025-02-12,2025-10-12,True
ACC-102540,"Williams, Horn and Morales",Consulting,Great Britain,639.0,Enterprise,Organic Search,REP-013,2024-01-28,,True
ACC-105283,"Curtis, Giles and Jones",logistics,United States,117.0,Business,Sales-Led,REP-028,2023-04-03,2025-12-03,True
ACC-102009,"Crane, Johnson and Butler",,,16.0,Starter,Referral,,2024-11-23,2025-10-23,False
ACC-102260,Reeves Ltd,SaaS,Canada,104.0,Business,Referral,,08/03/2022,,True
ACC-103084,"Bonilla, Durham and Sanchez",Healthcare,United Kingdom,2095.0,Enterprise,Referral,REP-007,2025-08-29,,False
ACC-102112,Owens PLC,SaaS,United States,10.0,Pro,Content/SEO,,2022-05-26,,True
ACC-100900,Wright PLC,,Canada,67.0,Pro,Organic Search,,19-Jan-2022,,False
ACC-101446,"Clark, Carpenter and Nguyen",Real Estate,United States,,Starter,Paid Ads,,2024-03-12,,True
ACC-101911,Brown-French,Media,Germany,1187.0,Enterprise,Referral,REP-011,2024-03-04,01/04/2025,True
ACC-103542,"Brooks, Dunlap and Carter.",Consulting,United States,,Starter,Partner,,2025-03-08,,True
ACC-102697,Jones LLC,Consulting,Canada,3.0,Starter,Organic Search,,2024-08-01,,True
ACC-104755,  Prince Inc  ,Real Estate,Netherlands,34.0,Pro,Sales-Led,REP-001,28/06/2023,28-Feb-2025,False
ACC-103662,Luna-Bean,Consulting,India,628.0,Enterprise,Organic Search,REP-028,2024-11-19,,True
ACC-100741,Jacobson Inc,Logistics,United Kingdom,607.0,enterprise,Sales-Led,REP-018,2025-06-23,,True
ACC-102293,Brooks-Hickman,Consulting,United Kingdom,,Enterprise,Paid Ads,REP-028,04/04/2025,,True
ACC-102452,Schneider Inc,SaaS,Canada,4.0,Starter,Organic Search,,10-Jun-2023,,True
ACC-103813,Hughes-Nicholson,Logistics,Australia,,Starter,Organic Search,,2023-08-17,17-Dec-2025,True
ACC-104969,Franco-Stuart,FinTech,United States,48.0,Pro,Partner,,26-Jan-2022,,True
ACC-101206,Christian-Booth,Education,Canada,9.0,Starter,Partner,,2025/07/27,,True
ACC-100509,Williams-Berg,E-commerce,United Kingdom,406.0,Business,Partner,,2022-08-13,2023-11-13,True
ACC-103716,"Stewart, Miller and Jacobs",Education,Canada,41.0,Pro,Organic Search,,2024-09-30,,True
ACC-105044,Green LLC,E-commerce,Canada,7.0,Starter,Organic Search,,2022-02-16,,True
ACC-104350,Alvarez-Padilla!,Real Estate,India,38.0,Pro,Organic Search,,16-Oct-2023,16/12/2024,True
ACC-104084,Murphy LLC,,India,53.0,Pro,Referral,,2023-05-06,,False
ACC-105775,EVANS-MILLER,Manufacturing,United states ,21.0,Pro,Partner,,09/23/2024,2026-05-23,True
ACC-101549,"  Hunter, Gross and Andrade  ",Media,US,25.0,Starter,Partner,,19/01/2022,07/19/2023,True
ACC-103029,Moore-Hall,Education,Australia,21.0,Pro,Sales-Led,REP-036,2024-06-08,,True
ACC-104585,Scott Group,Media,India,3.0,Starter,Organic Search,,14-Aug-2024,,True
ACC-102202,HAHN-RAMSEY,Education,Great Britain,5.0,Starter,Referral,,2022-01-19,,False
ACC-102566,"Lewis, Castillo and Tate",E-commerce,United Kingdom,18.0,Starter,Referral,,2024-04-22,2025/09/22,True
ACC-103901,Sanchez Ltd,,United States,10.0,Starter,Sales-Led,REP-027,12/03/2022,07/03/2023,True
ACC-102044,"Harding, Kerr and Ward",Education,Singapore,292.0,Business,Paid Ads,,2024-05-22,03/22/2026,True
ACC-100767,"Davis, George and Nguyen",Logistics,Canada,9.0,Starter,Referral,,11-May-2024,05/11/2025,True
ACC-105934,"Valencia, Miller and Watkins",Logistics,United States,614.0,Enterprise,Referral,REP-039,23-Jun-2025,,True
ACC-103774,Watson-Gray,Consulting,India,121.0,Business,Content/SEO,,2024-12-01,,True
ACC-103699,Hill Group,FinTech,India,12.0,Pro,Paid Ads,,2022-08-07,2023-06-07,True
ACC-101508,White LLC,saas,United states ,4.0,Starter,Referral,,2023-12-22,2024-02-22,True
ACC-103134,"Gamble, Davis and Smith",Education,United States,,Pro,,,2022-02-12,01/12/2025,True
ACC-103761,Perez-Lopez,media,United States,82.0,Business,Sales-Led,REP-012,2024-02-28,,True
ACC-105920,"Scott, Perkins and Burton",Education,United States,13.0,Starter,Paid Ads,,2022-08-04,04/04/2025,True
ACC-100421,"Cole, Glass and Cunningham",Education,Singapore,19.0,Pro,Paid Ads,,07/07/2025,,True
ACC-100123,"JOYCE, WILSON AND LAM",Real Estate,Germany,9.0,Starter,Referral,,2022-04-15,2024-01-15,True
ACC-105574,"Gordon, Matthews and Roberts",,Germany,99.0,Business,Partner,,2025-07-06,,True
ACC-103825,SCHMIDT-REYES,Healthcare,Spain,,Starter,,,2022-10-29,,False
ACC-103292,VALENTINE INC,Media,India,2.0,Starter,Partner,,2024-11-06,,True
ACC-100819,Goodwin-Stokes,Manufacturing,United States,5.0,Starter,Content/SEO,,10-Dec-2023,2025-05-10,True
ACC-101403,"  Meyer, Dawson and Harper  ",E-commerce,India,,Starter,Partner,,12/24/2022,,True
ACC-101382,Kent Inc,Logistics,Canada,6.0,Starter,Referral,,,,False
ACC-102148,"Henry, Spencer and Ryan Inc.",SaaS,India,9.0,Starter,Sales-Led,REP-010,2025-02-10,2026-05-10,True
ACC-105948,"Floyd, Boyd and Browning",Consulting,Brazil,4.0,Starter,Referral,,2022-09-16,16-Mar-2025,True
ACC-101575,"Ramos, Gomez and Edwards",Consulting,United States,13.0,Pro,Content/SEO,,05/19/2023,2026-05-19,True
ACC-101638,Zamora-Briggs,Healthcare,Japan,95.0,Pro,Sales-Led,REP-026,2023/08/08,,True
ACC-101795,Guerrero Group,Education,Sweden,18.0,Starter,Sales-Led,REP-022,13/12/2022,13/05/2026,True
ACC-103331,Gross-Davis,Manufacturing,Canada,28.0,Pro,Sales-Led,REP-003,2022-09-04,2023-02-04,True
ACC-105854,Moreno-Sullivan,Education,United States,23.0,Pro,Content/SEO,,2024-06-05,,True
ACC-105415,"Jones, Turner and Tran",Real Estate,united states,510.0,Enterprise,Content/SEO,REP-039,2022-07-31,2024-11-30,True
ACC-100399,Duran LLC,Education,United States,293.0,Enterprise,Partner,REP-036,05/08/2024,2024-10-08,True
ACC-103151,Bennett-Hudson,education,U.K.,176.0,Business,Sales-Led,REP-016,07/06/2025,,True
ACC-102310,Hunt-Burns,Real Estate,India,18.0,Pro,Content/SEO,,02-Jun-2024,,True
ACC-100882,Barber-Fischer,Healthcare,Australia,480.0,Enterprise,Partner,REP-031,2024-03-03,,True
ACC-103565,  Johnston Ltd  ,Healthcare,United Kingdom,8.0,Starter,,,04/26/2024,2025-01-26,True
ACC-100214,"Washington, Hardy and Bray",E-commerce,Germany,18.0,Pro,Paid Ads,,25-Dec-2022,06/25/2023,True
ACC-101179,Hernandez-Davis,E-commerce,United States,21.0,Pro,Content/SEO,,07/08/2022,12/08/2022,True
ACC-101352,Gomez-Parrish Inc.,Logistics,Germany,24.0,Pro,Content/SEO,,2022-10-28,,True
ACC-103997,Hill-Wood,SaaS,United States,91.0,Business,Paid Ads,,23/05/2023,2023-06-23,True
ACC-105868,Snyder Ltd,FinTech,Australia,189.0,Business,Content/SEO,,2023/02/18,2025-10-18,True
ACC-102130,Archer-Dixon,SaaS,Brazil,6.0,Starter,Referral,,2024-01-29,03/29/2024,False
ACC-100982,Williams Group,Real Estate,United States,28.0,Pro,Paid Ads,,2025-04-03,03-Aug-2025,True
ACC-100456,BISHOP-GOODWIN,Education,Australia,15.0,Pro,Paid Ads,,2025-05-30,,True
ACC-101486,Perez-Rojas,FinTech,U.K.,18.0,Starter,Organic Search,,22/11/2022,22-May-2023,True
ACC-101079,"Chan, Floyd and Dillon",Logistics,U.S.A.,134.0,Business,Paid Ads,,2025-01-10,,True
ACC-101950,Jacobson Ltd,Real Estate,Great Britain,2.0,Starter,,,05/10/2024,05-Mar-2026,True
ACC-105230,Barber Group,manufacturing,Germany,9.0,Starter,Content/SEO,,01/26/2022,,True
ACC-100689,"Flores, Butler and Hernandez",Manufacturing,Japan,92.0,Business,Paid Ads,,11/07/2023,,False
ACC-104803,Reilly-Sanders,Education,United States,36.0,Pro,Referral,,2025-08-30,30/10/2025,True
ACC-102429,Dawson-Anderson,Education,Australia,550.0,Enterprise,Sales-Led,REP-038,2024-10-18,,True
ACC-100641,Turner-Sharp,SaaS,USA,527.0,Business,Content/SEO,,2024-07-11,,True
ACC-102392,Carrillo Ltd,Real Estate,Japan,105.0,Pro,Paid Ads,,2024-12-24,,True
ACC-102825,Stewart-Cabrera,Media,United States,13.0,Pro,Organic Search,,2024-01-02,,True
ACC-101953,Maxwell LLC,Logistics,Australia,3.0,Starter,Paid Ads,,2024-10-04,,True
ACC-103538,Hudson-Calderon,,Germany,14.0,Pro,Organic Search,,28/10/2022,,True
ACC-104327,Ford-Morgan,Media,United States,11.0,Starter,Partner,,01-Dec-2024,,False
ACC-103058,Mclean-Gillespie,Education,Germany,12.0,Pro,Organic Search,,01/28/2022,02/28/2023,True
ACC-104031,FERGUSON INC,FinTech,Canada,67.0,Pro,Content/SEO,,24-Feb-2024,2024/04/24,True
ACC-104552,Lucero-Saunders,E-commerce,USA,,Starter,Paid Ads,,01-Sep-2024,,False
ACC-102710,  Todd-Harvey  ,healthcare,United States,7.0,Starter,Referral,,04/29/2025,,True
ACC-101083,"STEELE, WILLIAMS AND PRESTON",SaaS,Brazil,22.0,Pro,Sales-Led,REP-039,2025-03-11,,True
ACC-104509,"Powers, Carrillo and Harris",FinTech,Australia,3.0,Starter,Partner,,,,True
ACC-105797,"BOND, JUAREZ AND BAIRD",E-commerce,Canada,4.0,Starter,Organic Search,,2023-01-17,,False
ACC-104877,Lucas-Potts,Education,France,15.0,Starter,Partner,,2023-11-24,,True
ACC-101884,Jones-Krause,,Great Britain,8.0,Starter,Content/SEO,,2022-06-06,,True
ACC-104695,Hernandez-Beasley,FinTech,,16.0,Pro,Organic Search,,2025-08-26,,True
ACC-100389,Moore-Collins,,Sweden,254.0,Business,Partner,,26-Mar-2025,,True
ACC-102494,Smith-Holt,FinTech,Germany,4.0,Starter,Content/SEO,,2022-10-05,2023-06-05,False
ACC-101851,"  Jackson, Lane and Wilkinson  ",Manufacturing,United States,28.0,Pro,Partner,,2023/08/13,,True
ACC-103036,Stout-Waller,Healthcare,United States,35.0,Pro,,,2022-04-02,11/02/2024,True
ACC-104155,Caldwell-Johnson,Logistics,India,314.0,Business,Sales-Led,REP-006,2022/11/19,,True
ACC-103603,Lara-Garner,FinTech,Germany,6.0,Starter,Content/SEO,,05/20/2024,,True
ACC-100845,Weaver-Sherman,manufacturing,Australia,47.0,Pro,Organic Search,,2023-10-19,,True
ACC-100542,  Torres and Sons  ,E-commerce,Spain,2.0,Starter,Paid Ads,,2023-09-14,,True
ACC-103724,Reyes and Sons,SaaS,US,20.0,Pro,Organic Search,,2022-05-01,,True
ACC-100091,"Smith, Montoya and Evans",E-commerce,Great Britain,37.0,Pro,Paid Ads,,08/04/2022,,True
ACC-103679,"Jones, Martinez and Smith",Healthcare,Singapore,34.0,Pro,Sales-Led,REP-018,2023-06-18,2024-01-18,True
ACC-105723,"Yang, Robertson and Espinoza",Healthcare,United States,3.0,Starter,Paid Ads,,2025-06-07,,True
ACC-103871,"Anderson, Lawson and Atkinson",Consulting,Japan,338.0,Enterprise,Sales-Led,REP-005,2022/02/05,,True
ACC-104020,"Jordan, Hill and Hayes",Real Estate,United States,442.0,Business,Referral,,17-Oct-2024,,True
ACC-101979,Holland Inc,FinTech,Singapore,2.0,Starter,Content/SEO,,13-Jan-2022,,True
ACC-103244,"Johnson, Hunt and Hernandez",Consulting,France,999999.0,Starter,Organic Search,,09-May-2022,2024-12-09,True
ACC-104094,  Rogers-Stafford  ,Logistics,Australia,7.0,Starter,Referral,,2024/06/08,,True
ACC-103150,"Nicholson, Smith and Farrell",,U.S.A.,55.0,Pro,Sales-Led,REP-029,12/03/2023,,True
ACC-105365,"Barry, Ramirez and Chen",Media,United states ,12.0,Starter,Referral,,30/06/2025,02/28/2026,True
ACC-104162,Hansen PLC,E-commerce,United States,,Business,Referral,,2022-12-18,2025-08-18,True
ACC-104420,Acosta-Flores,Healthcare,United States,16.0,Starter,Organic Search,,11/08/2022,,True
ACC-102964,Martinez LLC,SaaS,United Kingdom,12.0,Starter,Organic Search,,2024-11-08,,False
ACC-103463,Gonzalez-Barron,Media,United States,9.0,Starter,,,2022-12-18,10/18/2023,True
ACC-102529,WATKINS LTD,Real Estate,Canada,5.0,Starter,Referral,,2022-03-03,03-May-2024,True
ACC-104456,Dixon-Davis,Education,Germany,,Pro,Content/SEO,,2024-05-01,01/01/2026,True
ACC-101676,Murray-Henderson,Real Estate,United States,129.0,Business,Partner,,2025-03-09,,True
ACC-101048,"Larsen, Hernandez and Ward",media,United States,14.0,Pro,Content/SEO,,2025-08-28,,True
ACC-102949,Hammond LLC,Manufacturing,Sweden,11.0,Starter,Sales-Led,REP-024,2023-09-18,2024-03-18,False
ACC-101960,Cortez-Chen,,United Kingdom,,Enterprise,Partner,REP-012,2024-01-29,,True
ACC-102530,Pittman-Wright,Media,France,4.0,Starter,Partner,,2025-08-23,,False
ACC-104472,Griffin Group,Education,India,5.0,Starter,Partner,,2023-11-24,,True
ACC-104975,Atkins-Black,SaaS,Spain,41.0,Pro,Partner,,12/05/2023,2023-11-12,True
ACC-104055,Cunningham and Sons,Consulting,Brazil,203.0,Business,Sales-Led,REP-004,10/03/2023,,True
ACC-100237,"Hall, Baker and Moody",SaaS,Japan,829.0,Enterprise,Sales-Led,REP-039,11/11/2022,,True
ACC-105140,David PLC,E-commerce,United States,353.0,Enterprise,Content/SEO,REP-011,2024-02-22,,True
ACC-104587,Barker-Oliver,Media,Netherlands,10.0,Starter,Organic Search,,2024-08-23,,True
ACC-101133,Fisher-Eaton,E-commerce,Germany,8.0,Starter,Paid Ads,,2024-11-14,,True
ACC-102880,"Henry, Edwards and Bartlett",SaaS,United States,33.0,business,Sales-Led,REP-008,2023-04-12,,True
ACC-101805,Rodriguez-Campbell,Logistics,United States,5.0,Starter,Referral,,2025-07-13,,True
ACC-105030,Moore-Osborn,E-commerce,Germany,98.0,Business,Paid Ads,,11-Jan-2023,,False
ACC-100163,Smith-Bell,Education,united states,11.0,Pro,Organic Search,,01/11/2024,06/11/2024,True
ACC-104590,Wells PLC,FinTech,United Kingdom,123.0,Business,Organic Search,,20/10/2023,2024-01-20,True
ACC-105787,"  Davidson, Harrington and Jones  ",Education,United States,76.0,Pro,Paid Ads,,04/17/2025,,True
ACC-105729,Alvarez PLC,saas,UK,11.0,Starter,Content/SEO,,2022-03-24,,False
ACC-104489,Olsen Group,Logistics,United States,4.0,Starter,Organic Search,,2024-01-11,,True
ACC-104560,  Rosales PLC  ,SaaS,Sweden,5.0,Starter,Sales-Led,REP-028,20/02/2024,2025-04-20,True
ACC-104385,Miller-Cole,SaaS,Japan,7.0,Starter,Referral,,2022/11/15,,True
ACC-100265,Gay Inc,,Canada,38.0,Pro,Partner,,29/05/2022,2022-12-29,True
ACC-103839,Barker-Sanchez,Consulting,United Kingdom,,Starter,Sales-Led,REP-037,2025-04-04,,True
ACC-102001,Harrison PLC,healthcare,Germany,5.0,Starter,Paid Ads,,2022-08-10,10/08/2025,True
ACC-101811,Roberts Ltd,FinTech,United States,30.0,Pro,Sales-Led,REP-001,2024-12-26,2025-09-26,True
ACC-103277,"Travis, Buck and Mitchell",Education,Netherlands,198.0,Business,,,2024-12-07,,True
ACC-103961,Guzman-Vasquez,Manufacturing,USA,4.0,Starter,Organic Search,,2024-10-08,,True
ACC-102978,James PLC,Healthcare,US,12.0,Starter,Partner,,05/10/2022,10-Nov-2022,True
ACC-104319,"Suarez, Walker and Mitchell",SaaS,USA,3384.0,Enterprise,,REP-006,2024-01-12,,True
ACC-102906,"Grimes, Arnold and Lawson",Healthcare,Germany,250.0,Business,Referral,,05/17/2022,,True
ACC-104349,Hanson-Stewart,Logistics,Brazil,30.0,Pro,Paid Ads,,27-Oct-2024,,True
ACC-101050,"Greene, Gonzalez and Johnson",Media,United Kingdom,295.0,Business,Referral,,,,True
ACC-101428,Woods LLC,Media,France,40.0,Pro,Partner,,2023-06-14,2025-02-14,True
ACC-100398,"Brown, Harris and Dougherty",,Canada,14.0,Starter,Referral,,26-Jun-2025,,True
ACC-104080,Wright LLC,E-commerce,Brazil,29.0,Starter,Partner,,13-Aug-2023,,True
ACC-105077,"Lopez, Brown and Adams",SaaS,Brazil,381.0,Enterprise,Sales-Led,REP-015,03/03/2022,,True
ACC-100947,Oconnor PLC,Manufacturing,United states ,15.0,Starter,Content/SEO,,04/01/2022,,False
ACC-103078,"Robinson, Miller and Ward",E-commerce,Australia,16.0,Pro,Content/SEO,,2022-11-19,,True
ACC-103919,Lyons-Carroll,Consulting,United States,37.0,Pro,Organic Search,,2023-04-08,08/08/2023,True
ACC-103138,Ramirez LLC,FinTech,India,5.0,Starter,Content/SEO,,2025-01-13,,True
ACC-105426,  Barry PLC  ,FinTech,India,1.0,Starter,Partner,,08/22/2023,,True
ACC-104995,Mcdonald PLC,FinTech,India,947.0,Enterprise,Referral,REP-012,2024-07-02,,True
ACC-105654,Watson-Brown Inc.,Healthcare,Germany,1.0,Starter,Content/SEO,,04/24/2024,24-Oct-2025,True
ACC-105220,Rose-Salazar,Healthcare,Germany,4.0,Starter,Content/SEO,,2023-11-02,,True
ACC-103229,Burton Ltd,Education,Japan,,Starter,Sales-Led,REP-034,2024-08-26,,True
ACC-101826,"Simon, Terrell and Terrell",SaaS,United States,7.0,Starter,Partner,,2025-01-13,,True
ACC-101452,Krause Ltd,Manufacturing,United States,3.0,Starter,Referral,,2024-11-06,,True
ACC-100593,SMITH LLC,Consulting,UK,5.0,Starter,Partner,,2024-12-15,,True
ACC-102725,Romero Group,Logistics,United States,26.0,Pro,Paid Ads,,2024-08-17,,True
ACC-100041,George Group,E-commerce,Japan,18.0,Starter,Content/SEO,,2025-07-14,,True
ACC-100560,"Rodriguez, Allen and Martinez",Education,Canada,28.0,Pro,Paid Ads,,2024-02-14,2025-08-14,True
ACC-104900,Grant-Ellis,Healthcare,United States,18.0,Pro,Organic Search,,2022-06-16,,True
ACC-104182,  Sanchez and Sons  ,E-commerce,Canada,58.0,Pro,Partner,,2022-01-03,2023-04-03,True
ACC-100489,Cooper Ltd,Education,Brazil,378.0,Business,Sales-Led,REP-006,2025/01/24,,True
ACC-100243,Lyons-Bender,Education,Spain,15.0,Starter,Organic Search,,2025-07-04,,False
ACC-103172,ALVAREZ-BARKER,E-commerce,United States,12.0,Starter,Referral,,01/20/2024,2025-10-20,True
ACC-101339,"Martin, Palmer and Griffin",E-commerce,United Kingdom,18.0,Starter,Referral,,2025-06-08,,True
ACC-104826,"Torres, Valdez and Briggs",Education,India,6.0,Starter,Sales-Led,REP-012,30/08/2024,30/01/2025,True
ACC-104201,Stevens Group,Healthcare,Netherlands,9.0,Starter,Content/SEO,,12/01/2025,2025-11-12,True
ACC-100405,Atkins PLC,Manufacturing,UK,382.0,Business,Content/SEO,,2025-07-22,22-Dec-2025,False
ACC-101442,  Ayers-Johnson  ,FinTech,United Kingdom,852.0,Enterprise,Organic Search,,2023-10-29,,True
ACC-100261,"  Anderson, Roberts and Gilmore  ",E-commerce,Germany,13.0,Starter,Content/SEO,,02/01/2024,,True
ACC-104028,"Gonzalez, Underwood and Schaefer",Real Estate,Singapore,2.0,Starter,Content/SEO,,2023-08-30,30-Jan-2026,True
ACC-103537,"Wallace, Dixon and Young",Logistics,India,306.0,Business,Partner,,2024-01-07,,True
ACC-105548,"Lynch, Johnson and Lawrence",Manufacturing,Germany,22.0,Starter,Organic Search,,04/08/2025,,True
ACC-101689,"Savage, Huffman and Martin",Media,India,30.0,Pro,,,11/09/2022,,True
ACC-103478,Tran Inc,SaaS,France,38.0,Pro,Content/SEO,,2025-01-17,,True
ACC-101725,"Campbell, Tyler and Parker",Logistics,united states,55.0,Business,Paid Ads,,2025-05-09,,True
ACC-101203,Alvarado-Davidson,Media,United Kingdom,4.0,Starter,Referral,,25/06/2024,,False
ACC-100834,Edwards Group,Healthcare,Japan,196.0,Business,Content/SEO,,06/02/2024,,True
ACC-101866,"Kaiser, Edwards and Smith",Media,India,273.0,Business,Organic Search,,2022-07-04,,True
ACC-102496,Chambers Group,Education,United States,11.0,Starter,,,2025-08-29,,True
ACC-103016,Nelson Inc,FinTech,United States,45.0,Business,Organic Search,,2022-04-18,2022-09-18,True
ACC-104574,"Clements, Allen and Sullivan",Consulting,United states ,68.0,Business,Paid Ads,,09/17/2024,2026-01-17,False
ACC-102010,"Weaver, Anderson and Reed",Manufacturing,Sweden,122.0,Business,Partner,,2023-03-22,2024-12-22,True
ACC-104047,Smith-James,Consulting,United States,40.0,Pro,Sales-Led,REP-039,2024-01-28,,True
ACC-100340,Garcia-Jennings,Logistics,Netherlands,4.0,Starter,Organic Search,,2023-01-14,01/14/2024,True
ACC-104231,Nichols LLC!,Media,Sweden,3.0,Starter,Content/SEO,,07/27/2023,,True
ACC-101601,Hernandez-Rogers,Manufacturing,Canada,5.0,Starter,Sales-Led,REP-008,03/07/2025,,False
ACC-102796,Stevenson-Bauer,Healthcare,united states,5.0,Starter,Referral,,28-Aug-2022,04/28/2026,True
ACC-104920,Tate-Flores,SaaS,Germany,24.0,Starter,Organic Search,,29-Apr-2022,,True
ACC-105712,Dillon PLC,real estate,Singapore,77.0,Pro,Organic Search,,2022-02-19,,True
ACC-100480,Brown-Copeland,,India,1299.0,Enterprise,Organic Search,REP-020,27/03/2025,2026-02-27,True
ACC-103875,PIERCE-BELL,Manufacturing,Sweden,34.0,Pro,Content/SEO,,12/09/2022,,True
ACC-103725,"Cowan, Gonzalez and Ward",,United Kingdom,6.0,Starter,Paid Ads,,02/07/2024,07-Mar-2024,True
ACC-100774,Ward and Sons,logistics,India,3.0,Starter,Content/SEO,,29/11/2023,04/29/2025,True
ACC-102785,  Ortega-Gray  ,Consulting,France,9.0,Starter,,,04/24/2023,,True
ACC-101523,Clayton-Martinez,Healthcare,United Kingdom,10.0,Starter,Referral,,01-Mar-2025,03/01/2026,True
ACC-103621,Contreras-Henry,Healthcare,united kingdom,24.0,Pro,Partner,,2024-02-10,2025-09-10,True
ACC-104528,Evans Inc,Media,Brazil,,Starter,Content/SEO,,05/22/2023,,True
ACC-105398,"Bryant, Buchanan and Yoder",Manufacturing,Japan,7.0,Starter,Sales-Led,REP-005,2024-09-30,28/02/2026,False
ACC-105641,Murphy PLC,Consulting,Japan,-146.0,Business,Organic Search,,,2025-12-05,True
ACC-105726,Ramirez LLC,,Sweden,50.0,Pro,Content/SEO,,2024-05-16,2025-04-16,True
ACC-100799,Sheppard-Jordan,fintech,United Kingdom,18.0,starter,Referral,,04/11/2024,2025-01-04,True
ACC-101766,White-Carlson,SaaS,India,215.0,Pro,Content/SEO,,2022-06-15,,True
ACC-105719,Ball-Shaw,Consulting,France,27.0,Starter,Referral,,2024-11-18,,True
ACC-103025,"Rodriguez, Reese and Reyes",SaaS,India,243.0,Business,Organic Search,,06/03/2023,06/07/2024,True
ACC-102453,Friedman PLC,Media,USA,5.0,Starter,Organic Search,,2023/06/22,08/22/2025,True
ACC-104403,Dennis-Vargas,Education,Australia,151.0,Business,Sales-Led,REP-001,2025-05-23,,True
ACC-105371,Khan Inc,Education,Canada,2.0,Starter,Referral,,,,True
ACC-104926,Woodard Inc,E-commerce,India,4.0,Starter,Referral,,10/30/2023,2023/11/30,True
ACC-103704,Baker Inc,Real Estate,United States,219.0,Business,Sales-Led,REP-017,30/12/2022,30/06/2023,False
ACC-105691,BROWN PLC,E-commerce,USA,2747.0,Enterprise,Organic Search,REP-003,02/26/2022,,True
ACC-100363,"Kelley, Nguyen and Vang",Media,Australia,12.0,Starter,Content/SEO,,2023-05-17,,True
ACC-101271,"Williams, Randolph and Gilbert",Logistics,Canada,943.0,Enterprise,Partner,REP-012,2023-11-01,,True
ACC-100248,Johnston-Hines,Logistics,United states ,2.0,Starter,Paid Ads,,07/25/2025,,False
ACC-102003,Marsh-Dougherty,Education,United Kingdom,247.0,Business,Partner,,2023-11-21,,True
ACC-105473,  Frank-Garcia  ,Consulting,India,7.0,Starter,Sales-Led,REP-010,08/12/2023,2025-07-12,False
ACC-104304,"Griffith, Johnson and Alexander!",Healthcare,U.S.A.,9.0,Starter,Paid Ads,,2022-10-30,06/30/2023,True
ACC-105705,Michael Group,Logistics,Brazil,253.0,Business,Content/SEO,,09/24/2023,,True
ACC-105428,Martin LLC,Media,United Kingdom,7.0,Starter,Paid Ads,,2025-01-26,01/26/2026,True
ACC-100347,Willis and Sons,Logistics,United States,,Pro,Referral,,2024-11-17,2025-11-17,True
ACC-103350,"Mcknight, Howard and Johnson",Healthcare,Spain,10.0,Starter,Paid Ads,,18-Mar-2022,18-Oct-2024,True
ACC-104847,Williams and Sons,Manufacturing,United States,19.0,Starter,Sales-Led,REP-022,2023-04-08,2026/01/08,True
ACC-103613,Gross LLC,Logistics,Netherlands,2.0,Starter,Organic Search,,12/13/2023,,True
ACC-105620,Williams LLC,Logistics,Canada,6.0,Starter,Organic Search,,12/21/2023,,True
ACC-102562,Jensen-Barnes,Consulting,India,15.0,Starter,Organic Search,,2022-04-13,,True
ACC-103027,Montoya and Sons,Media,United Kingdom,74.0,Pro,Paid Ads,,06/06/2024,07/06/2024,True
ACC-104239,"MOORE, AUSTIN AND ROGERS",Manufacturing,United Kingdom,63.0,Pro,Partner,,2022/07/17,2025-12-17,True
ACC-105579,"Palmer, Ho and Duncan",E-commerce,France,4.0,Starter,Organic Search,,2022-01-31,07/31/2022,True
ACC-101423,Reyes and Sons,FinTech,United States,16.0,Starter,Partner,,13-Apr-2024,,True
ACC-100656,"Burns, Nolan and Griffin",healthcare,United States,3.0,Starter,Content/SEO,,02/08/2022,2023-03-08,True
ACC-103083,Phillips and Sons,Consulting,united states,43.0,Pro,Paid Ads,,2025-02-21,2025-11-21,True
ACC-105605,Hoffman Inc,FinTech,United Kingdom,16.0,Pro,Paid Ads,,2023-07-31,,True
ACC-102102,Wyatt Ltd,Real Estate,United States,571.0,Enterprise,Sales-Led,REP-007,2023-07-07,,True
ACC-100632,SIMON LTD,Healthcare,United States,6.0,Starter,Partner,,2024-05-31,2025-01-31,True
ACC-105867,Barrera-Nguyen,Real Estate,United Kingdom,31.0,business,Sales-Led,REP-006,2025-01-26,,True
ACC-102493,Clark-Haley,Media,India,101.0,Business,Organic Search,,12-Jan-2023,,True
ACC-102665,"Miranda, Nguyen and Hayes",Healthcare,Brazil,,Pro,Sales-Led,REP-028,07-Apr-2025,,True
ACC-104397,Davis Inc,Healthcare,Canada,99.0,Pro,Referral,,2024-03-22,,True
ACC-104707,Brewer Inc,healthcare,Brazil,4.0,Starter,Sales-Led,REP-037,2022-03-25,25/08/2023,False
ACC-104463,"Thomas, Nelson and Flores",Education,Netherlands,4.0,Starter,Paid Ads,,2024-12-21,,True
ACC-104308,"Ferguson, Montgomery and Jackson",Real Estate,United States,717.0,Enterprise,,REP-020,02/13/2023,,True
ACC-102334,Stevens-Sullivan,FinTech,United states ,72.0,Pro,Content/SEO,,2022-07-22,,True
ACC-103548,Rivas-Johnson,FinTech,Brazil,22.0,Pro,Referral,,2022-04-02,2023-04-02,False
ACC-105726,Ramirez LLC,,Sweden,50.0,Pro,Content/SEO,,2024-05-16,2025-04-16,True
ACC-102500,"Martinez, Stanton and Bennett",FinTech,Germany,46.0,Starter,Content/SEO,,06/05/2022,2025-01-05,True
ACC-103619,"Silva, Little and Washington",Real Estate,Germany,5.0,Starter,Referral,,2023/10/15,15/03/2025,True
ACC-101465,Dillon-Mccarty,E-commerce,United States,19.0,Pro,Partner,,2022/12/19,2024-07-19,True
ACC-104056,"Moore, Neal and Farmer",SaaS,Germany,6.0,Starter,Referral,,18/12/2023,,True
ACC-104215,"Gutierrez, Martin and Lee",Media,India,,Pro,Content/SEO,,2025-04-21,,True
ACC-104917,Lopez-Davis,Media,United states ,5.0,Starter,Sales-Led,REP-002,2024-11-14,,True
ACC-100115,Walker Ltd,Logistics,Brazil,3.0,Starter,Organic Search,,01/27/2025,,True
ACC-101821,Joseph LLC,E-commerce,united kingdom,14.0,Starter,Sales-Led,REP-011,05/28/2022,2024/11/28,True
ACC-101494,"Ferguson, Stout and Olson Inc.",FinTech,France,3.0,Starter,Partner,,2022-12-16,,True
ACC-102401,"Bishop, Thomas and Powell",Logistics,Netherlands,339.0,Business,Paid Ads,,2022-02-14,2022-05-14,True
ACC-103874,Wang Ltd,media,Singapore,187.0,Business,Sales-Led,REP-016,03/24/2022,24/04/2023,True
ACC-101232,Tran Group,E-commerce,,41.0,Pro,Content/SEO,,2023-08-12,2025-07-12,True
ACC-102661,Hill Ltd,Healthcare,Germany,56.0,Business,Organic Search,,2024-12-09,,True
ACC-102817,PETERSON PLC,Education,Germany,8.0,Starter,Organic Search,,10/13/2022,,True
ACC-101195,Carr-Huffman,,Spain,999999.0,Starter,Partner,,19-Feb-2022,2022-11-19,True
ACC-105558,Kim-Clark,Real Estate,Canada,162.0,Business,Partner,,05/02/2022,,False
ACC-101153,Anderson-Reyes,Media,Australia,55.0,Pro,Content/SEO,,2024-12-01,,True
ACC-103909,"Mack, Cox and Moran",Logistics,France,94.0,Pro,Organic Search,,20-Apr-2022,2023-10-20,True
ACC-104827,ROMAN-YOUNG,Consulting,United Kingdom,42.0,Pro,Partner,,2024-08-23,,True
ACC-105404,"Chavez, Yoder and Spencer",Education,Canada,10.0,Starter,Sales-Led,REP-026,21/08/2022,2024-03-21,False
ACC-100057,"Johnston, Sanchez and Kennedy",Media,Great Britain,307.0,Business,Organic Search,,2022-10-03,,True
ACC-104529,Turner LLC,manufacturing,USA,8.0,Starter,Referral,,2025-08-12,,True
ACC-103883,Roberts-Patel,Manufacturing,united states,10.0,Starter,Referral,,2023-10-17,2024-06-17,True
ACC-103061,"Coleman, Barry and Mcdaniel",SaaS,United States,8.0,Starter,Paid Ads,,2024-01-23,,True
ACC-105196,"TAYLOR, PRINCE AND SHERMAN",E-commerce,United Kingdom,9.0,Pro,Referral,,2023/09/18,,True
ACC-104247,"Webster, Garza and Abbott",Education,United States,233.0,Business,Paid Ads,,2023-02-14,,True
ACC-101735,"Rivera, Hendricks and Flynn",Manufacturing,United Kingdom,10.0,Pro,Paid Ads,,02/09/2024,,True
ACC-105480,"  Lee, Bradford and Vang  ",Healthcare,India,151.0,Business,Content/SEO,,2022-11-20,,True
ACC-102823,Meyer PLC,Manufacturing,,22.0,Pro,Organic Search,,2024-10-04,05/04/2025,True
ACC-102196,Clarke-Ramirez,Logistics,Germany,54.0,Pro,Referral,,09/14/2023,,True
ACC-100159,Russell-Daniels,Manufacturing,U.K.,11.0,Pro,Sales-Led,REP-019,10/14/2022,08/14/2024,True
ACC-104955,Thomas Ltd,Manufacturing,United States,-31.0,Pro,Organic Search,,2024-02-18,,False
ACC-102475,Adams PLC,Logistics,United States,5.0,Starter,Sales-Led,REP-009,2024-08-14,2026-02-14,True
ACC-102564,Robinson-Smith,Logistics,France,1.0,Starter,Partner,,17-Apr-2024,17-Sep-2024,False
ACC-104353,Perry PLC,Media,United Kingdom,82.0,Business,Sales-Led,REP-032,2025-02-15,2025-09-15,True
ACC-105121,Davis-Yu,E-commerce,India,8.0,Starter,Content/SEO,,27/08/2024,,True
ACC-104198,"Alvarez, Edwards and Aguirre",Healthcare,United Kingdom,1975.0,Enterprise,Sales-Led,REP-034,12/30/2024,2025-06-30,True
ACC-102608,"  Hunt, Schneider and Hartman  ",Media,United States,25.0,Business,Referral,,16-Feb-2023,,True
ACC-104701,Thomas-Jones,Manufacturing,France,12.0,Starter,Organic Search,,2023-12-26,,True
ACC-100707,Owens-Lang,FinTech,Canada,153.0,Business,Content/SEO,,07/01/2023,,True
ACC-103046,Moore-Brown,Real Estate,India,1957.0,Enterprise,Content/SEO,,2024-03-17,,True
ACC-105187,Russell Ltd,Manufacturing,Germany,,Pro,Referral,,08/22/2024,,True
ACC-101093,Nicholson-Robertson,Education,United States,18.0,Starter,Content/SEO,,2024-10-09,,True
ACC-104639,Mendez-Tyler,SaaS,United States,7.0,Starter,Referral,,04/17/2024,2024-05-17,True
ACC-101376,Winters PLC,FinTech,U.S.A.,,Pro,Referral,,10-Aug-2022,10-Dec-2024,True
ACC-105987,"Jones, Evans and Grimes",Logistics,United States,14.0,starter,Content/SEO,,2025-08-31,,True
ACC-100072,Henderson-Bernard,SaaS,Sweden,9.0,Starter,Organic Search,,11/20/2022,05/20/2026,False
ACC-101922,"Walker, Brock and Simmons",Education,India,14.0,Pro,Referral,,03/01/2023,,False
ACC-104531,Martinez Ltd,Media,United States,5.0,Starter,Referral,,2024-12-13,2025-08-13,False
ACC-105658,Lutz-Fleming,,united states,11.0,Starter,Referral,,02/01/2025,,False
ACC-101764,Williams-Johnson,Healthcare,United States,97.0,Pro,Paid Ads,,02/11/2024,,True
ACC-100743,"Alvarez, Williams and Jones",FinTech,United states ,281.0,Enterprise,Organic Search,REP-016,2025-05-03,,True
ACC-105427,"Gonzales, Lopez and Thompson",E-commerce,US,23.0,Pro,Organic Search,,2022-08-01,,False
ACC-101005,Thompson PLC,Media,United States,13.0,Starter,Paid Ads,,2025-07-17,,True
ACC-102668,"Brady, James and Reese",Consulting,Brazil,10.0,Starter,Paid Ads,,,2024-02-16,True
ACC-101190,Marsh-Banks,E-commerce,US,39.0,Pro,Referral,,10/24/2022,2023-01-24,True
ACC-104375,Nelson Ltd,,UK,11.0,Starter,Sales-Led,REP-032,2024-06-23,,True
ACC-102601,Phillips PLC,Logistics,USA,20.0,pro,Content/SEO,,23/10/2022,2023-08-23,True
ACC-101125,"Erickson, Armstrong and Lee",Education,Brazil,9.0,Pro,Referral,,07/16/2024,,True
ACC-101241,"Valencia, Joseph and Walls",Media,United States,25.0,Pro,Content/SEO,,08/24/2022,2025-04-24,True
ACC-105245,Robinson Group,Real Estate,India,756.0,Enterprise,Sales-Led,REP-032,2024-11-29,2026-05-29,True
ACC-105451,"Mcmahon, Curry and Beck",Logistics,United states ,19.0,Pro,Content/SEO,,2024-05-31,2025-08-31,True
ACC-105781,Barnes-Harris,E-commerce,United States,97.0,Business,Organic Search,,08/16/2022,2022-10-16,True
ACC-103351,"Figueroa, Mcpherson and Howard",Manufacturing,United States,11.0,Starter,Referral,,14/01/2024,2024-06-14,True
ACC-104008,Gonzalez-Mata,Media,Netherlands,19.0,Pro,Referral,,2022-06-21,,False
ACC-101577,"Jordan, Swanson and Franklin",FinTech,Australia,7.0,Starter,Sales-Led,REP-038,2022-12-11,,True
ACC-103906,"Frank, Holland and Ferguson",Logistics,India,234.0,Business,,,2022-07-02,,True
ACC-103729,Johnson-Hill,Media,United States,45.0,Pro,Referral,,09-Feb-2025,,True
ACC-101343,Brown LLC,Media,United States,18.0,Pro,Sales-Led,REP-009,06/19/2025,,True
ACC-101840,York LLC,Consulting,Germany,33.0,Pro,Organic Search,,01/20/2023,,True
ACC-100440,"Marks, Cook and Aguilar",Real Estate,Canada,9.0,Pro,Sales-Led,REP-008,2023-07-05,2024-09-05,True
ACC-101100,"Sanders, Leblanc and Maldonado",Healthcare,United Kingdom,30.0,Pro,Partner,,29-Jul-2024,,True
ACC-102637,Fowler-Torres,Consulting,US,3.0,Starter,Content/SEO,,2022-06-02,2023/07/02,True
ACC-105736,"Bradley, Coleman and Willis",Healthcare,United States,6.0,Starter,Referral,,2023-09-20,,True
ACC-100649,Todd-Pham,E-commerce,Netherlands,40.0,Pro,Organic Search,,11/06/2022,,True
ACC-101546,"Mcdonald, Dillon and George",SaaS,US,,Pro,Sales-Led,REP-029,2022-11-16,2025/07/16,True
ACC-105218,"Lee, Salazar and Colon",FinTech,USA,235.0,Business,Content/SEO,,2022-12-14,2025-04-14,True
ACC-104638,  Goodman and Sons  ,SaaS,Japan,25.0,Pro,Organic Search,,13/04/2022,,True
ACC-102852,"Morgan, Hamilton and Hernandez",,Germany,2.0,Starter,Organic Search,,2022-09-07,2023-01-07,True
ACC-103503,Ramirez-Cruz,FinTech,U.S.A.,3.0,Starter,Paid Ads,,2024-04-21,2025-11-21,True
ACC-104371,Lee-Ramirez,Healthcare,Germany,128.0,Business,Organic Search,,2024-04-17,17/12/2024,True
ACC-100630,Small-Anderson,Media,Germany,11.0,Pro,Paid Ads,,2025-04-03,2025-06-03,True
ACC-101249,Mills Inc,Manufacturing,Canada,53.0,Business,Sales-Led,REP-001,2025-01-27,,True
ACC-104147,"Stone, Schaefer and Reyes",SaaS,Singapore,31.0,Pro,Content/SEO,,02/28/2024,2024-12-28,True
ACC-100482,"Andrews, Higgins and Carter",Real Estate,United Kingdom,18.0,Pro,Partner,,2022-04-11,09/11/2022,True
ACC-101584,"  Short, Ellison and Dixon  ",E-commerce,Germany,55.0,pro,Content/SEO,,2024-05-14,,True
ACC-101462,Combs-Davis,Logistics,Canada,3.0,Starter,Content/SEO,,2023-12-04,,True
ACC-103040,"Michael, Anderson and Carrillo",E-commerce,United States,931.0,Enterprise,Organic Search,REP-029,2022-09-03,,False
ACC-104675,Boone LLC,Real Estate,India,24.0,Pro,Paid Ads,,2023-03-16,2024-01-16,True
ACC-103273,Mooney Group,Consulting,USA,72.0,Pro,Organic Search,,2022-11-09,,True
ACC-103683,Taylor-Sawyer,Consulting,Brazil,4.0,Starter,Organic Search,,26-Mar-2024,,True
ACC-104275,Becker-Mckinney,Logistics,Germany,1193.0,Enterprise,Paid Ads,REP-022,2023-01-27,2025-10-27,True
ACC-103225,Lopez-Delgado,E-commerce,India,9.0,Starter,Referral,,2022-09-26,26-Jun-2023,True
ACC-101072,Bartlett-Sloan,Consulting,U.K.,3.0,Starter,Sales-Led,REP-004,2022-03-25,25-Sep-2024,True
ACC-102631,Nguyen-Johnson,Logistics,Singapore,28.0,Pro,Content/SEO,,2022-06-18,06/18/2025,True
ACC-101660,  Joseph-Brooks  ,e-commerce,Germany,91.0,Pro,Content/SEO,,2022-12-11,,True
ACC-102425,Wiggins-Silva,Consulting,Australia,7.0,Starter,Paid Ads,,2022-09-25,,True
ACC-105216,Brown-Brown,E-commerce,United States,17.0,Starter,Content/SEO,,2023-03-26,,True
ACC-103097,"Johnson, Potter and Gordon",FinTech,Sweden,3.0,Starter,Sales-Led,REP-020,2024-07-19,2025-06-19,True
ACC-103976,Phelps PLC,consulting,France,112.0,Pro,Organic Search,,2025-05-06,,True
ACC-105445,Young-Hughes,,Germany,227.0,Business,Referral,,2022-03-01,,True
ACC-105779,"Adams, Montgomery and Williams",SaaS,India,19.0,Pro,Sales-Led,REP-026,2023-12-28,04/28/2025,True
ACC-104316,Jennings-Hughes,Real Estate,Germany,82.0,Pro,Referral,,2023-03-22,,True
ACC-104819,Adams LLC,Education,UK,-26.0,Starter,Sales-Led,REP-027,2023-07-03,2024/07/03,True
ACC-101408,Allen-Smith,saas,France,215.0,Enterprise,Organic Search,REP-029,2022-08-10,,False
ACC-101845,Green Ltd,,United States,97.0,Pro,Organic Search,,2025-08-19,,True
ACC-101798,Hudson-Gentry,SaaS,India,165.0,Business,Organic Search,,2025-02-21,2025-03-21,True
ACC-103957,"Lawrence, George and Evans",,United States,72.0,Business,Referral,,2022-01-19,,True
ACC-101475,PAGE-JACOBS,SaaS,Sweden,503.0,Business,Sales-Led,REP-039,2023-09-02,,True
ACC-100035,RODRIGUEZ-GRAHAM,Healthcare,Canada,8.0,Starter,Partner,,2022-07-01,,True
ACC-100444,"  Conner, Li and Santiago  ",FinTech,Germany,13.0,Starter,Content/SEO,,2025-04-19,,True
ACC-102359,Hall-Robinson,E-commerce,Sweden,528.0,Enterprise,Sales-Led,REP-016,23/12/2023,,True
ACC-103654,"Greer, Jacobs and Hernandez",SaaS,United States,46.0,Pro,,,2024-03-22,,True
ACC-103179,Mosley and Sons,Manufacturing,United States,,Business,Content/SEO,,2024-02-08,,True
ACC-101286,Flores Inc,Manufacturing,USA,74.0,Pro,Content/SEO,,2023-01-05,2024-02-05,False
ACC-104506,Cook-Murphy,FinTech,Canada,26.0,Pro,Partner,,18/11/2023,18-Jun-2024,True
ACC-103416,Carpenter Inc,Media,India,26.0,Starter,Referral,,2022-05-07,2025-02-07,True
ACC-102137,Hernandez-Howell,Education,U.S.A.,12.0,Starter,Organic Search,,04/15/2025,,True
ACC-102636,Rodriguez-Hudson,FinTech,United Kingdom,19.0,Starter,Sales-Led,REP-019,20-Feb-2025,,True
ACC-104016,"Jones, Davis and Grant",Education,Canada,377.0,Enterprise,Referral,,06/30/2025,,True
ACC-105881,Malone-Lyons,FinTech,United states ,633.0,Enterprise,Sales-Led,REP-012,07/17/2024,,True
ACC-101681,White PLC.,Real Estate,United States,4.0,Starter,Partner,,24-Jan-2025,,True
ACC-104419,"Becker, Gregory and Jones",Media,India,35.0,Pro,Referral,,04/01/2023,09/04/2023,True
ACC-101692,"Mack, Griffin and Sims",Manufacturing,Sweden,22.0,Starter,Paid Ads,,2024-10-10,10/01/2025,True
ACC-105373,"Hall, Holland and Hall LLC",Healthcare,Spain,29.0,Pro,Sales-Led,REP-008,26-Jul-2025,26-Mar-2026,True
ACC-101583,Foley Inc,Logistics,France,90.0,Pro,Content/SEO,,02/20/2022,2023-09-20,True
ACC-103635,Herrera Ltd,Media,United Kingdom,2.0,Starter,Partner,,2023-11-26,,True
ACC-100372,REYNOLDS LTD,SaaS,Canada,328.0,Business,Referral,,17/07/2024,,False
ACC-104669,Reilly-Gibson,E-commerce,US,98.0,Business,Organic Search,,11/22/2024,22-May-2025,True
ACC-100140,Hernandez Inc,education,United States,,Starter,Content/SEO,,05/30/2022,2022-06-30,True
ACC-105671,"Roberts, Rodriguez and Chen",E-commerce,Spain,,Pro,,,03/17/2024,,True
ACC-104996,"Jones, Becker and Daugherty",E-commerce,India,10.0,Starter,Referral,,09/07/2022,,True
ACC-100714,"Pena, Cohen and Scott",FinTech,France,37.0,Business,Referral,,2025-06-17,,True
ACC-103188,Turner LLC,FinTech,United States,-140.0,Business,Content/SEO,,02/10/2023,,True
ACC-105370,Duke-Johnson,Real Estate,India,4.0,Starter,Content/SEO,,2024-05-20,,True
ACC-104248,Alvarado LLC,Education,Germany,61.0,Pro,Referral,,2022-02-04,04-Jun-2022,True
ACC-100406,  Berry-Mckinney  ,Logistics,United states ,33.0,Pro,Paid Ads,,2024-07-07,2025-03-07,True
ACC-100020,Gray-Mayo,Media,United States,41.0,Pro,Content/SEO,,2023-05-24,,False
ACC-101004,"Bradford, Salinas and Kelly",Consulting,Canada,13.0,Starter,Partner,,12-Feb-2023,2024-10-12,True
ACC-102411,Green-Romero,Healthcare,United states ,70.0,Pro,Sales-Led,REP-019,2023-01-03,2023-12-03,True
ACC-102545,Gibson LLC,Real Estate,Spain,577.0,Business,Sales-Led,REP-015,2022-10-28,2023-10-28,False
ACC-102390,Hardin-Villanueva,Consulting,Netherlands,46.0,Pro,Sales-Led,REP-030,2025-07-14,10/14/2025,True
ACC-104029,"Camacho, Hernandez and Mejia",Consulting,Brazil,,Starter,,,2022-05-04,2023-11-04,False
ACC-100042,Rodriguez LLC,,Canada,3736.0,Enterprise,Partner,REP-033,09/19/2023,,True
ACC-102830,Shea-Mccarthy,Real Estate,United States,114.0,Business,Partner,,16-May-2023,,True
ACC-103371,Johnson LLC,Media,United States,7.0,Starter,Organic Search,,2024/04/16,,True
ACC-103022,Holloway and Sons,Media,Canada,3.0,Starter,Sales-Led,REP-039,03-Mar-2022,2026-05-03,False
ACC-103364,Smith-Williams,Media,Canada,17.0,Starter,Referral,,11/18/2023,,True
ACC-100011,Dudley Group,Consulting,Germany,-47.0,pro,Organic Search,,10/21/2022,,False
ACC-101177,"Fitzpatrick, Rivera and Smith",Consulting,Brazil,17.0,Pro,Partner,,08/25/2022,2023-10-25,True
ACC-101947,"Trujillo, Chang and Williams",Logistics,United States,61.0,Pro,,,07/24/2022,,True
ACC-102501,"Howard, Thompson and Tate",Manufacturing,U.S.A.,25.0,Pro,Partner,,05-Oct-2023,,True
ACC-102863,"White, Washington and Newman",FinTech,Germany,2.0,Starter,Paid Ads,,2022-04-29,2025-08-29,True
ACC-103865,MILLER-ADKINS,FinTech,India,34.0,Pro,Partner,,2024-09-29,,True
ACC-101026,Rivera Inc,Media,Brazil,43.0,Pro,Sales-Led,REP-014,25/01/2022,,True
ACC-103848,Benson Inc,Logistics,Spain,4.0,Starter,Referral,,2022-08-26,2023-10-26,True
ACC-102989,"Smith, Arnold and Atkins",Real Estate,United states ,5.0,Starter,Content/SEO,,27-Oct-2024,,True
ACC-100961,Haynes-Moss,Real Estate,India,41.0,Pro,Paid Ads,,22/05/2024,,True
ACC-102889,Bentley-Thomas,Consulting,Brazil,124.0,Business,Partner,,04/19/2024,,False
ACC-103015,Bowman LLC,Media,United Kingdom,17.0,Pro,Referral,,03-May-2022,,True
ACC-103338,Wheeler Group,Real Estate,United States,818.0,Enterprise,Paid Ads,,2022-06-17,,True
ACC-104921,White and Sons,FinTech,Canada,308.0,Enterprise,Referral,REP-007,22/12/2023,,True
ACC-100735,Sutton-Abbott,Consulting,U.S.A.,11.0,Starter,Partner,,2023-04-13,11/13/2025,True
ACC-101440,"Ramirez, Walker and Ray",Media,Singapore,2751.0,Enterprise,Sales-Led,REP-010,2023-05-09,,True
ACC-102875,"Scott, Mullins and Miller",Education,United States,27.0,Pro,Partner,,2023-08-29,11/29/2023,False
ACC-103986,Cardenas and Sons,SaaS,United Kingdom,,Business,Paid Ads,,2024-11-01,,False
ACC-100916,Miller-Mccall,Consulting,United States,3.0,Starter,Content/SEO,,18/04/2025,,True
ACC-105074,"Harrison, Russell and Allen",Logistics,Great Britain,94.0,Business,Content/SEO,,23-Jan-2024,,False
ACC-104089,Sanders Inc,Media,United Kingdom,430.0,Business,,,22-Apr-2024,05/22/2025,True
ACC-105622,Chan-Graves,Healthcare,India,31.0,Pro,Organic Search,,23/05/2023,2023-11-23,True
ACC-104750,"Taylor, Leon and Sanders",Education,United Kingdom,1004.0,Enterprise,Organic Search,REP-034,2025-03-11,,True
ACC-102772,Lamb and Sons,FinTech,United States,4.0,Starter,Content/SEO,,14/03/2024,09/14/2024,True
ACC-101624,"BARNETT, BENNETT AND ESCOBAR",E-commerce,Canada,53.0,Starter,Partner,,10/14/2023,,True
ACC-105655,Smith-Johnson,Healthcare,India,,Starter,Partner,,2022-07-09,09/09/2024,False
ACC-100821,Diaz and Sons,FinTech,Germany,-28.0,Starter,Organic Search,,2023/06/10,01/10/2024,True
ACC-101367,Burke-Norton,SaaS,United States,,Pro,Referral,,2025-05-28,,True
ACC-103712,Hunt Group,healthcare,United States,325.0,Enterprise,,,02/18/2022,,True
ACC-105469,"  Francis, Lewis and Carter  ",Manufacturing,United States,38.0,Pro,Referral,,2024-03-12,,False
ACC-100850,Clark Ltd,Logistics,Singapore,15.0,Pro,Content/SEO,,2025-06-09,12/09/2025,True
ACC-101000,"Howard, Silva and Hall LLC",SaaS,Sweden,,Pro,Referral,,04/17/2022,,True
ACC-104520,Castillo-Carlson,FinTech,Spain,5.0,Starter,Organic Search,,2025-01-31,,True
ACC-104114,Price-Boyd,,United States,,Pro,Partner,,2023-04-07,,False
ACC-101637,"Hill, Brown and Scott",Consulting,United Kingdom,116.0,Business,Referral,,2024-06-05,05/05/2025,True
ACC-101667,Patterson Inc,Logistics,Canada,24.0,Pro,Paid Ads,,07-Aug-2024,,True
ACC-103173,Sheppard Group,Education,United Kingdom,67.0,Business,Referral,,2022-04-26,2023-03-26,True
ACC-104625,RICHARDS-SMITH,Consulting,Netherlands,6.0,Starter,Sales-Led,REP-036,07/08/2024,2025-11-08,True
ACC-101347,"  Nguyen, Padilla and Boyd  ",Education,Japan,14.0,Pro,Sales-Led,REP-017,07/07/2024,,True
ACC-104747,  Freeman-Christensen  ,Manufacturing,United States,4.0,Starter,Sales-Led,REP-009,2024-06-26,,True
ACC-103230,"Camacho, Rodriguez and Ho",Healthcare,United States,33.0,Pro,Referral,,2023-09-11,2023-12-11,True
ACC-104269,Mccullough Inc,,United States,11.0,Starter,Partner,,2024/01/01,2024-09-01,False
ACC-104671,Baker Group,Consulting,France,33.0,Pro,Content/SEO,,2025-06-03,,True
ACC-103232,Kline-Davis,Logistics,India,8.0,Starter,Content/SEO,,08/29/2023,2025-12-29,True
ACC-105790,Hudson Group,SaaS,France,50.0,Business,Partner,,08/02/2022,,True
ACC-100703,Dominguez Ltd!,Manufacturing,United states ,13.0,Pro,Partner,,2025-07-24,,False
ACC-104848,Hunt Group,manufacturing,Germany,656.0,Enterprise,Referral,REP-039,2025-08-29,,True
ACC-103291,  Ware-Williams  ,Logistics,India,10.0,Starter,Referral,,12/25/2023,2025-04-25,True
ACC-103673,JOHNSON LTD,Education,United States,2.0,Starter,Content/SEO,,09/23/2022,,True
ACC-102408,"Peterson, Reid and Johnson",SaaS,Canada,22.0,Pro,Referral,,08/07/2023,,True
ACC-101327,Thompson PLC,Consulting,US,,Enterprise,Content/SEO,REP-025,2023-05-03,,True
ACC-105667,"Johnson, Anderson and Vincent",Education,India,24.0,Pro,Paid Ads,,03/13/2024,05/13/2024,True
ACC-104983,Bradley-Smith,Manufacturing,United Kingdom,11.0,Starter,Sales-Led,REP-033,03/07/2025,,True
ACC-105080,"Herman, Rodgers and Green",Media,United States,14.0,Starter,Content/SEO,,09/30/2024,2025-11-30,True
ACC-100986,Gomez and Sons,Education,USA,13.0,Pro,Partner,,28/03/2023,,True
ACC-105520,Bush-Ford,Consulting,United Kingdom,20.0,Starter,Content/SEO,,2024-12-03,2026-02-03,True
ACC-105228,George-Myers,SaaS,United States,29.0,Pro,Referral,,2022-05-28,2025-05-28,True
ACC-105036,Baxter Inc,Consulting,Sweden,138.0,Business,Organic Search,,2023-08-28,,False
ACC-104049,Ward-Collins,E-commerce,Australia,1083.0,Enterprise,,REP-018,2022/07/23,,True
ACC-103485,"  Bradley, Ritter and Smith  ",SaaS,Germany,371.0,Business,Partner,,2024-09-21,,False
ACC-102474,  Johnson-Schultz  ,SaaS,Canada,48.0,Pro,Referral,,25-Jul-2024,2024-09-25,True
ACC-103873,  Duncan and Sons  ,Manufacturing,Canada,21.0,Starter,Referral,,2024-11-08,08/12/2024,True
ACC-101198,Brown Ltd,FinTech,Sweden,121.0,Pro,Referral,,27-May-2024,,True
ACC-104181,Key-Ramos,E-commerce,France,935.0,Enterprise,Paid Ads,,2024-08-02,,True
ACC-101518,Ford-Moody,education,United States,1.0,Starter,Sales-Led,REP-020,11/30/2023,2023-12-30,True
ACC-101799,Sellers-Zuniga,Healthcare,United States,41.0,Business,Sales-Led,REP-022,2023-03-09,,True
ACC-101014,"Stark, Schroeder and Mathis",Logistics,United States,120.0,Business,Partner,,12/25/2022,,False
ACC-100128,"Mccall, Hanson and Alvarado",Healthcare,United States,4.0,Starter,Content/SEO,,08/19/2022,2025-10-19,True
ACC-101364,Johns Ltd,Healthcare,Netherlands,310.0,Business,Sales-Led,REP-001,05/26/2022,2025-09-26,False
ACC-104676,Dunn LLC,Manufacturing,United States,17.0,Starter,Sales-Led,REP-007,2023/04/14,,True
ACC-100891,May Ltd,,,413.0,Pro,Content/SEO,,2022-08-08,,True
ACC-102793,Andersen LLC,FinTech,United Kingdom,28.0,Pro,Referral,,04/02/2025,,True
ACC-105105,"Decker, Brown and Watts",Education,United Kingdom,2.0,Starter,Sales-Led,REP-034,06/21/2025,,True
ACC-105798,"Richardson, Taylor and Jones",SaaS,Netherlands,117.0,Pro,,,2024-06-15,,False
ACC-105213,Mendoza and Sons,E-commerce,Brazil,11.0,Starter,Organic Search,,2025/08/12,2025-09-12,True
ACC-103249,"Phillips, Mcgee and Simpson",Real Estate,France,2.0,Starter,Partner,,2022-07-17,17/06/2025,False
ACC-101208,Rivera LLC,media,India,61.0,Business,Sales-Led,REP-018,2025-08-27,,True
ACC-103868,"Bell, Reynolds and Forbes",Real Estate,Canada,10.0,Starter,Partner,,2022-09-13,2023-02-13,True
ACC-104065,  Rivera Group  ,Media,US,7.0,Starter,Sales-Led,REP-017,2025-05-31,2025-10-31,True
ACC-105201,Sullivan LLC,Media,India,54.0,Business,Partner,,02-Dec-2022,,True
ACC-101239,Taylor PLC,Consulting,Australia,17.0,Pro,Content/SEO,,2023-03-13,,True
ACC-102289,Butler Inc,Media,United States,9.0,Pro,Referral,,2022-02-24,2025-05-24,True
ACC-102740,HENDRICKS INC,,India,472.0,Enterprise,Content/SEO,REP-012,2025-02-08,,True
ACC-100275,"Burns, Hernandez and Ryan",Real Estate,Brazil,159.0,Business,Paid Ads,,,,True
ACC-101035,Kramer-Lane,manufacturing,Great Britain,18.0,Starter,Organic Search,,2023-03-09,,True
ACC-101229,"Monroe, Chapman and Barton",SaaS,US,12.0,Starter,Partner,,2022-01-27,,True
ACC-101008,"Thomas, Vaughan and Copeland",Media,Australia,-384.0,Business,Paid Ads,,30/08/2025,,False
ACC-103828,"Brennan, Graham and Marshall Inc.",FinTech,United Kingdom,216.0,Business,Referral,,09-Aug-2022,,True
ACC-102532,Underwood PLC,Media,Sweden,48.0,Pro,Partner,,31-Oct-2022,2026/01/31,True
ACC-101058,Elliott-Hernandez,SaaS,India,31.0,Starter,Sales-Led,REP-027,2024-06-24,2025-08-24,False
ACC-104513,"Meyers, Ward and Brown",Education,Australia,2.0,Starter,Partner,,2023-05-18,04/18/2024,True
ACC-100281,Hughes-Alvarado,Consulting,UK,170.0,Business,Content/SEO,,2024-03-02,,False
ACC-101043,"Martin, Preston and Moore",,Canada,12.0,Pro,Paid Ads,,2023-09-06,06-Apr-2024,True
ACC-101316,King and Sons Inc.,Real Estate,Singapore,18.0,Pro,Content/SEO,,28-Mar-2025,,True
ACC-100968,Aguirre LLC,Manufacturing,India,33.0,Pro,Paid Ads,,2022-11-10,,True
ACC-102381,"Carter, Alexander and Hunter",Education,United States,991.0,Enterprise,Paid Ads,REP-039,2023-05-26,26-Jul-2025,True
ACC-105164,Cooper and Sons,Manufacturing,France,171.0,Pro,Referral,,2025-07-25,,True
ACC-101939,"Young, Wilson and Moreno",Manufacturing,Sweden,122.0,Business,Partner,,07/04/2023,,True
ACC-104359,Willis LLC,Healthcare,Sweden,8.0,Starter,Partner,,2025-08-16,,True
ACC-101274,"Robinson, White and Jones",Manufacturing,India,409.0,Business,Organic Search,,2025-04-01,,False
ACC-100619,Russell Group,Logistics,US,683.0,Enterprise,Sales-Led,REP-005,07/09/2022,,True
ACC-104694,Ortiz Group,Media,Germany,242.0,Business,Sales-Led,REP-024,,2026-01-02,False
ACC-101742,Hayes-Sampson,consulting,Canada,5.0,Starter,Referral,,2024-03-07,,True
ACC-101390,"Sanders, Harris and Arnold LLC",education,Canada,1963.0,Enterprise,Sales-Led,REP-021,2022-01-04,2024-02-04,True
ACC-104952,CHUNG-ANDREWS,Healthcare,United States,14.0,Starter,Referral,,2024-10-26,2026-01-26,True
ACC-101579,"King, Nixon and West",,Germany,12.0,Pro,Content/SEO,,2023-07-14,2026-02-14,False
ACC-101655,Lopez PLC,FinTech,Germany,6.0,Starter,Partner,,06/25/2022,2025/12/25,True
ACC-103568,Cannon-Dawson,FinTech,India,999999.0,Pro,Content/SEO,,12/08/2023,,True
ACC-102352,"Garza, Carr and Gregory",Media,France,10.0,starter,Sales-Led,REP-006,2022-08-30,,True
ACC-102212,Ferguson-Lyons,Consulting,United Kingdom,20.0,Pro,Referral,,2023-08-16,06/16/2024,True
ACC-103245,Wilson-Robinson,Consulting,Germany,20.0,Pro,Referral,,26-Apr-2025,,True
ACC-103178,"Newton, Doyle and Stewart",FinTech,,17.0,Pro,Content/SEO,,30-Jun-2024,2025-02-28,True
ACC-103192,Ellis LLC,Logistics,Australia,1233.0,Enterprise,Paid Ads,,2023-03-21,,True
ACC-101307,"Wong, Bernard and Smith",Consulting,France,,Enterprise,,REP-010,06/04/2023,,False
ACC-100575,"Cole, Pierce and Bryan",Education,Canada,78.0,Pro,Content/SEO,,07/12/2023,06/12/2024,True
ACC-102360,"Morgan, Guzman and Kirby",Consulting,Canada,1265.0,Enterprise,Partner,REP-002,2023/09/21,,True
ACC-101280,"Austin, Oliver and Haley",,India,87.0,Business,Organic Search,,2025/07/28,,True
ACC-105357,Ward-Young,FinTech,Brazil,,Starter,Referral,,08/03/2024,,True
ACC-105033,Stewart-Obrien,,Germany,70.0,Pro,Sales-Led,REP-012,2024-02-21,2024-04-21,True
ACC-101993,Wong Ltd,Manufacturing,United Kingdom,15.0,Starter,Partner,,09/25/2024,03/25/2025,True
ACC-102639,JOHNSON LTD,Media,United States,5.0,Starter,Content/SEO,,2022-09-24,01/24/2024,True
ACC-100269,Baird-Sanchez,Manufacturing,Japan,49.0,Pro,Sales-Led,REP-017,03-Dec-2024,,True
ACC-100629,Hays-Daniels,Healthcare,India,204.0,Business,Sales-Led,REP-035,2023-10-04,2024-11-04,True
ACC-104505,"Price, Davenport and Webster",Media,United States,13.0,Starter,Paid Ads,,11/07/2025,,True
ACC-103081,Brown LLC.,Education,United States,107.0,Pro,Content/SEO,,30/07/2022,03/30/2023,False
ACC-103466,Young Inc,Media,Singapore,95.0,Pro,Content/SEO,,14/04/2024,12/14/2025,True
ACC-105628,Bruce-Harrison,Education,United States,46.0,Starter,Organic Search,,09/01/2024,10/09/2025,True
ACC-104023,Preston-Morales,Consulting,Canada,837.0,Enterprise,Organic Search,REP-028,29/09/2023,,True
ACC-102046,Hughes-Smith,Real Estate,Sweden,96.0,Business,Referral,,2024-01-10,2024-06-10,True
ACC-104775,Smith-Anderson,Healthcare,United Kingdom,174.0,Business,Content/SEO,,2022-03-18,,True
ACC-102113,Simpson LLC,FinTech,United States,329.0,Enterprise,Sales-Led,REP-024,2025/05/23,,True
ACC-100027,"Hoffman, Baker and Richards",SaaS,U.S.A.,12.0,Pro,Organic Search,,2022-05-29,,True
ACC-102040,"Fox, Harrington and Wang",Healthcare,India,6.0,Starter,Content/SEO,,2022-12-13,13/06/2024,True
ACC-103928,Aguilar and Sons,Healthcare,Germany,56.0,Pro,Sales-Led,REP-007,2023-06-27,2026-01-27,True
ACC-105500,"  Landry, Rodriguez and Flores  ",Consulting,Singapore,11.0,Starter,Paid Ads,,2025-02-11,,True
ACC-103216,Hall-Mckinney,E-commerce,Germany,18.0,Starter,Partner,,2022-05-19,2023-04-19,True
ACC-103814,Green Group,Consulting,India,7.0,Starter,Organic Search,,2022-01-08,2022-07-08,True
ACC-100129,Cortez LLC,Real Estate,Canada,,Pro,Paid Ads,,2024-03-30,,True
ACC-104508,Johnson-Morrison,Healthcare,France,49.0,Pro,Paid Ads,,03/04/2022,2024-01-04,True
ACC-105977,Roach and Sons,,United states ,,Pro,Paid Ads,,,,True
ACC-100013,"Mcclure, Ward and Lee",FinTech,United Kingdom,75.0,Pro,,,2023-02-22,,True
ACC-105214,  Smith PLC  ,Logistics,Sweden,1140.0,Enterprise,Organic Search,REP-026,2022-07-11,2026-05-11,True
ACC-101525,"Vang, Gonzalez and Moss",E-commerce,Japan,86.0,Business,Partner,,23/10/2024,,True
ACC-102365,"Curry, Estrada and Anderson",,Canada,44.0,Pro,Partner,,2023-07-13,,True
ACC-103052,Gomez LLC,FinTech,United States,7.0,Starter,Content/SEO,,2025-03-22,,True
ACC-104005,"Dawson, Edwards and Castaneda",Consulting,Sweden,4.0,Starter,Referral,,2022-01-04,,False
ACC-102340,Clark Ltd,Healthcare,Singapore,999999.0,Enterprise,Organic Search,REP-011,2023-11-15,,True
ACC-100374,"HOFFMAN, SANTIAGO AND JENKINS",Healthcare,United States,709.0,enterprise,Organic Search,REP-006,06/05/2022,,True
ACC-104431,"Whitehead, Hernandez and Shah",FinTech,Germany,1642.0,Enterprise,Paid Ads,REP-007,10/09/2023,2025-05-09,True
ACC-105224,"Boyd, Wiggins and Avery",FinTech,United States,14.0,starter,Sales-Led,REP-028,02/09/2023,,False
ACC-100939,Shaw Inc,Logistics,India,60.0,Business,Partner,,2022-06-05,,True
ACC-105827,"Glass, Norton and Brooks",Media,United Kingdom,7.0,Starter,Organic Search,,2024-12-01,03/01/2025,True
ACC-102147,Freeman-Rodriguez,SaaS,Germany,25.0,Starter,Content/SEO,,2022-09-25,02/25/2025,False
ACC-103591,Hill-Gonzales,E-commerce,United States,6.0,Starter,Organic Search,,2022-06-13,,True
ACC-105523,"Perez, Miller and Williams",Healthcare,Spain,4.0,Starter,Partner,,07-Mar-2024,,True
ACC-105113,  Davis PLC  ,Media,Netherlands,114.0,Business,Content/SEO,,2025-04-23,,True
ACC-103623,  Robinson LLC  ,,Spain,280.0,Business,Content/SEO,,2023-01-14,,True
ACC-100529,"Mckinney, Graves and Thompson",Healthcare,United States,4.0,Starter,Sales-Led,REP-027,2023-10-16,2023-12-16,True
ACC-103714,"Wolf, Allen and Long",Healthcare,United States,10.0,Starter,Partner,,06/17/2023,08/17/2025,True
ACC-101269,Rivera Ltd,Real Estate,Sweden,4.0,Starter,Organic Search,,2023-05-29,,True
ACC-104281,Williams-Wang,Education,India,,Enterprise,Organic Search,REP-010,15/12/2024,,True
ACC-101394,Adkins Group,Logistics,United States,8.0,Starter,Content/SEO,,2023-11-27,04/27/2024,True
ACC-104009,Scott-Adkins Inc.,Media,United States,14.0,Starter,Paid Ads,,2025-05-07,,False
ACC-101797,Maldonado LLC,Consulting,United States,6.0,Starter,Sales-Led,REP-005,,,True
ACC-102979,  Graves-Baird  ,healthcare,Spain,29.0,Pro,Organic Search,,03/18/2023,,True
ACC-101441,Fox Group,E-commerce,India,5648.0,Enterprise,Partner,REP-003,05/08/2023,,True
ACC-104546,"Crane, Freeman and Hall LLC",Healthcare,United states ,10.0,Starter,Partner,,03/14/2025,,True
ACC-105936,Ashley and Sons,SaaS,United States,60.0,Pro,Organic Search,,2024/09/17,,True
ACC-103811,Davis-Cruz,SaaS,United States,91.0,Business,Sales-Led,REP-001,08-Jul-2022,,True
ACC-101273,Bowers LLC,FinTech,Australia,6.0,Starter,Sales-Led,REP-032,2024-01-25,,True
ACC-101712,Neal LLC,Media,US,29.0,Pro,Paid Ads,,01/02/2023,2026-03-02,True
ACC-100955,Morse PLC,manufacturing,U.S.A.,2.0,Starter,Partner,,03/20/2024,20/04/2026,True
ACC-104503,Lewis-Herrera,E-commerce,Sweden,36.0,Pro,Partner,,2022-04-03,2023/06/03,True
ACC-104862,Sloan-Lynch,Education,India,34.0,Pro,Partner,,2022-03-17,,False
ACC-105378,"Simmons, Rojas and Fleming",FinTech,United States,52.0,Pro,Referral,,2024-06-16,2025-04-16,False
ACC-100403,JONES-HENSLEY,Consulting,Japan,49.0,Pro,,,16-Mar-2023,16/07/2024,True
ACC-102071,Ward-Fields,FinTech,UK,240.0,Business,Sales-Led,REP-030,06/23/2023,,True
ACC-105784,Rice PLC,Manufacturing,Netherlands,,Starter,Referral,,05/07/2024,,True
ACC-101977,"Mullins, Steele and Russell",Logistics,UK,13.0,Starter,,,21/08/2025,,True
ACC-100158,Mccarthy Inc,Manufacturing,Netherlands,37.0,Pro,Referral,,08/18/2022,,True
ACC-103888,Greene Ltd,Media,India,956.0,Enterprise,Partner,REP-032,2023-09-01,05/01/2025,True
ACC-100902,Abbott Ltd,,Brazil,47.0,Pro,,,2022-08-17,06/17/2025,True
ACC-100352,SMITH AND SONS,Healthcare,United States,13.0,Pro,Referral,,2022-04-13,,True
ACC-104130,Weaver PLC,,Canada,188.0,business,Sales-Led,REP-019,08/04/2022,,False
ACC-100754,"Sanders, Ayala and Johnson",Logistics,India,2.0,Starter,Sales-Led,REP-023,2024-06-17,,True
ACC-102971,Gamble-Wright,Real Estate,Australia,98.0,Pro,Organic Search,,2022/04/16,2022-10-16,True
ACC-103762,Thompson LLC,Education,India,9.0,Starter,Sales-Led,REP-033,2025-08-05,,False
ACC-102920,Bruce-Walters,Logistics,United Kingdom,25.0,Starter,Referral,,2024-03-15,,False
ACC-100311,Parsons-Hall,FinTech,Brazil,18.0,Starter,Organic Search,,08/30/2023,12/30/2023,True
ACC-100661,"Robinson, Jones and Henderson",Media,Canada,96.0,Business,Content/SEO,,04/19/2023,08/19/2024,True
ACC-101989,"Norton, French and Miller",Real Estate,Canada,12.0,Starter,Partner,,2023-12-21,,True
ACC-103665,Wood-Hart,fintech,USA,19.0,Starter,Content/SEO,,11/20/2022,2023-08-20,True
ACC-100306,  Castaneda-Rodriguez  ,Manufacturing,United Kingdom,85.0,Business,Paid Ads,,10/06/2024,,True
ACC-102335,"Church, Guzman and Tucker",Real Estate,,196.0,Business,Partner,,2023-09-07,2025-12-07,True
ACC-102356,Wilson-Dean,Logistics,United States,7.0,Starter,,,14/02/2025,2026-05-14,True
ACC-103702,JONES AND SONS,E-commerce,Singapore,52.0,Pro,Partner,,2024-02-16,16-Jun-2024,True
ACC-103804,Carlson-Ferguson,Media,Japan,14.0,Starter,,,2025-03-30,,True
ACC-101927,Thomas-Perry LLC,FinTech,United Kingdom,38.0,Pro,Paid Ads,,2025-01-02,04/02/2025,False
ACC-103427,"White, Erickson and Hunter",Education,Germany,97.0,Business,Content/SEO,,2024-09-13,,True
ACC-100749,"Allen, Davenport and Price",SaaS,United States,132.0,Business,Partner,,2022-09-05,2022/10/05,True
ACC-103638,"Smith, Gray and Deleon",Consulting,Canada,-22.0,Pro,Sales-Led,REP-034,2022/07/07,2024-04-07,True
ACC-104942,"Price, Bryan and Carter",education,United Kingdom,56.0,Pro,Content/SEO,,2024-05-06,,True
ACC-101266,Lopez and Sons,SaaS,united kingdom,276.0,Business,Organic Search,,2023/10/16,12/16/2024,True
ACC-104615,"Howard, Morales and Calhoun",Manufacturing,US,43.0,Pro,Paid Ads,,2022-07-19,2022-09-19,False
ACC-105376,Nguyen Group,Real Estate,India,34.0,Pro,Partner,,2025-03-20,,False
ACC-103595,"Fischer, Johnson and Orr",Real Estate,United Kingdom,109.0,Business,Referral,,17-Dec-2023,2024-03-17,True
ACC-102134,Garcia Inc,E-commerce,United Kingdom,2.0,Starter,Paid Ads,,2025-07-31,,True
ACC-104109,Ryan-Steele,Healthcare,United Kingdom,2006.0,Enterprise,Partner,REP-023,2025-08-06,,True
ACC-100514,"Gregory, Kim and Martinez",SaaS,United States,38.0,Pro,Partner,,12/01/2024,,False
ACC-105440,"Gonzales, Sutton and Steele",Media,Singapore,7.0,Starter,Referral,,2022-10-11,2025-02-11,True
ACC-100409,Collier-Gillespie,Logistics,United States,9.0,Starter,Referral,,2023-03-24,24/12/2024,True
ACC-104536,Simon and Sons,Manufacturing,United States,17.0,Starter,Content/SEO,,2023-07-22,,True
ACC-103904,JONES-BUTLER,Manufacturing,United States,295.0,Business,Organic Search,,2023-12-17,,True
ACC-103730,Sanders-Forbes,SaaS,Great Britain,61.0,Business,Organic Search,,24-Apr-2023,,True
ACC-105420,Butler-Burns!,E-commerce,United States,170.0,Business,Sales-Led,REP-006,2025-06-20,,True
ACC-100207,Davis and Sons,Logistics,India,8.0,Starter,Sales-Led,REP-030,2023-10-02,02/02/2025,True
ACC-100458,Mckee-Lee,Media,United States,4.0,Starter,Organic Search,,2024-06-25,,False
ACC-102054,Jones-Choi,Logistics,Canada,5.0,Starter,Sales-Led,REP-020,,05/05/2024,False
ACC-102430,"Palmer, Rice and Benson",E-commerce,United States,20.0,Pro,Sales-Led,REP-021,2024-03-18,04/18/2025,True
ACC-100250,Moon-White,Manufacturing,Canada,,Pro,Paid Ads,,03-Jan-2025,,True
ACC-104017,SCHMIDT PLC,SaaS,United States,11.0,Starter,Organic Search,,2025-05-05,,False
ACC-101107,Byrd LLC,FinTech,Spain,7.0,Starter,Referral,,2025-05-03,,True
ACC-105672,"Franklin, Perez and Brown",Manufacturing,Netherlands,-3.0,Starter,Paid Ads,,13-Mar-2022,13-Jul-2025,True
ACC-101713,Rose-Warren,Logistics,United States,10.0,Starter,Paid Ads,,2024-10-01,,True
ACC-103911,THOMAS LLC,Healthcare,Japan,15.0,Starter,Referral,,2023-04-01,2024-01-01,False
ACC-100715,Levy-May,SaaS,United Kingdom,207.0,Business,Sales-Led,REP-025,2023-01-11,01/11/2025,True
ACC-100552,  May-Turner  ,Real Estate,Germany,10.0,Starter,Partner,,2022-02-05,,True
ACC-101439,"Melton, Henry and Joyce",Manufacturing,Germany,12.0,Starter,Paid Ads,,02/16/2025,16-Jun-2025,True
ACC-102270,  Anderson-Stewart  ,SaaS,Canada,,Business,Partner,,09-Dec-2024,,True
ACC-103144,Ortiz-Harvey,,United States,5.0,Starter,Organic Search,,2023-08-28,2025-01-28,True
ACC-105813,Martinez LLC,Consulting,Australia,104.0,Pro,Referral,,2025-04-26,,True
ACC-101925,Duran PLC,E-commerce,Sweden,12.0,Starter,Sales-Led,REP-019,2023-10-11,2024-06-11,True
ACC-100634,Gibbs-Bradley,,United States,20.0,Pro,Referral,,2025-06-09,,True
ACC-100316,"Diaz, Anderson and Browning",Real Estate,India,178.0,Pro,Content/SEO,,2024-03-13,,True
ACC-105718,Hughes and Sons,real estate,United States,442.0,Enterprise,Referral,,05/31/2023,10/31/2024,True
ACC-100427,Jones-Lin,Logistics,India,22.0,starter,Organic Search,,2022-02-27,,True
ACC-105981,Donovan Group,Healthcare,Australia,122.0,Business,Content/SEO,,01/03/2025,,True
ACC-100105,Nolan and Sons,E-commerce,United Kingdom,315.0,Business,Sales-Led,REP-005,2025-01-22,,True
ACC-103041,Thomas-Burton,FinTech,United States,184.0,Business,Sales-Led,REP-016,2024-03-25,,True
ACC-104238,"Stone, Mccullough and Jimenez",Healthcare,Australia,2.0,Starter,Paid Ads,,11/27/2024,,True
ACC-102169,Pittman PLC,FinTech,Spain,32.0,Pro,Organic Search,,2025-01-06,,False
ACC-101709,Richardson-Gray,Logistics,India,4.0,Starter,Referral,,2022-02-02,2022-12-02,True
ACC-100089,Moore-Bass,Logistics,Canada,,Starter,Sales-Led,REP-036,2022-04-08,,False
ACC-102241,  Duffy-Wilkerson  ,FinTech,United States,34.0,Pro,Sales-Led,REP-033,2022-12-10,10-Jul-2024,True
ACC-103174,Gaines-Hudson,saas,U.S.A.,17.0,Starter,Organic Search,,06/15/2023,,True
ACC-104539,Gutierrez-Dudley,FinTech,US,29.0,starter,Sales-Led,REP-033,2025-02-16,,True
ACC-101949,  Washington Inc  ,FinTech,Germany,150.0,Business,Referral,,,04/15/2026,False
ACC-104044,"Howard, Cowan and Perry",Manufacturing,India,448.0,Enterprise,Content/SEO,REP-012,2023-08-24,24/07/2024,True
ACC-102848,Clements-Simmons,Healthcare,Australia,,Pro,Paid Ads,,11/21/2024,,True
ACC-100001,  Doyle Ltd  ,Manufacturing,India,514.0,Enterprise,Sales-Led,REP-024,13/02/2024,,True
ACC-104337,White-Ramos,Real Estate,Germany,,Enterprise,Paid Ads,REP-019,2024-04-15,,True
ACC-100935,Mora-White,Logistics,United Kingdom,48.0,Pro,Content/SEO,,19/01/2025,2026-02-19,False
ACC-105205,Hoffman Group,Healthcare,Singapore,7.0,Starter,Sales-Led,REP-019,21-Mar-2024,21-Sep-2025,False
ACC-102720,Franklin Group,Real Estate,United States,,Starter,Organic Search,,2024-01-30,,True
ACC-100591,"Harvey, Randall and Hernandez",FinTech,Australia,,Business,Sales-Led,REP-020,01/24/2023,2024-12-24,True
ACC-104559,  Fernandez-Collier  ,Media,United States,-90.0,Pro,Sales-Led,REP-026,10/10/2024,,False
ACC-102936,Morgan Ltd LLC,Media,Germany,400.0,Enterprise,Content/SEO,REP-023,2024-12-20,2026-04-20,True
ACC-102448,Weaver-Rubio,Manufacturing,Singapore,4.0,Starter,Content/SEO,,2024-10-15,,True
ACC-101576,Kirk-Gutierrez,Media,India,33.0,Business,,,06-Feb-2025,2025-12-06,True
ACC-105076,Barton Ltd,Logistics,United States,,Business,Referral,,2025-05-31,,True
ACC-100213,"Tapia, Vaughn and Lee",Healthcare,Canada,60.0,Business,Sales-Led,REP-023,2022-10-08,,True
ACC-100778,ALEXANDER-JORDAN,FinTech,,62.0,Pro,,,2022-03-01,2024-02-01,True
ACC-103496,"Sampson, Tucker and Miller",SaaS,Netherlands,83.0,Pro,Referral,,2023-09-08,,True
ACC-104770,Fitzpatrick Group,Media,Australia,356.0,Business,Sales-Led,REP-019,2024-03-03,,True
ACC-102043,"Foster, Henry and Morrison",Real Estate,united kingdom,15.0,Starter,Content/SEO,,2023-10-08,,True
ACC-105518,West-Hernandez,Manufacturing,Australia,270.0,Business,Sales-Led,REP-006,2024-08-14,2025-02-14,True
ACC-101567,"Davis, Hardy and Schmidt",SaaS,Singapore,63.0,Business,Referral,,2024-04-09,,True
ACC-100165,  Medina-Navarro  ,E-commerce,United States,22.0,Pro,Content/SEO,,2024-04-30,2025-05-30,True
ACC-103566,Yoder Group,Media,Netherlands,4.0,Starter,Partner,,05/29/2025,,True
ACC-104655,Knight LLC.,,Brazil,415.0,Business,Organic Search,,2024-12-25,,True
ACC-105789,White-Chavez,Healthcare,India,12.0,Starter,Organic Search,,07/14/2024,2025-10-14,True
ACC-102013,"Newman, Jenkins and Cooper",Media,Germany,33.0,Pro,Paid Ads,,2025-01-04,,True
ACC-100273,  Hoover-Campbell  ,Media,Canada,16.0,Pro,Content/SEO,,13-Dec-2023,05/13/2026,True
ACC-103860,Cooper LLC,FinTech,USA,229.0,Business,Sales-Led,REP-018,04/04/2024,,False
ACC-104167,Sloan Inc,FinTech,Singapore,37.0,Pro,Referral,,2023-01-27,,True
ACC-104855,"Chaney, Salazar and Salazar",SaaS,Canada,466.0,Enterprise,Sales-Led,REP-020,15-Aug-2022,,True
ACC-103788,  Tanner-Sanford  ,Manufacturing,United States,,Starter,Referral,,04/18/2022,2024-10-18,True
ACC-100394,"Ramos, Nelson and Fischer",Consulting,Netherlands,18.0,pro,Organic Search,,2022-01-20,,True
ACC-100583,"Kirby, Wheeler and Romero",Manufacturing,United states ,50.0,Business,Paid Ads,,02/19/2023,,True
ACC-105574,"Gordon, Matthews and Roberts",,Germany,99.0,Business,Partner,,2025-07-06,,True
ACC-105645,BROWN LTD,Real Estate,Canada,1322.0,Enterprise,Content/SEO,REP-036,14/03/2025,,True
ACC-105823,"Pearson, Gaines and Black",Logistics,United States,19.0,Starter,Partner,,06/14/2024,,True
ACC-100520,Johnson and Sons,E-commerce,India,6.0,Starter,Content/SEO,,2022-05-04,04-May-2024,True
ACC-101763,Austin-Morgan,FinTech,United States,229.0,Business,Paid Ads,,22-Dec-2023,,True
ACC-101875,Douglas-Yoder,Logistics,India,117.0,business,Referral,,12/17/2023,2024-02-17,True
ACC-103965,Garrett-Rodriguez,SaaS,Sweden,49.0,Pro,Partner,,2023-10-25,,True
ACC-103344,Chavez-Navarro,,France,153.0,Business,Partner,,2022-12-27,2024-07-27,False
ACC-102253,"Lewis, Holloway and Acosta",Consulting,United States,73.0,Business,Partner,,13-Apr-2022,13-Sep-2022,True
ACC-103224,"Gross, Lucero and Walters",Education,Netherlands,2.0,Starter,Content/SEO,,2023-01-04,2026-01-04,True
ACC-100526,Osborn-Cochran LLC,Manufacturing,Canada,6.0,Starter,Sales-Led,REP-014,08/09/2024,,True
ACC-102946,Jordan and Sons,Real Estate,Germany,130.0,Business,Partner,,04-Jun-2022,,True
ACC-103899,  Robles Group  ,FinTech,United States,15.0,Starter,Partner,,11/09/2022,2026-01-11,False
ACC-100692,"Thomas, Ford and Brown",FinTech,UK,29.0,Pro,Sales-Led,REP-012,10/23/2023,,True
ACC-105756,Kent PLC,,United States,37.0,Pro,Sales-Led,REP-008,01/10/2023,01/01/2026,True
ACC-104444,"Montgomery, Carr and George",Real Estate,Germany,11.0,Starter,Sales-Led,REP-017,2025/03/03,,True
ACC-103633,"Robinson, Fields and Williams",Education,Sweden,21.0,Pro,Sales-Led,REP-002,2023-03-12,,False
ACC-101050,"Greene, Gonzalez and Johnson",Media,United Kingdom,295.0,Business,Referral,,,,True
ACC-100590,"  Williams, Castillo and Warren  ",Media,United States,30.0,Pro,Sales-Led,REP-038,07/28/2023,,True
ACC-100519,"Richardson, Edwards and Ramirez",SaaS,Canada,10.0,Starter,Sales-Led,REP-028,2022-01-02,,True
ACC-103380,Davis-Rose,Media,Sweden,34.0,Pro,Paid Ads,,30/07/2022,,False
ACC-103676,"Porter, Chung and Young",,France,73.0,Business,Paid Ads,,2023-07-16,2025-08-16,True
ACC-105009,Buckley LLC,Logistics,United States,33.0,Pro,Referral,,2022-07-03,2022-10-03,False
ACC-101607,"GILBERT, FITZGERALD AND SANCHEZ",Logistics,Germany,5.0,Starter,Content/SEO,,06/27/2024,,True
ACC-103610,"Johnson, Walters and Smith",FinTech,Germany,164.0,Business,Sales-Led,REP-032,08-Feb-2023,10/08/2025,False
ACC-105810,"Reed, Carter and Tucker",SaaS,Canada,999999.0,Pro,Partner,,2024-02-25,,True
ACC-101809,Wells and Sons,Education,Singapore,208.0,Enterprise,Referral,REP-018,2024-01-24,,True
ACC-100791,"  Moore, Henderson and Bennett  ",Healthcare,United States,582.0,Enterprise,Sales-Led,REP-031,2024-11-03,,True
ACC-100792,Ewing-Mendoza,Media,United States,14.0,Starter,Organic Search,,,,False
ACC-104999,Scott PLC,Consulting,Brazil,28.0,Pro,Sales-Led,REP-002,28/07/2022,03/28/2024,True
ACC-101855,"Hall, Vega and Price",FinTech,Spain,4.0,Starter,Partner,,20-Sep-2024,20/11/2025,True
ACC-101980,Castillo LLC,Logistics,United States,18.0,Pro,Content/SEO,,25-May-2023,25-May-2024,True
ACC-103233,Kirk-Durham,Consulting,France,7.0,Starter,Partner,,2025/05/19,,True
ACC-103598,"Simmons, Wallace and Martinez",Healthcare,Canada,11.0,Starter,Sales-Led,REP-018,2024-09-07,,True
ACC-100933,Williams Inc,Consulting,Canada,,Starter,Paid Ads,,09/30/2024,11/30/2025,True
ACC-103963,"Campbell, Brewer and Baker",Healthcare,Singapore,6.0,Starter,Sales-Led,REP-036,27-Nov-2024,,True
ACC-105653,Robertson LLC,E-commerce,India,2590.0,Enterprise,Paid Ads,REP-036,25/04/2025,,True
ACC-104179,Kirk Ltd,manufacturing,India,76.0,Pro,Partner,,2024-06-08,,True
ACC-104026,Hernandez-Foley,Education,Canada,9.0,Starter,Partner,,2023-04-13,,True
ACC-104116,Griffith LLC,Healthcare,Canada,204.0,Business,Referral,,2024-11-05,,False
ACC-100988,Mendez PLC,Consulting,,34.0,Pro,Paid Ads,,2024-04-21,,False
ACC-104691,Rodriguez-Allen,FinTech,Japan,276.0,Business,Sales-Led,REP-005,29-Jun-2023,,True
ACC-103453,"Bennett, Jones and Miller",Real Estate,Netherlands,9.0,Starter,Referral,,04/13/2025,2026-05-13,True
ACC-105557,"Adams, Hall and Thompson",Manufacturing,United Kingdom,1.0,starter,Sales-Led,REP-017,06/21/2022,,False
ACC-103778,Lopez LLC,Manufacturing,Australia,62.0,Pro,Paid Ads,,2022-05-21,2025-08-21,True
ACC-105101,INGRAM LTD,E-commerce,United Kingdom,3.0,Starter,Organic Search,,06/03/2025,,True
ACC-103093,CANNON GROUP,FinTech,US,1961.0,Enterprise,,REP-011,2023-10-17,,True
ACC-103155,Lowery Group,Real Estate,United Kingdom,108.0,Business,Content/SEO,,01/13/2025,2025-08-13,True
ACC-103201,Walker Group,SaaS,United States,107.0,Business,Content/SEO,,05/06/2022,,True
ACC-104908,Snyder-Ferrell,FinTech,United Kingdom,5.0,Starter,Paid Ads,,2024-04-09,2025-10-09,True
ACC-101098,Hull Ltd,Real Estate,Japan,81.0,Business,Organic Search,,03/12/2022,2024-01-03,True
ACC-101302,"Turner, Miller and Hubbard",E-commerce,United Kingdom,5.0,Starter,Referral,,03/29/2023,,True
ACC-102844,Ramos Group,,United States,47.0,Pro,Content/SEO,,2025-07-06,06/08/2025,False
ACC-100886,"Wallace, Smith and Cooper",Manufacturing,Spain,2.0,Starter,Content/SEO,,2023-10-31,,True
ACC-105600,White-Bowman,Media,Australia,2.0,Starter,,,2024-06-24,,True
ACC-104716,"Moon, Davis and Dominguez",consulting,Singapore,36.0,Pro,Paid Ads,,2023-10-11,,True
ACC-100515,Osborne LLC,manufacturing,India,4.0,Starter,Paid Ads,,2022/10/25,2024-02-25,True
ACC-105979,FOSTER-SMITH,E-commerce,India,38.0,Starter,Referral,,2025-04-25,,True
ACC-101453,Olsen Ltd,Logistics,United States,16.0,Starter,Referral,,10/31/2023,,True
ACC-103553,"Yates, Lawson and Hopkins",E-commerce,Canada,6.0,Starter,Organic Search,,2023-03-04,,True
ACC-103609,"Stewart, Skinner and Guerrero",Real Estate,Brazil,11.0,Starter,Sales-Led,REP-031,02-Aug-2024,2025-08-02,False
ACC-102506,"Turner, Robbins and Young",Media,United States,72.0,Pro,Sales-Led,REP-012,01/27/2022,,True
ACC-102994,"Martinez, Willis and Barr",FinTech,Japan,7.0,Starter,Content/SEO,,03/04/2025,2025-12-04,True
ACC-103999,"Jones, Rowland and Oconnor",FinTech,Brazil,12.0,Starter,Content/SEO,,12/17/2023,2024-05-17,True
ACC-105770,Cisneros-Chapman,E-commerce,,9.0,Pro,Partner,,02-Jan-2024,,True
ACC-100906,Cruz-Allen,Consulting,Netherlands,3.0,Starter,Partner,,2024/10/18,2025-03-18,True
ACC-100028,"Ross, Robinson and Bright",Healthcare,United States,8.0,Pro,Sales-Led,REP-029,07/01/2024,,True
ACC-102507,Coffey-Johnson,FinTech,Sweden,19.0,Pro,Organic Search,,2023-04-10,,True
ACC-102428,Thomas and Sons,Logistics,Spain,10.0,Pro,Content/SEO,,04-Dec-2023,,False
ACC-100762,Smith LLC,SaaS,Germany,184.0,Business,Sales-Led,REP-009,2024-09-05,,True
ACC-103747,Ramos LLC,SaaS,Spain,15.0,Pro,Content/SEO,,04/13/2024,,True
ACC-100284,Garcia-Lozano,Media,United States,5.0,Starter,Referral,,2022-05-16,,True
ACC-100686,"Fry, Hobbs and Buck",SaaS,United Kingdom,104.0,Business,Paid Ads,,12/27/2023,27-Apr-2025,True
ACC-102353,Hall-Brown,Media,Spain,60.0,Pro,Partner,,2023-10-07,,True
ACC-104894,"Nichols, Mendoza and Middleton",Manufacturing,United Kingdom,27.0,Pro,Organic Search,,04/07/2023,2024-10-07,False
ACC-100021,"Watts, Robinson and Nguyen",Consulting,India,10.0,Starter,Partner,,2024-02-09,,True
ACC-102752,Dorsey LLC,E-commerce,India,,Pro,Referral,,05/27/2024,07/27/2025,True
ACC-100885,  Wheeler PLC  ,Consulting,United States,452.0,Enterprise,Partner,,05/12/2025,,False
ACC-100917,Herrera Group,Healthcare,Brazil,48.0,Starter,Paid Ads,,2025-01-09,,True
ACC-101040,"Jones, Mcmahon and Spence",Education,Australia,256.0,Business,Referral,,2024-09-16,,False
ACC-101265,Cole-Lucero,Logistics,Spain,22.0,Pro,Sales-Led,REP-011,2022-12-18,2023-12-18,True
ACC-105409,"Robinson, Cunningham and Aguilar",FinTech,United States,102.0,Pro,Organic Search,,2023/07/06,,True
ACC-100277,Gibson-Morris,Consulting,United States,131.0,Business,Organic Search,,2022-02-10,07/10/2024,False
ACC-102084,"Arnold, Avila and Wilson",Real Estate,United States,54.0,Business,Sales-Led,REP-025,2023-08-27,09/27/2023,False
ACC-101245,"Morris, Wilson and Bell",Media,Brazil,96.0,Business,Sales-Led,REP-013,2024-05-15,,True
ACC-102382,"Harrell, Moore and Cox",Real Estate,France,8.0,Starter,Referral,,2024-03-29,,True
ACC-100571,"Smith, Rodriguez and Anderson",Education,Spain,,Starter,Paid Ads,,06/24/2025,,True
ACC-101435,Lowe Ltd,Consulting,US,42.0,Pro,Paid Ads,,23-Apr-2024,08/23/2024,False
ACC-103902,Smith Inc,Manufacturing,Singapore,3.0,Starter,Partner,,09/06/2022,,True
ACC-101247,"Butler, Adkins and Skinner",Manufacturing,Brazil,151.0,Business,Organic Search,,2022-09-12,12/12/2022,True
ACC-103526,"Richard, Robinson and Brown",Media,India,348.0,Enterprise,Partner,REP-006,26-Feb-2025,,True
ACC-102514,"Foley, Ibarra and Daniel",Logistics,Singapore,25.0,Pro,,,2025-03-19,2026-05-19,True
ACC-101007,"Johnson, Haynes and Meza",Manufacturing,Canada,90.0,Pro,Paid Ads,,07-Dec-2024,,True
ACC-104543,"Nelson, Wiggins and Young",SaaS,Germany,1.0,Starter,Paid Ads,,2024-12-29,,True
ACC-105267,Stephens LLC,Education,India,264.0,Business,Content/SEO,,03/09/2023,,True
ACC-102064,"Sanchez, Wilson and Ramirez",Consulting,Singapore,18.0,Pro,Organic Search,,2022-09-30,2025-01-30,True
ACC-104801,Good-Cook,logistics,United States,50.0,Pro,Partner,,2025-07-09,,True
ACC-101690,White Ltd,E-commerce,India,,Starter,Sales-Led,REP-022,2025-05-24,,True
ACC-105989,"Curry, Schmidt and Wilson",SaaS,Germany,116.0,Pro,Referral,,2025/04/15,,True
ACC-101985,"Marshall, Schultz and Dalton",fintech,Singapore,19.0,Pro,Partner,,2022-12-11,,True
ACC-100294,"Brennan, Wallace and Benson",SaaS,Sweden,3.0,Starter,Content/SEO,,2022-12-01,,True
ACC-101547,"Martin, Schmidt and Cole",Logistics,Germany,75.0,Business,Content/SEO,,22-May-2025,,True
ACC-102012,Brown and Sons,Healthcare,United States,32.0,Pro,Partner,,2025-02-06,06/04/2026,True
ACC-100588,"Soto, Carlson and Baker",Real Estate,Netherlands,4.0,Starter,Partner,,2022-03-18,,True
ACC-103329,"Adams, Harris and Floyd",Real Estate,Japan,12.0,Starter,Content/SEO,,2023-02-07,,True
ACC-102403,"Ramos, Reed and Cain",Real Estate,United States,,Pro,Content/SEO,,03/22/2024,,True
ACC-102129,Kelly-Estrada,FinTech,United States,42.0,Pro,Organic Search,,2025/02/15,,True
ACC-103998,Rodriguez-Taylor,Manufacturing,India,49.0,Pro,Sales-Led,REP-034,2024-01-03,,True
ACC-105325,"Becker, Murphy and Patel",Education,United States,284.0,Business,Sales-Led,REP-012,2023-07-19,,True
ACC-103741,"Mclaughlin, Cook and Powers",,United States,15.0,Pro,,,27/07/2023,2023-12-27,True
ACC-103508,Guerrero Inc,Real Estate,U.K.,26.0,Pro,Referral,,22-Mar-2023,2025-05-22,False
ACC-102719,"Mcneil, Solis and Horton",E-commerce,France,4.0,Starter,Partner,,2023-10-01,2024-09-01,True
ACC-104521,"Mathews, Wright and Jensen",Education,United States,166.0,Business,Organic Search,,02-Jun-2022,2023-11-02,True
ACC-105541,Chapman-Estrada,Healthcare,United States,76.0,Pro,Referral,,2023/04/15,,True
ACC-105547,"Jones, Mueller and Williams",Education,India,12.0,Pro,Paid Ads,,12/17/2022,,True
ACC-100556,Marshall-Peterson,SaaS,Australia,7.0,Starter,Paid Ads,,2022-09-16,2024-09-16,True
ACC-102469,SCOTT-DAVID,Education,United States,,Starter,Referral,,08/04/2025,,True
ACC-103738,Ramos Ltd,e-commerce,Brazil,15.0,Starter,,,2022-11-07,07/05/2023,True
ACC-104286,Harding LLC,Media,united states,140.0,Business,Referral,,11-Jan-2024,,False
ACC-105004,"Mays, Allen and Alvarez",E-commerce,India,17.0,Starter,Partner,,06/13/2023,,True
ACC-101716,"Peck, Andersen and Mitchell",FinTech,Australia,4.0,Starter,Paid Ads,,2023/10/24,,True
ACC-102604,Richardson-Jimenez,Consulting,United Kingdom,53.0,Pro,Organic Search,,2025-04-22,05/22/2025,True
ACC-105015,"WHITE, WILCOX AND GONZALEZ",Real Estate,United States,8.0,Starter,Referral,,2023-07-21,2023-10-21,True
ACC-101704,Williams Group,E-commerce,Netherlands,20.0,Pro,Sales-Led,REP-024,2022-03-06,,True
ACC-102139,"Saunders, Sparks and Harris",Healthcare,India,10.0,Starter,Content/SEO,,2023-01-12,11/12/2023,True
ACC-103239,Keller Ltd,Healthcare,France,14.0,Pro,Organic Search,,2022-08-03,2025-04-03,False
ACC-102383,Martinez and Sons,Education,United States,1909.0,Enterprise,Partner,REP-006,07/26/2025,,False
ACC-104311,Smith-Brown,Logistics,Spain,5.0,Starter,Organic Search,,2022-02-27,27-Mar-2024,True
ACC-101285,Williams-Villanueva,FinTech,Canada,71.0,Business,Organic Search,,2023-10-09,,True
ACC-105648,Jones Inc,Education,United States,9.0,Starter,Partner,,2025-05-08,,True
ACC-105436,Kelley and Sons,SaaS,U.K.,131.0,Business,Organic Search,,2023-10-18,,False
ACC-103930,"Sullivan, Montgomery and Jackson",Logistics,,4.0,Starter,Partner,,2024/10/29,,True
ACC-104600,"Black, Thompson and Hayes",Healthcare,India,18.0,Starter,Organic Search,,10/17/2024,2025-06-17,True
ACC-101591,"Evans, Cross and Johnston",Healthcare,Singapore,12.0,Starter,Paid Ads,,03-Nov-2023,01/03/2024,True
ACC-105388,"Daniels, Velasquez and Mclaughlin",Media,United States,53.0,Pro,Content/SEO,,02/19/2024,,False
ACC-102162,"Robertson, Fisher and Smith",Real Estate,Brazil,13.0,Starter,Referral,,2024-06-17,,True
ACC-102396,Orr Inc,Manufacturing,United Kingdom,66.0,Pro,Content/SEO,,2022/03/30,2023-10-30,True
ACC-100317,Burgess-Thompson,E-commerce,united states,552.0,Enterprise,Referral,REP-027,2023/01/08,,True
ACC-105462,Brown PLC,,,,Enterprise,Content/SEO,REP-002,2024-12-16,,False
ACC-103111,"Rodriguez, Lewis and Smith",FinTech,United States,11.0,Starter,Paid Ads,,08/11/2022,2023-01-08,False
ACC-104036,Johnson-Rich,Manufacturing,united states,28.0,Pro,Referral,,2024-06-23,,True
ACC-100795,"Woodard, Herrera and Little",Education,United States,93.0,Pro,Referral,,12/26/2023,2024-02-26,True
ACC-103020,"Henson, Baker and Anderson",Real Estate,France,39.0,Pro,Partner,,2022-07-25,2023-05-25,True
ACC-101711,Carter and Sons,SaaS,United States,13.0,Pro,,,2025-04-29,,True
ACC-103387,Martinez-Daniels,Real Estate,United Kingdom,118.0,Pro,Content/SEO,,2023/04/01,01-Apr-2024,True
ACC-100036,Smith-Bowen,FinTech,Spain,14.0,Starter,Referral,,2022-05-06,,True
ACC-104549,Hopkins-Watson,,Germany,13.0,Starter,Sales-Led,REP-018,2022-03-03,2025-04-03,True
ACC-100913,Hunter-Fuller,SaaS,France,338.0,Business,Referral,,08/20/2022,,True
ACC-103972,FLORES-MORENO,Education,France,-14.0,Starter,Sales-Led,REP-003,2025-04-26,2025-05-26,True
ACC-104133,  Massey-Scott  ,Healthcare,Canada,,Enterprise,Partner,REP-015,2025-07-16,,False
ACC-100974,"Adkins, Wright and Murray",Manufacturing,United States,20.0,Starter,Sales-Led,REP-025,2022-09-08,2023-04-08,True
ACC-100983,Jackson PLC,,Spain,93.0,Business,,,14-Jun-2023,,True
ACC-105385,Singleton-Mercer,FinTech,United States,7.0,Starter,Referral,,08-Jan-2024,2026-05-08,False
ACC-101418,"FRYE, WALTER AND LI",Consulting,USA,7.0,Starter,Content/SEO,,2022-06-17,,True
ACC-101560,Diaz PLC,manufacturing,Singapore,51.0,Business,Paid Ads,,2023-02-21,2023-03-21,True
ACC-104135,"Glenn, Freeman and Carter",E-commerce,United Kingdom,25.0,Pro,Referral,,2024/04/21,,True
ACC-104850,Johnson-Smith,,Germany,81.0,Business,Paid Ads,,2024-10-20,2024-11-20,False
ACC-104265,STAFFORD LTD,Logistics,Germany,,Starter,Paid Ads,,2023-01-13,2024-04-13,True
ACC-101355,Martin-Jones,Consulting,Canada,14.0,Starter,Referral,,28/11/2022,2024-05-28,True
ACC-105773,Henderson-Davis,Real Estate,Germany,11.0,Starter,Organic Search,,10-Dec-2023,09/10/2024,True
ACC-100987,Ramirez-Stephenson,E-commerce,Germany,34.0,Starter,Organic Search,,2022-12-23,,True
ACC-102682,"Cain, Davidson and Moran",Manufacturing,U.S.A.,46.0,business,,,2024-05-05,,True
ACC-101640,Hernandez Group,Healthcare,Singapore,8.0,Pro,Sales-Led,REP-031,2024/07/16,,True
ACC-101290,Harris Ltd,Real Estate,India,1.0,Starter,Partner,,2022-06-18,2025-02-18,True
ACC-103681,Williams Group,saas,United Kingdom,13.0,Pro,Sales-Led,REP-004,03/18/2025,,True
ACC-101380,Bell-Ballard.,E-commerce,Netherlands,,Pro,Referral,,04-Dec-2022,,False
ACC-101933,Butler-Aguirre,Healthcare,India,20.0,Starter,Partner,,2023-05-12,,True
ACC-105117,"Shelton, Vasquez and Taylor",Logistics,Germany,33.0,Pro,Sales-Led,REP-013,2025-08-03,03-Nov-2025,True
ACC-103160,"Moore, Harrison and Bowman",Healthcare,Brazil,547.0,Enterprise,Content/SEO,,2024-08-13,,True
ACC-102030,Gould LLC,Education,United States,5.0,Starter,Partner,,2023-09-11,,True
ACC-100892,Jones PLC,E-commerce,United States,14.0,Pro,Sales-Led,REP-015,2022-06-19,2026-05-19,True
ACC-104069,Prince-Davis,real estate,Australia,6.0,Starter,Sales-Led,REP-010,2022-08-13,,True
ACC-104255,Townsend-Hale,Manufacturing,Canada,58.0,Business,Organic Search,,02/26/2023,,True
ACC-100002,"Mcclain, Miller and Henderson",Manufacturing,Spain,4.0,Starter,Content/SEO,,04/17/2025,,False
ACC-102109,Nunez-Rodriguez,Consulting,U.S.A.,46.0,Pro,Paid Ads,,18-Sep-2024,,True
ACC-100849,GONZALES INC,Consulting,Sweden,17.0,Pro,Content/SEO,,18-Feb-2023,,True
ACC-102737,Ford-Chavez,Consulting,Germany,6.0,Starter,Content/SEO,,2022-01-13,13-May-2025,True
ACC-102466,"Jackson, Mendez and Nguyen",Logistics,India,1220.0,Enterprise,Content/SEO,REP-026,17-Jun-2023,17-Jul-2023,False
ACC-101914,"Hernandez, Riley and Buckley",E-commerce,Canada,6.0,Starter,Content/SEO,,06/04/2024,,True
ACC-101596,"Reyes, Torres and Williams",Logistics,United States,-2.0,Starter,Partner,,2023-11-10,02/10/2024,False
ACC-101913,"Contreras, Ellis and Gregory",SaaS,U.K.,51.0,Pro,Sales-Led,REP-019,18/01/2022,2025-04-18,True
ACC-100924,"Smith, Crawford and Reed",Media,Sweden,1.0,Starter,Content/SEO,,23-Dec-2023,05/23/2025,True
ACC-102736,"Medina, Tran and Thompson",Logistics,united kingdom,9.0,Starter,Paid Ads,,2022-07-30,,True
ACC-100726,"Durham, Hopkins and Smith",fintech,United States,4.0,Starter,Referral,,2023-09-10,2025-03-10,True
ACC-100053,"Robinson, Jones and Welch",Healthcare,Germany,,Pro,Referral,,2024-08-23,23-Jan-2025,True
ACC-101796,"Carter, Gilbert and West",E-commerce,Australia,3.0,Starter,Organic Search,,2025-07-13,,True
ACC-103845,"Scott, Delgado and Andrade",Logistics,United States,676.0,Enterprise,Content/SEO,REP-037,05/06/2022,,True
ACC-102553,Collins-Mcclure,E-commerce,United Kingdom,150.0,Business,Organic Search,,2022-12-05,,True
ACC-102800,"Lee, Thomas and Meyer",E-commerce,US,84.0,Business,Referral,,2024-03-23,,True
ACC-100936,Tran Ltd,Education,United States,22.0,Starter,Partner,,01/29/2024,,True
ACC-105013,"Armstrong, Contreras and Lee",E-commerce,India,,Pro,Content/SEO,,15-Dec-2022,03/15/2025,False
ACC-100824,"Price, Long and Wilson",,Spain,59.0,Pro,Referral,,03/16/2025,,True
ACC-104321,Richardson Inc Inc.,FinTech,Germany,12.0,Starter,Partner,,28-May-2024,2026-02-28,False
ACC-103401,Meyer and Sons,Healthcare,Netherlands,113.0,Business,Content/SEO,,2024-03-20,2024-05-20,True
ACC-101389,"Henderson, Diaz and Hill",Logistics,India,14.0,Starter,Partner,,2022/10/01,2023/08/01,True
ACC-103564,Ortiz PLC,SaaS,United Kingdom,48.0,Pro,Content/SEO,,2024-02-17,,True
ACC-100884,Lewis Inc,Manufacturing,USA,39.0,Pro,Sales-Led,REP-028,14/04/2023,14-May-2026,True
ACC-101868,Davis-Garcia,e-commerce,India,15.0,Pro,Partner,,2023-09-14,,True
ACC-100010,Blair PLC,,United States,33.0,Pro,Partner,,09-Jul-2025,,True
ACC-103415,Bryant-Elliott,E-commerce,United Kingdom,18.0,Pro,Paid Ads,,2022-11-20,,True
ACC-101463,"Cook, Ward and Castro",Consulting,Brazil,15.0,Pro,,,2023-09-21,2024-06-21,True
ACC-100806,Guerra Ltd,Media,United States,4.0,Starter,Partner,,03/23/2025,,True
ACC-105333,Lynn Group,FinTech,Singapore,17.0,Starter,Partner,,2023-11-26,,True
ACC-104068,"Sharp, Jackson and Garcia",Logistics,United Kingdom,40.0,Pro,Referral,,10/24/2024,,False
ACC-102108,Richardson-Lawrence,Healthcare,Germany,325.0,Business,Paid Ads,,06/12/2023,,True
ACC-105953,"Brady, Vaughn and Ruiz",SaaS,Australia,18.0,Business,,,2022-08-23,,True
ACC-104659,"Phillips, Mcdaniel and Ward Inc.",real estate,Canada,3.0,Starter,Referral,,2023/05/03,2023-06-03,True
ACC-102234,Fuller LLC,fintech,Canada,73.0,Pro,Referral,,2022-12-21,2024-05-21,True
ACC-100963,TAYLOR PLC,Real Estate,Canada,118.0,Business,Partner,,01/07/2022,11/07/2022,False
ACC-104494,Blake and Sons,FinTech,U.S.A.,21.0,Pro,Content/SEO,,2024-02-24,2025-05-24,True
ACC-102632,Weeks and Sons,FinTech,Singapore,23.0,Starter,Organic Search,,02/19/2023,,True
ACC-100704,Sanders and Sons,Logistics,India,6.0,Starter,Content/SEO,,2025-08-10,,True
ACC-100431,"Lopez, Jacobs and Mason",Media,Spain,23.0,Business,Content/SEO,,09-Jan-2025,,True
ACC-104388,Sanchez and Sons,Consulting,United States,28.0,Starter,Sales-Led,REP-008,2025-03-27,,False
ACC-100145,  Stafford Inc  ,Education,France,30.0,Pro,Organic Search,,2024-02-27,,True
ACC-102033,Kemp-Montes,Media,united kingdom,13.0,Starter,Referral,,03/05/2022,2025-09-05,False
ACC-105102,Richardson PLC,Media,Australia,17.0,Pro,Partner,,18-Sep-2022,2023-12-18,True
ACC-101165,Williams Inc,E-commerce,Spain,32.0,Pro,Sales-Led,REP-029,2022-08-17,,True
ACC-103500,Johnson and Sons,Education,Germany,29.0,Pro,Content/SEO,,06/16/2022,,True
ACC-102050,"Waller, Coleman and Mosley",Manufacturing,Canada,3.0,Starter,Sales-Led,REP-015,28-Oct-2024,2025-10-28,True
ACC-103760,"Mitchell, Ramirez and Cunningham",,Canada,2.0,Starter,Partner,,2023-04-04,2024-06-04,True
ACC-102624,Carrillo-Wolfe,,Sweden,16.0,Starter,Partner,,08/26/2024,2024/10/26,True
ACC-104484,"Martin, Reeves and Davis",E-commerce,United Kingdom,223.0,Business,Organic Search,,2023-03-15,2026-01-15,True
ACC-104435,Gallegos-Nash Inc.,healthcare,Australia,170.0,Business,Partner,,2025-05-06,,True
ACC-104845,Best Group,SaaS,Singapore,6.0,Starter,Content/SEO,,17-Dec-2024,,False
ACC-104713,"Newman, George and Patrick",Real Estate,Canada,2.0,Starter,Organic Search,,06/22/2024,22/06/2025,True
ACC-104361,Waller Ltd,Logistics,India,89.0,Business,Content/SEO,,07/21/2023,,True
ACC-102424,"FOX, CHAPMAN AND STONE",Real Estate,Spain,53.0,Pro,Organic Search,,2023-02-22,,False
ACC-101262,Greer-Pruitt,Healthcare,United States,10.0,Starter,Paid Ads,,2025-04-26,,True
ACC-101771,"Mcdonald, Bryant and Cohen",Real Estate,Germany,693.0,Enterprise,Sales-Led,REP-010,2025-01-01,,True
ACC-103511,"Robinson, Johnson and Swanson",Consulting,United Kingdom,3.0,Starter,Partner,,08/06/2023,06/06/2024,True
ACC-100271,"Suarez, Shields and Hill",Real Estate,Canada,13.0,Starter,Paid Ads,,2022-07-30,30-Sep-2024,True
ACC-100244,"Fernandez, Kim and George",Media,United Kingdom,98.0,Business,Partner,,18-Mar-2025,2025-12-18,True
ACC-105906,"Patterson, Sloan and Holloway LLC",Manufacturing,United States,219.0,Business,Organic Search,,2022-12-13,2023-09-13,True
ACC-104572,"Smith, Leon and Wagner",E-commerce,India,15.0,Pro,Organic Search,,2025-01-01,2025-06-01,False
ACC-102032,"Cantrell, Rivera and Thornton",Logistics,United States,94.0,Pro,Paid Ads,,2025/05/10,,True
ACC-104958,Ramos-Harris,Media,India,,Starter,Referral,,2022-04-30,,True
ACC-100813,"Thompson, Moore and Castro",consulting,Germany,1.0,Starter,Content/SEO,,2023-08-01,2023-10-01,True
ACC-103810,  Lopez-Clark  ,Consulting,Australia,23.0,Pro,Referral,,06/01/2024,2025-02-01,True
ACC-104939,Ray-Blair,FinTech,Australia,238.0,Business,Organic Search,,2024-07-18,,False
ACC-101804,Smith PLC,E-commerce,France,7.0,Starter,Sales-Led,REP-009,2025-08-23,,True
ACC-104346,Phelps-Edwards,E-commerce,Germany,65.0,Pro,,,04/22/2023,,True
ACC-102461,Johnson-Rice,Healthcare,Australia,,Pro,Partner,,18-Mar-2022,,True
ACC-100545,"Huber, Hill and Weber!",SaaS,Australia,115.0,Business,Organic Search,,2022-01-05,,True
ACC-103241,Webb-Mendez,SaaS,India,764.0,Enterprise,Referral,REP-008,,,True
ACC-100738,Walsh Ltd,Education,Germany,62.0,Starter,,,2024-12-18,,True
ACC-100310,"Beltran, Lozano and Mcgee",Manufacturing,Australia,30.0,Pro,Paid Ads,,2023-08-31,2023-12-31,True
ACC-103521,"Hill, Adams and King",Logistics,Japan,32.0,Starter,Sales-Led,REP-017,11/07/2023,03/07/2024,True
ACC-101131,Arroyo LLC,E-commerce,United States,131.0,Business,Partner,,2022-10-04,2023-12-04,True
ACC-105996,Skinner-Solomon,FinTech,United States,7.0,Starter,Sales-Led,REP-007,14/03/2025,,True
ACC-104111,"Walters, Montgomery and Bridges",SaaS,United States,129.0,Pro,Organic Search,,03/04/2023,2024-11-04,True
ACC-102769,Gonzalez and Sons,Media,US,258.0,Business,Referral,,2024-08-12,,True
ACC-100920,"Ashley, Allen and Sanchez",Consulting,Germany,41.0,Pro,Referral,,2023-12-31,,True
ACC-103587,FLORES-WHITE,Media,Spain,12.0,Starter,Partner,,2025-01-08,08/04/2026,True
ACC-103959,"Tanner, Waters and Lee",saas,United Kingdom,47.0,Pro,Partner,,11/17/2022,,True
ACC-100038,Harrell LLC,Healthcare,Netherlands,62.0,Pro,Partner,,05/09/2023,12/09/2023,False
ACC-104459,"Adams, Cole and Waters",Healthcare,United States,113.0,Pro,Paid Ads,,2023-09-13,2024-08-13,True
ACC-104278,Bennett-Kirby,Manufacturing,Singapore,38.0,Pro,Organic Search,,2024/08/30,2025/11/30,True
ACC-102983,Ramirez-Bell,Healthcare,Brazil,267.0,Business,Referral,,03/24/2025,,True
ACC-103373,Henderson-Rasmussen,FinTech,United States,189.0,Business,Organic Search,,2023/07/11,,True
ACC-102667,JONES LTD,Consulting,Germany,21.0,Pro,Partner,,2025-08-05,2025-11-05,True
ACC-103223,"Knapp, Miller and Reyes",,Germany,51.0,Business,Content/SEO,,2023-05-31,30-Jun-2024,True
ACC-101182,Williams-Li,Logistics,Spain,13.0,Starter,Content/SEO,,08/20/2024,20/12/2024,True
ACC-100614,Gilbert PLC,Consulting,France,13.0,Starter,Partner,,2022-04-21,,True
ACC-105978,"Davis, Rogers and Williams",FinTech,United States,192.0,Business,Organic Search,,06/27/2023,,True
ACC-101466,Ray Ltd,,Singapore,27.0,Pro,Paid Ads,,15-Jan-2024,,False
ACC-104497,Dixon LLC,SaaS,United Kingdom,8.0,Starter,Sales-Led,REP-022,07/28/2025,2025-08-28,True
ACC-103042,Sparks Inc,Media,United States,10.0,Starter,Partner,,2023-07-29,2024-05-29,True
ACC-100934,Williams LLC,Education,United States,64.0,Pro,Referral,,2022-05-09,,True
ACC-102419,"Wright, Murphy and Aguilar.",Healthcare,,24.0,Pro,Referral,,2022-11-04,2023-12-04,True
ACC-105490,Mathis LLC,SaaS,Sweden,4.0,Starter,Partner,,2022-08-28,28-Oct-2022,True
ACC-104927,Ellison-Fisher,,Singapore,5.0,Starter,Content/SEO,,04/13/2025,2026-03-13,False
ACC-100826,"Mccarthy, Evans and Mendez",Manufacturing,united states,,Starter,Referral,,2023-05-02,,True
ACC-101521,Daniels and Sons,Education,Netherlands,2.0,Starter,Paid Ads,,16/08/2024,,True
ACC-102930,"Brady, Sanchez and Stevenson",Logistics,USA,27.0,Pro,Partner,,06-Dec-2023,,True
ACC-104232,Wiggins and Sons,Education,United Kingdom,18.0,Pro,Paid Ads,,2023-09-15,,True
ACC-100628,"Morrison, Hebert and Rogers",Manufacturing,United Kingdom,528.0,Enterprise,Paid Ads,,20/11/2022,2024-03-20,True
ACC-104430,"Hernandez, Diaz and Hamilton",Education,India,,Starter,Organic Search,,2022-11-29,29/12/2025,True
ACC-103853,"Mitchell, Smith and Clark",Consulting,United States,95.0,Business,Content/SEO,,2024-07-30,2024-12-30,True
ACC-100390,Frank-Bradley,SaaS,Singapore,,Pro,Sales-Led,REP-023,2023-08-18,18-Oct-2023,True
ACC-104345,Smith Inc,Manufacturing,USA,93.0,Business,Paid Ads,,2024-08-05,,False
ACC-105938,Dyer and Sons.,Media,France,,Business,Partner,,2023-05-18,,True
ACC-103990,"STEVENSON, SALINAS AND WILLIAMSON",Real Estate,Japan,409.0,Business,Sales-Led,REP-040,2022-08-14,2024-07-14,True
ACC-100400,Wilson-Jimenez,SaaS,Brazil,,Starter,Organic Search,,05/03/2024,2024-05-05,False
ACC-103359,Knight-Sparks,E-commerce,Great Britain,186.0,Business,Content/SEO,,08/21/2025,11/21/2025,True
ACC-100046,  Anderson Group  ,FinTech,Canada,8.0,Starter,Paid Ads,,2025-03-10,06/10/2025,False
ACC-105837,BECKER-SMITH,SaaS,France,,Starter,Organic Search,,2023/08/12,2025-08-12,True
ACC-105999,Spears-Miller,E-commerce,United States,4.0,Starter,Referral,,09/07/2024,2024-08-09,True
ACC-103642,"Perez, Solis and Lozano",Media,Netherlands,9.0,Starter,Partner,,01/08/2023,2023-05-08,True
ACC-103726,Smith LLC,Media,USA,35.0,Pro,Content/SEO,,2023-06-01,,True
ACC-105910,Benson-Martinez,E-commerce,United States,179.0,Business,Paid Ads,,2023-08-04,,True
ACC-102421,Poole-Miller,Consulting,Germany,290.0,Business,Paid Ads,,18/04/2022,2024-12-18,True
ACC-101750,"Haney, Harris and Johnson",Media,India,152.0,Business,Partner,,2022-03-17,2023-02-17,False
ACC-105884,Knox LLC,Media,Brazil,36.0,Pro,Content/SEO,,2023-10-31,31/01/2024,True
ACC-104979,"Velazquez, Foley and Andrews",Manufacturing,U.K.,10.0,Starter,Sales-Led,REP-018,2023-10-03,2025-07-03,True
ACC-104062,Johnson and Sons,Real Estate,India,65.0,Pro,Content/SEO,,2025-06-03,,True
ACC-100338,Crosby-Ramirez,E-commerce,United Kingdom,38.0,Pro,Referral,,2024-06-10,2024-12-10,True
ACC-100215,"Carlson, Hooper and Wall",Healthcare,United States,11.0,Pro,Paid Ads,,2023/06/07,2024-12-07,True
ACC-103663,"Klein, Chavez and Lane",Real Estate,Brazil,937.0,Enterprise,Organic Search,REP-020,2025-05-27,2025-11-27,False
ACC-101341,"BRENNAN, THOMAS AND DENNIS",Media,United States,10.0,Starter,Content/SEO,,03/28/2023,,True
ACC-105564,Robertson PLC,Logistics,United states ,16.0,Starter,Sales-Led,REP-002,2022-03-15,,False
ACC-103894,Ellis Ltd,Media,India,727.0,Enterprise,Referral,REP-036,2024-11-10,,True
ACC-103640,"Brown, Williams and Clark Inc.",Healthcare,Germany,,Starter,Organic Search,,2023-10-27,10/27/2024,True
ACC-100329,Herman-Walker,Consulting,United States,37.0,pro,Organic Search,,2024/10/30,,True
ACC-103004,"Hill, Ponce and Roberts",E-commerce,Brazil,31.0,Pro,Sales-Led,REP-012,11-Feb-2024,,True
ACC-105814,Rivas-Page,SaaS,Germany,54.0,Pro,Sales-Led,REP-006,2023-03-20,20/06/2025,False
ACC-103115,  Williams Inc  ,E-commerce,Sweden,66.0,Pro,Sales-Led,REP-034,22/10/2023,,True
ACC-105887,Garcia-Ramos,saas,united states,117.0,Business,Content/SEO,,2024-03-07,,False
ACC-102322,Gutierrez-Marshall,Healthcare,U.S.A.,28.0,Starter,Content/SEO,,2025-07-27,,False
ACC-104197,Davis PLC,SaaS,Canada,308.0,Business,Organic Search,,2023-07-19,11/19/2024,True
ACC-103549,"Hernandez, Farmer and Banks",Manufacturing,United States,1.0,Starter,Paid Ads,,11/09/2023,,True
ACC-101458,"Holmes, Le and Floyd",Media,United States,5.0,Starter,Referral,,23/03/2025,,True
ACC-100171,"Alvarado, Miller and Patterson",E-commerce,United States,38.0,Pro,Referral,,2023-05-19,19/08/2023,True
ACC-104203,Johnson Group,Logistics,Great Britain,36.0,Pro,,,2022-11-17,17-Dec-2024,True
ACC-105984,Sutton Ltd,FinTech,Brazil,,Starter,Sales-Led,REP-009,25-Jun-2023,,True
ACC-103569,Newton-Martinez,SaaS,United Kingdom,6.0,Starter,,,2022/04/02,02-Dec-2024,True
ACC-104226,Smith-Obrien,Media,Brazil,5.0,Starter,Partner,,2023-02-13,,True
ACC-104960,"Hodge, Bates and Burns",FinTech,India,1.0,Starter,Organic Search,,2024-01-23,,True
ACC-105008,Davis PLC,Consulting,United states ,,Enterprise,Content/SEO,REP-040,2022-09-14,14/01/2023,True
ACC-100938,"Flores, Mckenzie and Duncan",Manufacturing,United states ,5.0,Starter,Organic Search,,2022-02-13,2024-10-13,True
ACC-100060,"Brown, Valdez and Lucas",Media,United States,828.0,Enterprise,Referral,REP-004,2023-06-15,15-Dec-2023,True
ACC-101240,"Tanner, Hunt and Cameron",education,united kingdom,56.0,Pro,Referral,,15-Jan-2025,,True
ACC-105081,"Green, Vincent and Thompson",Media,United States,,Starter,Paid Ads,,2024-05-22,,True
ACC-102120,Lutz Group,consulting,united states,17.0,Starter,Paid Ads,,02/09/2025,,False
ACC-101524,"WRIGHT, WISE AND RAMOS",manufacturing,Spain,7.0,Starter,Content/SEO,,04/03/2025,2026-03-03,True
ACC-100153,Green-Wright,Consulting,Brazil,81.0,Business,Organic Search,,2022-08-27,,True
ACC-100481,Carlson-Smith,E-commerce,Singapore,36.0,Business,Sales-Led,REP-036,2024-12-18,,False
ACC-104460,Joseph-Cox,Consulting,Sweden,3.0,Starter,Sales-Led,REP-008,2025-08-19,,True
ACC-103920,"Johnson, Taylor and Boyd",Logistics,Canada,17.0,Pro,Sales-Led,REP-017,2023-08-20,,True
ACC-101762,Andrews-Jackson,Consulting,Sweden,3.0,Starter,Content/SEO,,12/01/2024,2026-05-12,True
ACC-100750,"Rivera, Campos and Taylor",Consulting,Japan,14.0,Starter,Paid Ads,,01/01/2023,2023-04-01,True
ACC-101785,"Reynolds, Baird and Bradley",Media,India,156.0,Business,Organic Search,,14-Aug-2023,04/14/2025,True
ACC-104501,Miles-Perkins,Healthcare,Brazil,381.0,Business,Sales-Led,REP-040,07/28/2025,,True
ACC-102711,Taylor Group,Logistics,United Kingdom,,Pro,Sales-Led,REP-022,2022-06-04,,True
ACC-105065,Mcdonald-Williams,Real Estate,,6.0,Starter,Partner,,04/23/2023,2026-03-23,True
ACC-104193,Flores LLC,FinTech,United States,7.0,Starter,Referral,,2023-11-03,02/03/2025,False
ACC-101333,Arnold PLC,Healthcare,Brazil,398.0,Business,Referral,,11/20/2023,20/09/2024,False
ACC-105413,  Moses Ltd  ,Logistics,Canada,9.0,Starter,Paid Ads,,2022-12-19,,True
ACC-102854,Turner-Carlson,Logistics,Canada,31.0,Pro,Organic Search,,2022-01-19,,True
ACC-100186,Sanders-Espinoza,Consulting,France,10.0,Starter,Content/SEO,,03/03/2022,,False
ACC-101136,"Carpenter, Oliver and Kennedy",SaaS,Canada,22.0,Pro,Sales-Led,REP-013,04/06/2025,,True
ACC-102058,Roberts-Henry,healthcare,United States,9.0,Starter,Content/SEO,,2025-07-18,,True
ACC-105094,Todd-Cline,Media,united states,98.0,Business,Organic Search,,2024-03-07,,True
ACC-100148,Bryant Group,E-commerce,Netherlands,12.0,Pro,Sales-Led,REP-034,04/12/2022,,False
ACC-104124,Taylor-Morales Inc.,Consulting,Canada,28.0,Pro,Content/SEO,,2024-03-29,,True
ACC-103363,"Martin, Tucker and Brown",Healthcare,Brazil,38.0,Pro,Organic Search,,09/09/2024,2025-07-09,True
ACC-104788,Perez Inc,FinTech,US,2.0,Starter,Paid Ads,,2023-08-22,2025-10-22,True
ACC-102866,"Lopez, Hess and Smith",,U.S.A.,9.0,Starter,Content/SEO,,04/07/2025,,True
ACC-103776,Booth-Smith,Manufacturing,Germany,198.0,Business,Referral,,26-Sep-2023,,True
ACC-101386,"Smith, Pena and Watts LLC",Healthcare,India,6.0,Starter,Sales-Led,REP-003,08/05/2023,,True
ACC-105753,Hall Inc,E-commerce,United Kingdom,6.0,Starter,Partner,,2024-01-19,2025/03/19,True
ACC-105031,"Guerrero, Lewis and Cole",Media,United States,-224.0,Business,Partner,,2024-07-31,,True
ACC-103629,"Lewis, Rosales and Ortiz",FinTech,United Kingdom,3336.0,Enterprise,Referral,REP-001,06/08/2023,,True
ACC-105475,  Clarke Ltd  ,FinTech,Netherlands,21.0,Starter,Organic Search,,2025-04-22,,True
ACC-104797,"Rivera, Miller and Martin Inc.",manufacturing,India,5.0,Starter,Sales-Led,REP-024,23/11/2023,12/23/2023,True
ACC-103028,Adams-Perkins,Consulting,United States,43.0,Pro,Partner,,2024-10-30,30/05/2026,True
ACC-102969,  Williamson Ltd  ,Logistics,India,22.0,Starter,Content/SEO,,24-Mar-2023,,True
ACC-105282,Hudson-Oconnor,E-commerce,United Kingdom,6.0,Starter,Sales-Led,REP-014,05/04/2024,,True
ACC-101708,Davis LLC,Manufacturing,Canada,4.0,Starter,Organic Search,,04-May-2023,03/04/2024,False
ACC-102953,Martin-Gomez,Manufacturing,U.S.A.,23.0,Pro,Content/SEO,,2023-11-15,,True
ACC-100454,"Lamb, Martin and Kim",Logistics,United States,2.0,Starter,Referral,,08/25/2023,2025-11-25,True
ACC-100609,Blevins-Ballard,Logistics,United states ,9.0,Starter,Paid Ads,,2022-06-21,2025-03-21,True
ACC-104263,HICKS LTD,E-commerce,Germany,31.0,Pro,Organic Search,,24/11/2023,2025-07-24,True
ACC-105153,Meyers Inc,Real Estate,India,6.0,Pro,Sales-Led,REP-039,2024-02-14,,True
ACC-102074,Duran PLC,Healthcare,Canada,35.0,Business,Referral,,04-Sep-2022,04-Oct-2023,True
ACC-104052,"Schneider, Price and Ruiz",E-commerce,United Kingdom,21.0,Pro,Content/SEO,,16-Aug-2025,,True
ACC-104949,"Carpenter, Coffey and Wright",E-commerce,Australia,167.0,Pro,Partner,,2024-12-26,,True
ACC-101622,Payne LLC,Media,USA,4.0,Starter,Sales-Led,REP-022,24-May-2022,2024-09-24,True
ACC-104683,Hernandez PLC,E-commerce,united states,60.0,Pro,Organic Search,,2023-01-10,2025-06-10,True
ACC-105327,Sloan LLC,E-commerce,Canada,240.0,Business,Organic Search,,2022-11-09,2023-05-09,True
ACC-100040,Ryan PLC,FinTech,Germany,1560.0,Enterprise,Sales-Led,REP-026,2024-12-31,,True
ACC-102089,Jackson-Torres,E-commerce,United States,24.0,Pro,Content/SEO,,2023-12-09,,True
ACC-103924,Marquez-Nunez,,United states ,154.0,Business,Sales-Led,REP-039,2025-04-29,,False
ACC-102175,Simmons-Reed,SaaS,Germany,17.0,Starter,Organic Search,,11-Jul-2025,,True
ACC-100074,Novak PLC,Logistics,united states,26.0,Starter,Referral,,2025-03-12,10/12/2025,True
ACC-104866,"King, Baker and Schmidt",Consulting,United States,905.0,Enterprise,Sales-Led,REP-028,2022-01-12,12/03/2025,True
ACC-104913,"Green, Gray and Hernandez",Consulting,Canada,11.0,Starter,Referral,,21/03/2022,01/21/2023,True
ACC-102657,Perry and Sons,,U.S.A.,110.0,Pro,Paid Ads,,2022-09-29,29/01/2024,True
ACC-103180,Lin-Wilson,Healthcare,Germany,32.0,Pro,Partner,,2023-07-17,,True
ACC-102076,"Marsh, Nelson and Wolfe",Media,Spain,,Enterprise,,REP-018,2025-06-10,,False
ACC-100441,Rangel LLC,SaaS,Germany,7.0,Starter,Paid Ads,,2025-01-21,,True
ACC-102051,HOUSTON PLC,Education,US,3.0,Starter,Sales-Led,REP-008,2022/06/03,,True
ACC-102541,"WALTON, HALL AND GREENE",Real Estate,Brazil,3.0,Starter,Paid Ads,,05/25/2024,25/12/2024,True
ACC-101301,Reilly-Rodriguez,FinTech,Sweden,,Pro,Sales-Led,REP-026,,,True
ACC-103430,Johnson Ltd,Media,Brazil,274.0,Business,Paid Ads,,2022-05-03,,False
ACC-101304,Wells PLC,FinTech,United States,206.0,Business,Partner,,2022-04-28,,True
ACC-100236,Warner-Gibson,Education,France,5.0,Starter,Content/SEO,,25/03/2024,,True
ACC-105067,Gray Ltd,Consulting,Spain,206.0,Business,Paid Ads,,01/11/2025,,True
ACC-102599,  Oneal-Duncan  ,Media,India,,Business,Organic Search,,2022-09-25,,True
ACC-104616,Martinez and Sons,Media,US,10.0,Starter,Content/SEO,,2024-08-19,19-May-2026,True
ACC-102573,Mcclure Ltd,Healthcare,France,1872.0,Enterprise,Partner,REP-016,2023-03-19,,True
ACC-103280,Gallegos Group,Education,Netherlands,77.0,Pro,Content/SEO,,03/11/2022,,True
ACC-103186,"Gray, Bailey and Farley",Media,Canada,10.0,Pro,Organic Search,,2024-03-19,2025-06-19,False
ACC-103953,"Woods, Garcia and Keith",SaaS,Canada,408.0,Enterprise,Partner,REP-014,2025-03-12,,True
ACC-102768,"Jordan, Thompson and Lopez",Healthcare,Germany,999999.0,Starter,Sales-Led,REP-009,2022/07/21,21/04/2024,True
ACC-104831,Rodriguez Group,Media,France,,Business,Organic Search,,2024-03-19,2025-12-19,True
ACC-104223,Davis-Green,real estate,Canada,47.0,Pro,Partner,,2022-04-25,,True
ACC-102106,Beltran Inc,Logistics,India,146.0,Business,Paid Ads,,21-Jan-2025,,True
ACC-102679,Howard-Robinson,Real Estate,United Kingdom,11.0,Pro,Content/SEO,,05/18/2023,,True
ACC-102761,Willis-Gross,FinTech,Canada,323.0,Enterprise,Partner,,2023-05-18,,False
ACC-104688,Sanchez Group,E-commerce,united states,81.0,Pro,Sales-Led,REP-029,2025/08/19,,True
ACC-101387,Ortiz-Rodriguez,Consulting,United Kingdom,9.0,Starter,Referral,,27/04/2025,,True
ACC-105713,"Gray, Jackson and Jones",manufacturing,Canada,982.0,Enterprise,Partner,REP-008,08/29/2023,2024-12-29,True
ACC-105506,Richardson-Orozco,FinTech,Japan,75.0,Pro,Sales-Led,REP-023,06/29/2023,29-Sep-2023,True
ACC-101279,"  Smith, Caldwell and Griffin  ",Manufacturing,Canada,59.0,Pro,Content/SEO,,2023-01-07,2026-02-07,True
ACC-105967,Freeman-Ramirez,Education,United states ,23.0,starter,Sales-Led,REP-021,2023-05-21,,True
ACC-101555,Williams and Sons,E-commerce,United States,9.0,Starter,Paid Ads,,29-Jun-2022,29/04/2025,True
ACC-105501,  Carey Ltd  ,,Australia,46.0,Pro,Partner,,07-Nov-2022,08/07/2023,True
ACC-103190,Gutierrez-Bell,Manufacturing,United Kingdom,18.0,Pro,Paid Ads,,2023-11-13,,False
ACC-104566,"French, Burns and Nguyen",Real Estate,India,86.0,Pro,Content/SEO,,2022-11-27,,True
ACC-104802,Wilson-Young,SaaS,UK,9.0,Starter,Organic Search,,2022-05-23,06/23/2022,True
ACC-105708,"  Ochoa, Miller and Gonzales  ",SaaS,Australia,17.0,Starter,Partner,,06/11/2025,,True
ACC-104841,"LEVY, BOWERS AND HUFFMAN",SaaS,India,68.0,Business,Organic Search,,2025-03-18,,True
ACC-103594,  Davis PLC  ,Real Estate,Australia,8.0,Starter,Content/SEO,,2023-08-20,,True
ACC-101920,"Jackson, Garza and Meyers",Real Estate,Germany,87.0,Pro,Paid Ads,,24/10/2024,,True
ACC-100513,CISNEROS AND SONS,Media,Germany,28.0,Pro,Organic Search,,2023-02-24,2024-02-24,True
ACC-104177,Baldwin PLC,Manufacturing,Germany,,Pro,Organic Search,,2022-10-13,02/13/2025,False
ACC-101308,"Thomas, Williams and Armstrong",Education,Australia,,Pro,Paid Ads,,10/01/2023,,True
ACC-100914,"Wang, Henderson and Morales",E-commerce,United States,16.0,Starter,Sales-Led,REP-003,05/05/2024,05-Mar-2025,True
ACC-103452,"Castaneda, Solis and Gonzales",Media,Germany,96.0,Business,Sales-Led,REP-021,10-Aug-2024,,True
ACC-103695,Benson PLC,Media,,4.0,Starter,Organic Search,,2022-10-11,,False
ACC-104242,"Spencer, Morgan and Diaz",Healthcare,United States,5.0,Starter,Paid Ads,,06-Sep-2024,,True
ACC-103156,Gonzalez-Murphy,SaaS,United states ,9.0,Starter,Referral,,2023-08-01,,True
ACC-102198,Casey-Brown,Education,India,164.0,Pro,Organic Search,,05/13/2022,13-Jun-2022,True
ACC-100774,Ward and Sons,logistics,India,3.0,Starter,Content/SEO,,29/11/2023,04/29/2025,True
ACC-104425,Hobbs-Nguyen,Logistics,Germany,1140.0,Enterprise,Sales-Led,REP-008,2025-05-02,,True
ACC-100943,Murphy-Tran,Manufacturing,Spain,293.0,Business,Partner,,09/09/2022,2025-12-09,True
ACC-100822,Wilson-Lambert,consulting,France,,Starter,Paid Ads,,2023/07/26,,True
ACC-104277,Ortiz-Smith,FinTech,Brazil,197.0,Business,,,06/01/2025,,True
ACC-100164,Castaneda-Ashley,Logistics,United Kingdom,105.0,Pro,Organic Search,,2025-07-10,,True
ACC-104547,"Williams, Cox and George",Healthcare,United States,15.0,Starter,Content/SEO,,2023-01-06,,True
ACC-103983,Gill Group,Logistics,United States,41.0,Pro,Organic Search,,2025-06-14,,True
ACC-102538,Brown-Bishop,FinTech,Singapore,44.0,Pro,Paid Ads,,2025-01-03,,True
ACC-105807,Hunt-Jones,media,USA,174.0,Business,Partner,,2024-08-25,,True
ACC-101311,"Cooper, Gutierrez and Brewer",FinTech,India,4.0,Starter,Organic Search,,2022-06-01,,True
ACC-105908,"Gonzales, Baker and Osborne",Real Estate,India,92.0,Business,Referral,,2022-04-08,,True
ACC-105069,Moreno-Sullivan,E-commerce,Brazil,1064.0,Enterprise,Organic Search,REP-001,05/22/2025,,True
ACC-105649,Vega-Brown,SaaS,United States,15.0,Starter,Content/SEO,,2024-10-04,2024-12-04,True
ACC-103300,Bray-Morris,Logistics,Canada,47.0,Pro,Organic Search,,10/23/2023,2024-10-23,True
ACC-103310,Robinson LLC,,,134.0,Pro,Organic Search,,2023-12-13,,True
ACC-100327,Rodriguez-Hall,E-commerce,United States,53.0,Pro,Content/SEO,,2023-06-11,,True
ACC-102490,"Bernard, Flores and Fleming",Healthcare,Canada,19.0,Starter,Referral,,2024-06-18,,True
ACC-105702,PEARSON-MORGAN,Real Estate,United states ,,Enterprise,Sales-Led,REP-004,2024-12-10,,True
ACC-104408,  Lopez LLC  ,Manufacturing,United Kingdom,336.0,Business,Referral,,2024-02-03,,True
ACC-100832,"Ellison, Arias and Thompson",SaaS,United States,,Starter,Referral,,11/04/2022,04/04/2023,True
ACC-103079,Mcknight Inc,Manufacturing,United Kingdom,10.0,Pro,Sales-Led,REP-025,2022-09-22,22/11/2024,False
ACC-103462,Johnson Group,Logistics,Brazil,7.0,Starter,Partner,,2025-04-04,,True
ACC-105328,Jackson-Johnston,SaaS,Spain,4.0,Starter,Sales-Led,REP-026,27/12/2024,,True
ACC-100054,Jones Inc,Consulting,Japan,10.0,Starter,Content/SEO,,19-Jul-2025,,True
ACC-104064,Howell-Johnson,Real Estate,Great Britain,3.0,Starter,Referral,,2024-11-01,,True
ACC-103451,"Carey, Mason and Kelly",e-commerce,United States,10.0,Starter,Referral,,04/04/2023,2023-07-04,True
ACC-101901,Diaz LLC,FinTech,France,15.0,Pro,Sales-Led,REP-013,07/06/2024,,True
ACC-101481,Jackson Inc,Healthcare,India,9.0,Starter,Organic Search,,2023-05-06,,True
ACC-104873,Zhang-Lewis,Real Estate,United States,12.0,Starter,Partner,,30-May-2022,,True
ACC-104895,"Bell, Peterson and Price",FinTech,Canada,42.0,Pro,Content/SEO,,2025-08-18,,True
ACC-104150,Ward Ltd,Consulting,Australia,8.0,Starter,Organic Search,,11/07/2022,2023-02-07,True
ACC-103335,Rivers Ltd,Real Estate,United Kingdom,30.0,Pro,Partner,,23-Mar-2022,,True
ACC-100946,Vargas-Snyder,,India,,Starter,Paid Ads,,2022-12-05,2023-07-05,True
ACC-103293,Murphy-Salazar,Healthcare,United States,10.0,Starter,Paid Ads,,2023-05-03,03/02/2024,True
ACC-102161,Murray Group,FinTech,United States,14.0,Starter,Content/SEO,,2024-03-23,2024-12-23,True
ACC-105148,Stone Inc,Media,Great Britain,3.0,Starter,Organic Search,,07/18/2025,2025-08-18,True
ACC-103057,Jones-Cook,Education,united states,32.0,Pro,Organic Search,,04/06/2024,06-May-2024,True
ACC-100768,Smith-Gutierrez,,Netherlands,111.0,Pro,Organic Search,,09/12/2024,,True
ACC-105722,Johnson Ltd,E-commerce,Sweden,6.0,Starter,Partner,,05/27/2023,,True
ACC-103495,"Gordon, Brown and Mccullough",Logistics,India,3.0,Starter,Organic Search,,2024-05-29,,True
ACC-100285,Bowen Group,SaaS,Germany,519.0,Enterprise,Partner,,2025-08-04,,True
ACC-103746,Daniel Inc,Healthcare,United Kingdom,7.0,Starter,Paid Ads,,2024-02-27,04/27/2024,False
ACC-104524,TURNER GROUP,,Germany,,Business,Organic Search,,2023-04-05,,True
ACC-105410,Frye Inc,SaaS,Australia,510.0,enterprise,Referral,REP-020,03-Nov-2022,,True
ACC-102332,Ferguson-Smith,E-commerce,,8.0,Starter,Content/SEO,,09/04/2024,04/11/2024,True
ACC-102717,"Hess, Christensen and Perez",Consulting,Canada,166.0,Business,Referral,,2023-12-10,,False
ACC-102079,Watson-Washington,Consulting,United Kingdom,89.0,Pro,Content/SEO,,15-Feb-2024,,True
ACC-103389,POWELL INC,E-commerce,India,264.0,Business,Paid Ads,,05/27/2023,,False
ACC-100722,Kirby and Sons,Logistics,United States,10.0,Starter,Partner,,2024/10/26,,True
ACC-100951,BLAKE GROUP,Education,United States,79.0,Pro,Paid Ads,,02-Sep-2022,02-Feb-2024,True
ACC-105297,Kelly and Sons,Healthcare,Netherlands,25.0,Pro,Partner,,2022-12-27,,True
ACC-102262,Hawkins Inc,Media,Japan,30.0,Pro,Content/SEO,,2023-07-10,,True
ACC-100989,Holland Group,Logistics,Canada,7.0,Starter,Partner,,2024-07-21,2025-11-21,False
ACC-103212,Jensen Group,Education,United States,81.0,Pro,Sales-Led,REP-023,2022-01-23,,False
ACC-101759,Hill Inc,Manufacturing,Brazil,322.0,Enterprise,Content/SEO,REP-026,20-Jul-2024,,True
ACC-104991,Blake-Patel,Logistics,Netherlands,13.0,Starter,Referral,,16-Oct-2023,,True
ACC-104422,Evans-Burns,FinTech,United Kingdom,35.0,Pro,Partner,,2025-06-29,,False
ACC-101724,"Shaffer, Lewis and Davidson",Logistics,Netherlands,25.0,Starter,Organic Search,,2025-07-28,28/09/2025,True
ACC-100341,"Winters, Newman and Brown",Media,Canada,32.0,Pro,Partner,,2022-09-20,2023-06-20,True
ACC-103701,Hoffman-May,Real Estate,United States,10.0,Starter,Paid Ads,,2022-02-14,2025-05-14,True
ACC-104243,Horne Group,Media,Brazil,11.0,Starter,Content/SEO,,2025-04-05,,True
ACC-100688,David-Powers,Consulting,United States,234.0,Enterprise,Partner,REP-005,2023-04-27,,True
ACC-103432,Porter Ltd,FinTech,Germany,28.0,Pro,Content/SEO,,2024-11-22,,False
ACC-104944,Bartlett-Roberts,Education,Brazil,,Starter,Sales-Led,REP-004,2025-06-06,,True
ACC-100966,"Howard, Townsend and Hayes",Media,United states ,,Enterprise,Sales-Led,REP-002,26/11/2024,,True
ACC-105748,Acevedo PLC,Media,Great Britain,185.0,Business,Sales-Led,REP-031,2023-01-12,2023-05-12,False
ACC-102203,Young PLC,Manufacturing,India,85.0,Business,Referral,,2025-07-20,,True
ACC-102713,"Johnson, Mclean and George",Logistics,Singapore,27.0,Pro,Paid Ads,,2022-01-08,,True
ACC-104757,Eaton-Wiggins,Healthcare,India,137.0,Business,Sales-Led,REP-020,2024-01-03,,True
ACC-105356,Todd Inc,SaaS,India,36.0,Pro,Content/SEO,,2022-09-12,,True
ACC-105566,Randall Ltd,Education,Brazil,9.0,Starter,Paid Ads,,2023-12-01,2024-05-01,True
ACC-103572,"Sellers, Strong and Gomez",E-commerce,Australia,-567.0,Enterprise,Content/SEO,REP-028,01/17/2024,,True
ACC-104805,Sanchez-Ballard,Media,USA,22.0,Pro,Content/SEO,,10-Jan-2023,10-Apr-2025,False
ACC-101990,Fitzgerald-Brown,Manufacturing,Singapore,81.0,Pro,Organic Search,,2025-08-04,,True
ACC-104120,Castillo and Sons,Healthcare,United States,46.0,Starter,Organic Search,,22/02/2023,,True
ACC-104759,"Arnold, Williams and Jarvis",Education,Netherlands,79.0,Business,Sales-Led,REP-035,2022-11-19,,True
ACC-104986,"Ballard, Willis and Fuller",Logistics,India,-2566.0,Enterprise,Partner,REP-028,2023-03-02,,True
ACC-105312,Campos-Price,Education,France,4.0,Starter,Organic Search,,2024-01-14,2024-12-14,True
ACC-105767,Gonzalez Inc,E-commerce,United States,16.0,Pro,Paid Ads,,21/05/2025,,True
ACC-103600,"Calhoun, Wilson and Oneal",Healthcare,India,171.0,enterprise,Organic Search,,21/08/2024,,True
ACC-105552,Ford Group,Consulting,Netherlands,1822.0,Enterprise,Partner,REP-020,2022-04-19,,False
ACC-102258,Smith and Sons,Consulting,United States,119.0,Business,Referral,,2025-02-16,,True
ACC-105010,Simmons LLC,Consulting,Spain,173.0,Business,Referral,,2022-02-12,,True
ACC-100385,KANE PLC,E-commerce,Singapore,364.0,Business,Sales-Led,REP-011,30-Aug-2025,,True
ACC-105303,Simpson-Patel,SaaS,Great Britain,7.0,Pro,Content/SEO,,13-Nov-2024,,False
ACC-105554,"Carter, Jenkins and Reyes",Logistics,United States,47.0,Pro,Sales-Led,REP-014,08/31/2022,2024-04-30,True
ACC-100536,"Mendoza, Jenkins and Ortiz",Healthcare,Canada,411.0,Enterprise,Referral,REP-038,2024-07-23,,False
ACC-105677,"Wells, Morales and Gallagher",Manufacturing,United states ,27.0,Pro,Sales-Led,REP-011,02/27/2025,2025-11-27,True
ACC-104212,"Matthews, Huffman and Arellano Inc.",Manufacturing,USA,55.0,Pro,Organic Search,,02/15/2024,,True
ACC-103507,Lopez-Jordan,,India,58.0,Pro,Organic Search,,2025-04-16,,False
ACC-100201,White-Lewis,FinTech,united states,3.0,Starter,Referral,,2022-03-10,10/08/2023,True
ACC-101332,HAMMOND-LEWIS,Consulting,United Kingdom,42.0,starter,Sales-Led,REP-010,2025-06-08,,False
ACC-103502,Porter Inc,Consulting,Singapore,9.0,Starter,Partner,,2023-03-01,01-Dec-2023,True
ACC-102708,  Hall PLC  ,Logistics,France,94.0,Pro,Sales-Led,REP-013,2023/06/06,,True
ACC-104662,"Wright, George and Schultz",SaaS,Brazil,68.0,Pro,Content/SEO,,2025-07-15,2025-11-15,True
ACC-104021,"Hernandez, Rivera and White LLC",Manufacturing,Spain,-1221.0,Enterprise,Organic Search,REP-032,,,True
ACC-101854,Turner-Reese,manufacturing,France,3.0,Starter,Paid Ads,,2024-03-06,,True
ACC-105437,Ware LLC,Real Estate,United States,19.0,Starter,Organic Search,,03/03/2025,,True
ACC-102872,Smith Group,Logistics,Japan,10.0,Pro,Content/SEO,,2024-08-19,2026-02-19,False
ACC-103030,"Hamilton, Hernandez and Mendoza",Real Estate,Germany,148.0,Business,Partner,,26/04/2023,,True
ACC-101205,"  Brown, Schneider and Moore  ",E-commerce,United States,8.0,Starter,Referral,,2023-10-13,,True
ACC-101645,"Anderson, Delgado and Carpenter",Real Estate,,101.0,Business,Paid Ads,,2023-11-23,,True
ACC-103417,"  Santos, Sandoval and Wallace  ",Logistics,Australia,10.0,Starter,Referral,,2024-11-30,,True
ACC-103476,Ayala and Sons,Healthcare,U.K.,9.0,Starter,Sales-Led,REP-040,,,True
ACC-102861,"Walker, Matthews and Archer",SaaS,United Kingdom,,Pro,Referral,,11/09/2023,2024-03-11,True
ACC-101792,"Wise, Gray and Snyder",Media,United Kingdom,4.0,Starter,Referral,,07/16/2022,2022-10-16,True
ACC-103797,"Peters, Rowe and Smith",Consulting,United States,195.0,Business,Referral,,23-Mar-2025,2026-05-23,True
ACC-103368,Glover-Shaw,Media,Germany,15.0,Starter,Paid Ads,,2024-02-11,,True
ACC-103367,"Flowers, Williams and Taylor",Consulting,Germany,2037.0,Enterprise,Paid Ads,REP-009,2025-07-26,,True
ACC-103533,"Stewart, Tran and Perez",Real Estate,United States,23.0,Pro,Referral,,2025-02-23,,True
ACC-105487,Hill Group,Logistics,UK,16.0,Pro,Paid Ads,,10/16/2022,2023-03-16,True
ACC-103449,Lopez-Blair,SaaS,France,13.0,Starter,Referral,,07/31/2022,2023-07-31,True
ACC-100603,Lee-Wright,Healthcare,United Kingdom,1074.0,Enterprise,Organic Search,REP-010,2023-09-25,,True
ACC-103056,Garcia LLC,Manufacturing,United states ,30.0,Pro,Referral,,08/29/2023,2025-04-29,True
ACC-105569,"ACEVEDO, LLOYD AND YOUNG",Healthcare,United States,93.0,Business,Referral,,29-Feb-2024,2025-08-29,True
ACC-100126,"Mcdaniel, Bentley and Mclaughlin",real estate,,18.0,Starter,Partner,,22/11/2023,07/22/2024,True
ACC-103876,Barnes PLC,Consulting,United States,565.0,Business,Sales-Led,REP-012,2022-03-02,,True
ACC-102935,Simpson-Jackson,Logistics,Germany,7.0,Starter,Content/SEO,,01/09/2022,2024-06-01,True
ACC-104451,"Leon, Hale and Winters",Education,United Kingdom,86.0,Business,Sales-Led,REP-035,16/12/2024,,False
ACC-103531,"Douglas, Hall and Pena",Logistics,France,82.0,Pro,Content/SEO,,2023-12-06,,True
ACC-102730,Tapia LLC,Consulting,India,5.0,Starter,Paid Ads,,2025-06-11,,True
ACC-100827,Powers LLC,Consulting,India,999999.0,Starter,Organic Search,,2025-08-07,,False
ACC-101639,Raymond LLC,Consulting,United States,9.0,Pro,Referral,,2024-11-29,,True
ACC-100984,Underwood-Foster,Education,United Kingdom,14.0,Pro,Referral,,03/20/2022,2022-09-20,True
ACC-103281,"Turner, Stewart and Reed",Manufacturing,Canada,161.0,Business,Content/SEO,,2023-11-01,,False
ACC-102715,Stewart-Buchanan,Healthcare,Canada,11.0,Starter,Sales-Led,REP-021,21/09/2023,2024/06/21,False
ACC-102188,Walters Group,Education,Spain,241.0,Business,Partner,,31-May-2025,,True
ACC-105604,Brown Inc,Consulting,Canada,102.0,business,Content/SEO,,29/04/2024,,True
ACC-102443,Harrington-Alvarez,Logistics,India,59.0,Business,Partner,,2024-04-25,,True
ACC-100362,"Hernandez, Martinez and Weber",healthcare,United States,5.0,Starter,Sales-Led,REP-035,07/20/2022,09/20/2023,True
ACC-102349,Petty-Allison,saas,UK,19.0,Starter,Partner,,18/08/2024,2025-10-18,True
ACC-100345,Zhang PLC,Manufacturing,United States,8.0,Starter,Paid Ads,,2022-04-30,30-Apr-2023,True
ACC-100814,Hall-Sullivan,Logistics,United Kingdom,12.0,Pro,Paid Ads,,2025-05-07,,True
ACC-104807,Castaneda-Garcia,E-commerce,United States,148.0,Business,Content/SEO,,2023-05-07,,True
ACC-103205,"Foster, Ayers and Casey",FinTech,India,2.0,Starter,Content/SEO,,2025-08-04,,True
ACC-105050,"Hill, Boone and Johnson",SaaS,Sweden,2198.0,Enterprise,Referral,,06/22/2023,2025-06-22,True
ACC-105832,"Miller, Lopez and Miller",Education,united kingdom,1083.0,Enterprise,Organic Search,REP-018,02/19/2024,,False
ACC-103325,Johnston and Sons,Media,France,45.0,Pro,Referral,,06/10/2023,,True
ACC-104106,  Parsons and Sons  ,Education,United states ,11.0,Starter,Partner,,2022-06-24,,False
ACC-102116,"Fitzgerald, Mcdaniel and Randall",Media,Brazil,,Business,Content/SEO,,2022/10/16,,True
ACC-101834,Jackson-Neal,Media,United States,40.0,Pro,Partner,,2023-09-15,01/15/2026,True
ACC-100793,Ferguson-Mclean,FinTech,United States,5.0,Starter,Paid Ads,,2022-06-24,24/01/2024,True
ACC-103197,Banks PLC,Manufacturing,United States,21.0,Starter,Paid Ads,,2025-03-12,,True
ACC-102674,Ruiz LLC,Manufacturing,Japan,27.0,Pro,Sales-Led,REP-006,,,False
ACC-100094,Campbell-Clark,Education,Japan,36.0,Pro,Sales-Led,REP-003,11/15/2024,2026-01-15,False
ACC-104225,"Miller, Hayes and Davis",Manufacturing,Spain,286.0,Business,Content/SEO,,2022-03-07,,True
ACC-103756,Wiley and Sons,Manufacturing,Canada,60.0,Pro,Organic Search,,06/12/2024,05/06/2026,False
ACC-102891,Cowan-Terry,Consulting,India,11.0,Starter,Partner,,2022-05-15,2022-07-15,True
ACC-102371,"Johnson, Brown and Jordan",Manufacturing,Canada,,Pro,Organic Search,,2024/10/29,,True
ACC-105037,"Martinez, Brown and Mclaughlin",SaaS,US,10.0,Starter,Referral,,2025/07/31,2026-05-31,True
ACC-105389,Huff and Sons,Consulting,Australia,28.0,Pro,Content/SEO,,10/12/2024,2025-08-12,True
ACC-103228,Hopkins-Hill,Logistics,UK,43.0,Business,Partner,,23/06/2025,,True
ACC-105421,"Ford, Manning and Snyder",SaaS,Australia,1226.0,Enterprise,Referral,,2023-05-11,2026-05-11,True
ACC-102853,"Powell, Johnson and Allen",SaaS,India,8.0,Pro,Content/SEO,,12/05/2023,,True
ACC-102912,Sandoval and Sons,Consulting,United Kingdom,6.0,Starter,Content/SEO,,2022-03-15,2025/06/15,False
ACC-101865,Meyer Ltd,Real Estate,Brazil,17.0,Pro,Referral,,20-Nov-2022,2025-08-20,False
ACC-104612,"Richardson, Stephens and Barnes",Healthcare,Germany,394.0,Business,Referral,,09/23/2023,,True
ACC-101857,Roberts Group,FinTech,united states,80.0,Business,Referral,,10/10/2024,,True
ACC-102645,"Barnes, Paul and Price",E-commerce,United States,8.0,Pro,,,2022-04-11,2025-02-11,True
ACC-102243,"  Holland, Sims and Meadows  ",Consulting,India,89.0,Pro,Organic Search,,2024-04-05,2025-01-05,True
ACC-102336,"  Li, Jensen and Vazquez  ",Media,Sweden,76.0,Business,Sales-Led,REP-012,2025-05-05,05/11/2025,True
ACC-100950,"Franco, Wiley and Tapia",Healthcare,Spain,13.0,Pro,Partner,,07/11/2023,03/07/2026,False
ACC-103068,Moyer-Ramirez,SaaS,United States,426.0,Business,Sales-Led,REP-019,2025-06-13,,False
ACC-101120,"Evans, Hernandez and Cannon",FinTech,India,25.0,Pro,Sales-Led,REP-014,2022-09-06,2024-01-06,True
ACC-102597,Jacobson Group,Real Estate,Germany,72.0,Pro,Sales-Led,REP-026,2023-02-18,,False
ACC-102204,"Mason, Martinez and Beck",FinTech,United Kingdom,26.0,Pro,Content/SEO,,2022-04-27,2024-05-27,True
ACC-100419,Thompson Ltd.,SaaS,Great Britain,6.0,Starter,Content/SEO,,2022-02-18,,True
ACC-100922,Parker Ltd,FinTech,Germany,-1082.0,Enterprise,Content/SEO,REP-007,21/12/2024,,True
ACC-101254,Molina Inc,,United States,1323.0,Enterprise,Sales-Led,REP-006,2022-06-21,,True
ACC-100477,"Bentley, Lynch and Henderson",Manufacturing,Canada,4.0,Starter,Sales-Led,REP-019,12/26/2022,2023/08/26,True
ACC-102035,Morgan-Rodriguez,Manufacturing,Sweden,602.0,Business,Organic Search,,2025-03-22,,False
ACC-101202,"Davis, Stanley and Wright",Real Estate,,14.0,Starter,Paid Ads,,2025-03-15,2026-03-15,True
ACC-102626,Brooks PLC,SaaS,UK,118.0,Business,Paid Ads,,2024-05-02,,True
ACC-105857,"Davies, Macdonald and Galvan",Education,Canada,308.0,Business,,,08/17/2024,,True
ACC-101970,"Patterson, Salas and Wright",consulting,USA,458.0,Business,Content/SEO,,29-Sep-2023,,False
ACC-103110,Allen and Sons,Manufacturing,France,29.0,Starter,Partner,,2024-11-27,27/11/2025,True
ACC-104018,Berry Group,Manufacturing,India,4.0,Starter,Content/SEO,,08/19/2025,,True
ACC-102151,Jensen-Gomez,E-commerce,Germany,5.0,Starter,Content/SEO,,2022-09-10,,True
ACC-103687,"Santos, Thomas and Mills",Manufacturing,United Kingdom,2.0,Starter,Paid Ads,,28/09/2024,,True
ACC-104916,  Johnson-Zavala  ,Real Estate,United States,-7.0,Starter,Paid Ads,,12/07/2023,,True
ACC-101997,"Pitts, Warner and Mullins LLC",saas,united states,19.0,Pro,Referral,,2024-09-03,2026-05-03,True
ACC-104033,Harrell-Hebert,SaaS,United States,102.0,Business,Paid Ads,,2022-02-21,21/10/2022,False
ACC-105971,"Smith, Martinez and Burton.",Media,Canada,12.0,Pro,Partner,,2022/09/14,2023-03-14,False
ACC-103054,Mcdaniel-Espinoza,Consulting,France,2.0,Starter,Sales-Led,REP-025,07/01/2025,,True
ACC-101248,Rich-Henderson,Real Estate,Sweden,2.0,Starter,Organic Search,,09/30/2024,,False
ACC-102192,Sanchez LLC,Logistics,United Kingdom,7.0,Starter,Sales-Led,REP-025,11-Dec-2024,,True
ACC-102712,Harris-Bennett,,India,66.0,Business,Referral,,2025-02-04,04/04/2026,True
ACC-100992,Gonzalez-Wilkerson,Manufacturing,UK,15.0,Starter,Partner,,2023-09-26,2023-11-26,True
ACC-102190,Mcdaniel-Young,Real Estate,Spain,12.0,Starter,Content/SEO,,2024-03-23,2026-01-23,True
ACC-104670,"Silva, Hill and Bradley",,united kingdom,60.0,Pro,Referral,,2024-11-11,,True
ACC-103762,Thompson LLC,Education,India,9.0,Starter,Sales-Led,REP-033,2025-08-05,,False
ACC-103597,WOOD LLC,Logistics,U.S.A.,7.0,Starter,Partner,,09/22/2023,,True
ACC-104711,Perez-Richardson,Manufacturing,India,153.0,Pro,Organic Search,,16/02/2022,,True
ACC-101318,"Rios, Garcia and Harvey",Consulting,Canada,10.0,Starter,Referral,,09-Aug-2024,,True
ACC-101863,Murray-Leonard,Consulting,Netherlands,22.0,Pro,Partner,,2022-07-16,16/11/2022,True
ACC-102343,Hernandez-Henderson,FinTech,Brazil,3.0,Starter,Referral,,2024-07-30,,True
ACC-102449,Fitzgerald-Brewer,Healthcare,United States,1009.0,Enterprise,Organic Search,REP-019,2023-01-18,04/18/2023,True
ACC-102136,  Reyes Ltd  ,E-commerce,Canada,18.0,Pro,Sales-Led,REP-028,27-Jul-2024,08/27/2025,True
ACC-101065,"JOHNSON, DUNCAN AND BLACK",Education,United Kingdom,4.0,Starter,Content/SEO,,2025-07-26,,False
ACC-100329,Herman-Walker,Consulting,United States,37.0,pro,Organic Search,,2024/10/30,,True
ACC-104227,"Brown, Brooks and Jackson",,US,159.0,Business,Organic Search,,2022-07-02,,True
ACC-102621,  Hall-Matthews  ,Education,Brazil,243.0,Business,Partner,,07/28/2025,,True
ACC-100077,Yu Inc,Consulting,Netherlands,18.0,Pro,Paid Ads,,07/11/2024,2025-10-07,True
ACC-102898,Murphy Inc,Education,United States,16.0,Pro,Sales-Led,REP-036,2022-04-27,27-Nov-2023,True
ACC-104820,"Copeland, Jones and Salazar",Logistics,United Kingdom,74.0,Business,Organic Search,,08/06/2024,06/09/2024,True
ACC-101314,"Phelps, York and Randolph",Real Estate,Netherlands,,Starter,Sales-Led,REP-009,2023-10-01,2025-03-01,True
ACC-105306,Hood and Sons,Manufacturing,Brazil,29.0,pro,Partner,,27-Aug-2023,2024-12-27,True
ACC-100872,Kramer-Shannon,SaaS,Spain,3.0,Starter,Sales-Led,REP-035,2024-02-29,2024/10/29,True
ACC-103850,Hill-Barker,Consulting,United States,5.0,Starter,Partner,,2023/03/17,17-Oct-2023,True
ACC-105822,Brown Group,Education,Japan,13.0,Starter,Organic Search,,05/05/2023,05-Dec-2023,False
ACC-102965,"Smith, Cohen and Williams",Healthcare,Netherlands,2.0,Starter,Organic Search,,03/03/2025,,True
ACC-103391,Combs-Miller,Logistics,United states ,23.0,Starter,Sales-Led,REP-028,2022-09-30,11/30/2022,True
ACC-102560,Neal-Holden,FinTech,United States,26.0,Pro,Content/SEO,,03/06/2023,,False
ACC-105964,"  Lewis, Phillips and Anderson  ",Consulting,United States,4.0,Starter,Partner,,05/23/2024,,False
ACC-102635,Brown-Hughes,Healthcare,France,15.0,Pro,Paid Ads,,2024-10-05,,True
ACC-103530,Mccoy and Sons,Media,India,264.0,Business,,,15/12/2022,2025-11-15,True
ACC-100375,"Pugh, Henderson and Moon",Manufacturing,,17.0,Starter,Partner,,07/01/2024,,True
ACC-101908,Burns Inc,Media,France,1374.0,Enterprise,Partner,REP-029,2023-08-18,,True
ACC-104429,Kramer Group,Education,United States,333.0,Enterprise,Content/SEO,,2024/06/19,,True
ACC-105257,Stein Ltd,Manufacturing,USA,8.0,Starter,Referral,,2024-03-12,2024-10-12,False
ACC-105663,Henderson-Diaz,Education,Germany,5.0,Starter,Content/SEO,,2024-06-24,2024-07-24,False
ACC-104027,"Craig, Nguyen and Ellis",Manufacturing,Germany,125.0,Business,Sales-Led,REP-013,2023-01-12,12-Mar-2024,True
ACC-101604,AYALA-ANDERSON,Media,Germany,,Starter,Sales-Led,REP-014,2023-12-24,01/24/2025,True
ACC-101118,Rogers LLC,,U.S.A.,83.0,Business,Paid Ads,,03/08/2024,,True
ACC-103677,Fletcher-Robertson,,United Kingdom,106.0,Pro,Referral,,2025-06-26,,True
ACC-103490,"Martinez, Jones and Wright LLC",Media,India,9.0,Starter,Paid Ads,,2025-03-31,,True
ACC-105922,Parker Inc!,Consulting,united kingdom,878.0,Enterprise,Content/SEO,REP-024,03/14/2023,,True
ACC-102958,Moyer-Bird,Logistics,United Kingdom,1558.0,Enterprise,Organic Search,REP-013,2023-08-26,,True
ACC-101994,Castro and Sons,SaaS,France,91.0,Business,Organic Search,,2025-02-02,,True
ACC-105179,Nichols LLC,Real Estate,India,9.0,Starter,Paid Ads,,2023-04-10,,False
ACC-105281,Giles-Mcdaniel,FinTech,Germany,6.0,Starter,Paid Ads,,2025-03-08,,False
ACC-102376,Lloyd-Estes,saas,France,13.0,Pro,Content/SEO,,2024-09-12,,True
ACC-101342,Williams-Juarez,Education,India,14.0,Starter,Sales-Led,REP-018,2024-12-23,,True
ACC-100320,Coffey-Phillips,,Canada,18.0,Starter,Partner,,2022-11-03,,True
ACC-101619,  Cooper Inc  ,Real Estate,Japan,10.0,Starter,Partner,,2023-05-04,,True
ACC-103713,ORTEGA-MURPHY,Media,US,118.0,Business,Paid Ads,,2024-12-26,,True
ACC-102060,"Singh, Walker and Moody",FinTech,Spain,8.0,Starter,Content/SEO,,2022-11-25,2023-08-25,True
ACC-102219,King Group,SaaS,Australia,59.0,Business,Organic Search,,2022-08-26,,True
ACC-101673,"Williams, Hughes and Hubbard",E-commerce,United Kingdom,122.0,Business,Referral,,2024-08-20,,True
ACC-100260,Wolf-Harris,SaaS,United Kingdom,21.0,Starter,Sales-Led,REP-019,2023-04-23,2023-05-23,True
ACC-105368,Thompson-Anderson,Media,Japan,,Enterprise,,REP-012,2024-09-11,2025-04-11,True
ACC-102039,Brown-Davidson,Education,Germany,38.0,Starter,Partner,,07/27/2023,2023-11-27,True
ACC-104785,"Kelley, Valenzuela and Harmon",Manufacturing,India,15.0,Starter,Referral,,18-May-2022,,True
ACC-100901,"Griffith, Mitchell and Pugh",Media,USA,8.0,Starter,Paid Ads,,2024-11-25,2026-03-25,True
ACC-103744,"Powell, Monroe and Caldwell",Consulting,United States,1194.0,Enterprise,Paid Ads,REP-024,29-Aug-2022,,True
ACC-102026,"Mann, Wade and Spence",,Canada,3.0,Starter,,,14-Sep-2024,,True
ACC-104234,Romero Group,FinTech,Singapore,281.0,Enterprise,Paid Ads,REP-034,2025-03-18,,True
ACC-101917,Haynes and Sons,Consulting,United states ,5.0,Starter,Organic Search,,2022/10/28,2023-09-28,True
ACC-101828,"Davis, Kennedy and Harmon",Real Estate,USA,9.0,Starter,Organic Search,,2025-05-24,,True
ACC-101573,Pierce PLC,Media,United States,,Pro,Sales-Led,REP-039,31-May-2024,08/31/2025,False
ACC-104415,Harvey Group,Healthcare,Spain,30.0,Pro,Partner,,06/26/2025,,True
ACC-104749,  Cole PLC  ,e-commerce,Netherlands,-7.0,Starter,Referral,,31-Jul-2024,,True
ACC-105335,Smith-Flores,SaaS,Great Britain,4.0,Starter,Content/SEO,,2025/08/29,,True
ACC-104654,"Palmer, Edwards and Bullock",E-commerce,Canada,82.0,Business,Partner,,2022-07-01,,True
ACC-104208,Padilla-Bender,SaaS,Spain,8.0,Starter,Sales-Led,REP-031,2022/08/28,2023-09-28,True
ACC-104627,Solis-Lopez,Real Estate,Australia,21.0,Pro,Sales-Led,REP-003,2022/02/02,2023-10-02,True
ACC-100224,Jones-Soto,Manufacturing,Netherlands,50.0,Pro,Organic Search,,2023-07-04,,False
ACC-100723,Mann Inc,Healthcare,Japan,,Starter,Referral,,2023-12-01,2024-09-01,True
ACC-105457,Davis-Ponce,Healthcare,India,62.0,Pro,Paid Ads,,2023-07-14,,False
ACC-101141,Thomas-Huffman,E-commerce,Canada,10.0,Starter,Organic Search,,2023/06/11,2025-12-11,True
ACC-102762,"Booth, Rodriguez and Armstrong",fintech,United states ,15.0,Pro,Partner,,09-Sep-2024,,True
ACC-100846,"Alexander, Robinson and Coleman",Healthcare,united states,37.0,Pro,Organic Search,,2023-04-17,,True
ACC-104289,Juarez Group,Media,United States,472.0,Enterprise,Referral,,2023-12-21,,True
ACC-105042,"Stephens, Jones and Ryan",Real Estate,united states,128.0,Business,Partner,,2023-05-18,,False
ACC-102551,Anderson PLC,SaaS,Germany,20.0,Pro,Sales-Led,REP-011,06/07/2022,2024-04-06,True
ACC-102928,Bartlett Ltd,Education,United States,3.0,Starter,Referral,,24/03/2024,,True
ACC-100117,Rasmussen LLC,fintech,United States,19.0,Pro,Referral,,2024-02-01,01-Dec-2025,True
ACC-100645,"Carrillo, Vaughn and Fowler",Real Estate,Australia,123.0,Pro,Partner,,01/15/2023,,False
ACC-100003,Davis and Sons,Logistics,UK,545.0,Enterprise,Paid Ads,REP-020,2025-01-31,,True
ACC-104170,Bell-Shaffer,Logistics,Canada,120.0,pro,Organic Search,,06/30/2022,2022/07/30,True
ACC-100467,Wilkerson-Arias.,Manufacturing,United States,5.0,Starter,Content/SEO,,2024-12-08,,True
ACC-100005,"Gardner, Robinson and Lawrence",Logistics,Canada,269.0,Business,Partner,,2023-07-05,05/04/2025,True
ACC-100919,Collins Group,FinTech,united states,7.0,Starter,Content/SEO,,04/06/2022,,False
ACC-102595,Wells-Perkins,Logistics,Sweden,696.0,Enterprise,Content/SEO,REP-030,2024-04-06,,True
ACC-104324,Archer and Sons,FinTech,France,39.0,Pro,Sales-Led,REP-030,12/01/2023,,True
ACC-101063,Armstrong-Young,,Canada,8.0,Starter,Paid Ads,,03-Oct-2023,2025-02-03,True
ACC-102590,"  Blackwell, Clark and Miller  ",E-commerce,Singapore,96.0,Pro,Referral,,31/08/2023,,True
ACC-100242,Gonzales-Harrison.,Real Estate,US,20.0,Starter,Content/SEO,,07/29/2022,,True
ACC-105288,Martinez Inc,Healthcare,Canada,20.0,Pro,Content/SEO,,2024-08-21,,True
ACC-101160,Clark Inc,Real Estate,Spain,181.0,Business,Sales-Led,REP-018,30-Oct-2022,2023-12-30,False
ACC-102870,Sheppard Inc,Education,France,314.0,Business,Organic Search,,2023-07-10,10-Dec-2024,True
ACC-103735,Salazar Ltd,Media,Australia,723.0,Enterprise,Paid Ads,REP-028,20-Nov-2023,,True
ACC-102397,"  Whitney, Lloyd and Liu  ",Real Estate,United States,9.0,Starter,Sales-Led,REP-019,2023-05-21,2026-04-21,True
ACC-103517,Anderson Inc,E-commerce,Brazil,80.0,Pro,Paid Ads,,2022-06-04,2025-09-04,True
ACC-103421,"Warren, Palmer and Thompson",Education,United States,42.0,Pro,Sales-Led,REP-006,2025-07-21,,True
ACC-102563,Garcia Inc,Healthcare,India,9.0,Starter,,,2025-08-10,,True
ACC-101605,Castillo and Sons,FinTech,India,,Pro,Partner,,2023-03-14,01/14/2024,True
ACC-105869,Cross-Wade,FinTech,Sweden,10.0,Starter,Paid Ads,,03/06/2025,,True
ACC-102324,Mack Inc,SaaS,Brazil,8.0,Starter,Paid Ads,,,12/02/2025,True
ACC-102709,Parker Ltd,,US,,Business,Content/SEO,,07-Jun-2023,,True
ACC-105341,"Cook, Young and Leon",FinTech,India,5.0,Starter,Referral,,25/08/2024,11/25/2024,False
ACC-101312,"Thomas, White and Jensen",Healthcare,,40.0,Pro,Content/SEO,,12/16/2022,,True
ACC-103448,Carroll-Lin,SaaS,United Kingdom,114.0,Business,Content/SEO,,2025-04-12,12-Aug-2025,True
ACC-103812,Simmons LLC,Education,,1047.0,Enterprise,Partner,REP-036,2025-07-03,,True
ACC-105661,Mccormick-Baker LLC,Education,Canada,23.0,Pro,Organic Search,,2024-06-09,2025-08-09,True
ACC-102362,Moyer-Whitaker,Manufacturing,Canada,59.0,Business,Sales-Led,REP-003,06-Jan-2025,2025-04-06,True
ACC-101975,Schmidt-Mendoza,Real Estate,Canada,10.0,Starter,,,02/02/2022,2022-05-02,True
ACC-103514,"Randolph, Mitchell and Ritter",Consulting,Australia,925.0,Enterprise,Organic Search,REP-035,2025-05-18,,True
ACC-101761,"Flores, Thomas and Bush",,U.S.A.,13.0,Starter,Content/SEO,,2024-12-12,2025-10-12,False
ACC-102739,Taylor-Harrison,Real Estate,Great Britain,53.0,Business,Paid Ads,,2025-05-17,,True
ACC-105668,Scott-Sullivan,Consulting,United States,140.0,Business,Content/SEO,,2022-08-11,2023-11-11,True
ACC-102472,Avery-Adams,Real Estate,United States,,Business,Referral,,2025-05-23,,True
ACC-104007,Mcdonald-Murray,Real Estate,,,Business,Sales-Led,REP-007,2023-11-29,,False
ACC-104718,Chavez-Carter,Media,United States,99.0,Pro,Partner,,07/29/2025,,True
ACC-101493,"Fields, Elliott and Mills",Education,Canada,8.0,Starter,Referral,,2023-08-29,2023-09-29,True
ACC-104206,"Hill, King and Mosley",Manufacturing,Germany,101.0,Pro,Content/SEO,,2024-04-27,,True
ACC-102158,Watkins-Lozano,SaaS,Brazil,203.0,Business,Sales-Led,REP-028,2023-03-13,,True
ACC-101169,Bates LLC,Real Estate,Netherlands,35.0,Pro,Paid Ads,,2024-04-28,,True
ACC-105494,"Martin, Hall and Simpson",,U.K.,84.0,Pro,Organic Search,,2022-11-30,05/30/2026,False
ACC-100232,"Clark, Guerrero and Moore",Consulting,United States,30.0,Pro,Paid Ads,,2022-02-25,2025-04-25,True
ACC-100066,Williams PLC,Education,Japan,19.0,Pro,Paid Ads,,2022-03-24,2026-01-24,True
ACC-101603,Baker-Ross,Healthcare,Spain,19.0,Pro,Organic Search,,2025-05-22,,False
ACC-103283,Salazar-Long,FinTech,Canada,57.0,Pro,Content/SEO,,2024-03-24,,True
ACC-103596,"Medina, Lee and Freeman",Manufacturing,,404.0,Enterprise,Content/SEO,REP-012,2024-06-30,,False
ACC-104632,Woods Inc,FinTech,Netherlands,118.0,Business,Organic Search,,2022/02/19,,True
ACC-100125,  Smith-Frost  ,Consulting,India,20.0,Pro,Paid Ads,,2022-01-15,,True
ACC-101296,Russell-Hayes,SaaS,United Kingdom,84.0,Business,Content/SEO,,11/01/2024,,True
ACC-101976,"Nicholson, Chavez and Allen",Logistics,India,75.0,Business,Referral,,2024-09-01,,False
ACC-105495,Jackson PLC,Real Estate,,33.0,Pro,Paid Ads,,2022-02-02,2022-11-02,True
ACC-105452,Turner Group,Media,Germany,9.0,Pro,Partner,,2023-09-01,,True
ACC-102075,Stephens LLC,E-commerce,Spain,38.0,Pro,Organic Search,,2023-07-11,2025-07-11,True
ACC-104580,Wolfe LLC,FinTech,USA,16.0,Pro,Organic Search,,2024-04-23,2024/10/23,True
ACC-103086,Hayden Ltd,Manufacturing,France,145.0,Pro,Content/SEO,,12/23/2024,,True
ACC-105271,"  Ho, Wilson and Mendoza  ",Logistics,Australia,24.0,Pro,Organic Search,,04/02/2024,,False
ACC-103345,"Scott, Tucker and Diaz",Logistics,Australia,7.0,Starter,Paid Ads,,07-Aug-2022,07/04/2026,True
ACC-105432,Taylor-Bean,Manufacturing,US,1.0,Starter,Partner,,23-Nov-2022,05/23/2025,True
ACC-102797,Patterson-Huynh,E-commerce,United states ,14.0,Starter,Sales-Led,REP-040,2025/02/10,2026-04-10,True
ACC-100918,"Walters, Davenport and Becker",,united states,119.0,Pro,Sales-Led,REP-019,2022-07-12,12-Jun-2023,True
ACC-101646,"Mcbride, Huffman and Parker",Manufacturing,Germany,2.0,Starter,Sales-Led,REP-002,2023-12-02,01/02/2025,False
ACC-105122,Maxwell-Cortez,E-commerce,United Kingdom,55.0,Pro,Referral,,2022-05-25,,True
ACC-105126,Monroe PLC,FinTech,India,73.0,Business,Organic Search,,01/27/2024,,True
ACC-104978,Pacheco-Todd,Education,United Kingdom,17.0,Starter,Referral,,10/13/2022,2026-05-13,True
ACC-104621,Harris LLC!,FinTech,India,47.0,Pro,Sales-Led,REP-036,21/01/2025,,True
ACC-100364,"Phillips, Wagner and Jordan",Logistics,Great Britain,,Enterprise,Referral,REP-019,2025-01-09,,True
ACC-103287,Taylor LLC,Manufacturing,Brazil,46.0,Pro,Partner,,2023-01-27,,True
ACC-102125,Morgan PLC,Logistics,Canada,14.0,Starter,Content/SEO,,2023-11-06,01/06/2024,True
ACC-104123,Jones-Richmond,Logistics,France,11.0,Pro,Partner,,2024/10/25,,True
ACC-104569,Watts-Travis,Logistics,United Kingdom,,Starter,Referral,,2022-04-26,2022-05-26,True
ACC-100525,Hayes Ltd,Education,United States,9.0,Starter,Partner,,27-Jul-2023,2023-09-27,False
ACC-104821,Brown PLC,Consulting,USA,764.0,Enterprise,Sales-Led,REP-010,2022-08-05,,True
ACC-100055,Jones-Young,E-commerce,United Kingdom,22.0,Starter,Organic Search,,03/11/2024,,True
ACC-100638,Holden Group,,Singapore,6.0,Starter,Referral,,28-Aug-2023,,True
ACC-100302,Santana-Byrd,Manufacturing,United Kingdom,68.0,Pro,Paid Ads,,23/04/2025,,True
ACC-102766,Davis Ltd,Real Estate,United States,71.0,Pro,Content/SEO,,2022-02-28,28-Oct-2023,True
ACC-101276,  Walker-Lewis  ,Consulting,Australia,16.0,Pro,Sales-Led,REP-009,2023-12-22,,False
ACC-104720,  Ortiz and Sons  ,Education,Spain,131.0,Business,Partner,,2022-05-14,2026-01-14,True
ACC-102055,Davis-Ortiz,Education,United States,207.0,Business,Partner,,09/18/2023,,True
ACC-105145,"WILLIAMS, RICHARDSON AND SMITH",E-commerce,United States,,Starter,Partner,,2023-02-24,24/08/2024,True
ACC-104432,Davis Group,Healthcare,US,187.0,Business,Content/SEO,,15/08/2024,,True
ACC-103644,  Case Inc  ,SaaS,United States,30.0,Pro,Partner,,2024-12-20,,True
ACC-104143,Marquez Group,Consulting,United States,19.0,Pro,Paid Ads,,09/27/2022,12/27/2025,False
ACC-102878,Turner PLC,Real Estate,Netherlands,1189.0,Enterprise,,REP-021,04/28/2024,,True
ACC-104202,Garza-Brown,Logistics,Brazil,49.0,Pro,Referral,,2022-02-11,01/11/2025,True
ACC-105175,"Armstrong, Bennett and Deleon",Healthcare,UK,11.0,Starter,Organic Search,,2024-01-08,,True
ACC-102286,Brady LLC,Consulting,Canada,38.0,Pro,,,2023/06/30,,True
ACC-102261,Fitzgerald-Scott,,Canada,26.0,Starter,Referral,,2024-11-19,,True
ACC-105240,Espinoza-Jackson,Education,U.K.,30.0,Pro,Sales-Led,REP-015,08/25/2022,,True
ACC-102296,"Castillo, Fuller and Adams",E-commerce,united states,31.0,Starter,Content/SEO,,2022-09-10,2023-01-10,True
ACC-101753,"Charles, Wiggins and Cook",FinTech,United States,21.0,Pro,Partner,,14-Jun-2025,,True
ACC-105197,Clayton-Merritt,Logistics,United Kingdom,999999.0,Pro,Content/SEO,,2024-08-03,,False
ACC-101968,Atkins-Robinson,E-commerce,Spain,6.0,Starter,Sales-Led,REP-013,05/17/2022,,True
ACC-105277,Walker LLC,SaaS,United Kingdom,151.0,Business,,,17-Jun-2023,17-Sep-2024,True
ACC-103117,Benjamin-Porter,Education,Canada,58.0,Pro,Referral,,2023-06-23,,True
ACC-102393,"Acevedo, Miller and Edwards",SaaS,Spain,27.0,Pro,Partner,,27-Dec-2023,2024-02-27,True
ACC-100523,"Griffin, Davies and Mitchell",Logistics,Australia,,Pro,Partner,,16-Nov-2023,2024-07-16,True
ACC-103900,"Davidson, Lara and Massey",Healthcare,Germany,15.0,starter,Partner,,04/16/2022,08/16/2023,False
ACC-105673,"Frederick, Coleman and Foley",Education,Germany,34.0,Starter,Referral,,2024-05-13,,True
ACC-104699,Smith-Romero,Logistics,United States,8.0,Pro,Sales-Led,REP-001,01/01/2025,,True
ACC-105364,Mccarthy-Dixon,Media,Australia,6.0,Starter,Sales-Led,REP-028,2025-08-05,,True
ACC-103122,Matthews Group,Real Estate,United States,56.0,Pro,Sales-Led,REP-022,2024-08-03,,True
ACC-104156,"White, Mccoy and Murphy",Logistics,Canada,3.0,Starter,Content/SEO,,22/03/2022,,True
ACC-101969,Hood-Ramirez,Consulting,United States,77.0,Pro,Partner,,08/02/2025,,True
ACC-100671,Avila LLC,media,India,21.0,Pro,Partner,,2025-08-13,13-Jan-2026,True
ACC-104188,"Lee, Lopez and Stone",E-commerce,united states,9.0,Starter,Content/SEO,,2023/12/18,18-Jun-2025,True
ACC-100666,"Stuart, Brooks and Vance",,Singapore,3.0,Starter,Sales-Led,REP-031,02/13/2024,,True
ACC-105263,Navarro-Henry,FinTech,France,3.0,Starter,Content/SEO,,09/25/2022,03/25/2025,True
ACC-101887,Mendez Inc,SaaS,U.K.,2.0,Starter,Partner,,2023-11-01,,True
ACC-103266,  Hoffman Group  ,Logistics,India,6.0,Starter,Partner,,2024-11-11,,True
ACC-100280,Garner-Thornton,FinTech,United states ,37.0,Pro,Paid Ads,,2025-07-02,,True
ACC-101719,"Daniel, Jimenez and Morton",E-commerce,Brazil,63.0,Business,Content/SEO,,02/01/2025,,True
ACC-102947,Rice and Sons,Education,United States,170.0,Business,Content/SEO,,2024-02-08,,True
ACC-104455,Elliott-Zamora,,India,,Starter,Paid Ads,,2022-10-02,2025/03/02,True
ACC-100899,Wright Ltd,Education,Canada,,Pro,Organic Search,,2022-12-14,2023-04-14,False
ACC-105900,"Rogers, Gilbert and Mcclain",Education,United Kingdom,,Starter,Partner,,2022-12-28,,True
ACC-100760,Moore-Dawson,Manufacturing,Netherlands,-266.0,Business,Organic Search,,2025-03-25,,True
ACC-101906,Moss-Taylor,,United Kingdom,159.0,Business,Sales-Led,REP-026,2024-07-21,2025-04-21,True
ACC-104042,"Ramsey, Martinez and Sherman",FinTech,United States,29.0,Pro,Organic Search,,2022-09-28,28-Oct-2024,True
ACC-103823,"Watson, Wells and Rogers Inc.",healthcare,Germany,5.0,Starter,Partner,,24/02/2025,,True
ACC-104138,Copeland-Richmond,Media,Germany,16.0,Starter,Paid Ads,,29-Oct-2024,,True
ACC-103818,Martin and Sons,Consulting,Canada,3.0,Starter,Content/SEO,,,2022-08-28,False
ACC-104300,Peterson LLC,E-commerce,Australia,30.0,Starter,Partner,,09-Jan-2025,,True
ACC-102593,"Brooks, Stone and White",,Spain,8.0,Starter,Referral,,30/11/2022,,True
ACC-104164,Kirk Inc,FinTech,united states,1.0,Starter,Content/SEO,,2022/07/06,,True
ACC-103031,White-Lopez,Real Estate,United States,29.0,Pro,Content/SEO,,2022-09-24,2025-04-24,True
ACC-103579,Quinn Ltd,Education,United Kingdom,,Starter,Partner,,2025/01/13,13-Jun-2025,True
ACC-102832,Padilla-Bennett,Manufacturing,United Kingdom,,Business,Content/SEO,,02-Sep-2024,,True
ACC-103472,Johnson PLC,SaaS,Germany,9.0,Pro,Referral,,2022-08-03,,False
ACC-100137,"Jackson, Miller and Robertson",SaaS,United States,5.0,Starter,Sales-Led,REP-029,09/19/2024,2026-03-19,True
ACC-104892,Gay and Sons,FinTech,Canada,7.0,Starter,Content/SEO,,2022-11-30,2025-09-30,True
ACC-102180,Burton PLC,E-commerce,Brazil,15.0,Business,Referral,,03-Oct-2022,,True
ACC-102128,"Nelson, Clarke and Schneider",Healthcare,USA,7.0,Starter,Partner,,2022-07-18,,True
ACC-103177,"Jensen, Morris and Downs",Logistics,United States,103.0,Business,Content/SEO,,2023-12-30,,False
ACC-104854,"Manning, Hill and Myers",E-commerce,United States,84.0,Business,Organic Search,,2024-11-01,,False
ACC-104637,"BARBER, BROOKS AND COLE",FinTech,United States,347.0,Enterprise,Organic Search,REP-027,2024-11-29,,True
ACC-105115,Stephens PLC.,Real Estate,Netherlands,11.0,Starter,Sales-Led,REP-026,2022-01-05,2026-02-05,True
ACC-105298,Woodard Group,Healthcare,Netherlands,6.0,starter,Sales-Led,REP-032,12/06/2022,2025-01-12,False
ACC-104261,Colon Ltd,,India,14.0,starter,Content/SEO,,02/07/2024,06/07/2024,True
ACC-104344,Buchanan Inc,Consulting,Spain,12.0,Starter,,,2025-02-26,,True
ACC-101331,Hess PLC,Education,Germany,1328.0,Enterprise,Sales-Led,REP-020,24/10/2024,2026-02-24,True
ACC-102017,Mccormick and Sons,Manufacturing,United States,89.0,Business,Partner,,2023-11-26,2026-05-26,False
ACC-104542,Pham Inc,Education,Japan,36.0,Pro,Paid Ads,,2023-09-02,2025-07-02,True
ACC-102482,"Hayes, Smith and Marshall",Logistics,United States,572.0,Business,Referral,,22/07/2022,,False
ACC-101358,Cortez-Olson,Real Estate,Germany,3.0,Starter,Content/SEO,,06/22/2024,10/22/2024,True
ACC-101329,"Gonzalez, Gross and Sims",Consulting,United States,107.0,Business,Referral,,02/25/2022,,True
ACC-105998,Reyes Ltd,E-commerce,France,7.0,Starter,Paid Ads,,2024-03-25,,True
ACC-102150,"Brown, Baker and Garza",Media,United States,11.0,Starter,Referral,,2022-04-02,2022-11-02,True
ACC-104530,Conrad-Clay,Manufacturing,Canada,102.0,Pro,Partner,,23/09/2022,,True
ACC-102122,Wilson Group,Healthcare,France,10.0,Starter,Content/SEO,,10/07/2022,2026-05-07,True
ACC-104673,Edwards-Taylor,Real Estate,Japan,4.0,Starter,Paid Ads,,2023-05-22,,False
ACC-103981,"Gomez, Mcgee and Cole",e-commerce,United States,24.0,Pro,Content/SEO,,2024-04-09,,True
ACC-101252,Vega-Thomas,FinTech,United States,16.0,Starter,Sales-Led,REP-039,2022-04-27,2023/10/27,True
ACC-103278,Johnson-Ferguson,Logistics,India,108.0,Business,Sales-Led,REP-017,2022-08-17,,True
ACC-103374,Orozco LLC,Consulting,United Kingdom,19.0,Pro,Referral,,2025-08-07,,True
ACC-102814,"Paul, Hardy and Valdez LLC",,United Kingdom,9.0,Starter,Paid Ads,,2024-02-23,,True
ACC-104719,Ramirez-Moon,,Brazil,172.0,Business,Organic Search,,2023-12-02,,True
ACC-101848,Larson and Sons,Consulting,France,95.0,Business,Referral,,2022-03-11,,True
ACC-104858,"Payne, Ryan and Campos",Healthcare,Canada,70.0,Pro,Sales-Led,REP-024,2024-04-29,,True
ACC-103037,Ramsey and Sons,Manufacturing,Canada,20.0,Starter,Partner,,2022/08/01,2026-03-01,True
ACC-100388,Bennett Group,FinTech,United States,,Starter,Sales-Led,REP-037,2023-02-08,,True
ACC-100235,"Harrison, Johnson and Roberts",Manufacturing,Brazil,295.0,Business,Partner,,28/05/2025,,True
ACC-101077,Hernandez PLC,Logistics,United Kingdom,,Business,Partner,,18-Nov-2024,,False
ACC-101984,Clarke LLC,Media,India,41.0,Pro,Organic Search,,16/01/2024,,True
ACC-104363,Jones-Taylor,Manufacturing,Germany,14.0,Pro,Content/SEO,,2024-10-22,,True
ACC-103962,Murphy Group,Consulting,United States,56.0,Pro,Partner,,2025-04-22,2026-05-22,False
ACC-100770,Armstrong and Sons,SaaS,France,7.0,Starter,Partner,,2024-04-15,,True
ACC-102165,Stokes Inc,Consulting,Germany,1218.0,Business,Paid Ads,,2023/04/20,2026-03-20,True
ACC-104533,Thompson-Rodriguez!,Real Estate,USA,265.0,Business,Sales-Led,REP-017,2025-08-12,,False
ACC-100673,"GRAY, HALL AND MURRAY",Manufacturing,United States,8.0,Starter,Content/SEO,,09/29/2024,,True
ACC-100249,Ruiz Ltd,Healthcare,United States,70.0,Pro,Content/SEO,,2025-02-15,06/15/2025,True
ACC-101574,Sandoval-Ferguson,,United States,4.0,Starter,Sales-Led,REP-035,2022-10-27,27/08/2023,True
ACC-103419,"Ellis, Smith and Moore",Logistics,United States,6.0,Starter,Referral,,07/15/2024,2024-05-30,True
ACC-102081,Moore and Sons,E-commerce,United States,17.0,Starter,Content/SEO,,2024-09-15,,True
ACC-101823,Good PLC,Consulting,Sweden,42.0,Pro,Referral,,12/24/2023,2026-04-24,False
ACC-105631,"Mccoy, Payne and Huber",Logistics,United States,119.0,Business,Referral,,10/21/2024,,True
ACC-105821,"Murphy, Griffith and Cobb",SaaS,Brazil,2.0,Starter,Paid Ads,,26/05/2023,07/26/2023,True
ACC-104544,Patrick-Forbes,Manufacturing,United Kingdom,663.0,Enterprise,Paid Ads,REP-029,17-Nov-2024,05/17/2025,True
ACC-100716,Murray-Oconnor,E-commerce,USA,312.0,business,Partner,,09/08/2024,,True
ACC-105819,Abbott-Harrison,Education,Germany,238.0,Business,Referral,,18/06/2025,,True
ACC-105680,Bartlett-Christian,Media,,17.0,Pro,Paid Ads,,2022/06/26,2024-02-26,True
ACC-102048,"Miller, Luna and Wallace",Logistics,France,14.0,Pro,Content/SEO,,25/10/2024,25/01/2026,True
ACC-105264,"Mcdaniel, Kim and Chang",FinTech,Australia,998.0,Enterprise,Partner,REP-014,2023-12-10,,True
ACC-104178,Sanders-Morse,Healthcare,Canada,100.0,pro,Content/SEO,,2024-09-27,,False
ACC-104809,Fernandez Group,Healthcare,United Kingdom,1141.0,Enterprise,Organic Search,REP-031,2025-08-04,,True
ACC-102724,Watkins and Sons,,Canada,,Pro,Paid Ads,,2025/05/20,,True
ACC-105499,Heath PLC,Consulting,France,25.0,Pro,,,06/22/2023,,True
ACC-101460,Ross Ltd,E-commerce,Netherlands,5.0,Starter,Paid Ads,,15/07/2025,03/15/2026,True
ACC-101668,"  Moss, James and Edwards  ",Logistics,United Kingdom,149.0,Business,Sales-Led,REP-029,2022-07-30,2024-06-30,True
ACC-102756,"Skinner, Smith and Wise",Media,Brazil,5.0,Starter,Paid Ads,,2025-02-08,,True
ACC-102000,  Chavez-Mason  ,SaaS,Sweden,781.0,Enterprise,Referral,REP-017,03/08/2025,,True
ACC-104571,Flowers and Sons,Education,United Kingdom,24.0,Pro,Partner,,2024-12-24,,True
ACC-104613,Ramirez PLC,Healthcare,U.K.,21.0,Pro,Content/SEO,,2022-02-19,2022-03-19,False
ACC-100404,  Graham Group  ,Healthcare,India,11.0,Starter,Referral,,05/26/2024,2024-10-26,False
ACC-100384,"Farmer, Dorsey and Bell",E-commerce,United Kingdom,1088.0,Enterprise,Referral,REP-033,2025-07-19,,False
ACC-105464,Anderson and Sons,E-commerce,Brazil,349.0,Pro,Content/SEO,,2024-07-04,,True
ACC-102152,Flores-Johnson,SaaS,,5.0,Starter,Paid Ads,,05/22/2025,,True
ACC-101633,"House, Smith and Wright",Consulting,Canada,245.0,Business,,,2022-01-28,,True
ACC-105909,Ferrell PLC,Healthcare,Singapore,33.0,Pro,Paid Ads,,31-May-2023,,True
ACC-104784,Sosa-Scott,Manufacturing,United Kingdom,105.0,Pro,Sales-Led,REP-038,06/26/2024,,True
ACC-103925,Manning Ltd,Healthcare,Singapore,104.0,Business,Partner,,26/04/2023,2024-09-26,True
ACC-105336,Mejia-Mitchell,Real Estate,France,41.0,Pro,Paid Ads,,2024-08-13,,True
ACC-104158,"Bryant, Macdonald and Howard",Logistics,India,49.0,Pro,Paid Ads,,29/12/2023,,True
ACC-104948,"King, Anderson and Lopez",Healthcare,,20.0,Pro,Paid Ads,,06/03/2022,06/01/2024,True
ACC-100223,Wilson-Jones,E-commerce,United States,,Starter,Organic Search,,2025-08-19,,True
ACC-102193,Washington-Esparza,SaaS,India,37.0,Pro,Content/SEO,,30/01/2023,06/30/2024,True
ACC-103136,Porter Group,Consulting,Singapore,6.0,Starter,Paid Ads,,2023-10-27,,True
ACC-104469,"Cardenas, Smith and Green",Logistics,United states ,15.0,Starter,Partner,,2023-07-26,,True
ACC-101824,Bush-Wilson,E-commerce,UK,294.0,Business,Paid Ads,,2023/01/12,2024-02-12,True
ACC-105590,"Mckee, Hernandez and Barber",,United Kingdom,1187.0,Enterprise,Referral,,24/12/2024,,True
ACC-105124,Osborn Inc,Media,United Kingdom,73.0,Pro,Organic Search,,10/12/2023,,True
ACC-104972,"Tucker, Robinson and Fry",Consulting,France,540.0,Business,Paid Ads,,2022-08-10,2024-03-10,True
ACC-100797,"Ortega, Jackson and Salazar",E-commerce,Japan,24.0,Starter,Content/SEO,,2025-03-20,,False
ACC-102871,Atkins Ltd,E-commerce,united states,,Business,Content/SEO,,04/29/2025,,False
ACC-100009,Abbott-Munoz,,Germany,445.0,Enterprise,,REP-022,2023-01-09,,True
ACC-101944,Thompson-Santiago,Real Estate,United Kingdom,46.0,Pro,Sales-Led,REP-037,11-Aug-2024,,True
ACC-101838,Lamb-Weber,Healthcare,United States,6.0,Starter,Sales-Led,REP-007,2024-01-11,11/08/2024,True
ACC-104804,Sullivan and Sons,Manufacturing,United States,15.0,Starter,Content/SEO,,28-Apr-2022,03/28/2023,True
ACC-100255,"Johnson, Miller and King",Real Estate,Canada,7.0,Pro,Organic Search,,2024-02-23,,False
ACC-104485,Compton-Morgan,Healthcare,United Kingdom,157.0,Business,Sales-Led,REP-033,06/14/2023,14/11/2023,True
ACC-105481,Griffith-Franco,Media,United States,10.0,Starter,Paid Ads,,25/08/2024,2024-12-25,True
ACC-101581,Larson-Holmes,Media,Germany,55.0,Pro,Paid Ads,,2025-08-29,,True
ACC-102956,Fisher-Rivera,Healthcare,United States,66.0,Business,Content/SEO,,06/09/2024,,True
ACC-100924,"Smith, Crawford and Reed",Media,Sweden,1.0,Starter,Content/SEO,,23-Dec-2023,05/23/2025,True
ACC-105386,"JACKSON, WOOD AND CLARK",E-commerce,Spain,14.0,Starter,Paid Ads,,08/19/2024,,True
ACC-102508,Conway-Mann,Consulting,United States,98.0,Business,Partner,,04/26/2022,,True
ACC-105024,Miller and Sons,Healthcare,UK,8.0,Starter,Partner,,2022-02-18,,True
ACC-105320,  Sutton Ltd  ,FinTech,Germany,10.0,Starter,Referral,,01/10/2025,,True
ACC-103775,"Valenzuela, Morris and Garcia",Healthcare,France,106.0,Pro,Organic Search,,27/02/2022,2024-03-27,True
ACC-104835,"Barnett, Powers and Daniel",fintech,United States,127.0,Business,Partner,,13-Sep-2024,,False
ACC-104136,"Garcia, Bright and Morrison",E-commerce,Brazil,65.0,Business,Organic Search,,31-Jan-2022,2022-02-28,True
ACC-104964,Harris-Rodriguez,Real Estate,United Kingdom,9.0,Starter,Partner,,19-Aug-2024,,True
ACC-102779,Ortega Inc,e-commerce,Sweden,709.0,Enterprise,Referral,REP-024,19/02/2022,,True
ACC-100539,Humphrey PLC,Consulting,Germany,17.0,Pro,Sales-Led,REP-007,07/03/2025,,True
ACC-102745,Ortiz Inc,Healthcare,U.S.A.,21.0,Pro,Partner,,2022-05-03,09/03/2023,True
ACC-105470,Reynolds LLC,Healthcare,India,999999.0,Starter,Referral,,06/30/2024,2025-05-30,False
ACC-105556,Cisneros-Washington,Education,Germany,,Starter,Partner,,05/08/2025,,False
ACC-101145,Johnston and Sons,Media,united states,209.0,Business,Paid Ads,,2022-06-20,,True
ACC-105127,Sanchez Group,Healthcare,Sweden,374.0,Enterprise,Organic Search,REP-009,2023-07-06,,True
ACC-104468,Wright-Bennett,Education,France,1884.0,Enterprise,Organic Search,REP-020,2025-08-26,,True
ACC-100667,Kane-Knox,Real Estate,Canada,129.0,Business,Referral,,2024/07/04,,True
ACC-103019,"Jacobs, Wood and Miller",Education,Germany,55.0,Pro,Paid Ads,,2022-11-02,2023-03-02,True
ACC-100357,"Williams, Logan and Camacho",Media,Australia,,Starter,Organic Search,,03/16/2022,2023-09-16,True
ACC-105063,Mason-Kramer,SaaS,Australia,1619.0,Enterprise,Referral,REP-008,2023-12-10,,True
ACC-102831,WELCH-LEWIS,Education,Sweden,22.0,Pro,Paid Ads,,09/28/2022,2023-06-28,True
ACC-102783,  Munoz-Rogers  ,Media,Germany,15.0,Pro,Sales-Led,REP-021,26/06/2023,,True
ACC-101353,Sparks-Eaton,SaaS,Sweden,342.0,Business,Organic Search,,2023-10-20,,True
ACC-105131,Khan Ltd,Healthcare,Spain,197.0,Business,Paid Ads,,2024-06-19,,False
ACC-100470,Walker-Flores,Consulting,Germany,,Pro,Partner,,2022/05/22,2022-09-22,True
ACC-102703,"Anderson, Thompson and Gill",SaaS,Singapore,54.0,Pro,Organic Search,,2022-07-21,,True
ACC-103330,Walsh-Mccarthy,,Spain,,Business,Partner,,2022-12-12,,True
ACC-103637,"Rivera, Jacobs and Smith",E-commerce,united kingdom,427.0,Business,,,03/21/2022,,False
ACC-101396,Owen-Mendez,Healthcare,United States,396.0,Business,Sales-Led,REP-026,2024-07-26,2025-12-26,True
ACC-103584,Evans LLC,Media,United Kingdom,78.0,Pro,Referral,,2023-05-19,,True
ACC-105458,Sanders Ltd,Healthcare,Japan,,Starter,Referral,,12/17/2024,,True
ACC-105262,"Arias, Barnes and Armstrong",Healthcare,united kingdom,33.0,Pro,Organic Search,,2022-01-04,04/06/2022,True
ACC-103376,Brock-Taylor,Healthcare,India,8.0,Pro,Sales-Led,REP-029,04/24/2023,2025-07-24,True
ACC-101256,"Stevenson, Hancock and Newton",Consulting,United States,754.0,Enterprise,Sales-Led,REP-001,2022-05-12,,True
ACC-103512,"Hamilton, Patterson and Daniel LLC",Media,United States,15.0,Starter,Content/SEO,,02/05/2025,,False
ACC-101250,Thomas-Santiago,,United Kingdom,44.0,Pro,Partner,,04/30/2022,,True
ACC-105348,"Davis, Lindsey and West",Consulting,united states,21.0,Starter,Content/SEO,,30-Oct-2024,2025-07-30,True
ACC-105846,Madden and Sons,Healthcare,United States,16.0,Starter,Partner,,2023-08-11,,True
ACC-104298,Mack Ltd,Real Estate,Spain,17.0,Starter,Paid Ads,,03/12/2025,2025-04-12,True
ACC-103284,"Riggs, Snyder and Davidson!",Consulting,United Kingdom,9.0,Starter,Content/SEO,,2025-08-08,03/08/2026,True
ACC-102933,Thompson LLC,Healthcare,US,4.0,Starter,Organic Search,,06/13/2022,,True
ACC-104175,"Dominguez, Gonzalez and Davis",Media,Netherlands,130.0,Business,Content/SEO,,2025-03-18,,True
ACC-105268,Johnson-Perez,Consulting,Brazil,17.0,Starter,Organic Search,,01/02/2022,2024-01-02,True
ACC-104910,"Stewart, Collins and Short",Healthcare,Spain,7.0,Starter,Referral,,2024-06-15,2024-07-15,True
ACC-101852,May Inc!,Real Estate,Germany,10.0,Starter,,,07/10/2024,10/06/2025,True
ACC-105693,Peterson-Jordan,,Canada,25.0,Pro,Paid Ads,,2024-09-12,2025/03/12,True
ACC-105928,Cruz Group,Manufacturing,Brazil,5.0,Starter,Content/SEO,,2025-04-08,,True
ACC-102105,Jackson-Webster,FinTech,United Kingdom,37.0,Business,Paid Ads,,2022-05-18,,True
ACC-100133,"Carroll, Sullivan and Bass",Real Estate,United States,153.0,Business,Partner,,2022-01-02,,False
ACC-105236,Sanders PLC,Logistics,United Kingdom,3.0,Starter,Referral,,2023-09-01,2024-01-01,True
ACC-105029,"Nolan, Stark and Joyce",SaaS,USA,178.0,Business,Content/SEO,,2024-04-26,,True
ACC-100928,  Nelson-Brown  ,FinTech,United States,143.0,Business,Sales-Led,REP-021,2025-08-04,,False
ACC-100823,Rose-Fowler,Consulting,Singapore,11.0,Starter,Content/SEO,,2023-08-11,11/02/2024,True
ACC-105526,Thompson-Padilla,FinTech,Germany,,Pro,Content/SEO,,05/12/2022,,True
ACC-101531,"Robinson, Rodriguez and Chen",E-commerce,United states ,12.0,Starter,Sales-Led,REP-009,10/31/2023,12/31/2025,True
ACC-101214,Gutierrez-Hawkins,Logistics,United States,8.0,Starter,Content/SEO,,07/12/2024,,True
ACC-100504,Acosta Inc,Consulting,Canada,,Starter,,,2022-11-26,01/26/2023,False
ACC-104285,White LLC,,Australia,,Business,,,2025-04-05,,True
ACC-101996,"Wilson, Mendoza and Crosby",Manufacturing,United States,188.0,Business,Content/SEO,,2024-01-30,2026-05-30,True
ACC-103072,Guzman-Fields,Real Estate,United States,49.0,Business,Sales-Led,REP-028,2024-03-29,29-Oct-2024,True
ACC-101958,Reilly Group,SaaS,United States,8.0,Starter,Organic Search,,2024-05-14,,False
ACC-101384,Lopez-Fletcher,manufacturing,Japan,29.0,Pro,Paid Ads,,2024-12-27,,True
ACC-100894,BELL-LEWIS,e-commerce,USA,4.0,Starter,Organic Search,,2023-02-12,2024-12-12,True
ACC-104924,"Dunn, Ray and Vaughn",Healthcare,Canada,35.0,Pro,Organic Search,,2025-03-17,,True
ACC-100455,Diaz-Ball,Healthcare,United States,17.0,Pro,Paid Ads,,2023-01-06,05/06/2024,True
ACC-105639,"Foster, Montgomery and Alexander",Healthcare,UK,12.0,Starter,Content/SEO,,08/04/2024,,True
ACC-103709,Hays Inc,SaaS,United States,3.0,Starter,Partner,,2022-03-23,2025-06-23,True
ACC-105614,"Whitaker, Davis and Jones",E-commerce,UK,116.0,Business,Organic Search,,2024-06-15,,True
ACC-104849,Solomon-Le,Real Estate,Japan,,Starter,Organic Search,,2022/12/18,18/01/2026,True
ACC-104748,Graham Ltd,Logistics,Germany,9.0,Pro,Paid Ads,,29/05/2025,,False
ACC-104268,Williams Group,,Brazil,31.0,Pro,Partner,,2024-10-27,12/27/2024,True
ACC-103522,"Patrick, Franklin and Martinez",FinTech,Australia,1559.0,Enterprise,Partner,REP-019,04/12/2022,09/04/2024,True
ACC-104134,"Owens, Richards and Walter",Real Estate,Canada,382.0,Enterprise,Partner,REP-036,08-Jun-2024,08/05/2025,True
ACC-103602,Dennis-Wilson.,Healthcare,France,9.0,Starter,Partner,,06/07/2022,,True
ACC-100713,HUDSON-SANCHEZ,Real Estate,U.S.A.,42.0,Pro,Sales-Led,REP-024,2024-04-23,2025-08-23,True
ACC-104186,Mathews Group,Media,Canada,3.0,Starter,Paid Ads,,2022-01-20,,True
ACC-102214,Vega-Richmond,manufacturing,Brazil,5.0,Starter,,,19/08/2022,,True
ACC-105301,Deleon-Stuart,E-commerce,Sweden,8.0,Starter,Content/SEO,,04/05/2024,2026-05-04,True
ACC-102923,"Mitchell, Noble and Stokes",SaaS,India,7.0,Starter,Paid Ads,,08/22/2024,,False
ACC-101810,"Cruz, Middleton and Larsen",Real Estate,India,224.0,Business,Organic Search,,2022-05-08,,True
ACC-103486,"Wright, Brown and Brown",Real Estate,Spain,31.0,Pro,Partner,,08/23/2025,,True
ACC-103141,Hines-Ramos,manufacturing,Great Britain,,Starter,Organic Search,,22-Feb-2024,2025-11-22,True
ACC-101827,Marshall-Miller,E-commerce,,29.0,Pro,Content/SEO,,2022-10-24,,True
ACC-101155,Bryant-Meyer,Consulting,U.S.A.,8.0,Pro,Organic Search,,20/11/2022,12/20/2025,True
ACC-101324,Hill-Ward,Healthcare,United States,48.0,Pro,Content/SEO,,2022-02-01,02/01/2025,True
ACC-104312,Mack-Wilson,Healthcare,United States,23.0,pro,Organic Search,,2024-07-21,,True
ACC-100510,Mendez-Graham,,United Kingdom,23.0,Starter,Organic Search,,2022-03-14,,True
ACC-101680,"Payne, Long and Morris",Logistics,United states ,50.0,Pro,Referral,,11/27/2024,27/03/2026,True
ACC-100499,Kelly-Norman,Healthcare,Brazil,116.0,business,Referral,,2023-12-04,,True
ACC-105517,"Smith, Davis and Acosta",Logistics,Canada,60.0,Pro,Sales-Led,REP-012,2024-10-28,,False
ACC-101856,Thomas-Berg,Media,US,64.0,Business,Paid Ads,,2024-08-17,,True
ACC-101388,Pearson-King,FinTech,United Kingdom,47.0,Pro,Referral,,2023-05-23,2025-11-23,True
ACC-103719,"Alexander, Neal and King",Manufacturing,Canada,5.0,Starter,Partner,,12-Jan-2024,12/10/2024,True
ACC-102386,Mitchell-Jackson,SaaS,Spain,109.0,Pro,Organic Search,,22-Oct-2023,,True
ACC-103236,"Jones, Mcdaniel and Brooks",fintech,United Kingdom,,starter,Paid Ads,,08/12/2023,,True
ACC-101540,"Kramer, Sherman and Trujillo",Consulting,United States,12.0,Starter,Sales-Led,REP-002,2025-07-04,,True
ACC-101217,"Powers, Clements and Cox",Consulting,Canada,23.0,Starter,Partner,,2023-07-15,2023-12-15,True
ACC-102681,Ramos Inc,Real Estate,United States,8.0,Starter,Referral,,06/10/2022,10-Jan-2026,False
ACC-102993,Anderson Ltd,E-commerce,India,2.0,Starter,Referral,,2024-01-15,2025-02-15,True
ACC-101191,WILSON LTD,Education,Australia,8.0,Starter,Organic Search,,2023/06/03,,True
ACC-105293,"Morgan, Moss and Hunt",SaaS,United States,28.0,Starter,Paid Ads,,2025-03-25,,True
ACC-101542,Howard-Taylor,Healthcare,United States,13.0,Starter,Sales-Led,REP-025,2022-08-26,26/01/2026,True
ACC-103301,"Webb, Davis and Miranda",Manufacturing,India,271.0,Business,Content/SEO,,2022-04-25,25/09/2022,False
ACC-103324,"Wright, Rodriguez and Wilson",Consulting,Japan,12.0,Pro,Organic Search,,2024-01-08,,True
ACC-102539,Jones-Byrd,,Canada,12.0,Starter,Partner,,20-Dec-2022,2025-04-20,True
ACC-100953,Barnes Inc,Education,Spain,5.0,Starter,Organic Search,,07/23/2024,,True
ACC-104846,Tucker LLC,Healthcare,U.S.A.,19.0,Starter,Content/SEO,,12-Dec-2024,2025-05-12,False
ACC-104330,Gould Ltd,Media,Sweden,20.0,Pro,Content/SEO,,05/07/2022,,True
ACC-100732,Adams-Sanders,E-commerce,United states ,8.0,Starter,Referral,,2024-07-31,2024-08-31,False
ACC-105867,Barrera-Nguyen,Real Estate,United Kingdom,31.0,business,Sales-Led,REP-006,2025-01-26,,True
ACC-101156,"Morgan, Barron and Cowan",Education,U.K.,18.0,Starter,Paid Ads,,2024-03-24,24-Apr-2026,True
ACC-105638,"Williamson, Herman and Hale",E-commerce,Sweden,30.0,Pro,Sales-Led,REP-002,2023-06-10,06/10/2024,True
ACC-103294,Nelson-Jackson,Manufacturing,Brazil,137.0,Pro,Referral,,2023-09-30,,True
ACC-102982,Torres LLC,Real Estate,United States,7.0,Starter,Partner,,2022-10-25,2023-08-25,True
ACC-105305,"Herman, Wagner and Higgins",Manufacturing,India,23.0,Pro,Paid Ads,,2022-11-20,,True
ACC-105161,Roberts-Mccarty,Healthcare,Germany,17.0,Pro,Partner,,20-Apr-2023,,True
ACC-102156,Jenkins-Brown,Real Estate,United Kingdom,9.0,Starter,Organic Search,,09-Jul-2024,09/05/2025,True
ACC-101062,Sheppard-Mcdaniel!,Education,Canada,91.0,Business,Partner,,2024/09/13,,True
ACC-102616,Short-Logan,Media,Brazil,2.0,Starter,Referral,,01/03/2023,,True
ACC-101167,Wells-Hernandez,Media,Netherlands,,Starter,Sales-Led,REP-009,02/22/2025,02/22/2026,True
ACC-103222,Johnson Ltd,Education,United Kingdom,67.0,Pro,Partner,,2022-09-07,,True
ACC-103636,Gould PLC,Consulting,UK,7.0,Starter,Sales-Led,REP-006,2025-08-29,,True
ACC-102938,Evans-Carter,Education,United States,11.0,Starter,Organic Search,,01/12/2022,02/12/2022,True
ACC-104491,Allen Ltd,FinTech,Brazil,159.0,Business,Content/SEO,,2025-01-10,,True
ACC-103140,Scott-Kennedy,Logistics,United States,7.0,Starter,Partner,,09/28/2023,28/12/2024,False
ACC-104980,"Weeks, Burton and Madden",Manufacturing,United Kingdom,29.0,Business,Paid Ads,,12/22/2023,2024-08-22,True
ACC-100143,"Lee, Horton and Snyder",Media,Japan,56.0,Pro,Partner,,2024-04-21,,True
ACC-101322,Jackson-Edwards,Logistics,France,25.0,Pro,Sales-Led,REP-009,2025-04-07,,True
ACC-103577,Lozano-Mccoy,saas,Canada,59.0,Pro,Paid Ads,,05/10/2023,,True
ACC-104946,"Fisher, Wong and Jimenez",SaaS,USA,95.0,Business,Partner,,2025-08-05,,True
ACC-102782,Frederick-Kennedy,SaaS,United Kingdom,18.0,Starter,Content/SEO,,08-Apr-2025,,True
ACC-100717,  Jackson-Cortez  ,Education,United States,33.0,Pro,Sales-Led,REP-037,10/29/2024,,True
ACC-101819,Perez-Coleman,Healthcare,United States,9.0,Starter,Referral,,2025-04-13,,True
ACC-102502,"Terrell, Martinez and Wood",FinTech,Spain,131.0,Pro,Content/SEO,,2024-07-02,2025-07-02,True
ACC-104360,Richards-White,FinTech,united states,37.0,Pro,Partner,,2023-09-25,,True
ACC-104171,Fischer-Chung,Consulting,United Kingdom,66.0,Pro,Partner,,01/05/2022,2023/01/05,True
ACC-100395,Reed Inc,Media,United States,14.0,Starter,Paid Ads,,01/03/2022,2023/11/03,True
ACC-105883,Lewis-Ball,Media,France,37.0,pro,Paid Ads,,2023-03-26,2026/03/26,True
ACC-104492,"Grant, Williams and Cameron",Media,Brazil,3.0,Starter,Content/SEO,,2024-06-29,,True
ACC-101365,"Nicholson, Valentine and Robinson.",Logistics,Brazil,13.0,Starter,Referral,,10-Jan-2024,2025-11-10,True
ACC-105543,Curry LLC,Healthcare,United Kingdom,66.0,Pro,Referral,,2025/03/20,,True
ACC-100595,Shaw-Carr,E-commerce,United States,2027.0,Enterprise,Partner,REP-021,2022-01-01,,True
ACC-103952,Perez PLC,Consulting,Canada,80.0,Business,Partner,,2023-07-01,,True
ACC-105392,Brown Ltd,E-commerce,United states ,1155.0,Enterprise,Organic Search,REP-001,2023-09-08,,True
ACC-104968,Cole Ltd,education,United States,53.0,Pro,Paid Ads,,2025-08-06,,True
ACC-102914,"Fowler, Wood and Waters",Media,United States,7.0,Starter,Partner,,2025/06/04,,True
ACC-102326,Hartman Group,Manufacturing,Singapore,,Business,Content/SEO,,2023-06-27,,True
ACC-103766,Johnson PLC,E-commerce,India,288.0,Business,Referral,,01/07/2022,,True
ACC-103440,Hale Group,SaaS,Sweden,43.0,Business,Content/SEO,,2024/07/21,,True
ACC-103851,Hill Ltd,,U.S.A.,7.0,Starter,Organic Search,,2024-08-20,,False
ACC-104132,"Peterson, Nelson and Travis",Real Estate,Canada,4.0,Starter,Sales-Led,REP-011,2023/09/02,,True
ACC-105580,Compton-Brooks,Manufacturing,United Kingdom,7.0,Starter,Referral,,2024/10/13,,True
ACC-102143,Edwards-Bennett,E-commerce,United Kingdom,25.0,Pro,Partner,,17-Jan-2024,,True
ACC-103767,Moore-Carroll,Media,Japan,156.0,Business,Sales-Led,REP-015,2024-01-04,,True
ACC-105073,"Bennett, Williams and Klein",SaaS,Brazil,36.0,Pro,Content/SEO,,2023-01-03,03/02/2023,True
ACC-101571,"  Ray, Craig and Park  ",Education,Germany,,Starter,Sales-Led,REP-013,2023-01-03,2024-08-03,True
ACC-104079,"Davis, Powell and Eaton",Consulting,United States,,Starter,Paid Ads,,2022-08-15,,True
ACC-101122,Guerrero-Becker,Real Estate,United States,107.0,Business,Organic Search,,2022-05-24,,False
ACC-102786,Hester LLC,Media,United Kingdom,1242.0,Enterprise,Paid Ads,,05/20/2023,12/20/2025,True
ACC-102967,Hamilton LLC,Real Estate,Netherlands,,Business,Content/SEO,,2023-08-08,,True
ACC-102504,"Smith, Campbell and Morse",logistics,Germany,3.0,Starter,Partner,,06/24/2023,08/24/2025,False
ACC-103465,"Rivera, Todd and Gaines",Logistics,France,14.0,Pro,Sales-Led,REP-030,2022-04-13,2024-11-13,True
ACC-100675,Johnson Ltd,E-commerce,France,1378.0,Enterprise,Sales-Led,REP-010,11-Apr-2025,,True
ACC-102808,Miranda-Robinson,Healthcare,Canada,,Pro,Sales-Led,REP-008,16/02/2024,,True
ACC-103348,"Washington, Nelson and Stone",E-commerce,India,229.0,Business,Sales-Led,REP-030,24-Jan-2024,,True
ACC-100728,Nichols-Mitchell,Healthcare,Canada,3.0,Starter,Content/SEO,,23-Feb-2023,2023-12-23,True
ACC-100412,"Miller, Harrell and Reese",SaaS,Germany,2.0,Starter,Organic Search,,2025-07-28,,True
ACC-103146,Brooks-Fleming,Healthcare,US,6.0,Starter,Content/SEO,,2023-12-29,29/06/2025,True
ACC-101516,  Snyder LLC  ,Education,United States,121.0,Pro,Organic Search,,2022-07-04,,True
ACC-100825,Bruce-Williamson,FinTech,Germany,5.0,Starter,Sales-Led,REP-033,06/21/2023,,True
ACC-103267,Guzman-Rose,,Australia,,Pro,Sales-Led,REP-007,2024-05-24,,True
ACC-103974,Duncan and Sons LLC,FinTech,Singapore,23.0,Starter,Referral,,01/03/2025,,True
ACC-100616,"Perez, Hall and Garcia",Real Estate,Germany,17.0,Starter,Sales-Led,REP-017,20/04/2024,,False
ACC-100114,Torres-Pope,Healthcare,India,6.0,Starter,Paid Ads,,2022-06-26,01/26/2023,True
ACC-100417,Thomas and Sons,SaaS,Sweden,22.0,Starter,Sales-Led,REP-024,2024/02/10,,True
ACC-103069,Morris and Sons,Real Estate,united states,13.0,Starter,Sales-Led,REP-002,2024-11-01,,True
ACC-101625,"Williams, Jackson and Campbell",SaaS,France,,Business,Referral,,10/09/2022,,True
ACC-102884,Guzman and Sons,Logistics,,27.0,Starter,Sales-Led,REP-026,2022-07-09,2022-09-09,True
ACC-104185,"Cain, Thomas and Phillips",E-commerce,Canada,61.0,Starter,Sales-Led,REP-022,2023-10-07,07-Sep-2024,True
ACC-102896,Nelson PLC,saas,France,217.0,Business,Content/SEO,,18/11/2024,,True
ACC-105683,"Smith, Wells and Black",consulting,united states,8.0,Starter,Paid Ads,,2024-08-12,,True
ACC-102082,Pope PLC,Consulting,UK,552.0,Enterprise,Partner,REP-001,04/17/2025,,True
ACC-100753,Peterson PLC,Media,Brazil,,Business,Referral,,2025-02-11,,True
ACC-102546,"Lee, Garcia and Larson",Media,Brazil,158.0,Business,Partner,,04/24/2023,02/24/2025,True
ACC-103969,Peterson-Mcdaniel,Education,Spain,,Enterprise,Content/SEO,REP-035,2023-01-08,,True
ACC-103373,Henderson-Rasmussen,FinTech,United States,189.0,Business,Organic Search,,2023/07/11,,True
ACC-104107,"  Garner, Fox and Chan  ",Education,India,999999.0,Business,Sales-Led,REP-015,09/21/2022,,True
ACC-102444,"Bass, Anderson and Taylor",Real Estate,United States,171.0,Business,Content/SEO,,23-Jul-2022,,False
ACC-104380,Price-Dominguez,,USA,181.0,Pro,Content/SEO,,2022-11-16,16-Apr-2023,True
ACC-101066,"Byrd, Oliver and Martinez",FinTech,United Kingdom,6.0,Starter,Paid Ads,,2022/04/30,30/06/2024,True
ACC-103913,Douglas-Thomas,SaaS,United States,,Business,Paid Ads,,,,True
ACC-105287,Logan-Parrish,e-commerce,Australia,57.0,Business,Paid Ads,,2022-01-24,24-Jul-2023,False
ACC-105536,Lyons Group,E-commerce,Canada,446.0,Business,Sales-Led,REP-027,2025-05-27,,True
ACC-105387,Fox and Sons,Real Estate,India,999999.0,Pro,Sales-Led,REP-039,2024-10-26,10/26/2025,True
ACC-103498,Torres PLC,Media,Brazil,157.0,Business,Partner,,2022-02-26,,True
ACC-102738,Hart-Castillo,Education,France,2251.0,Enterprise,Paid Ads,REP-027,02/12/2024,,True
ACC-105052,"Johnson, Pacheco and Johnson",E-commerce,United States,10.0,Starter,Partner,,2023-03-04,,True
ACC-104000,Sawyer PLC,Real Estate,US,93.0,Business,Paid Ads,,2025-04-11,,True
ACC-101568,Lee Ltd,Healthcare,United Kingdom,341.0,Business,Organic Search,,2024-09-22,22/09/2025,True
ACC-102427,  Dennis-Butler  ,Logistics,United States,4.0,Starter,Sales-Led,REP-039,2022-03-11,,True
ACC-103746,Daniel Inc,Healthcare,United Kingdom,7.0,Starter,Paid Ads,,2024-02-27,04/27/2024,False
ACC-105642,Werner-Lara,Healthcare,United States,23.0,Starter,,,02/10/2022,10-Apr-2022,False
ACC-101687,"Salazar, Moore and Pierce",Logistics,Canada,51.0,Pro,Content/SEO,,09/07/2022,,True
ACC-100851,"Norris, Callahan and Bishop",SaaS,united kingdom,20.0,Pro,Paid Ads,,2023-05-27,,True
ACC-103546,Dixon-Norman,Consulting,France,55.0,Pro,Referral,,06/10/2022,2023-12-10,True
ACC-100895,"Hernandez, Jenkins and Parks",Real Estate,Spain,,Starter,Organic Search,,2025/02/14,,True
ACC-104592,"Welch, Davis and James",Manufacturing,Brazil,141.0,Business,Sales-Led,REP-027,,07/01/2022,False
ACC-100335,"Avery, Horton and Fernandez",Healthcare,Sweden,159.0,Business,Referral,,2022-06-15,15/09/2024,True
ACC-102839,Todd-Myers,Media,Canada,12.0,Starter,Referral,,2024-06-29,2025-01-29,True
ACC-103087,Bennett Inc,Education,U.S.A.,32.0,Starter,Paid Ads,,01/03/2022,10/03/2025,True
ACC-104611,Smith-Warren,Real Estate,United States,76.0,Pro,Content/SEO,,2023-02-14,,True
ACC-101348,Davenport-Baker,Consulting,U.K.,4.0,Starter,Referral,,02-Jan-2022,02-Aug-2022,True
ACC-101015,Yu-Brooks,,United States,46.0,Pro,Referral,,2025-06-01,,True
ACC-102816,WILSON-MILLER,Real Estate,Germany,29.0,Pro,Paid Ads,,2023-08-02,,True
ACC-101631,"Garcia, Stewart and Delacruz",Consulting,Canada,4.0,Starter,Organic Search,,2022-03-15,15-Aug-2023,True
ACC-102489,"  Lutz, Johns and Clark  ",Manufacturing,Brazil,90.0,Business,Organic Search,,2025-03-12,08/12/2025,True
ACC-103730,Sanders-Forbes,SaaS,Great Britain,61.0,Business,Organic Search,,24-Apr-2023,,True
ACC-103251,Mcdaniel Ltd,logistics,Brazil,113.0,Pro,Partner,,2024/02/13,13/05/2024,True
ACC-105636,"Lopez, Foster and Bennett",Manufacturing,France,7.0,Starter,Sales-Led,REP-019,2024-11-06,,True
ACC-102070,Howard Inc,Healthcare,United States,291.0,Business,Content/SEO,,08-Sep-2022,2025-03-08,True
ACC-104452,Harrington-Armstrong,Education,Canada,,Business,Content/SEO,,2025-07-17,,True
ACC-105946,"Bernard, Garcia and Pope",Real Estate,Canada,52.0,Pro,Partner,,2023/11/15,,True
ACC-105408,Ramos Ltd,E-commerce,United states ,120.0,Business,Content/SEO,,2024/08/15,,True
ACC-101635,Reed LLC,,USA,5.0,Starter,Organic Search,,2022-05-15,15/03/2023,True
ACC-104646,"Roman, Stark and Turner",Manufacturing,Brazil,31.0,Starter,Paid Ads,,2024-01-10,,False
ACC-102479,Patton and Sons,Logistics,United States,13.0,Pro,Organic Search,,2025-06-13,,True
ACC-102265,"  Mckinney, Pacheco and Smith  ",Media,United states ,6.0,Starter,Organic Search,,12/08/2025,,True
ACC-102959,Fisher PLC,Logistics,Canada,121.0,Business,Organic Search,,2023-10-20,2025-04-20,True
ACC-105323,"Horne, Bradshaw and Michael",,India,24.0,Starter,Partner,,15-Sep-2024,2024-12-15,True
ACC-105754,Brown PLC,FinTech,United States,5.0,Starter,Organic Search,,13/03/2023,,True
ACC-103059,Munoz and Sons,Logistics,Australia,78.0,Pro,Sales-Led,REP-036,2023/08/09,2024-01-09,False
ACC-105053,MARTIN-HARMON,Real Estate,United States,,Starter,Paid Ads,,2023-09-18,2023-10-18,True
ACC-102141,"Payne, Cisneros and Johnson",E-commerce,United States,4.0,Starter,Sales-Led,REP-002,2025-01-07,2025-03-07,True
ACC-105104,Swanson-Anderson,Manufacturing,Japan,,Pro,Organic Search,,2024-04-01,,True
ACC-103118,Walton-Swanson,FinTech,,33.0,Pro,Organic Search,,2024-04-01,,True
ACC-105188,  Branch Group  ,FinTech,United States,,Starter,Paid Ads,,2025-03-29,04/29/2026,False
ACC-105746,  Daugherty Ltd  ,Education,Singapore,10.0,Starter,Partner,,2024-07-10,,False
ACC-104045,Galloway PLC,FinTech,United States,8.0,Starter,Sales-Led,REP-031,2023-02-12,05/12/2025,True
ACC-103356,  Myers-Butler  ,Manufacturing,India,12.0,Starter,Paid Ads,,2025-06-03,,True
ACC-102744,Parker-Archer,SaaS,Spain,630.0,Business,Content/SEO,,2023-07-07,,False
ACC-105092,Carter-Hendrix,,Canada,143.0,Business,Content/SEO,,2025-05-12,2025-07-12,True
ACC-103506,Wallace-Walker,Logistics,United Kingdom,999999.0,Business,Partner,,07/14/2024,2024-08-14,True
ACC-101679,"Mason, White and Richards",Manufacturing,Brazil,18.0,Pro,,,05/29/2024,,True
ACC-104249,"Hart, Park and Boyd",Healthcare,Australia,8.0,Starter,Paid Ads,,23/02/2025,,True
ACC-103147,"  Cole, Rich and Esparza  ",SaaS,India,571.0,Enterprise,Content/SEO,REP-023,14-Jan-2024,08/14/2025,True
ACC-102294,Hood and Sons,Logistics,Spain,64.0,Pro,Organic Search,,2024/11/25,,True
ACC-100580,"Cook, Wells and Bryant",Manufacturing,India,122.0,Business,Organic Search,,05-Dec-2023,,True
ACC-101470,Welch-Thomas,manufacturing,United States,15.0,Starter,Sales-Led,REP-022,2022-03-22,,False
ACC-104799,Howe-Brown,Logistics,Brazil,82.0,Pro,Partner,,08-Jan-2022,08-Nov-2025,True
ACC-104070,Rodriguez Group,Real Estate,Singapore,-110.0,Business,Paid Ads,,,,True
ACC-105308,"Johnson, Schneider and Flores",Manufacturing,United States,106.0,Business,,,10-Sep-2024,,True
ACC-103343,Torres Ltd,Healthcare,Sweden,,Starter,Referral,,2025-02-23,2026-05-23,False
ACC-104992,Perez-Bernard,,United Kingdom,527.0,Enterprise,Organic Search,,2024-07-12,,True
ACC-104583,"Mendez, Williams and Henry",Consulting,Singapore,7.0,Pro,Paid Ads,,2023-10-02,,True
ACC-103672,Jenkins-Yang,Media,United States,73.0,Business,Organic Search,,01/09/2022,,True
ACC-100559,Anderson-Wood!,Real Estate,France,93.0,Pro,Referral,,2023-08-23,,True
ACC-105237,"Ferguson, Jones and Lee",Logistics,United States,35.0,Pro,Partner,,2023-07-23,,True
ACC-105215,Burke-Solomon.,Consulting,France,17.0,Starter,Organic Search,,2024-12-09,09/07/2025,True
ACC-102849,Howe Inc,Logistics,United States,55.0,Pro,Organic Search,,2023-04-01,01-Feb-2026,False
ACC-100512,"Sullivan, Palmer and Brady",Real Estate,Canada,20.0,Pro,Partner,,08/11/2025,,False
ACC-104729,Foley-Miranda,healthcare,United States,3.0,Starter,Organic Search,,2024-08-11,2025-03-11,True
ACC-101081,"Washington, Lynch and Johnson",Healthcare,united states,358.0,Business,Organic Search,,2025/04/26,,True
ACC-101664,Newton and Sons,FinTech,India,,Business,Partner,,2025-07-10,2025-09-10,True
ACC-101012,"Harris, Anderson and Love",SaaS,U.S.A.,1473.0,Enterprise,Sales-Led,REP-030,2025-08-06,,True
ACC-101931,Smith and Sons,,U.S.A.,384.0,Business,Content/SEO,,29/12/2023,,True
ACC-101150,"Watson, Smith and Morris",Education,Canada,56.0,Pro,Paid Ads,,,2025-04-06,False
ACC-102838,Rogers-Gregory,Media,Canada,,Starter,Partner,,2022-06-25,,True
ACC-100116,Ross LLC,Healthcare,United Kingdom,14.0,Starter,Sales-Led,REP-031,2024-08-27,,True
ACC-100740,"Mueller, Knight and Hodge",Education,France,2.0,Starter,Paid Ads,,2025-03-05,2025-06-05,True
ACC-105845,"  Davis, Weber and Le  ",Healthcare,United States,7.0,Starter,Partner,,2022-07-12,2022-11-12,False
ACC-105177,"Reese, Lowe and Juarez",,Australia,67.0,Pro,Sales-Led,REP-018,09/04/2023,2026-03-09,True
ACC-103675,Fischer Group,Logistics,Germany,,Business,Organic Search,,2024-08-20,,True
ACC-100830,"PRICE, CARLSON AND ANDREWS",,Spain,10.0,Starter,Sales-Led,REP-033,07/12/2025,2026-05-12,True
ACC-100119,"Rivera, Johnson and Wiley",E-commerce,United States,6.0,Starter,Content/SEO,,2024-02-08,,True
ACC-104752,King-Ross,Logistics,United Kingdom,1.0,Starter,Content/SEO,,2023-04-01,2025-02-01,False
ACC-105811,Flores PLC,Manufacturing,India,3.0,Starter,Sales-Led,REP-027,02-Jan-2022,,False
ACC-105763,Lawrence Inc,saas,United Kingdom,8.0,Starter,Partner,,2023-01-09,2023-05-09,False
ACC-105925,"  Williams, Sanchez and Walsh  ",Consulting,U.S.A.,842.0,Enterprise,,REP-001,2024-12-17,2025-07-17,False
ACC-100635,Thompson Ltd,Education,Brazil,26.0,Pro,Sales-Led,REP-016,07/17/2024,,True
ACC-104465,"  Lopez, Bradshaw and Jacobs  ",FinTech,Singapore,21.0,Pro,Organic Search,,31/01/2024,,True
ACC-104364,Byrd-Rangel,,Canada,4.0,Starter,Organic Search,,2022-11-30,,True
ACC-104142,"Huff, Bird and Miller",healthcare,United States,22.0,Pro,Organic Search,,07/03/2023,07/04/2025,True
ACC-100991,RAMIREZ AND SONS,Manufacturing,Canada,15.0,Starter,Content/SEO,,2022-12-02,2024-09-02,True
ACC-100876,Harris-Barker,Consulting,India,220.0,Business,Referral,,2024-07-13,2024-11-13,True
ACC-104869,Benjamin LLC,Real Estate,United Kingdom,227.0,Business,Sales-Led,REP-027,03/23/2023,,True
ACC-105315,Yoder-Thompson,Healthcare,Germany,81.0,Business,Partner,,2023-10-11,2026-03-11,True
ACC-105222,Hodge LLC,FinTech,United States,7.0,Starter,Partner,,2022-06-11,2022-12-11,True
ACC-100004,"Guzman, Hoffman and Baldwin LLC",Logistics,Canada,688.0,Enterprise,Partner,REP-029,2025-04-19,2025-11-19,True
ACC-103051,Perez Group,Media,United States,3.0,Starter,Partner,,19-Nov-2022,2023-03-19,False
ACC-103124,Martin-Fleming,E-commerce,United States,12.0,Starter,Partner,,2022-12-03,03-Feb-2025,True
ACC-102660,Hale-Williams,FinTech,US,40.0,Starter,Content/SEO,,05/09/2023,2025-08-09,True
ACC-102491,Reid-Petty,Education,Singapore,405.0,Enterprise,Sales-Led,REP-031,16-Oct-2024,,True
ACC-105173,Aguilar-Martin,Media,,27.0,pro,Content/SEO,,2023-10-08,2025-11-08,True
ACC-103854,  Sandoval-Hill  ,e-commerce,Germany,23.0,pro,Content/SEO,,2024-05-21,,True
ACC-104933,"  Ayers, Jacobson and Wright  ",Healthcare,India,8.0,Starter,Partner,,2023-02-19,2025-08-19,True
ACC-104777,Simmons PLC,E-commerce,Brazil,120.0,Business,Content/SEO,,2023-12-22,,False
ACC-101715,"Rice, Miller and Ramsey",Logistics,Canada,12.0,Starter,Paid Ads,,2022-09-05,12/05/2023,True
ACC-101148,Powell-Sanford,Logistics,India,91.0,Pro,Paid Ads,,04/24/2024,,True
ACC-103261,Gibbs-Howard,Healthcare,united states,-426.0,Business,Organic Search,,2025-02-03,,True
ACC-100574,"Lee, Tran and Jones",Manufacturing,India,8.0,Starter,Organic Search,,18/10/2024,,True
ACC-103769,Clark-Lyons,Healthcare,France,2.0,starter,Partner,,04/17/2023,02/17/2026,True
ACC-103736,Thornton and Sons,Education,United States,46.0,Pro,Content/SEO,,10/10/2023,,False
ACC-104146,"Freeman, Obrien and Cunningham",Healthcare,United States,3.0,Starter,Referral,,2023-05-17,2025-02-17,True
ACC-100853,Li Inc,Logistics,Sweden,2.0,Starter,Sales-Led,REP-005,03/05/2023,,True
ACC-101982,"Silva, Bray and Ford",,United States,760.0,Enterprise,Paid Ads,,2024-10-10,,True
ACC-102774,Sims-Weber,SaaS,Australia,409.0,Business,Partner,,01-Jul-2025,,True
ACC-104929,Rush PLC,Healthcare,Brazil,30.0,Pro,Paid Ads,,2024-12-20,,False
ACC-105211,"Hogan, Collins and Hicks",,United States,33.0,Pro,Paid Ads,,07/05/2025,,True
ACC-101166,Wallace-Martinez,Healthcare,United Kingdom,566.0,Business,Content/SEO,,04/12/2022,,False
ACC-100971,Foster-Williams,Consulting,Australia,33.0,Pro,Sales-Led,REP-023,03/02/2025,2025-09-02,True
ACC-102701,King Inc,Education,Germany,99.0,Business,Partner,,2024-07-13,2025-12-13,True
ACC-104495,Mason LLC,Logistics,,124.0,Business,Referral,,2024-12-26,,True
ACC-103847,"Green, Turner and Palmer",Media,India,41.0,Pro,Organic Search,,27-Mar-2024,,True
ACC-102368,Young-Hawkins,Real Estate,United States,468.0,Business,Referral,,2022-04-17,2025-11-17,True
ACC-104115,English-Mcdonald,Logistics,United States,163.0,Business,Sales-Led,REP-038,2024-07-30,,True
ACC-104780,Acosta-Buchanan,FinTech,US,14.0,Pro,Content/SEO,,2025-06-01,,True
ACC-104131,Hernandez-Beard,Media,France,72.0,Business,Content/SEO,,15-Jun-2022,2026-05-15,True
ACC-102950,Ruiz LLC,Media,Netherlands,9.0,Starter,Content/SEO,,2024-01-06,,True
ACC-105625,"Davis, Stewart and Johnson",Real Estate,Germany,222.0,Enterprise,Content/SEO,REP-005,2022/08/08,08/04/2023,True
ACC-100524,Gonzalez-Taylor,Manufacturing,India,328.0,Business,Sales-Led,REP-015,2023/11/23,,True
ACC-102455,Shaw-Smith,Manufacturing,United States,,Business,Partner,,2024-04-02,,False
ACC-105016,  Murray-Stanley  ,SaaS,United States,7.0,Starter,Sales-Led,REP-022,28-Sep-2023,2025-03-28,True
ACC-101841,Anderson-Campbell,Healthcare,Brazil,109.0,Business,Sales-Led,REP-007,07/17/2024,2025-11-17,True
ACC-100537,"Jones, Compton and Day",Real Estate,united kingdom,13.0,Starter,Referral,,2023-07-29,09/29/2023,True
ACC-102806,"Graves, Garcia and Holder",Consulting,United States,4.0,Starter,Organic Search,,2023-08-15,09/15/2024,True
ACC-105596,"May, Thompson and Mitchell",Healthcare,United States,254.0,Enterprise,,REP-007,2024-06-15,,True
ACC-104341,Sanchez-Rodgers,SaaS,Canada,8.0,Pro,Sales-Led,REP-014,2022-05-27,,True
ACC-103175,Hoffman PLC,Manufacturing,Canada,26.0,Pro,Sales-Led,REP-017,2024/04/07,2025-04-07,False
ACC-100784,Diaz-Frederick,Consulting,United States,1291.0,Enterprise,Referral,REP-017,19-May-2025,,True
ACC-104057,Carlson and Sons,,USA,10.0,Pro,Referral,,26-Apr-2022,2022-12-26,True
ACC-101409,Miller LLC,Logistics,France,18.0,Starter,,,2024-06-10,,True
ACC-102537,Patton Inc,Manufacturing,Japan,26.0,Starter,Organic Search,,2023-05-05,,True
ACC-100154,"RAMIREZ, STRICKLAND AND WASHINGTON",E-commerce,Germany,249.0,Business,Organic Search,,04/06/2024,03/04/2026,True
ACC-103009,"Nelson, White and Moore",E-commerce,UK,,Starter,Partner,,29-Nov-2022,2022-12-29,True
ACC-101686,"COX, MILLS AND CRUZ",,Netherlands,5.0,Starter,Organic Search,,2023-11-19,,True
ACC-102901,Smith-Bennett,E-commerce,Australia,9.0,Starter,Content/SEO,,2024-06-18,,True
ACC-105523,"Perez, Miller and Williams",Healthcare,Spain,4.0,Starter,Partner,,07-Mar-2024,,True
ACC-104721,"JONES, WIGGINS AND OLIVER",Manufacturing,United States,,Starter,Referral,,03/17/2022,12/17/2022,True
ACC-103863,Scott-Johnson,FinTech,United States,377.0,Enterprise,Sales-Led,REP-008,02/26/2024,,True
ACC-102733,Weiss Group,fintech,Canada,40.0,Business,Sales-Led,REP-003,2024-01-03,03/03/2025,True
ACC-101895,Graham-Anthony,Consulting,Sweden,23.0,pro,Paid Ads,,2024-07-23,,True
ACC-105442,Young PLC,Consulting,Canada,5.0,Starter,Partner,,03/24/2022,24-Dec-2022,False
ACC-100569,Williams-Campbell,E-commerce,Germany,,Enterprise,Content/SEO,,07/26/2023,,True
ACC-101816,English-Dominguez,Logistics,United States,100.0,Business,Referral,,2024-03-27,09/27/2025,True
ACC-102065,George LLC,FinTech,United Kingdom,8.0,Starter,Sales-Led,REP-028,2025-07-21,,True
ACC-100127,Diaz Inc,E-commerce,United Kingdom,22.0,Starter,Content/SEO,,07/20/2024,,True
ACC-103394,"Olson, Rivera and Brown Inc.",Education,United Kingdom,168.0,Business,Referral,,2024-09-29,,True
ACC-103327,Andrade Ltd,Education,France,74.0,Pro,Paid Ads,,2022-10-17,02/17/2024,False
ACC-101254,Molina Inc,,United States,1323.0,Enterprise,Sales-Led,REP-006,2022-06-21,,True
ACC-102975,"Hernandez, Martinez and Morales",Consulting,United States,4.0,Starter,Partner,,11/05/2022,,True
ACC-100980,Orr Group,Real Estate,Japan,13.0,Pro,Organic Search,,2023-12-05,,True
ACC-102300,Solis LLC,Media,United States,22.0,Starter,Paid Ads,,2023-01-20,,True
ACC-100190,Reed Group,Media,United Kingdom,74.0,Pro,Sales-Led,REP-034,10/17/2023,01/17/2026,False
ACC-101139,Taylor and Sons,Consulting,United States,,Starter,Organic Search,,2025-06-27,,True
ACC-105088,Smith Group,Logistics,Australia,101.0,Enterprise,Organic Search,REP-034,13-Jul-2022,13-Sep-2023,True
ACC-100699,"Ramsey, Hansen and Mendoza",SaaS,Germany,19.0,Pro,Paid Ads,,21/04/2023,2024-07-21,True
ACC-105812,Smith PLC,Real Estate,United States,6.0,Starter,Referral,,04/06/2023,,True
ACC-100606,Stewart-Bailey,Healthcare,Germany,19.0,Pro,Organic Search,,26-Aug-2025,11/26/2025,False
ACC-104276,"Collins, Bentley and Valdez",Media,Germany,8.0,Starter,Partner,,2022/06/23,2023-09-23,True
ACC-100301,Estrada-Nolan,,Germany,2.0,Starter,Sales-Led,REP-013,2023-10-14,2025-02-14,True
ACC-103420,"Foley, Gordon and Bailey",Education,Germany,42.0,Pro,Partner,,2024-10-05,,True
ACC-105859,Reyes Ltd,Healthcare,United States,816.0,enterprise,Sales-Led,REP-032,22/07/2024,08/22/2025,True
ACC-101060,"Gutierrez, Avila and Perez",,Canada,23.0,Starter,Sales-Led,REP-013,2024-03-28,,True
ACC-102565,Steele Group,Healthcare,United Kingdom,151.0,Business,Organic Search,,12/24/2024,2025-01-24,False
ACC-104924,"Dunn, Ray and Vaughn",Healthcare,Canada,35.0,Pro,Organic Search,,2025-03-17,,True
ACC-101069,Henderson Ltd,media,United States,34.0,Business,Content/SEO,,2024-09-20,2025/08/20,True
ACC-102524,Miller-Armstrong,Media,USA,10.0,Pro,Partner,,2023-10-22,,True
ACC-102205,"Herring, Huynh and King",FinTech,Germany,25.0,Pro,Organic Search,,02/08/2022,,True
ACC-101243,"Reed, Chambers and Zavala",Education,United States,95.0,Business,Sales-Led,REP-014,2024-11-29,2026-05-29,True
ACC-100016,James Group,FinTech,united states,36.0,Starter,Paid Ads,,2023-01-14,14-Jul-2025,True
ACC-103120,Russell-Figueroa,Consulting,Germany,-7.0,Pro,Sales-Led,REP-018,09/24/2023,,True
ACC-104082,Page-Murray,Education,Singapore,,Starter,Content/SEO,,2022-03-08,,True
ACC-104642,Crawford-Jones,Real Estate,United States,73.0,Pro,Referral,,13/12/2023,,False
ACC-104754,Moyer-Sanchez,E-commerce,U.S.A.,5.0,Starter,Content/SEO,,2022/06/22,,True
ACC-100815,Lopez Ltd,Media,United Kingdom,169.0,Business,Sales-Led,REP-033,12/25/2024,2025/12/25,False
ACC-103067,Briggs-Wilson,SaaS,U.S.A.,52.0,Pro,Organic Search,,2022-07-05,,True
ACC-105817,"Roach, Ortiz and Sampson",Logistics,U.K.,201.0,Business,Content/SEO,,2022-09-16,,True
ACC-105600,White-Bowman,Media,Australia,2.0,Starter,,,2024-06-24,,True
ACC-100959,Bates-Anderson,Healthcare,Canada,37.0,Pro,Referral,,2025-07-09,,True
ACC-104893,Peterson PLC,Education,Netherlands,216.0,Business,Content/SEO,,2022-06-21,,True
ACC-100225,Hernandez PLC,Logistics,,,Starter,,,2023-04-17,,True
ACC-103354,"Gardner, Gaines and Archer!",Manufacturing,,7.0,Pro,Paid Ads,,2024/06/24,,True
ACC-102485,"James, Bell and Chen",Real Estate,Canada,59.0,Pro,Sales-Led,REP-015,2023/10/14,,True
ACC-100562,Dougherty-Lin,Healthcare,India,6.0,Starter,Organic Search,,2024-05-31,,True
ACC-103436,Brown LLC,SaaS,US,866.0,Enterprise,Referral,REP-033,08/06/2025,,True
ACC-101693,Roach and Sons,E-commerce,Brazil,7.0,Starter,Organic Search,,02/10/2024,,True
ACC-101045,Terry-Bowen,Real Estate,United states ,23.0,Pro,Referral,,05-Jan-2024,,True
ACC-103446,"Moyer, Davis and Johnson",E-commerce,Canada,4.0,Starter,Sales-Led,REP-011,2022-11-24,,True
ACC-104565,Singh Ltd,Education,India,54.0,Business,Content/SEO,,2022-10-03,,False
ACC-100954,Dawson Inc,Logistics,USA,74.0,Business,Paid Ads,,2025-03-25,,True
ACC-101330,"Jones, Smith and Hunter",E-commerce,Singapore,274.0,Pro,Organic Search,,2025-02-13,,False
ACC-102735,Blake LLC,Logistics,Canada,5.0,Starter,Paid Ads,,2024-10-23,11/23/2025,True
ACC-105972,Anderson Ltd,Education,United States,76.0,Business,Organic Search,,23-Aug-2025,2026-03-23,True
ACC-104735,Reeves and Sons,Healthcare,United states ,1.0,Starter,Organic Search,,2025-04-27,,True
ACC-105862,Velasquez-Mcintosh,FinTech,Sweden,12.0,Starter,Organic Search,,2025-03-31,,False
ACC-101218,Velasquez Group,E-commerce,France,3.0,Starter,Sales-Led,REP-015,2023-04-29,29/06/2023,True
ACC-105254,Cooley-Young,Logistics,United States,28.0,Pro,Referral,,2024-11-30,,True
ACC-105511,Murray-Smith,FinTech,Sweden,37.0,Pro,Paid Ads,,2024-07-17,17-Nov-2024,True
ACC-101527,Price-Ali,Consulting,united states,6.0,Starter,Partner,,2025-01-28,,True
ACC-103987,Bates LLC,Real Estate,Sweden,43.0,Business,Paid Ads,,2023-12-15,,True
ACC-102281,Carney Group,logistics,Singapore,2093.0,Enterprise,Sales-Led,REP-008,2024-03-17,,True
ACC-101300,  Haynes Inc  ,Manufacturing,Germany,22.0,Pro,Partner,,2024-09-15,,True
ACC-105957,"Hodge, Jones and Werner",Manufacturing,Spain,10.0,starter,Paid Ads,,2022-08-20,,True
ACC-105699,Cox-Goodwin,consulting,Canada,2.0,Starter,Organic Search,,2024-03-15,,True
ACC-100160,Brown-Wall,FinTech,Brazil,38.0,Pro,Referral,,15/09/2022,,True
ACC-104067,Williams-Bennett,real estate,Singapore,999999.0,Starter,Paid Ads,,2024-12-10,2025-03-10,True
ACC-100956,Haynes-Watson,FinTech,U.S.A.,,Business,Partner,,2023-12-14,2024-08-14,True
ACC-103791,Parker and Sons,Media,U.S.A.,10.0,Starter,Referral,,2022-09-30,2023-06-30,True
ACC-103234,Myers Group,Healthcare,United Kingdom,341.0,Business,Organic Search,,05/27/2024,,True
ACC-102869,"  Reeves, Tyler and Martinez  ",Logistics,Great Britain,13.0,Pro,Paid Ads,,11/16/2022,,False
ACC-103777,ALVAREZ-ROGERS,Healthcare,Sweden,168.0,Business,Paid Ads,,08/18/2022,,True
ACC-104433,Hernandez-Rogers,Manufacturing,Spain,,Business,Sales-Led,REP-033,02-Feb-2024,,True
ACC-104973,"May, Thomas and Adams",media,Sweden,1129.0,Enterprise,Paid Ads,REP-018,2024-06-30,,True
ACC-102961,Potter-Deleon,E-commerce,U.S.A.,7.0,Starter,Content/SEO,,2024-04-26,08/26/2024,True
ACC-102200,LESTER GROUP,,Netherlands,54.0,Enterprise,Paid Ads,REP-035,2022-05-18,,True
ACC-100098,Williams-Cook,Consulting,US,41.0,Pro,Sales-Led,REP-017,04/06/2023,,True
ACC-105921,"Valentine, Park and Hernandez",Healthcare,United Kingdom,9.0,Starter,Paid Ads,,08/21/2025,,True
ACC-102557,"Trevino, Henderson and Gonzalez",E-commerce,United Kingdom,35.0,Starter,Paid Ads,,2024-12-12,,False
ACC-103183,"Cole, Montes and Davis",Manufacturing,Brazil,1010.0,Enterprise,Sales-Led,REP-037,2022-03-05,,True
ACC-100253,"Garcia, Martin and Jenkins",Consulting,United States,43.0,Pro,Paid Ads,,04/23/2022,2022-12-23,True
ACC-103923,Bradley LLC,Consulting,Spain,16.0,Starter,Referral,,2025-08-28,2026-04-28,True
ACC-104199,"Perez, Bailey and Park",consulting,Canada,,Business,Organic Search,,2022-05-06,2023-12-06,True
ACC-101445,"HOLMES, STEWART AND SMITH",Education,United States,100.0,Pro,Organic Search,,2023-03-16,01/16/2024,True
ACC-105539,Sims-Johnson,,Japan,391.0,Business,,,2024-09-01,,False
ACC-101648,Douglas PLC,Education,United states ,17.0,Pro,Sales-Led,REP-007,18/09/2023,,True
ACC-104682,Reilly-Gomez,Consulting,France,30.0,Pro,Content/SEO,,2024/02/17,,True
ACC-104723,"Thompson, Kelley and Mcmahon",Healthcare,United States,36.0,Pro,Organic Search,,2024-03-28,2024-08-28,True
ACC-103991,Gates-Rodriguez,Media,Canada,9.0,Starter,Paid Ads,,26-May-2025,2025-08-26,False
ACC-101696,"Aguirre, Franklin and Snyder",E-commerce,United States,1647.0,Enterprise,Partner,REP-035,10/07/2022,,True
ACC-103191,"Simmons, Dickson and Rogers",Education,United States,2.0,Starter,Referral,,2023-09-27,,True
ACC-104499,Pierce-Williams,consulting,United States,164.0,Business,Organic Search,,2024-10-07,2025-05-07,True
ACC-101154,"Torres, Brown and Williams",Consulting,United States,114.0,Business,Organic Search,,23/11/2023,,True
ACC-102255,Johnson LLC,FinTech,Germany,95.0,Pro,Referral,,07-Nov-2024,07/01/2026,True
ACC-101682,"Huang, Khan and Davis",Real Estate,Germany,129.0,Business,Organic Search,,2022-10-02,,True
ACC-103170,Peterson-Mullins,Real Estate,United States,3.0,Starter,Referral,,2025-08-27,,True
ACC-102056,Perry-Peters,Manufacturing,US,158.0,Business,Organic Search,,26-Oct-2023,2024-02-26,True
ACC-104090,"CASTILLO, MATHEWS AND LOPEZ",Healthcare,India,5.0,Starter,Referral,,2025-03-18,18-Apr-2025,True
ACC-105941,Neal and Sons!,,Brazil,13.0,Starter,Organic Search,,09/27/2024,27-Oct-2025,True
ACC-103108,"Coleman, Nelson and Garcia",Healthcare,India,438.0,Business,Paid Ads,,2024-07-11,,True
ACC-104548,Hoover-Stephens,SaaS,United Kingdom,26.0,Pro,Content/SEO,,2025-06-04,,True
ACC-103723,Lewis-Castro,Consulting,Australia,,Starter,Partner,,2023-10-02,2025-08-02,False
ACC-105423,Mcmahon PLC,Healthcare,India,27.0,Pro,Content/SEO,,2022-07-10,,True
ACC-102049,Lara-Roberts,Education,Singapore,848.0,Enterprise,,REP-002,2023-09-12,,True
ACC-104976,Francis-Smith,Consulting,Japan,,Starter,Partner,,2025-08-15,,False
ACC-103643,Gutierrez-Tran,FinTech,Brazil,156.0,Business,Partner,,04/21/2025,,True
ACC-100972,Green-Ewing,Real Estate,France,571.0,Business,Content/SEO,,2024-09-19,2025/04/19,True
ACC-100623,"Rodgers, Jefferson and Johnson",E-commerce,United States,34.0,Pro,Organic Search,,05/03/2024,2024-11-03,True
ACC-100262,Martinez-Dudley,Logistics,Spain,7.0,Starter,Paid Ads,,2023-09-12,,True
ACC-105730,Cole PLC,Manufacturing,United States,3.0,Starter,Paid Ads,,27/11/2024,,True
ACC-103369,"Moore, Miller and Nelson",Consulting,France,1035.0,Enterprise,Organic Search,REP-024,2024-01-18,,True
ACC-104061,Diaz Inc,Manufacturing,Great Britain,177.0,Business,Partner,,11/09/2023,,True
ACC-105534,  Kim-Hernandez  ,,United States,15.0,Starter,Content/SEO,,2023-02-01,2024-03-01,True
ACC-101802,Abbott-Phelps,E-commerce,Sweden,4.0,Starter,Partner,,2023-06-15,,True
ACC-104736,"Obrien, Williams and Mcgrath",Healthcare,United States,22.0,Starter,Partner,,2023-01-11,,True
ACC-105166,"English, Taylor and Williams.",,United States,3.0,Starter,Content/SEO,,07-Oct-2023,,True
ACC-102385,Sanchez Group,E-commerce,Canada,2.0,Starter,Organic Search,,08/02/2025,,True
ACC-105759,  Meyers and Sons  ,Media,Canada,9.0,Starter,Sales-Led,REP-033,2024-06-19,,True
ACC-101959,Hughes and Sons,,Canada,612.0,Enterprise,Organic Search,REP-024,01/30/2023,,True
ACC-102976,Mooney-Hickman,Media,Canada,43.0,Pro,,,12-May-2024,,True
ACC-100488,King-Smith,Healthcare,Germany,,Pro,Organic Search,,2022-07-12,,False
ACC-101843,Kent Ltd,Education,Canada,6.0,Starter,Paid Ads,,2025-08-24,,True
ACC-101734,"Stewart, Herrera and Clark",,Sweden,8.0,Starter,Partner,,01/27/2025,,True
ACC-102911,Parks Ltd,Logistics,Australia,19.0,pro,Partner,,2022-08-09,2023-08-09,False
ACC-103219,Hood-Moore,SaaS,France,5.0,Starter,Organic Search,,2023-02-01,03/01/2026,True
ACC-100146,Robinson-Brock,E-commerce,Brazil,36.0,Pro,Partner,,2024-01-04,,True
ACC-105630,"Martinez, Green and Medina",Logistics,United States,22.0,Starter,Content/SEO,,2022-09-08,2022/10/08,True
ACC-101986,Cruz Ltd,,United States,40.0,Pro,Sales-Led,REP-030,2024-09-01,,True
ACC-101369,Jackson-Jennings,Consulting,United States,5.0,Starter,Referral,,10/04/2024,2025-04-04,False
ACC-102811,"Vasquez, Pope and Cook",Logistics,United States,1008.0,Enterprise,Sales-Led,REP-020,2025-07-30,,False
ACC-100659,Chambers-Parker,Manufacturing,Brazil,43.0,Pro,Paid Ads,,13-Jul-2025,,True
ACC-101794,"Berger, Fields and Smith",Consulting,Australia,8.0,Starter,Paid Ads,,09/14/2022,,True
ACC-102511,"Snyder, Arnold and Keller",Healthcare,Japan,52.0,Pro,Sales-Led,REP-012,2022-08-25,2023-05-25,True
ACC-103397,Taylor-Jacobson,Media,India,25.0,Pro,Content/SEO,,2024-07-09,,True
ACC-104282,Alvarado and Sons,SaaS,United States,72.0,Pro,Partner,,2024-12-01,,True
ACC-101147,Mendez Ltd,Consulting,Australia,125.0,Enterprise,Paid Ads,REP-023,2022-05-10,,True
ACC-103272,Lang Group,Real Estate,Sweden,396.0,Enterprise,Organic Search,REP-002,04/08/2023,,False
ACC-100608,  Huang-Foster  ,E-commerce,,4.0,Starter,Organic Search,,2024-04-04,04-Jun-2024,True
ACC-103582,"Banks, Gray and Gonzales",Media,United States,2.0,Starter,Referral,,06/02/2025,,True
ACC-101930,"Bennett, Moore and Hobbs",Education,France,12.0,Starter,Organic Search,,27/08/2025,,True
ACC-100197,"ADAMS, CHRISTIAN AND RIVAS",FinTech,Singapore,25.0,Pro,Partner,,21-May-2025,,True
ACC-102931,"Sutton, Williams and West",SaaS,United states ,39.0,Pro,Sales-Led,REP-016,2023-04-24,2023-09-24,True
ACC-102327,Miller Ltd,Logistics,Spain,674.0,Enterprise,Partner,REP-006,02/02/2023,2025-12-02,True
ACC-104389,Brown-Armstrong,Consulting,Germany,,Pro,Content/SEO,,03/31/2023,,True
ACC-100766,Johnson LLC,FinTech,France,668.0,Business,,,2024/02/06,,False
ACC-104496,Avila-Santiago,SaaS,India,12.0,Pro,Partner,,07-May-2023,08/07/2023,True
ACC-104218,"Wilson, Davis and Shah",E-commerce,India,80.0,Pro,Sales-Led,REP-002,15/10/2022,15/12/2023,True
ACC-103255,"Burgess, Cabrera and Dean",,Australia,25.0,Pro,Referral,,08/28/2024,2025-12-28,True
ACC-100202,Peterson-Beard,Consulting,United Kingdom,174.0,Pro,Referral,,2024-04-23,,True
ACC-103510,Livingston-Solomon,Consulting,United Kingdom,1.0,Starter,Paid Ads,,14/11/2022,,True
ACC-104931,Harrison LLC,E-commerce,India,29.0,Starter,,,2025-03-22,2025-04-22,True
ACC-105535,Richards-Warren,FinTech,Canada,21.0,Starter,Partner,,2025-01-06,,True
ACC-101733,"Brown, Meyer and Cunningham",Real Estate,United Kingdom,8.0,Starter,Content/SEO,,12/06/2023,2025-05-12,False
ACC-105791,Steele and Sons,Healthcare,India,100.0,Pro,Paid Ads,,2025-08-07,2026-05-07,True
ACC-102777,Woods Ltd,Education,Germany,17.0,Starter,Organic Search,,19-Nov-2022,,True
ACC-101707,"Thompson, Gibson and Riley",Education,USA,999999.0,Pro,Partner,,07/15/2023,,True
ACC-105172,"White, Smith and Cowan",Media,France,15.0,Pro,Content/SEO,,2023-01-13,2025-08-13,True
ACC-105249,Jones-Contreras,Real Estate,Sweden,667.0,Enterprise,Organic Search,REP-017,19/08/2023,12/19/2023,True
ACC-105757,"Carlson, Parrish and Gillespie",Manufacturing,United states ,117.0,Pro,Referral,,2022-07-21,21/03/2025,True
ACC-103474,Turner-Horn,Manufacturing,US,7.0,Pro,Sales-Led,REP-030,2025-03-10,,True
ACC-105855,Werner-Graham,Healthcare,Spain,29.0,Business,Paid Ads,,07/11/2024,,True
ACC-100854,"Bell, Campbell and Ryan",Logistics,US,152.0,Business,Content/SEO,,2024-06-18,,True
ACC-105685,"Anderson, Baxter and Thompson",FinTech,France,49.0,Pro,Content/SEO,,2024-07-07,2025-05-07,True
ACC-104737,Smith Group,Logistics,United States,17.0,Pro,Sales-Led,REP-023,2023-06-26,,True
ACC-104097,"Baker, Casey and Simmons",FinTech,United States,43.0,Pro,Paid Ads,,29-Jul-2023,2023-12-29,True
ACC-102160,Jackson-Ryan,FinTech,India,135.0,Business,Organic Search,,2025-04-13,,True
ACC-100698,"Morrison, Russo and Lopez",media,united states,15.0,Pro,Paid Ads,,2023-05-20,,True
ACC-105141,"Wagner, Jones and Hayes",Logistics,India,419.0,Business,Paid Ads,,05/24/2024,,True
ACC-102999,Anderson Group,Consulting,India,1401.0,Enterprise,Partner,REP-012,05/27/2025,,True
ACC-103696,Rivera-Brown,SaaS,United States,38.0,Pro,Organic Search,,2024-03-12,2025-12-12,True
ACC-101636,Garrett-Young,FinTech,India,,Starter,Partner,,2022-04-06,2023-04-06,True
ACC-103457,"Howard, Brennan and Moore",Education,United Kingdom,829.0,Enterprise,Content/SEO,REP-018,04/26/2023,,False
ACC-103581,Watkins LLC,FinTech,Australia,2.0,Starter,Organic Search,,2024-05-08,,True
ACC-101291,"Rowe, Lucas and Case",Consulting,US,22.0,Pro,Referral,,2022-11-12,,True
ACC-104659,"Phillips, Mcdaniel and Ward Inc.",real estate,Canada,3.0,Starter,Referral,,2023/05/03,2023-06-03,True
ACC-105616,Howard PLC,Real Estate,India,6.0,Starter,Referral,,2022-06-10,2024-12-10,True
ACC-101853,Jackson Group,Healthcare,France,,Starter,Organic Search,,20/09/2023,,True
ACC-105232,Reese Group,Education,United Kingdom,40.0,Pro,Referral,,2024-12-08,2026-01-08,True
ACC-103763,Wolfe-Baker,,Canada,43.0,Pro,Partner,,2022-12-23,,True
ACC-103304,Bonilla Inc,Education,Singapore,16.0,Starter,Content/SEO,,2024-04-07,,True
ACC-105986,Fleming-Hess,Healthcare,Brazil,36.0,Pro,Content/SEO,,2022-09-06,2023-07-06,True
ACC-105727,"Moses, Green and Simmons",Media,united states,387.0,Business,Organic Search,,2024-10-08,,False
ACC-103743,"Bowen, Diaz and Smith",Healthcare,Germany,39.0,Pro,Referral,,2025-07-20,,True
ACC-103445,Miller Inc,Logistics,United States,10.0,Pro,Referral,,29/10/2023,2024-08-29,False
ACC-101998,Flores LLC,Consulting,Canada,111.0,Pro,Sales-Led,REP-015,2022-04-22,2024-03-22,True
ACC-100663,Andersen Group,Media,USA,1.0,Starter,Sales-Led,REP-021,2023/11/05,,True
ACC-104779,Martin Inc,FinTech,India,36.0,Pro,Referral,,09/15/2024,2025-01-15,True
ACC-105353,Bryant PLC Inc.,Healthcare,,20.0,Starter,Paid Ads,,07/12/2022,,True
ACC-103748,"  Gonzalez, Wagner and Thompson  ",Real Estate,Australia,4.0,Starter,Content/SEO,,2023-03-20,10/20/2025,True
ACC-104413,"King, Webster and Brown",Media,United States,103.0,Business,Sales-Led,REP-015,2023-05-11,,False
ACC-104744,Greene LLC,SaaS,Brazil,25.0,Starter,Sales-Led,REP-023,2024-04-07,,True
ACC-105530,Crawford-Harris,E-commerce,Germany,14.0,Pro,Paid Ads,,2023-04-20,2023-10-20,True
ACC-105575,"Romero, Ochoa and York",Manufacturing,United States,44.0,Pro,Organic Search,,2023-12-27,27/07/2024,True
ACC-100709,Edwards-Williams,Consulting,United States,122.0,Business,Sales-Led,REP-034,2025-02-28,,True
ACC-101282,Cruz PLC,Education,United States,138.0,Pro,Paid Ads,,26/06/2022,,True
ACC-105864,Miller-Woodward,Consulting,France,31.0,Pro,Paid Ads,,2022-03-25,25-Mar-2026,True
ACC-105068,Davis-Ramsey,e-commerce,U.K.,421.0,Business,Sales-Led,REP-020,06/12/2024,,True
ACC-102675,  Jackson Inc  ,Consulting,Australia,15.0,Starter,Paid Ads,,2024-08-15,2025-06-15,True
ACC-104029,"Camacho, Hernandez and Mejia",Consulting,Brazil,,Starter,,,2022-05-04,2023-11-04,False
ACC-101306,"Phillips, Walters and Evans",Education,Great Britain,16.0,Starter,Organic Search,,17/05/2023,,True
ACC-105496,Ramos Ltd,Real Estate,United Kingdom,,enterprise,Referral,REP-003,05/05/2024,,True
ACC-105504,JENSEN GROUP,Healthcare,France,,Starter,Content/SEO,,2023-02-19,06/19/2025,True
ACC-102237,Hayes-Russo,Consulting,Canada,4.0,Starter,Referral,,03-Apr-2022,2022-11-03,True
ACC-103302,"Miller, Hansen and Salas",E-commerce,U.S.A.,50.0,Pro,Paid Ads,,01-Dec-2023,,False
ACC-105592,Beck-Williams,Real Estate,United states ,179.0,Pro,Partner,,2022-07-08,01/08/2024,True
ACC-102038,Griffin Inc,FinTech,United Kingdom,33.0,Pro,Referral,,2023-02-12,2025-03-12,True
ACC-101529,"Pineda, Meyer and King",SaaS,United States,1.0,Starter,Referral,,2023-05-31,2026-04-30,True
ACC-101663,Schaefer Group,E-commerce,India,55.0,Pro,Referral,,2023-05-16,11/16/2024,False
ACC-105450,Day and Sons,Media,Singapore,5.0,Starter,Content/SEO,,17-Feb-2023,2026-03-17,False
ACC-101569,Hudson and Sons,Education,united states,23.0,Pro,,,2023-11-27,,True
ACC-100933,Williams Inc,Consulting,Canada,,Starter,Paid Ads,,09/30/2024,11/30/2025,True
ACC-103627,Larsen-Shields,Media,Netherlands,4297.0,Enterprise,Referral,REP-020,2025-08-10,2026-02-10,True
ACC-105739,"Warner, Monroe and Garcia",Media,Spain,38.0,Pro,Sales-Led,REP-016,2023-07-01,09/01/2025,True
ACC-105147,Graham-Gibbs,Media,United States,-44.0,pro,Organic Search,,07/11/2022,07/05/2026,True
ACC-104891,"Smith, Sloan and Brock",Healthcare,Australia,,Enterprise,Sales-Led,REP-039,2024-09-25,,True
ACC-102693,Mcmillan-Martinez,Education,United States,137.0,Business,Content/SEO,,2025/06/12,,False
ACC-103060,Moreno-Greene,Healthcare,France,32.0,Pro,Referral,,2024-10-14,,True
ACC-101597,"Cunningham, Murphy and Wolfe",Healthcare,United States,16.0,Pro,Content/SEO,,2022-07-07,,True
ACC-102729,Nelson Group,SaaS,United States,127.0,business,Partner,,02-Jan-2025,2025/08/02,True
ACC-102625,Gonzales PLC,SaaS,Sweden,9.0,Starter,Organic Search,,25-Aug-2022,25/06/2025,True
ACC-105915,Cook Inc,Consulting,Canada,41.0,Pro,Content/SEO,,2022-07-06,2022-12-06,True
ACC-103157,Peterson-Munoz,Manufacturing,United States,11.0,Starter,Paid Ads,,2023-09-09,2025-04-09,True
ACC-103314,"Wong, Thomas and Walter",Consulting,Australia,7.0,Starter,,,2023-06-19,2024/06/19,True
ACC-101722,Mclaughlin and Sons,Real Estate,United States,8.0,Starter,Referral,,06/10/2024,,True
ACC-105279,Shelton-Keller,Manufacturing,Germany,4.0,Starter,Partner,,2022-02-03,2023-02-03,True
ACC-101059,"Contreras, Miller and Cooper",SaaS,Brazil,12.0,Starter,Paid Ads,,05/07/2025,,True
ACC-104636,Norman-Johnson,SaaS,United States,20.0,Pro,Partner,,12/06/2023,,True
ACC-103242,"Smith, Boyd and Scott",Education,Germany,34.0,Pro,Partner,,06/16/2024,,True
ACC-101678,Gallegos-Hayes,Education,United States,21.0,Pro,Content/SEO,,2022-04-24,,True
ACC-101757,Hill-Flores,SaaS,united kingdom,40.0,Starter,Partner,,2022/04/18,2024-04-18,True
ACC-104191,Lara-Baker,Consulting,Germany,6.0,Starter,Paid Ads,,12/06/2025,,True
ACC-105116,Allen Inc,Healthcare,United Kingdom,10.0,Starter,Sales-Led,REP-033,09/10/2022,,True
ACC-100563,Wright-Grimes,Education,United Kingdom,98.0,Pro,Organic Search,,2024-10-14,2025-01-14,True
ACC-102790,"Ramirez, Lyons and Briggs",Logistics,Spain,7.0,Pro,Sales-Led,REP-022,2023-05-18,10/18/2023,True
ACC-100863,Schultz Inc,Manufacturing,united kingdom,9.0,Starter,Sales-Led,REP-021,2022-07-20,,True
ACC-101484,Garcia PLC,FinTech,Japan,6.0,Starter,Referral,,2023/01/18,,True
ACC-105134,Munoz-Stokes,Consulting,United States,39.0,Pro,Paid Ads,,2024-06-17,2025-01-17,False
ACC-100206,"Alvarez, Joseph and West",Healthcare,Netherlands,,Enterprise,Paid Ads,REP-010,2023-05-21,,True
ACC-104488,"Clarke, Neal and Kelley",Healthcare,Germany,4.0,Starter,Referral,,24-Oct-2024,,True
ACC-100870,Adams-Clayton,SaaS,France,199.0,Business,Paid Ads,,11-Aug-2023,,True
ACC-104493,Mendoza Inc,Real Estate,India,92.0,Business,Partner,,2023-12-31,,True
ACC-100502,Morgan-Lopez,Consulting,United States,10.0,Starter,Referral,,2023-08-24,2023-10-24,True
ACC-101028,Fields Inc,Education,United States,15.0,Pro,Paid Ads,,27/12/2022,,False
ACC-103840,"Hoover, Carroll and Williams",,United States,,Starter,Content/SEO,,15-Aug-2024,,True
ACC-102690,"Jackson, Jackson and Perry",Logistics,US,50.0,Pro,Referral,,2025-02-07,,True
ACC-105581,Ryan Inc,Consulting,Canada,11.0,Starter,Referral,,2024-01-01,01-Apr-2024,True
ACC-105056,"  Watson, Cobb and Goodman  ",E-commerce,Netherlands,4.0,Starter,,,15-Aug-2025,,True
ACC-101570,"Curry, Perry and Garcia",Manufacturing,,16.0,Pro,Paid Ads,,23/04/2025,23/06/2025,True
ACC-102773,BIRD-SAVAGE,Healthcare,Canada,55.0,Pro,Content/SEO,,2023-05-09,2024/11/09,False
ACC-102731,Gray-Ruiz,Education,France,136.0,Business,Organic Search,,2023-07-10,,False
ACC-100804,"Hernandez, Cuevas and Webb",Real Estate,Canada,19.0,Pro,Partner,,18/09/2024,18-Nov-2024,True
ACC-105847,Shepherd-Miller,Education,Canada,13.0,Pro,Referral,,26-Jul-2025,,False
ACC-103645,Fischer PLC,Healthcare,Germany,6.0,Starter,Referral,,2025-07-13,09/13/2025,True
ACC-102454,"Todd, Bernard and Boyd",SaaS,Japan,69.0,Business,Organic Search,,2024-04-11,,True
ACC-104598,"White, Hill and Cunningham",FinTech,Australia,9.0,Starter,Paid Ads,,31/03/2025,2025-09-30,True
ACC-103104,Carson PLC,FinTech,Netherlands,399.0,Enterprise,Sales-Led,REP-002,05/27/2022,,True
ACC-104875,Castro-Murphy,SaaS,United Kingdom,2.0,Starter,Referral,,2022-03-14,2025-10-14,True
ACC-105959,Lara LLC,Media,United States,1687.0,Enterprise,Content/SEO,REP-016,09/22/2024,,True
ACC-100200,"Barnett, Rogers and Snyder",Logistics,United States,543.0,Enterprise,Partner,REP-033,2025-07-24,,True
ACC-103099,"Vaughan, Gibson and Dawson",Manufacturing,France,,Starter,Partner,,2022-07-25,,False
ACC-102278,"Yates, Brown and Hernandez",FinTech,,-436.0,Enterprise,Partner,,2022-05-13,,True
ACC-103561,Frost and Sons,Consulting,Germany,85.0,business,Content/SEO,,04/17/2022,2023-06-17,True
ACC-105892,Roberts-Byrd,Education,United States,4.0,Starter,Organic Search,,10/03/2023,2024-06-03,True
ACC-104474,Bryant-Gonzalez,E-commerce,France,10.0,Starter,Content/SEO,,06/24/2025,,True
ACC-104514,"Hall, Zamora and Bridges",Education,United States,39.0,Pro,Partner,,10/05/2022,2023-12-05,True
ACC-105794,Gibson-Richmond,Education,United States,378.0,Business,Partner,,2023-10-07,2024-06-07,True
ACC-100391,  Ware and Sons  ,E-commerce,France,149.0,Business,Sales-Led,REP-035,2022-03-06,,True
ACC-105618,"Russell, Hall and Alvarez",Consulting,Canada,174.0,Business,Paid Ads,,12/02/2024,2025-05-02,False
ACC-105258,Contreras-Jackson,FinTech,Australia,25.0,Pro,Paid Ads,,2025-07-03,,True
ACC-101495,Ballard Group,Real Estate,U.S.A.,24.0,Pro,Content/SEO,,2023-12-01,,True
ACC-102695,Smith Ltd,Media,Canada,1508.0,Enterprise,Sales-Led,REP-036,01/24/2022,,True
ACC-102027,Watson PLC,E-commerce,United Kingdom,8.0,Starter,Partner,,2023-12-11,,True
ACC-105248,"Bray, Bennett and Lee",Real Estate,United Kingdom,356.0,Business,Organic Search,,2024-08-20,,True
ACC-105463,"  Nunez, Wilson and Reyes  ",E-commerce,United States,12.0,Pro,Partner,,05/09/2025,,True
ACC-102568,Lopez-Fritz,Manufacturing,Germany,204.0,Business,Referral,,2025-08-19,,True
ACC-100064,Baxter Inc,Real Estate,United States,,Pro,Organic Search,,2023-09-24,2025-12-24,True
ACC-103884,Hines-Douglas,Education,Germany,11.0,Starter,Paid Ads,,2024-03-05,,True
ACC-102062,"Kennedy, Valdez and Stafford",Media,Brazil,2.0,Starter,Sales-Led,REP-036,2023-07-01,,True
ACC-105276,Miller and Sons,E-commerce,Brazil,30.0,Starter,Referral,,2023-05-11,2025-04-11,True
ACC-100492,Li-Thompson,SaaS,Australia,68.0,Pro,Paid Ads,,03-Sep-2022,,True
ACC-100379,Boone LLC,Media,Germany,8.0,Starter,Partner,,2024/01/16,2025-11-16,False
ACC-104859,Mitchell Inc,e-commerce,Canada,550.0,Enterprise,Referral,,05/07/2023,03/07/2025,False
ACC-103993,David-Watkins,Education,Japan,52.0,Business,Sales-Led,REP-016,11/24/2023,2024-07-24,False
ACC-104887,"MARSHALL, MARTINEZ AND CONTRERAS",,India,4.0,Starter,Content/SEO,,2023-03-01,01/10/2023,True
ACC-101076,"Matthews, Harrington and Rodriguez",Manufacturing,Spain,14.0,Starter,Referral,,2025-01-20,2026-03-20,True
ACC-100878,Baxter LLC,Education,,6.0,Starter,Organic Search,,10-May-2023,,False
ACC-100337,Bass PLC,SaaS,USA,109.0,Business,Content/SEO,,2025-08-29,,True
ACC-101016,"Foster, Garcia and Turner",FinTech,United States,999999.0,Business,Partner,,17-Dec-2022,,True
ACC-101275,"Moore, Daniels and Powell",FinTech,UK,21.0,Pro,,,2024-07-18,2025-05-18,True
ACC-103798,Cooper Group,Manufacturing,France,32.0,Pro,Sales-Led,REP-009,2023-10-02,02-Jan-2025,True
ACC-104551,  Thompson-Morales  ,Logistics,Canada,2.0,Starter,Paid Ads,,2025-03-29,,True
ACC-103342,  Fischer Inc  ,Real Estate,Germany,21.0,Starter,Partner,,2025-01-03,2025/06/03,True
ACC-104911,Williams-Rodriguez,Education,India,10.0,Starter,Sales-Led,REP-010,2024-01-05,,True
ACC-100995,Castillo-Harrington,,France,649.0,Enterprise,Referral,REP-022,2024-07-19,,True
ACC-101981,Warner PLC,SaaS,United States,24.0,Pro,Organic Search,,2022-05-16,2025-09-16,True
ACC-104297,"Hammond, Bates and Gordon",Media,Germany,105.0,Pro,Paid Ads,,16/08/2024,,True
ACC-100161,Stein-Silva,Education,Germany,14.0,Starter,Sales-Led,REP-022,11/12/2024,,True
ACC-105675,Richmond Group,FinTech,United States,,Starter,Organic Search,,2025-04-26,05/26/2025,True
ACC-104798,FRY-BATES,Logistics,Sweden,8.0,Starter,Referral,,2023/06/07,07-Aug-2024,True
ACC-101500,EVANS-CANNON,SaaS,Singapore,26.0,Starter,Sales-Led,REP-011,2025-06-27,,True
ACC-103843,"Miller, Pennington and Curry",SaaS,Brazil,14.0,Pro,Content/SEO,,2023-05-02,03/02/2024,True
ACC-105225,"Jenkins, Thomas and Blair",Logistics,United Kingdom,,Pro,Paid Ads,,01/06/2023,06-Apr-2026,True
ACC-102613,Lee-Munoz,Real Estate,United States,7.0,Starter,Paid Ads,,2025-07-29,,True
ACC-103461,"Ruiz, Lowery and Baker",Consulting,India,34.0,Pro,Partner,,10/10/2022,,True
ACC-101021,Gray Ltd,Manufacturing,Canada,11.0,Pro,Paid Ads,,2025-04-27,,False
ACC-103073,Pham Ltd,,,22.0,Starter,Organic Search,,,2025-07-19,True
ACC-103943,"Jones, Tran and Nichols",Media,Canada,,Business,Content/SEO,,07/20/2024,,True
ACC-101585,"Howe, Moore and Johnson",E-commerce,Singapore,84.0,Business,Sales-Led,REP-014,2022-04-10,,True
ACC-101955,Kane-Bennett,E-commerce,USA,34.0,Starter,Content/SEO,,2022-03-31,10/31/2022,True
ACC-103152,WALKER GROUP,FinTech,United Kingdom,16.0,Starter,Paid Ads,,09/09/2023,2024-02-09,False
ACC-100034,"Dyer, Potter and Mack",,Australia,55.0,Business,Partner,,2022/09/08,,True
ACC-104014,"Marks, Murphy and Ryan",Consulting,United States,14.0,Starter,Referral,,2025-01-31,2025-10-31,True
ACC-100775,"Weber, Wheeler and Gonzalez",Media,United Kingdom,,Starter,Referral,,2023-04-25,2024-05-25,True
ACC-102556,"Sandoval, Thomas and Young",Manufacturing,United States,6.0,Starter,Content/SEO,,2022/01/18,18-May-2023,True
ACC-101478,Gutierrez-White,Real Estate,Great Britain,30.0,Starter,Sales-Led,REP-027,2022-12-23,2024-10-23,True
ACC-105486,Novak Inc,E-commerce,India,6.0,Pro,Referral,,2022-08-31,2022-10-31,True
ACC-101363,"Mullen, Greene and Elliott!",Logistics,Brazil,5.0,Starter,Content/SEO,,2022-12-22,2025-06-22,True
ACC-102612,Mcgee-Mack,E-commerce,United Kingdom,9.0,Starter,Organic Search,,30/04/2023,2024-09-30,True
ACC-102824,"  Walker, Foster and Medina  ",SaaS,Japan,278.0,Business,Sales-Led,REP-031,03/01/2025,,True
ACC-102041,  Johnson PLC  ,Healthcare,united states,131.0,Business,Partner,,2022-05-16,2023-06-16,True
ACC-100241,Larson-Holloway,E-commerce,united states,4.0,Starter,,,2025-01-19,2025-02-19,False
ACC-102061,Baker Ltd,Real Estate,Germany,38.0,pro,Paid Ads,,2024/03/21,2024-08-21,True
ACC-102363,"Delgado, Ward and Kennedy",Education,United States,589.0,Enterprise,Content/SEO,REP-009,2023-10-13,,True
ACC-100600,Stevens PLC,Education,United Kingdom,60.0,Business,Content/SEO,,28/06/2022,28-Apr-2023,True
ACC-102435,Torres-Brooks,E-commerce,United Kingdom,8.0,Starter,Paid Ads,,23-Dec-2023,,True
ACC-105393,Mcclure PLC,Healthcare,United States,6.0,Pro,Referral,,10/04/2022,04/04/2023,False
ACC-102888,Miller-King,Manufacturing,Japan,7.0,Starter,Referral,,2025-02-13,,True
ACC-100646,Richardson-Walker,Media,India,51.0,Pro,Partner,,2023-03-28,2023-07-28,True
ACC-103890,Jackson Ltd,Real Estate,United States,19.0,Starter,Organic Search,,04/02/2025,,True
ACC-103556,Hall-Edwards,Manufacturing,United States,2.0,Starter,Sales-Led,REP-020,09/11/2024,,True
ACC-103202,"JAMES, GONZALEZ AND HARRISON",E-commerce,Germany,567.0,Enterprise,Organic Search,REP-033,2023-12-24,,True
ACC-101528,MOORE-CHANDLER,Education,Singapore,-282.0,Enterprise,Sales-Led,REP-032,2022-08-18,,True
ACC-101267,"Palmer, Bennett and Patterson",SaaS,Canada,,Business,Referral,,2022-05-22,,True
ACC-101899,COOK-TURNER,Real Estate,Singapore,24.0,Pro,Organic Search,,2022-05-30,,False
ACC-104658,"Lopez, Austin and Buchanan",Consulting,United Kingdom,12.0,Starter,Referral,,2025-06-02,02/03/2026,True
ACC-103005,"Brown, Compton and Lee",Healthcare,United States,3.0,Starter,Paid Ads,,05/20/2023,07/20/2024,True
ACC-102734,Gill Group,FinTech,Singapore,11.0,Pro,Paid Ads,,2024-09-05,,True
ACC-100189,"Burke, Martinez and Riggs",Healthcare,United States,367.0,Business,Partner,,26-Jul-2023,2026-05-26,True
ACC-101806,Young Ltd,Logistics,India,10.0,Starter,Partner,,2023-08-15,15-Feb-2024,True
ACC-100975,MARTINEZ INC,SaaS,Brazil,8.0,Starter,Partner,,05/15/2023,2023-06-15,True
ACC-102747,  Lee Group  ,,United Kingdom,,Pro,Content/SEO,,01/08/2022,02/01/2023,True
ACC-102047,Bell-Madden,Consulting,United States,21.0,Pro,Paid Ads,,2022-12-22,2025-01-22,False
ACC-102558,Davidson and Sons,FinTech,Singapore,32.0,Pro,Sales-Led,REP-023,21-Sep-2022,2023-06-21,True
ACC-101082,Powell-Montgomery,Manufacturing,Canada,4.0,Starter,Partner,,04-Jun-2023,2026-05-04,True
ACC-100474,Blake Group,Manufacturing,Germany,9.0,Pro,Content/SEO,,2025-08-25,,True
ACC-102904,Chapman-Roman,Consulting,Germany,,Business,Referral,,2025-08-02,,True
ACC-104843,"Henderson, Edwards and Sexton",E-commerce,France,12.0,Starter,Paid Ads,,,2026-05-20,True
ACC-104117,Jones Ltd LLC,Consulting,Australia,10.0,Starter,Partner,,25-Jul-2023,2023-08-25,True
ACC-103385,Campos PLC,Manufacturing,Australia,45.0,Pro,Organic Search,,2023-11-25,2026-05-25,True
ACC-104555,"King, Taylor and Middleton",Manufacturing,Brazil,2.0,Starter,Referral,,12/10/2023,,True
ACC-101184,"Edwards, Rodgers and Davis",,Germany,154.0,Business,Referral,,2025/01/19,,True
ACC-105051,Deleon Ltd,Healthcare,USA,10.0,Pro,Content/SEO,,,,True
ACC-105311,Ware-Alvarado,Healthcare,Singapore,3.0,Starter,Referral,,06/23/2023,2025-01-23,False
ACC-102433,Rodriguez-Wood,E-commerce,India,13.0,Starter,Partner,,2022-05-11,2022-06-11,True
ACC-105611,"Perez, Williams and Graham",Real Estate,Canada,,Enterprise,Referral,REP-030,2025-04-06,,True
ACC-102391,"Norton, Cox and Johnson",Healthcare,Netherlands,7.0,Starter,Content/SEO,,2025-05-03,03/04/2026,True
ACC-100769,Hardy PLC,E-commerce,united kingdom,5.0,Starter,Referral,,2022-09-14,,False
ACC-101685,Wilson Group,Education,Singapore,65.0,Pro,Sales-Led,REP-035,2024-09-19,,True
ACC-100130,"  Parker, Ortiz and Powell  ",Logistics,Germany,185.0,Business,Paid Ads,,2025-04-17,,True
ACC-102919,Meza Group,Consulting,India,,Pro,Paid Ads,,07/12/2023,,True
ACC-103171,Gonzalez Group,Consulting,United Kingdom,8.0,Starter,Sales-Led,REP-030,06-Feb-2022,2025-05-06,True
ACC-103444,Cervantes-Stokes,FinTech,India,409.0,Business,Referral,,2022-11-21,,True
ACC-105578,Arroyo-Stephenson,SaaS,Germany,351.0,Business,Referral,,2022-02-11,,True
ACC-104426,Ford-Nolan,Consulting,Spain,7.0,Starter,Referral,,2025-01-03,,True
ACC-105334,"Baker, Hughes and Horn",Media,Brazil,12.0,Pro,Paid Ads,,02/17/2023,2023/08/17,True
ACC-100466,Davis-Lozano,Education,Canada,441.0,Enterprise,Referral,REP-030,2025-01-16,,True
ACC-105734,  Herrera PLC  ,E-commerce,United States,4.0,Starter,Sales-Led,REP-008,01/29/2022,2024-08-29,True
ACC-103092,  Carroll Group  ,Real Estate,Canada,3.0,Starter,Partner,,03/05/2022,2023-03-03,True
ACC-103772,Weeks PLC,Manufacturing,India,55.0,Business,Partner,,2025-02-23,,True
ACC-105191,May and Sons,SaaS,Germany,657.0,Enterprise,Organic Search,REP-037,2022-05-13,2022-07-13,True
ACC-105226,Walsh LLC,logistics,United States,1003.0,Business,Content/SEO,,2024-12-22,,True
ACC-105390,Obrien Ltd,Media,United States,3.0,Starter,Paid Ads,,2025-06-01,2026-02-01,True
ACC-100860,"Morris, Wright and Bridges",Consulting,United states ,4.0,Starter,Partner,,21-Nov-2024,,False
